Anom_ID,Accident_Date,Accident_Time,Location,Geo_ID,Accident_Location,Classification_of_Accident,Initial_Impact_Type,Environment_Condition,Light,Road_Surface_Condition,Traffic_Control,Traffic_Control_Condition,No__of_Vehicles,No__of_Bicycles,No__of_Motorcycles,No__of_Pedestrians,Max_Injury,No__of_Injuries,No__of_Minimal,No__of_Minor,No__of_Major,No__of_Fatal,X,Y,Latitude,Longitude,ObjectId
20--1592,1/31/2020,6:50 AM,OGILVIE RD @ CITY PARK DR E/CSIS HQ ACCESS (0003696),3696,03 - At intersection,02 - Non-fatal injury,05 - Turning movement,01 - Clear,07 - Dark,01 - Dry,01 - Traffic signal,01 - Functioning,2,0,0,0,02 - Minor,2,1,1,,,374188.7333,5033010.586,45.43358508,-75.61315272,416
20--1593,1/31/2020,6:53 PM,HIGHWAY 417 btwn HWY417 IC122 RAMP61 & HWY417 IC121B RAMP16 (__3ZA2Y4),__3ZA2Y4,01 - Non intersection,03 - P.D. only,03 - Rear end,01 - Clear,07 - Dark,01 - Dry,10 - No control,,2,0,0,0,,0,,,,,365657.729,5029116.346,45.39934021,-75.72265636,417
20--1594,1/31/2020,7:14 AM,PORTOBELLO BLVD @ VALIN ST (0012844),12844,03 - At intersection,02 - Non-fatal injury,07 - SMV other,01 - Clear,03 - Dawn,02 - Wet,02 - Stop sign,01 - Functioning,1,0,0,1,02 - Minor,1,,1,,,385350.7535,5037697.579,45.47455758,-75.46974653,418
20--1595,1/31/2020,7:15 AM,CYRVILLE RD @ INNES RD (0009352),9352,02 - Intersection related,03 - P.D. only,03 - Rear end,01 - Clear,03 - Dawn,01 - Dry,01 - Traffic signal,01 - Functioning,2,0,0,0,,0,,,,,375047.7145,5031119.58,45.41648509,-75.60244524,419
20--1596,1/31/2020,7:21 PM,RIDEAU ST btwn CUMBERLAND ST & KING EDWARD AVE (__3ZBOFX),__3ZBOFX,01 - Non intersection,02 - Non-fatal injury,07 - SMV other,01 - Clear,07 - Dark,01 - Dry,10 - No control,,1,0,0,1,02 - Minor,1,,1,,,368494.7051,5032403.222,45.42866206,-75.68599811,420
20--1597,1/31/2020,7:50 AM,HWY417 IC118 RAMP76 btwn HIGHWAY 417 & HWY417 IC118 RAMP43 (__3ZAY9N),__3ZAY9N,01 - Non intersection,03 - P.D. only,07 - SMV other,01 - Clear,03 - Dawn,01 - Dry,10 - No control,,1,0,0,0,,0,,,,,369382.1844,5031102.465,45.41687696,-75.67482805,421
20--1598,1/31/2020,7:53 AM,MONTREAL RD @ OGILVIE RD (0009279),9279,02 - Intersection related,03 - P.D. only,03 - Rear end,01 - Clear,03 - Dawn,01 - Dry,01 - Traffic signal,01 - Functioning,2,0,0,0,,0,,,,,375654.7371,5034556.59,45.4473481,-75.5941957,422
20--1599,1/31/2020,8:13 AM,HAWTHORNE RD @ RIDEAU RD (0009409),9409,02 - Intersection related,03 - P.D. only,04 - Sideswipe,01 - Clear,01 - Daylight,01 - Dry,02 - Stop sign,01 - Functioning,2,0,0,0,,0,,,,,378618.7747,5018940.485,45.30653684,-75.558643,423
20--16,1/1/2020,6:00 PM,GLADSTONE AVE @ PRESTON ST (0002212),2212,03 - At intersection,03 - P.D. only,02 - Angle,01 - Clear,07 - Dark,02 - Wet,01 - Traffic signal,01 - Functioning,2,0,0,0,,0,,,,,366489.7062,5029712.558,45.40463196,-75.71195583,424
20--160,1/6/2020,10:45 AM,KILBIRNIE DR btwn END & ROBIN EASEY AVE (e___2LOO),e___2LOO,01 - Non intersection,03 - P.D. only,06 - SMV unattended vehicle,03 - Snow,01 - Daylight,05 - Packed snow,10 - No control,,1,0,0,0,,0,,,,,364530.735,5011228.334,45.23848229,-75.73920745,425
20--1600,1/31/2020,8:25 AM,LADEROUTE AVE btwn IONA ST & CLARE ST (__3ZBOOO),__3ZBOOO,04 - At/near private drive,03 - P.D. only,02 - Angle,01 - Clear,01 - Daylight,05 - Packed snow,10 - No control,,2,0,0,0,,0,,,,,363942.2092,5028013.415,45.38956326,-75.74469919,426
20--1601,1/31/2020,8:46 PM,ALTA VISTA DR @ BANK ST (0011318),11318,02 - Intersection related,02 - Non-fatal injury,07 - SMV other,01 - Clear,07 - Dark,01 - Dry,01 - Traffic signal,01 - Functioning,1,0,0,0,02 - Minor,1,,1,,,370248.064,5026200.747,45.3726926,-75.66441608,427
20--1602,1/31/2020,9:05 PM,KING EDWARD AVE @ TEMPLETON ST (0007695),7695,02 - Intersection related,03 - P.D. only,03 - Rear end,01 - Clear,07 - Dark,01 - Dry,01 - Traffic signal,01 - Functioning,2,0,0,0,,0,,,,,369059.7178,5031507.592,45.42055183,-75.67889498,428
20--1603,1/31/2020,9:17 PM,CATHERINE ST/HWY 417 O'CONN IC119BR76 @ O'CONN (0001697),1697,02 - Intersection related,03 - P.D. only,04 - Sideswipe,01 - Clear,07 - Dark,01 - Dry,01 - Traffic signal,01 - Functioning,2,0,0,0,,0,,,,,368243.7143,5030392.555,45.41059358,-75.68946429,429
20--1604,1/31/2020,9:18 AM,WEST HUNT CLUB RD @ ROYDON PL/SUNDERLAND ST (0009775),9775,02 - Intersection related,03 - P.D. only,99 - Other,01 - Clear,01 - Daylight,01 - Dry,01 - Traffic signal,01 - Functioning,2,0,0,0,,0,,,,,365973.7032,5022169.499,45.33680629,-75.71948094,430
20--1605,1/31/2020,9:45 AM,BESSERER ST @ DALHOUSIE ST (0011452),11452,02 - Intersection related,03 - P.D. only,03 - Rear end,01 - Clear,01 - Daylight,01 - Dry,01 - Traffic signal,01 - Functioning,2,0,0,0,,0,,,,,368252.7008,5032157.577,45.42647383,-75.6891222,431
20--1606,2/1/2020,1:02 PM,CARLING AVE @ HWY 417 CARLING IC124R67 (0002104),2104,02 - Intersection related,03 - P.D. only,03 - Rear end,01 - Clear,01 - Daylight,01 - Dry,03 - Yield sign,01 - Functioning,3,0,0,0,,0,,,,,364332.699,5027522.542,45.38511339,-75.73977193,432
20--1607,2/1/2020,1:25 PM,HIGHWAY 417 btwn HWY417 IC126 RAMP61 & HWY417 IC124 RAMP76 (__3ZA2Y2),__3ZA2Y2,01 - Non intersection,03 - P.D. only,03 - Rear end,01 - Clear,01 - Daylight,01 - Dry,10 - No control,,3,0,0,0,,0,,,,,363651.59,5026505.507,45.37601982,-75.74859011,433
20--1608,2/1/2020,1:35 PM,HWY417 IC118 RAMP35 btwn HWY417 IC118 RAMP45 & MANN AVE OVERPASS (__3ZAYAW),__3ZAYAW,01 - Non intersection,03 - P.D. only,04 - Sideswipe,01 - Clear,01 - Daylight,01 - Dry,10 - No control,,2,0,0,0,,0,,,,,369139.5695,5031275.757,45.41845853,-75.67790502,434
20--1609,2/1/2020,1:39 PM,BRONSON AVE btwn HWY417 IC121A RAMP51 & PLYMOUTH ST (__3ZA3B2),__3ZA3B2,01 - Non intersection,03 - P.D. only,99 - Other,01 - Clear,01 - Daylight,01 - Dry,10 - No control,,2,0,0,0,,0,,,,,367308.3304,5029666.731,45.404147,-75.70150529,435
20--161,1/6/2020,10:50 AM,CHAPMAN MILLS DR @ LONGFIELDS DR (0013784),13784,02 - Intersection related,03 - P.D. only,03 - Rear end,03 - Snow,01 - Daylight,03 - Loose snow,01 - Traffic signal,01 - Functioning,2,0,0,0,,0,,,,,364841.826,5014582.921,45.26864047,-75.73484018,436
20--1610,2/1/2020,1:49 PM,CAMBRIAN RD @ CEDARVIEW RD (0001571),1571,02 - Intersection related,02 - Non-fatal injury,03 - Rear end,01 - Clear,01 - Daylight,02 - Wet,02 - Stop sign,01 - Functioning,2,0,0,0,02 - Minor,1,,1,,,363002.6707,5011834.403,45.24406373,-75.75859788,437
20--1611,2/1/2020,1:50 PM,EAGLESON RD @ MICHAEL COWPLAND DR/STONEHAVEN D (0003544),3544,02 - Intersection related,03 - P.D. only,03 - Rear end,01 - Clear,01 - Daylight,01 - Dry,01 - Traffic signal,01 - Functioning,2,0,0,0,,0,,,,,354382.6282,5016623.441,45.28781671,-75.86791706,438
20--1612,2/1/2020,10:08 AM,PRINCE OF WALES DR @ WEST HUNT CLUB RD (0000567),567,02 - Intersection related,03 - P.D. only,03 - Rear end,03 - Snow,01 - Daylight,02 - Wet,01 - Traffic signal,01 - Functioning,2,0,0,0,,0,,,,,367458.7167,5021891.52,45.33417404,-75.70057059,439
20--1613,2/1/2020,10:15 AM,PALLADIUM DR @ SILVER SEVEN RD (0011839),11839,02 - Intersection related,03 - P.D. only,05 - Turning movement,01 - Clear,01 - Daylight,01 - Dry,01 - Traffic signal,01 - Functioning,2,0,0,0,,0,,,,,351051.6193,5017887.452,45.29941775,-75.91026079,440
20--1614,2/1/2020,10:45 PM,WALKLEY EXTENSION RD btwn HWY417 IC110 RAMP66 & RAMSAYVILLE RD (__3ZA2LZ),__3ZA2LZ,01 - Non intersection,03 - P.D. only,01 - Approaching,01 - Clear,07 - Dark,01 - Dry,10 - No control,,2,0,0,0,,0,,,,,376452.7442,5029423.76,45.4010846,-75.58474194,441
20--1615,2/1/2020,11:00 PM,HIGHWAY 416 btwn HWY416 IC66 RAMP24 & HWY416 IC57 RAMP62 (__3ZA1OI),__3ZA1OI,01 - Non intersection,03 - P.D. only,07 - SMV other,01 - Clear,07 - Dark,01 - Dry,10 - No control,,1,0,0,0,,0,,,,,363403.9307,5010798.226,45.23470683,-75.75360904,442
20--1616,2/1/2020,11:45 AM,MAPLE GROVE RD @ TERRY FOX DR (0003177),3177,02 - Intersection related,02 - Non-fatal injury,03 - Rear end,01 - Clear,01 - Daylight,01 - Dry,01 - Traffic signal,01 - Functioning,2,0,0,0,01 - Minimal,1,1,,,,351553.6033,5017864.462,45.29917765,-75.90386267,443
20--1617,2/1/2020,12:17 PM,INNES RD @ ORCHARDVIEW AVE/ESPRIT DR (0012279),12279,03 - At intersection,02 - Non-fatal injury,05 - Turning movement,01 - Clear,01 - Daylight,01 - Dry,01 - Traffic signal,01 - Functioning,2,0,0,0,02 - Minor,3,,3,,,384844.7661,5036560.57,45.46438605,-75.47640232,444
20--1618,2/1/2020,12:20 PM,LEES AVE @ KING EDWARD AVE/MANN AVE (0011413),11413,02 - Intersection related,02 - Non-fatal injury,03 - Rear end,03 - Snow,01 - Daylight,02 - Wet,01 - Traffic signal,01 - Functioning,2,0,0,0,01 - Minimal,1,1,,,,369178.7946,5031334.752,45.41898574,-75.67739616,445
20--1619,2/1/2020,12:27 PM,BRONSON AVE @ POWELL AVE (0007212),7212,02 - Intersection related,03 - P.D. only,04 - Sideswipe,01 - Clear,01 - Daylight,02 - Wet,01 - Traffic signal,01 - Functioning,3,0,0,0,,0,,,,,367387.876,5029477.192,45.40243447,-75.70051331,446
20--162,1/6/2020,10:55 AM,ROOSEVELT AVE @ RICHMOND RD (0006899),6899,02 - Intersection related,03 - P.D. only,03 - Rear end,03 - Snow,01 - Daylight,04 - Slush,01 - Traffic signal,01 - Functioning,2,0,0,0,,0,,,,,362978.705,5028117.561,45.39058105,-75.7569907,447
20--1620,2/1/2020,12:36 AM,REGIONAL ROAD 174 btwn REGIONAL ROAD 174 & OR174 IC102 RAMP15 (__3ZA1QM),__3ZA1QM,01 - Non intersection,03 - P.D. only,07 - SMV other,01 - Clear,07 - Dark,02 - Wet,10 - No control,,1,0,0,0,,0,,,,,381909.5618,5038415.349,45.48140392,-75.51364038,448
20--1621,2/1/2020,12:46 PM,FIRST AVE btwn CHRYSLER ST & PERCY ST (__3ZA91G),__3ZA91G,04 - At/near private drive,03 - P.D. only,02 - Angle,01 - Clear,01 - Daylight,02 - Wet,10 - No control,,2,0,0,0,,0,,,,,367698.5753,5029360.879,45.40136008,-75.69655972,449
20--1622,2/1/2020,2:03 PM,ST. JOSEPH BLVD @ JEANNE D'ARC BLVD (0012421),12421,03 - At intersection,03 - P.D. only,04 - Sideswipe,01 - Clear,01 - Daylight,01 - Dry,11 - Roundabout,01 - Functioning,2,0,0,0,,0,,,,,379860.7426,5036471.577,45.46413868,-75.54014138,450
20--1623,2/1/2020,2:20 PM,CARLING AVE @ MAITLAND AVE/SHERBOURNE RD (0002641),2641,03 - At intersection,03 - P.D. only,05 - Turning movement,01 - Clear,01 - Daylight,01 - Dry,01 - Traffic signal,01 - Functioning,2,0,0,0,,0,,,,,362942.6964,5026488.519,45.37592614,-75.75764241,451
20--1624,2/1/2020,2:25 PM,SPRATT RD btwn SHORELINE DR & SHORELINE DR (__3ZAZTT),__3ZAZTT,01 - Non intersection,03 - P.D. only,04 - Sideswipe,01 - Clear,01 - Daylight,01 - Dry,10 - No control,,2,0,0,0,,0,,,,,368413.5491,5015389.137,45.27558073,-75.68922409,452
20--1625,2/1/2020,2:35 AM,HIGHWAY 416 btwn HWY416 IC66 RAMP62 & HWY416 IC72 RAMP24 (__3ZAZMZ),__3ZAZMZ,01 - Non intersection,03 - P.D. only,07 - SMV other,01 - Clear,07 - Dark,06 - Ice,10 - No control,,1,0,0,0,,0,,,,,359537.0232,5016918.011,45.29008476,-75.80218063,453
20--1626,2/1/2020,2:55 AM,WOODROFFE AVE btwn NAVAHO DR & Continuation of WOODROFFE AVE (__3ZBOCC),__3ZBOCC,01 - Non intersection,02 - Non-fatal injury,03 - Rear end,01 - Clear,07 - Dark,02 - Wet,10 - No control,,2,0,0,0,02 - Minor,1,,1,,,362734.8995,5023448.029,45.34858533,-75.76065175,454
20--1627,2/1/2020,4:00 PM,KING EDWARD AVE @ RIDEAU ST (0002121),2121,02 - Intersection related,03 - P.D. only,03 - Rear end,01 - Clear,01 - Daylight,01 - Dry,01 - Traffic signal,01 - Functioning,2,0,0,0,,0,,,,,368511.7107,5032413.582,45.42875373,-75.68577946,455
20--1628,2/1/2020,4:30 PM,ST. LAURENT BLVD btwn COVENTRY RD & LEMIEUX ST (__3ZA2C9),__3ZA2C9,01 - Non intersection,03 - P.D. only,03 - Rear end,01 - Clear,01 - Daylight,02 - Wet,10 - No control,,2,0,0,0,,0,,,,,372359.9106,5031820.354,45.42305501,-75.63668721,456
20--1629,2/1/2020,4:50 PM,RICHMOND RD @ WEST HUNT CLUB RD (0000598),598,03 - At intersection,03 - P.D. only,02 - Angle,01 - Clear,01 - Daylight,01 - Dry,01 - Traffic signal,01 - Functioning,2,0,0,0,,0,,,,,357145.6368,5018152.468,45.30137477,-75.83253498,457
20--163,1/6/2020,11:00 AM,RIVERSIDE DR @ BROOKFIELD RD/HOG'S BACK RD (0001627),1627,03 - At intersection,03 - P.D. only,07 - SMV other,03 - Snow,01 - Daylight,04 - Slush,01 - Traffic signal,01 - Functioning,1,0,0,0,,0,,,,,368167.712,5026222.528,45.37307978,-75.6909707,458
20--1630,2/1/2020,5:21 PM,TERRY FOX DR @ PALLADIUM DR/KATIMAVIK RD (0011858),11858,02 - Intersection related,03 - P.D. only,03 - Rear end,01 - Clear,05 - Dusk,04 - Slush,01 - Traffic signal,01 - Functioning,2,0,0,0,,0,,,,,351269.71,5018181.771,45.30205172,-75.90745255,459
20--1631,2/1/2020,6:00 PM,GREENBANK RD btwn BERRIGAN DR/WESSEX RD & 220 N OF STRANDHERD DR (__3ZA4JFA),__3ZA4JFA,01 - Non intersection,03 - P.D. only,03 - Rear end,01 - Clear,07 - Dark,02 - Wet,10 - No control,,2,0,0,0,,0,,,,,363800.9841,5015092.631,45.27331494,-75.74804272,460
20--1632,2/1/2020,6:41 PM,MARAVISTA DR @ STRANDHERD DR (0013565),13565,03 - At intersection,03 - P.D. only,05 - Turning movement,01 - Clear,07 - Dark,01 - Dry,01 - Traffic signal,01 - Functioning,2,0,0,0,,0,,,,,361288.4381,5014584.958,45.26895318,-75.78011984,461
20--1633,2/1/2020,6:55 PM,CATHERINE ST/HWY 417 O'CONN IC119BR76 @ O'CONN (0001697),1697,02 - Intersection related,03 - P.D. only,04 - Sideswipe,01 - Clear,07 - Dark,02 - Wet,01 - Traffic signal,01 - Functioning,2,0,0,0,,0,,,,,368243.7116,5030392.565,45.41059367,-75.68946432,462
20--1634,2/1/2020,7:15 PM,BRIAN COBURN BLVD @ MONTMERE AVE (0014081),14081,03 - At intersection,03 - P.D. only,02 - Angle,01 - Clear,07 - Dark,01 - Dry,02 - Stop sign,01 - Functioning,2,0,0,0,,0,,,,,386646.4551,5035777.118,45.45712856,-75.4534969,463
20--1635,2/1/2020,7:20 PM,BESSERER ST @ KING EDWARD AVE (0007758),7758,02 - Intersection related,03 - P.D. only,03 - Rear end,01 - Clear,07 - Dark,01 - Dry,01 - Traffic signal,01 - Functioning,2,0,0,0,,0,,,,,368550.7068,5032340.587,45.42809339,-75.6852906,464
20--1636,2/1/2020,7:30 PM,BANK ST btwn WAVERLEY ST & FLORENCE ST (__3ZBOE3),__3ZBOE3,01 - Non intersection,03 - P.D. only,06 - SMV unattended vehicle,01 - Clear,07 - Dark,02 - Wet,10 - No control,,1,0,0,0,,0,,,,,367859.5399,5030656.913,45.41300691,-75.69433806,465
20--1637,2/1/2020,7:43 PM,HWY 417 PALLADI IC142R36 @ PALLADIUM DR (0010683),10683,02 - Intersection related,03 - P.D. only,03 - Rear end,01 - Clear,07 - Dark,01 - Dry,01 - Traffic signal,01 - Functioning,2,0,0,0,,0,,,,,348774.0326,5017374.326,45.29494672,-75.93934562,466
20--1638,2/1/2020,8:00 PM,ORLEANS BLVD @ NAVAN RD (0012474),12474,02 - Intersection related,03 - P.D. only,03 - Rear end,01 - Clear,07 - Dark,04 - Slush,01 - Traffic signal,01 - Functioning,2,0,0,0,,0,,,,,380597.1496,5033090.791,45.43364147,-75.53124662,467
20--1639,2/1/2020,8:17 PM,RIDEAU ST btwn CUMBERLAND ST & KING EDWARD AVE (__3ZBOFX),__3ZBOFX,01 - Non intersection,03 - P.D. only,04 - Sideswipe,03 - Snow,07 - Dark,02 - Wet,10 - No control,,2,0,0,0,,0,,,,,368426.2297,5032361.5,45.4282929,-75.68687851,468
20--164,1/6/2020,11:05 AM,BYRON AVE @ ISLAND PARK DR (0006365),6365,02 - Intersection related,03 - P.D. only,03 - Rear end,03 - Snow,01 - Daylight,03 - Loose snow,01 - Traffic signal,01 - Functioning,2,0,0,0,,0,,,,,364255.6748,5028603.551,45.39484665,-75.74062519,469
20--1640,2/1/2020,8:30 PM,FARLANE BLVD btwn FARLANE BLVD & SUNNYCREST DR (__3ZA2PI),__3ZA2PI,01 - Non intersection,03 - P.D. only,99 - Other,01 - Clear,07 - Dark,01 - Dry,10 - No control,,2,0,0,0,,0,,,,,365396.7969,5025454.032,45.36641008,-75.72643853,470
20--1641,2/1/2020,8:36 PM,PRINCE OF WALES DR @ WEST HUNT CLUB RD (0000567),567,02 - Intersection related,03 - P.D. only,03 - Rear end,03 - Snow,07 - Dark,02 - Wet,01 - Traffic signal,01 - Functioning,2,0,0,0,,0,,,,,367458.6988,5021891.505,45.33417391,-75.70057082,471
20--1642,2/2/2020,1:00 PM,REGIONAL ROAD 174 btwn HWY417 IC113 RAMP67 & Continuation of REGIONAL  (__3ZA28A),__3ZA28A,01 - Non intersection,02 - Non-fatal injury,07 - SMV other,03 - Snow,01 - Daylight,02 - Wet,10 - No control,,1,0,0,0,02 - Minor,1,,1,,,373480.1013,5031863.378,45.42333304,-75.62236855,472
20--1643,2/2/2020,1:05 PM,GREENFIELD AVE @ HWY 417 NICHOLAS IC118R43 (0002658),2658,02 - Intersection related,03 - P.D. only,03 - Rear end,03 - Snow,01 - Daylight,03 - Loose snow,01 - Traffic signal,01 - Functioning,2,0,0,0,,0,,,,,369099.9512,5031195.077,45.41773624,-75.67842171,473
20--1644,2/2/2020,1:11 PM,STRANDHERD DR btwn CRESTHAVEN DR & PRINCE OF WALES DR (__44Z9OP),__44Z9OP,01 - Non intersection,03 - P.D. only,04 - Sideswipe,01 - Clear,01 - Daylight,02 - Wet,10 - No control,,2,0,0,0,,0,,,,,367108.111,5014853.896,45.27088156,-75.70592788,474
20--1645,2/2/2020,1:20 AM,KING EDWARD AVE @ ST. PATRICK ST (0002714),2714,02 - Intersection related,03 - P.D. only,04 - Sideswipe,03 - Snow,07 - Dark,02 - Wet,01 - Traffic signal,01 - Functioning,2,0,0,0,,0,,,,,368248.7078,5032823.595,45.43246679,-75.68908741,475
20--1646,2/2/2020,1:40 PM,COVENTRY RD @ VANIER PKWY (0002139),2139,02 - Intersection related,03 - P.D. only,03 - Rear end,03 - Snow,01 - Daylight,02 - Wet,01 - Traffic signal,01 - Functioning,2,0,0,0,,0,,,,,370676.3921,5031611.712,45.4213383,-75.65822555,476
20--1647,2/2/2020,10:00 AM,HAWTHORNE RD @ LEITRIM RD (0009269),9269,02 - Intersection related,03 - P.D. only,04 - Sideswipe,03 - Snow,01 - Daylight,04 - Slush,01 - Traffic signal,01 - Functioning,2,0,0,0,,0,,,,,377038.6034,5022709.773,45.34061549,-75.57824127,477
20--1648,2/2/2020,10:05 AM,BEECHWOOD AVE @ SPRINGFIELD RD (0011442),11442,02 - Intersection related,03 - P.D. only,03 - Rear end,03 - Snow,01 - Daylight,03 - Loose snow,01 - Traffic signal,01 - Functioning,2,0,0,0,,0,,,,,369236.6965,5033653.594,45.43984446,-75.67635298,478
20--1649,2/2/2020,11:05 AM,CRESTWAY DR btwn STRANDHERD DR & GROVEHURST DR (__30LKUO),__30LKUO,04 - At/near private drive,03 - P.D. only,02 - Angle,01 - Clear,01 - Daylight,02 - Wet,10 - No control,,2,0,0,0,,0,,,,,366344.9632,5015552.336,45.27723329,-75.71556615,479
20--165,1/6/2020,11:07 AM,KAKULU RD btwn BARROW CRES & PICKFORD DR (__3ZABDG),__3ZABDG,01 - Non intersection,03 - P.D. only,06 - SMV unattended vehicle,03 - Snow,01 - Daylight,05 - Packed snow,10 - No control,,1,0,0,0,,0,,,,,353084.9319,5019043.079,45.30967953,-75.88422359,480
20--1650,2/2/2020,11:10 AM,SLACK RD btwn VAAN DR & GRENFELL CRES (__3ZA6N7),__3ZA6N7,01 - Non intersection,03 - P.D. only,99 - Other,03 - Snow,01 - Daylight,04 - Slush,10 - No control,,2,0,0,0,,0,,,,,365318.9992,5020573.206,45.3224998,-75.72802873,481
20--1651,2/2/2020,11:20 AM,ALBERT ST @ O'CONNOR ST (0002116),2116,02 - Intersection related,03 - P.D. only,03 - Rear end,01 - Clear,01 - Daylight,02 - Wet,01 - Traffic signal,01 - Functioning,2,0,0,0,,0,,,,,367538.6986,5031520.57,45.42080666,-75.69832684,482
20--1652,2/2/2020,11:35 AM,HERON RD @ BAYCREST DR (0007191),7191,03 - At intersection,03 - P.D. only,02 - Angle,03 - Snow,01 - Daylight,03 - Loose snow,01 - Traffic signal,01 - Functioning,2,0,0,0,,0,,,,,371143.7208,5026979.555,45.37961581,-75.65287773,483
20--1653,2/2/2020,12:25 PM,OGILVIE RD btwn NASKAPI DR & MONTREAL RD (__3ZA7ZH),__3ZA7ZH,04 - At/near private drive,03 - P.D. only,03 - Rear end,03 - Snow,01 - Daylight,02 - Wet,10 - No control,,2,0,0,0,,0,,,,,375643.8046,5034589.361,45.44764406,-75.59433073,484
20--1654,2/2/2020,2:30 AM,ALBION RD btwn DEL ZOTTO AVE & HIGH RD (__3ZBOF9),__3ZBOF9,01 - Non intersection,02 - Non-fatal injury,07 - SMV other,03 - Snow,07 - Dark,03 - Loose snow,10 - No control,,1,0,0,0,02 - Minor,2,,2,,,374480.1711,5018090.449,45.29931127,-75.61153251,485
20--1655,2/2/2020,3:00 PM,HIGHWAY 417 btwn HWY417 IC120A RAMP52 & HWY417 IC119B RAMP57 (__3ZA2R1),__3ZA2R1,01 - Non intersection,03 - P.D. only,03 - Rear end,01 - Clear,01 - Daylight,02 - Wet,10 - No control,,2,0,0,0,,0,,,,,368073.8199,5030185.967,45.40875015,-75.6916611,486
20--1656,2/2/2020,3:10 PM,BASELINE RD @ NAVAHO DR (0003158),3158,03 - At intersection,02 - Non-fatal injury,07 - SMV other,03 - Snow,01 - Daylight,02 - Wet,01 - Traffic signal,01 - Functioning,1,0,0,1,01 - Minimal,1,1,,,,363085.6827,5024097.506,45.3544002,-75.75609898,487
20--1657,2/2/2020,3:34 PM,HUNT CLUB RD @ RIVERSIDE DR (0002237),2237,02 - Intersection related,03 - P.D. only,03 - Rear end,01 - Clear,01 - Daylight,02 - Wet,01 - Traffic signal,01 - Functioning,2,0,0,0,,0,,,,,368036.6974,5021945.497,45.33460787,-75.69319027,488
20--1658,2/2/2020,4:00 PM,BASELINE RD @ FISHER AVE (0002346),2346,02 - Intersection related,03 - P.D. only,03 - Rear end,01 - Clear,01 - Daylight,02 - Wet,01 - Traffic signal,01 - Functioning,2,0,0,0,,0,,,,,366166.779,5026028.323,45.37151045,-75.71653873,489
20--1659,2/2/2020,4:34 PM,PRINCE ALBERT ST btwn LOLA ST & NAUGHTON ST (__3ZA8JZ),__3ZA8JZ,04 - At/near private drive,02 - Non-fatal injury,02 - Angle,01 - Clear,01 - Daylight,05 - Packed snow,10 - No control,,2,0,0,0,02 - Minor,1,,1,,,371147.9617,5031973.541,45.42454932,-75.65215172,490
20--166,1/6/2020,11:12 AM,CAMBRIAN RD btwn KILBIRNIE DR & JOCKVALE RD (__3ZAA6D),__3ZAA6D,01 - Non intersection,03 - P.D. only,03 - Rear end,03 - Snow,01 - Daylight,03 - Loose snow,10 - No control,,2,0,0,0,,0,,,,,365179.3197,5013105.528,45.255318,-75.73071918,491
20--1660,2/2/2020,5:00 PM,INNES RD @ LANTHIER DR/PRESTWICK DR (0004251),4251,02 - Intersection related,03 - P.D. only,99 - Other,01 - Clear,01 - Daylight,01 - Dry,01 - Traffic signal,01 - Functioning,2,0,0,0,,0,,,,,383540.762,5035988.561,45.45938783,-75.49316669,492
20--1661,2/2/2020,5:02 PM,FALLOWFIELD RD @ HWY 416 FALLOWFI IC66R24 (0005506),5506,02 - Intersection related,03 - P.D. only,03 - Rear end,01 - Clear,07 - Dark,01 - Dry,01 - Traffic signal,01 - Functioning,2,0,0,0,,0,,,,,360278.3969,5014851.59,45.27143277,-75.79296087,493
20--1662,2/2/2020,5:03 PM,FALLOWFIELD RD btwn HWY416 IC66 RAMP52 & HWY416 IC66 RAMP24 (__3ZAZM4),__3ZAZM4,07 - Overpass or bridge,03 - P.D. only,99 - Other,01 - Clear,01 - Daylight,01 - Dry,10 - No control,,2,0,0,0,,0,,,,,360082.322,5014797.377,45.2709604,-75.79546558,494
20--1663,2/2/2020,6:24 PM,KING EDWARD AVE @ MURRAY ST (0002713),2713,02 - Intersection related,03 - P.D. only,03 - Rear end,01 - Clear,07 - Dark,01 - Dry,01 - Traffic signal,01 - Functioning,2,0,0,0,,0,,,,,368291.6949,5032753.581,45.43183293,-75.68854709,495
20--1664,2/2/2020,7:02 PM,CUMMINGS AVE @ WELDON DR (0009381),9381,03 - At intersection,03 - P.D. only,05 - Turning movement,01 - Clear,07 - Dark,02 - Wet,02 - Stop sign,00 - Unknown,2,0,0,0,,0,,,,,372696.7214,5032294.579,45.42728925,-75.63231841,496
20--1665,2/2/2020,8:40 PM,KING EDWARD AVE @ STEWART ST (0007754),7754,02 - Intersection related,03 - P.D. only,04 - Sideswipe,01 - Clear,07 - Dark,01 - Dry,01 - Traffic signal,01 - Functioning,2,0,0,0,,0,,,,,368634.7103,5032205.585,45.42687103,-75.68423468,497
20--1666,2/2/2020,9:06 PM,REGIONAL ROAD 174 btwn OR174 IC105 RAMP26 & OR174 IC105 RAMP63 (__3ZA2XB),__3ZA2XB,01 - Non intersection,03 - P.D. only,07 - SMV other,01 - Clear,07 - Dark,03 - Loose snow,10 - No control,,1,0,0,0,,0,,,,,379730.7115,5037215.358,45.47084461,-75.54169056,498