Anom_ID,Accident_Date,Accident_Time,Location,Geo_ID,Accident_Location,Classification_of_Accident,Initial_Impact_Type,Environment_Condition,Light,Road_Surface_Condition,Traffic_Control,Traffic_Control_Condition,No__of_Vehicles,No__of_Bicycles,No__of_Motorcycles,No__of_Pedestrians,Max_Injury,No__of_Injuries,No__of_Minimal,No__of_Minor,No__of_Major,No__of_Fatal,X,Y,Latitude,Longitude,ObjectId
20--111,1/4/2020,Unknown,WELLINGTON ST    W btwn STIRLING AVE & SHERBROOKE AVE (__3ZA3Z0),__3ZA3Z0,01 - Non intersection,03 - P.D. only,06 - SMV unattended vehicle,01 - Clear,00 - Unknown,01 - Dry,10 - No control,,1,0,0,0,,0,,,,,365409.2795,5029489.25,45.40271707,-75.72578372,582
20--1110,1/22/2020,6:00 AM,PARKDALE AVE @ WELLINGTON ST (0002260),2260,02 - Intersection related,03 - P.D. only,04 - Sideswipe,01 - Clear,07 - Dark,03 - Loose snow,01 - Traffic signal,00 - Unknown,2,0,0,0,,0,,,,,365149.7008,5029270.553,45.40077171,-75.72912601,583
20--1111,1/22/2020,6:00 PM,FALWYN CRES E @ PRINCESS LOUISE DR E (0004932),4932,03 - At intersection,02 - Non-fatal injury,07 - SMV other,01 - Clear,07 - Dark,01 - Dry,02 - Stop sign,01 - Functioning,1,0,0,1,01 - Minimal,1,1,,,,383615.7211,5038706.608,45.48383387,-75.49177238,584
20--1112,1/22/2020,6:05 PM,STRANDHERD DR @ CLARIDGE DR (0010893),10893,02 - Intersection related,03 - P.D. only,03 - Rear end,01 - Clear,07 - Dark,01 - Dry,01 - Traffic signal,01 - Functioning,2,0,0,0,,0,,,,,364949.0089,5015381.101,45.27581333,-75.7333777,585
20--1113,1/22/2020,6:30 AM,BLACKBURN BYPASS WB btwn 1700 W OF NAVAN RD & INNES RD W (__3ZA3J5A),__3ZA3J5A,01 - Non intersection,02 - Non-fatal injury,03 - Rear end,01 - Clear,07 - Dark,04 - Slush,10 - No control,,7,0,0,0,02 - Minor,1,,1,,,377480.061,5032138.068,45.42540039,-75.57122095,586
20--1114,1/22/2020,7:00 PM,BESSERER ST @ WALLER ST (0008859),8859,03 - At intersection,03 - P.D. only,04 - Sideswipe,01 - Clear,07 - Dark,02 - Wet,01 - Traffic signal,01 - Functioning,2,0,0,0,,0,,,,,368315.9323,5032191.979,45.42677763,-75.68830979,587
20--1115,1/22/2020,7:04 PM,WOODROFFE AVE @ CLARIDGE DR/STONEWAY DR N (0009791),9791,03 - At intersection,03 - P.D. only,05 - Turning movement,01 - Clear,07 - Dark,01 - Dry,01 - Traffic signal,01 - Functioning,2,0,0,0,,0,,,,,365576.6962,5016707.443,45.28769372,-75.72521588,588
20--1116,1/22/2020,7:15 PM,CHAUCER AVE btwn SHELLEY AVE & KEATS AVE (__3ZA95J),__3ZA95J,04 - At/near private drive,03 - P.D. only,02 - Angle,01 - Clear,07 - Dark,03 - Loose snow,10 - No control,,2,0,0,0,,0,,,,,372083.2069,5030047.443,45.40712982,-75.64046471,589
20--1117,1/22/2020,7:20 AM,HIGHWAY 417 btwn HWY417 IC134 RAMP25 & HWY417 IC131 RAMP53 (__3ZA2LE),__3ZA2LE,01 - Non intersection,03 - P.D. only,03 - Rear end,01 - Clear,03 - Dawn,01 - Dry,10 - No control,,2,0,0,0,,0,,,,,357448.8683,5022641.059,45.3417409,-75.82819153,590
20--1118,1/22/2020,7:43 AM,BANK ST @ HERON RD (0002155),2155,03 - At intersection,03 - P.D. only,05 - Turning movement,01 - Clear,03 - Dawn,02 - Wet,01 - Traffic signal,01 - Functioning,2,0,0,0,,0,,,,,369995.7164,5026851.537,45.37857172,-75.66755157,591
20--1119,1/22/2020,7:45 PM,BRONSON AVE @ IMPERIAL AVE/PLYMOUTH ST (0010859),10859,03 - At intersection,03 - P.D. only,05 - Turning movement,01 - Clear,07 - Dark,01 - Dry,10 - No control,,2,0,0,0,,0,,,,,367318.6998,5029643.549,45.40393749,-75.70137578,592
20--112,1/4/2020,Unknown,HELEN RAPP WAY btwn MABERLY WAY & MABERLY WAY (e___2IWC),e___2IWC,01 - Non intersection,03 - P.D. only,06 - SMV unattended vehicle,01 - Clear,00 - Unknown,03 - Loose snow,10 - No control,,1,0,0,0,,0,,,,,375554.236,5019420.713,45.31117314,-75.59764929,593
20--1120,1/22/2020,8:20 AM,INDUSTRIAL AVE @ NEIGHBORHOOD WAY (0002706),2706,03 - At intersection,03 - P.D. only,02 - Angle,01 - Clear,01 - Daylight,04 - Slush,02 - Stop sign,01 - Functioning,2,0,0,0,,0,,,,,371092.7223,5030527.539,45.41154404,-75.65305207,594
20--1121,1/22/2020,8:25 AM,VANIER PKWY/CRICHTON ST @ BEECHWOOD AVE/ST. PA (0001604),1604,02 - Intersection related,02 - Non-fatal injury,03 - Rear end,01 - Clear,01 - Daylight,04 - Slush,01 - Traffic signal,01 - Functioning,2,0,0,0,01 - Minimal,1,1,,,,369127.7874,5033487.133,45.43835673,-75.6777667,595
20--1122,1/22/2020,8:30 AM,NORMAN ST btwn PRESTON ST & ROCHESTER ST (__3ZA049),__3ZA049,01 - Non intersection,03 - P.D. only,06 - SMV unattended vehicle,01 - Clear,01 - Daylight,04 - Slush,10 - No control,,1,0,0,0,,0,,,,,366822.8718,5029240.81,45.40035786,-75.70775961,596
20--1123,1/22/2020,8:45 AM,KANATA AVE btwn WALDEN DR & KNUDSON DR (__4V3Y4J),__4V3Y4J,01 - Non intersection,03 - P.D. only,04 - Sideswipe,01 - Clear,01 - Daylight,01 - Dry,10 - No control,,2,0,0,0,,0,,,,,350170.816,5020518.795,45.32315273,-75.92125011,597
20--1124,1/22/2020,8:49 AM,BRONSON AVE @ LAKEVIEW TER (0007216),7216,03 - At intersection,03 - P.D. only,02 - Angle,01 - Clear,01 - Daylight,01 - Dry,02 - Stop sign,01 - Functioning,2,0,0,0,,0,,,,,367687.7065,5028761.545,45.39596842,-75.69677495,598
20--1125,1/22/2020,8:55 AM,JOSHUA ST btwn FELICITY CRES/SPRING VALLEY DR & SADDLERIDGE DR (__67PTJ9),__67PTJ9,01 - Non intersection,03 - P.D. only,03 - Rear end,01 - Clear,01 - Daylight,06 - Ice,10 - No control,,2,0,0,0,,0,,,,,381778.486,5032207.033,45.42556106,-75.51628848,599
20--1126,1/22/2020,8:55 AM,MARCH RD @ MORGAN'S GRANT WAY/SHIRLEY'S BROOK  (0002651),2651,02 - Intersection related,03 - P.D. only,03 - Rear end,01 - Clear,01 - Daylight,03 - Loose snow,01 - Traffic signal,01 - Functioning,2,0,0,0,,0,,,,,349661.6193,5023617.511,45.35106845,-75.92746416,600
20--1669,2/3/2020,1:35 PM,CARLING AVE @ HAMILTON AVE (0006670),6670,02 - Intersection related,03 - P.D. only,02 - Angle,01 - Clear,01 - Daylight,01 - Dry,02 - Stop sign,00 - Unknown,2,0,0,0,,0,,,,,365558.7009,5028130.547,45.39047882,-75.72404255,601
20--1,1/1/2020,1:32 AM,BASELINE RD/HERON RD @ PRINCE OF WALES DR (0002345),2345,02 - Intersection related,02 - Non-fatal injury,03 - Rear end,03 - Snow,07 - Dark,04 - Slush,01 - Traffic signal,01 - Functioning,2,0,0,0,02 - Minor,1,,1,,,366873.7195,5026438.544,45.37513926,-75.70746263,602
20--2,1/1/2020,1:49 PM,MEADOWLANDS DR @ MERIVALE RD (0000625),625,03 - At intersection,03 - P.D. only,02 - Angle,01 - Clear,01 - Daylight,02 - Wet,01 - Traffic signal,01 - Functioning,2,0,0,0,,0,,,,,364858.6918,5023725.478,45.35090312,-75.73351723,603
20--3,1/1/2020,10:42 PM,CLEMENTINE BLVD btwn GREGG ST & HERON RD (__3ZA0UI),__3ZA0UI,04 - At/near private drive,03 - P.D. only,06 - SMV unattended vehicle,01 - Clear,07 - Dark,01 - Dry,10 - No control,,1,0,0,0,,0,,,,,369545.4552,5026625.134,45.37657637,-75.6733298,604
20--4,1/1/2020,11:45 AM,REGIONAL ROAD 174 btwn OR174 IC105 RAMP16 & OR174 IC105 RAMP26 (__3ZA1PU),__3ZA1PU,01 - Non intersection,03 - P.D. only,99 - Other,01 - Clear,01 - Daylight,01 - Dry,10 - No control,,2,0,0,0,,0,,,,,379312.4037,5036984.984,45.46881663,-75.54707459,605
20--5,1/1/2020,Unknown,MOCKINGBIRD DR btwn TULIP CRES & TULIP CRES (__3ZBO5O),__3ZBO5O,01 - Non intersection,03 - P.D. only,06 - SMV unattended vehicle,01 - Clear,00 - Unknown,02 - Wet,10 - No control,,1,0,0,0,,0,,,,,382497.5284,5038995.641,45.48655968,-75.50602863,606
20--6,1/1/2020,Unknown,CHAPMAN MILLS DR EB btwn LEAMINGTON WAY & LONGFIELDS DR (__8JUUML),__8JUUML,01 - Non intersection,03 - P.D. only,06 - SMV unattended vehicle,03 - Snow,00 - Unknown,03 - Loose snow,10 - No control,,1,0,0,0,,0,,,,,364887.051,5014591.367,45.2687126,-75.73426287,607
20--7,1/1/2020,12:25 AM,HART RD @ ST. JOSEPH BLVD (0004134),4134,02 - Intersection related,03 - P.D. only,07 - SMV other,01 - Clear,07 - Dark,03 - Loose snow,02 - Stop sign,00 - Unknown,1,0,0,0,,0,,,,,377601.7299,5035611.585,45.45664015,-75.56915253,608
20--8,1/1/2020,12:32 PM,HIGHWAY 417 btwn HWY417 IC121A RAMP16 & HWY417 IC121A RAMP61 (__3ZA2YY),__3ZA2YY,01 - Non intersection,03 - P.D. only,99 - Other,01 - Clear,01 - Daylight,01 - Dry,10 - No control,,2,0,0,0,,0,,,,,367307.1406,5029778.649,45.40515411,-75.7015063,609
20--9,1/1/2020,12:40 PM,METCALFE ST @ SOMERSET ST (0002689),2689,03 - At intersection,03 - P.D. only,02 - Angle,01 - Clear,01 - Daylight,01 - Dry,01 - Traffic signal,01 - Functioning,2,0,0,0,,0,,,,,368010.7065,5031104.567,45.41702112,-75.6923495,610
20--10,1/1/2020,2:58 PM,DONALD ST @ VANIER PKWY (0007644),7644,03 - At intersection,02 - Non-fatal injury,02 - Angle,01 - Clear,01 - Daylight,01 - Dry,01 - Traffic signal,01 - Functioning,2,0,0,0,02 - Minor,1,,1,,,370311.7154,5032270.581,45.42730078,-75.66279729,611
20--11,1/1/2020,4:00 PM,BASELINE RD @ MERIVALE RD (0002342),2342,02 - Intersection related,03 - P.D. only,03 - Rear end,03 - Snow,05 - Dusk,03 - Loose snow,01 - Traffic signal,01 - Functioning,2,0,0,0,,0,,,,,365054.6874,5025325.529,45.36528333,-75.73082107,612
20--12,1/1/2020,4:19 PM,BARNSDALE RD btwn GREENBANK RD & PRINCE OF WALES DR (__3ZABML),__3ZABML,01 - Non intersection,03 - P.D. only,07 - SMV other,04 - Freezing Rain,01 - Daylight,04 - Slush,10 - No control,,1,0,0,0,,0,,,,,366355.0363,5011363.794,45.23954402,-75.71595665,613
20--100,1/4/2020,10:26 PM,HIGHWAY 417 btwn HWY417 IC121A RAMP61 & HWY417 IC120B RAMP36 (__3ZA2YV),__3ZA2YV,01 - Non intersection,03 - P.D. only,04 - Sideswipe,01 - Clear,07 - Dark,02 - Wet,10 - No control,,2,0,0,0,,0,,,,,367647.1573,5029942.595,45.4065988,-75.69714231,614
20--1000,1/20/2020,8:45 AM,HIGHWAY 417 btwn HWY417 IC134 RAMP25 & HWY417 IC131 RAMP53 (__3ZA2LE),__3ZA2LE,01 - Non intersection,03 - P.D. only,03 - Rear end,01 - Clear,01 - Daylight,01 - Dry,10 - No control,,3,0,0,0,,0,,,,,357436.4273,5022637.438,45.34170925,-75.82835066,615
20--10000,12/30/2020,11:30 AM,FALLOWFIELD RD @ GREENBANK RD (0000549),549,02 - Intersection related,03 - P.D. only,03 - Rear end,03 - Snow,01 - Daylight,04 - Slush,01 - Traffic signal,01 - Functioning,2,0,0,0,,0,,,,,363080.6789,5016732.458,45.28813021,-75.75702954,616
20--10001,12/30/2020,11:40 AM,WALKLEY RD @ 160 W OF CONROY RD  (0011391),11391,03 - At intersection,02 - Non-fatal injury,05 - Turning movement,05 - Drifting Snow,01 - Daylight,03 - Loose snow,01 - Traffic signal,01 - Functioning,2,0,0,0,02 - Minor,1,,1,,,372768.6428,5027383.463,45.38309426,-75.63207637,617
20--10002,12/30/2020,11:43 AM,DATA CENTRE RD @ HERON RD (0007176),7176,03 - At intersection,03 - P.D. only,02 - Angle,03 - Snow,01 - Daylight,03 - Loose snow,02 - Stop sign,01 - Functioning,2,0,0,0,,0,,,,,368941.7345,5026732.548,45.37759838,-75.68102336,618
20--10003,12/30/2020,11:52 AM,INNES RD @ O'TOOLE RD (0004713),4713,03 - At intersection,03 - P.D. only,03 - Rear end,03 - Snow,01 - Daylight,03 - Loose snow,02 - Stop sign,00 - Unknown,4,0,0,0,,0,,,,,389107.7696,5038303.535,45.47956582,-75.42159824,619
20--10004,12/30/2020,Unknown,MARKLAND CRES btwn LEWISTON AVE & NEWBOROUGH CRES (__3ZA1Y6),__3ZA1Y6,01 - Non intersection,03 - P.D. only,06 - SMV unattended vehicle,01 - Clear,00 - Unknown,01 - Dry,10 - No control,,1,0,0,0,,0,,,,,366173.4527,5016192.887,45.28301192,-75.71767276,620
20--10005,12/30/2020,12:22 AM,CASTLEFRANK RD @ TERRY FOX DR (0011757),11757,03 - At intersection,03 - P.D. only,07 - SMV other,01 - Clear,07 - Dark,01 - Dry,01 - Traffic signal,01 - Functioning,1,0,0,0,,0,,,,,352994.01,5016304.808,45.28504616,-75.88564918,621
20--10006,12/30/2020,12:34 AM,OR174 IC109 RAMP54 btwn REGIONAL ROAD 174 & ST. JOSEPH BLVD (__3ZAY7O),__3ZAY7O,01 - Non intersection,03 - P.D. only,04 - Sideswipe,01 - Clear,07 - Dark,01 - Dry,10 - No control,,2,0,0,0,,0,,,,,376496.5643,5034864.653,45.45003401,-75.5833903,622
20--10007,12/30/2020,2:00 PM,BRIAN COBURN BLVD @ ESPRIT DR (0013113),13113,03 - At intersection,03 - P.D. only,02 - Angle,01 - Clear,01 - Daylight,01 - Dry,02 - Stop sign,01 - Functioning,2,0,0,0,,0,,,,,385141.5833,5035343.56,45.45340247,-75.47280614,623
20--10008,12/30/2020,2:49 PM,BAYSHORE DR @ RICHMOND RD (0010407),10407,02 - Intersection related,03 - P.D. only,03 - Rear end,03 - Snow,01 - Daylight,03 - Loose snow,01 - Traffic signal,01 - Functioning,2,0,0,0,,0,,,,,359372.6711,5023368.519,45.34813957,-75.80356502,624
20--10009,12/30/2020,3:16 PM,BANK ST btwn PHILNOR ST & SALE BARN RD (__3ZA28K),__3ZA28K,01 - Non intersection,03 - P.D. only,07 - SMV other,03 - Snow,01 - Daylight,05 - Packed snow,10 - No control,,1,0,0,0,,0,,,,,379820.4618,5013630.876,45.25863619,-75.54412353,625
20--1001,1/20/2020,8:55 AM,HIGHWAY 417 btwn HWY417 IC129 RAMP25 & TRANSIT (__3ZA2SH),__3ZA2SH,01 - Non intersection,03 - P.D. only,03 - Rear end,01 - Clear,01 - Daylight,02 - Wet,10 - No control,,2,0,0,0,,0,,,,,361724.9752,5024512.44,45.35824553,-75.77341651,626
20--10010,12/30/2020,3:20 PM,CYRVILLE RD btwn BEAUPARC PRIV & LABRIE AVE (__3ZA25R),__3ZA25R,04 - At/near private drive,03 - P.D. only,02 - Angle,03 - Snow,01 - Daylight,03 - Loose snow,10 - No control,,2,0,0,0,,0,,,,,373139.3439,5031778.367,45.42260153,-75.62673422,627
20--10011,12/30/2020,3:21 PM,ALBERT ST @ BOOTH ST (0002162),2162,02 - Intersection related,03 - P.D. only,04 - Sideswipe,03 - Snow,01 - Daylight,03 - Loose snow,01 - Traffic signal,01 - Functioning,2,0,0,0,,0,,,,,366428.6825,5030626.569,45.41286136,-75.71262103,628
20--10012,12/30/2020,3:36 PM,HIGHWAY 417 btwn HWY417 IC121A RAMP61 & HWY417 IC120B RAMP36 (__3ZA2YV),__3ZA2YV,01 - Non intersection,03 - P.D. only,04 - Sideswipe,03 - Snow,01 - Daylight,03 - Loose snow,10 - No control,,2,0,0,0,,0,,,,,367608.7437,5029922.789,45.40642404,-75.69763551,629
20--10013,12/30/2020,3:58 PM,CLOVERLOFT CRT btwn ORCHARD DR & TO BE DETERMINED (__3ZACR9),__3ZACR9,01 - Non intersection,03 - P.D. only,06 - SMV unattended vehicle,03 - Snow,05 - Dusk,06 - Ice,10 - No control,,1,0,0,0,,0,,,,,350773.6721,5015645.577,45.27926293,-75.91401238,630
20--10014,12/30/2020,4:29 PM,REGIONAL ROAD 174 btwn OR174 IC101 RAMP26 & OR174 IC101 RAMP61 (__3ZA11T),__3ZA11T,06 - Underpass or tunnel,02 - Non-fatal injury,07 - SMV other,03 - Snow,05 - Dusk,04 - Slush,10 - No control,,1,0,0,0,02 - Minor,1,,1,,,382770.0343,5038927.247,45.48591395,-75.5025539,631
20--10015,12/30/2020,4:32 PM,COBOURG ST @ ST. PATRICK ST (0011483),11483,02 - Intersection related,03 - P.D. only,03 - Rear end,01 - Clear,05 - Dusk,01 - Dry,01 - Traffic signal,00 - Unknown,2,0,0,0,,0,,,,,368802.4332,5033234.254,45.43611128,-75.6819578,632
20--10016,12/30/2020,6:01 AM,TREMBLAY RD btwn RIVERSIDE DR & TRAIN STATION (__3ZBN0PA),__3ZBN0PA,01 - Non intersection,02 - Non-fatal injury,07 - SMV other,01 - Clear,07 - Dark,06 - Ice,10 - No control,,1,0,0,0,01 - Minimal,1,1,,,,370881.6818,5031029.718,45.4160824,-75.65568067,633
20--10017,12/30/2020,6:20 AM,HIGHWAY 416 btwn HWY416 IC66 RAMP62 & HWY416 IC72 RAMP24 (__3ZAZMZ),__3ZAZMZ,01 - Non intersection,03 - P.D. only,07 - SMV other,01 - Clear,07 - Dark,01 - Dry,10 - No control,,1,0,0,0,,0,,,,,359619.9018,5019383.945,45.31226697,-75.80085145,634
20--10018,12/30/2020,6:25 PM,CONROY RD btwn CONROY RD & ROSEBELLA AVE (__3ZA3S2),__3ZA3S2,01 - Non intersection,02 - Non-fatal injury,04 - Sideswipe,01 - Clear,07 - Dark,03 - Loose snow,10 - No control,,2,0,0,0,01 - Minimal,2,2,,,,373844.255,5025224.448,45.36356318,-75.6186448,635
20--10019,12/30/2020,6:30 PM,HIGHWAY 417 btwn HWY417 IC115 RAMP25 & REGIONAL ROAD 174 (__3ZA2RY),__3ZA2RY,01 - Non intersection,02 - Non-fatal injury,07 - SMV other,03 - Snow,07 - Dark,03 - Loose snow,10 - No control,,1,0,0,0,02 - Minor,4,,4,,,373285.497,5031706.349,45.42193925,-75.62487685,636
20--1002,1/20/2020,9:00 AM,FISHER AVE @ MALIBU TER (0003121),3121,02 - Intersection related,03 - P.D. only,02 - Angle,01 - Clear,01 - Daylight,01 - Dry,02 - Stop sign,01 - Functioning,2,0,0,0,,0,,,,,366261.7009,5025799.527,45.36944347,-75.71535546,637
20--10020,12/30/2020,6:50 PM,HIGHWAY 417 btwn HIGHWAY 17 & HWY417 IC180 RAMP26 (__6KCVZR),__6KCVZR,01 - Non intersection,03 - P.D. only,07 - SMV other,01 - Clear,07 - Dark,01 - Dry,10 - No control,,1,0,0,0,,0,,,,,318213.2445,5031032.286,45.41909754,-76.32861121,638
20--10021,12/30/2020,7:05 PM,HIGHWAY 417 btwn HWY417 IC142 RAMP35 & HWY417 IC142 RAMP25 (__3ZA1ZO),__3ZA1ZO,01 - Non intersection,03 - P.D. only,07 - SMV other,01 - Clear,07 - Dark,06 - Ice,10 - No control,,1,0,0,0,,0,,,,,349313.5995,5017551.475,45.29650679,-75.93245076,639
20--10022,12/30/2020,7:20 AM,OTTAWA ROAD 29 btwn GALETTA SIDE RD & WALTER BRADLEY RD (__3ZAZ58),__3ZAZ58,01 - Non intersection,03 - P.D. only,07 - SMV other,01 - Clear,03 - Dawn,06 - Ice,10 - No control,,1,0,0,0,,0,,,,,319006.9773,5026808.385,45.3810729,-76.31859095,640
20--10023,12/30/2020,7:20 PM,REGIONAL ROAD 174 btwn OR174 IC105 RAMP63 & OR174 IC102 RAMP36 (__3ZA27F),__3ZA27F,01 - Non intersection,03 - P.D. only,99 - Other,03 - Snow,07 - Dark,04 - Slush,10 - No control,,2,0,0,0,,0,,,,,380184.9987,5037471.506,45.47310033,-75.53584208,641
20--10024,12/30/2020,7:47 PM,HIGHWAY 417 btwn HWY417 IC115 RAMP36 & HWY417 IC115 RAMP26 (__3ZA2R4),__3ZA2R4,01 - Non intersection,03 - P.D. only,07 - SMV other,03 - Snow,07 - Dark,04 - Slush,10 - No control,,1,0,0,0,,0,,,,,372405.3243,5031515.545,45.4203081,-75.63614879,642
20--10025,12/30/2020,8:52 PM,TENTH LINE RD @ CHARLEMAGNE BLVD S/DES EPINETT (0003686),3686,02 - Intersection related,03 - P.D. only,03 - Rear end,03 - Snow,07 - Dark,03 - Loose snow,01 - Traffic signal,01 - Functioning,2,0,0,0,,0,,,,,383640.9751,5036900.456,45.46758093,-75.49173924,643
20--10026,12/30/2020,9:07 PM,JINKINSON RD btwn FERNBANK RD & HAZELDEAN RD (__7JQ7K3),__7JQ7K3,01 - Non intersection,03 - P.D. only,07 - SMV other,02 - Rain,07 - Dark,02 - Wet,10 - No control,,1,0,0,0,,0,,,,,344911.3871,5010425.032,45.23264497,-75.98915216,644
20--10027,12/30/2020,9:39 PM,INNES RD @ VISENEAU DR (0012442),12442,03 - At intersection,03 - P.D. only,99 - Other,03 - Snow,07 - Dark,02 - Wet,01 - Traffic signal,01 - Functioning,2,0,0,0,,0,,,,,381798.7502,5035073.555,45.45134951,-75.51558116,645
20--10028,12/30/2020,9:42 PM,LISGAR ST @ O'CONNOR ST (0006955),6955,03 - At intersection,02 - Non-fatal injury,02 - Angle,03 - Snow,07 - Dark,02 - Wet,01 - Traffic signal,01 - Functioning,2,0,0,0,02 - Minor,1,,1,,,367762.7097,5031159.582,45.41753848,-75.69551084,646
20--10029,12/31/2020,1:45 PM,CHESTERTON DR @ MEADOWLANDS DR (0001110),1110,03 - At intersection,03 - P.D. only,02 - Angle,01 - Clear,01 - Daylight,02 - Wet,01 - Traffic signal,01 - Functioning,2,0,0,0,,0,,,,,365101.6265,5024009.451,45.35343743,-75.73038249,647
20--1003,1/20/2020,9:01 PM,WEST HUNT CLUB RD @ ANTARES DR/LASER ST (0000116),116,02 - Intersection related,03 - P.D. only,03 - Rear end,01 - Clear,07 - Dark,05 - Packed snow,01 - Traffic signal,01 - Functioning,2,0,0,0,,0,,,,,367107.712,5022081.49,45.33591461,-75.70502452,648
20--10030,12/31/2020,1:56 AM,145 N OF VIMY PLACE PRIV @ BOOTH ST (0012250),12250,02 - Intersection related,03 - P.D. only,07 - SMV other,03 - Snow,07 - Dark,04 - Slush,01 - Traffic signal,01 - Functioning,1,0,0,0,,0,,,,,366233.5781,5031084.814,45.41700167,-75.71505636,649
20--10031,12/31/2020,10:06 AM,MCLEOD ST @ O'CONNOR ST (0007282),7282,03 - At intersection,03 - P.D. only,02 - Angle,02 - Rain,01 - Daylight,02 - Wet,01 - Traffic signal,01 - Functioning,2,0,0,0,,0,,,,,368117.6901,5030592.595,45.41240489,-75.69104847,650
20--10032,12/31/2020,10:10 PM,LORRY GREENBERG DR btwn BRAMBLEGROVE CRES & BRAMBLEGROVE CRES (__3ZA8M2),__3ZA8M2,01 - Non intersection,02 - Non-fatal injury,07 - SMV other,01 - Clear,07 - Dark,02 - Wet,10 - No control,,1,0,0,1,03 - Major,1,,,1,,373407.0039,5025706.433,45.36794282,-75.62415876,651
20--10033,12/31/2020,10:15 AM,RIVERSIDE DR @ HERON RD (0002236),2236,02 - Intersection related,03 - P.D. only,03 - Rear end,01 - Clear,01 - Daylight,01 - Dry,01 - Traffic signal,01 - Functioning,2,0,0,0,,0,,,,,368121.1305,5026647.24,45.37690544,-75.6915109,652
20--10034,12/31/2020,11:40 PM,BEECHWOOD AVE btwn OAKHILL RD & HEMLOCK RD (__3ZA1HQ),__3ZA1HQ,01 - Non intersection,02 - Non-fatal injury,07 - SMV other,03 - Snow,07 - Dark,02 - Wet,10 - No control,,1,0,0,0,02 - Minor,1,,1,,,369735.5642,5034263.472,45.44528573,-75.66989652,653
20--10035,12/31/2020,12:03 PM,RIDGE RD btwn RAMSAYVILLE RD & ANDERSON RD (__3ZA6F0),__3ZA6F0,01 - Non intersection,03 - P.D. only,07 - SMV other,01 - Clear,01 - Daylight,01 - Dry,10 - No control,,1,0,0,0,,0,,,,,376884.8082,5028880.914,45.39615603,-75.579303,654
20--10036,12/31/2020,12:27 PM,BANK ST @ SLATER ST (0002223),2223,02 - Intersection related,03 - P.D. only,04 - Sideswipe,01 - Clear,01 - Daylight,02 - Wet,01 - Traffic signal,00 - Unknown,2,0,0,0,,0,,,,,367424.6978,5031354.58,45.41932335,-75.69980449,655
20--10037,12/31/2020,2:41 AM,LESTER RD btwn ALBION RD & UPLANDS DR (__3ZA2SC),__3ZA2SC,01 - Non intersection,02 - Non-fatal injury,07 - SMV other,04 - Freezing Rain,07 - Dark,06 - Ice,10 - No control,,1,0,0,0,02 - Minor,2,,2,,,371490.2366,5021436.735,45.32971045,-75.64920136,656
20--10038,12/31/2020,2:56 AM,HIGHWAY 7 btwn OVERPASS RD & RAMP (__7JQ7LY),__7JQ7LY,01 - Non intersection,03 - P.D. only,07 - SMV other,01 - Clear,07 - Dark,06 - Ice,10 - No control,,1,0,0,0,,0,,,,,340535.4624,5006063.013,45.19362856,-76.04519386,657
20--10039,12/31/2020,4:11 PM,MONTREAL RD @ VANIER PKWY (0004630),4630,02 - Intersection related,03 - P.D. only,04 - Sideswipe,01 - Clear,05 - Dusk,02 - Wet,01 - Traffic signal,01 - Functioning,2,0,0,0,,0,,,,,370072.7016,5033065.577,45.43447618,-75.66574604,658
20--1004,1/20/2020,9:19 AM,MATHESON RD btwn CARVER PL & WHITEROCK ST (__3ZAZIP),__3ZAZIP,01 - Non intersection,03 - P.D. only,06 - SMV unattended vehicle,01 - Clear,01 - Daylight,05 - Packed snow,10 - No control,,1,0,0,0,,0,,,,,373013.8567,5032943.422,45.43309636,-75.62817619,659
20--10040,12/31/2020,4:35 PM,HIGHWAY 417 btwn HWY417 IC145 RAMP55 & HWY417 IC144 RAMP51 (__3ZA2Q4),__3ZA2Q4,01 - Non intersection,03 - P.D. only,04 - Sideswipe,01 - Clear,05 - Dusk,01 - Dry,10 - No control,,2,0,0,0,,0,,,,,346876.4982,5015331.896,45.27668436,-75.96371067,660
20--10041,12/31/2020,4:36 AM,ALBION RD btwn LESTER RD & LEITRIM RD (__3ZA3SQ),__3ZA3SQ,01 - Non intersection,03 - P.D. only,07 - SMV other,03 - Snow,07 - Dark,02 - Wet,10 - No control,,1,0,0,0,,0,,,,,372730.4671,5022245.852,45.33687166,-75.63326991,661
20--10042,12/31/2020,5:53 AM,"MCARTHUR AVE @ EGLISE, RUE DE L/MOORVALE ST (0007763)",7763,03 - At intersection,02 - Non-fatal injury,01 - Approaching,01 - Clear,07 - Dark,02 - Wet,01 - Traffic signal,01 - Functioning,2,0,0,0,01 - Minimal,1,1,,,,371445.7227,5032824.574,45.43217823,-75.64823194,662
20--10043,12/31/2020,6:00 PM,CRAIG HENRY DR @ IVYLEA ST/WOODVALE GR (0004600),4600,03 - At intersection,03 - P.D. only,02 - Angle,01 - Clear,07 - Dark,01 - Dry,02 - Stop sign,01 - Functioning,2,0,0,0,,0,,,,,363035.6856,5021802.498,45.33375404,-75.75700723,663