Anom_ID,Accident_Date,Accident_Time,Location,Geo_ID,Accident_Location,Classification_of_Accident,Initial_Impact_Type,Environment_Condition,Light,Road_Surface_Condition,Traffic_Control,Traffic_Control_Condition,No__of_Vehicles,No__of_Bicycles,No__of_Motorcycles,No__of_Pedestrians,Max_Injury,No__of_Injuries,No__of_Minimal,No__of_Minor,No__of_Major,No__of_Fatal,X,Y,Latitude,Longitude,ObjectId
20--1785,2/5/2020,5:35 PM,BASELINE RD @ 207 E OF CLYDE AVE (0008213),8213,02 - Intersection related,03 - P.D. only,04 - Sideswipe,01 - Clear,05 - Dusk,02 - Wet,01 - Traffic signal,01 - Functioning,2,0,0,0,,0,,,,,364535.4838,5025000.97,45.36240743,-75.73748759,830
20--1786,2/5/2020,6:15 PM,TENTH LINE RD @ CHARLEMAGNE BLVD S/DES EPINETT (0003686),3686,02 - Intersection related,03 - P.D. only,04 - Sideswipe,01 - Clear,07 - Dark,01 - Dry,01 - Traffic signal,01 - Functioning,2,0,0,0,,0,,,,,383640.9751,5036900.456,45.46758093,-75.49173924,831
20--1787,2/5/2020,6:47 AM,RIVER RD btwn CEDAR DR & DOYLE RD (__3ZA3TX),__3ZA3TX,01 - Non intersection,03 - P.D. only,04 - Sideswipe,01 - Clear,03 - Dawn,01 - Dry,10 - No control,,2,0,0,0,,0,,,,,373723.5566,5003955.899,45.17220612,-75.62313696,832
20--1788,2/5/2020,6:55 AM,HERON RD WB btwn HERON RD WB OFF RAMP/VINCENT MASSEY PARK & RIVERSIDE  (__3ZAZKM),__3ZAZKM,01 - Non intersection,03 - P.D. only,03 - Rear end,01 - Clear,03 - Dawn,01 - Dry,10 - No control,,2,0,0,0,,0,,,,,368044.6699,5026639.474,45.37684247,-75.69248805,833
20--1789,2/5/2020,6:55 AM,REGIONAL ROAD 174 btwn OR174 IC112 RAMP36 & OR174 IC112 RAMP26 (__3ZAZFK),__3ZAZFK,01 - Non intersection,03 - P.D. only,03 - Rear end,01 - Clear,03 - Dawn,01 - Dry,10 - No control,,2,0,0,0,,0,,,,,374743.1761,5032802.827,45.43166054,-75.60609685,834
20--179,1/6/2020,Unknown,DAGMAR AVE btwn BARIBEAU ST & VACHON AVE (__3ZA8WS),__3ZA8WS,01 - Non intersection,03 - P.D. only,06 - SMV unattended vehicle,01 - Clear,00 - Unknown,03 - Loose snow,10 - No control,,1,0,0,0,,0,,,,,370016.3662,5033584.6,45.43915138,-75.66639723,835
20--1790,2/5/2020,7:05 PM,BRIDGE ST @ LONG ISLAND RD (0008838),8838,02 - Intersection related,03 - P.D. only,03 - Rear end,01 - Clear,07 - Dark,01 - Dry,01 - Traffic signal,01 - Functioning,2,0,0,0,,0,,,,,369059.7139,5010345.392,45.23013883,-75.68164142,836
20--1791,2/5/2020,7:05 PM,PALLADIUM DR @ SILVER SEVEN RD (0011839),11839,02 - Intersection related,03 - P.D. only,05 - Turning movement,01 - Clear,07 - Dark,01 - Dry,01 - Traffic signal,01 - Functioning,2,0,0,0,,0,,,,,351051.6037,5017887.442,45.29941766,-75.91026099,837
20--1792,2/5/2020,7:11 AM,JEANNE D'ARC BLVD @ GREY NUNS DR/YOUVILLE DR (0003147),3147,03 - At intersection,02 - Non-fatal injury,05 - Turning movement,01 - Clear,03 - Dawn,01 - Dry,01 - Traffic signal,01 - Functioning,2,0,0,0,02 - Minor,1,,1,,,379670.7287,5036700.498,45.46621873,-75.54253602,838
20--1793,2/5/2020,7:12 PM,EAGLESON RD btwn SHATNER GT & HAZELDEAN RD (__3ZA41R),__3ZA41R,01 - Non intersection,03 - P.D. only,03 - Rear end,01 - Clear,07 - Dark,01 - Dry,10 - No control,,4,0,0,0,,0,,,,,353636.784,5018515.468,45.30489382,-75.87723824,839
20--1794,2/5/2020,7:20 PM,EAGLESON RD @ MICHAEL COWPLAND DR/STONEHAVEN D (0003544),3544,03 - At intersection,02 - Non-fatal injury,05 - Turning movement,01 - Clear,07 - Dark,01 - Dry,01 - Traffic signal,01 - Functioning,2,0,0,0,02 - Minor,1,,1,,,354382.6302,5016623.449,45.28781679,-75.86791704,840
20--1795,2/5/2020,7:30 AM,HEMLOCK RD btwn BAREILLE-SNOW ST & CODD'S RD (e___2JOI),e___2JOI,01 - Non intersection,03 - P.D. only,06 - SMV unattended vehicle,01 - Clear,01 - Daylight,05 - Packed snow,10 - No control,,1,0,0,0,,0,,,,,372631.45,5035157.291,45.45305283,-75.63275791,841
20--1796,2/5/2020,7:34 PM,AIRPORT PKWY btwn RAMP & AIRPORT PKWY (2) (__3ZA22Z),__3ZA22Z,01 - Non intersection,03 - P.D. only,01 - Approaching,01 - Clear,07 - Dark,01 - Dry,10 - No control,,2,0,0,0,,0,,,,,371020.3692,5023696.752,45.35008991,-75.65489254,842
20--1797,2/5/2020,7:36 AM,NICHOLAS ST SB btwn Continuation of WALLER ST & HWY417 IC118 RAMP35 (__6KCDVW),__6KCDVW,01 - Non intersection,02 - Non-fatal injury,07 - SMV other,01 - Clear,01 - Daylight,01 - Dry,10 - No control,,1,0,0,0,02 - Minor,1,,1,,,369108.1088,5031290.01,45.41858966,-75.6783051,843
20--1798,2/5/2020,7:45 AM,RICHMOND RD @ WINTHROP PRIV (0002156),2156,02 - Intersection related,03 - P.D. only,02 - Angle,01 - Clear,01 - Daylight,01 - Dry,10 - No control,,2,0,0,0,,0,,,,,360497.6735,5025190.519,45.36444543,-75.78900399,844
20--1799,2/5/2020,7:50 AM,HOLLAND AVE @ ISLAND PARK DR/N.C.C. DRIVEWAY (0010787),10787,03 - At intersection,03 - P.D. only,01 - Approaching,01 - Clear,01 - Daylight,01 - Dry,01 - Traffic signal,01 - Functioning,2,0,0,0,,0,,,,,365425.6966,5027917.536,45.38857372,-75.72576718,845
20--18,1/1/2020,8:20 PM,JAMES ST @ KENT ST (0007277),7277,03 - At intersection,03 - P.D. only,02 - Angle,01 - Clear,07 - Dark,01 - Dry,02 - Stop sign,02 - Not functioning,2,0,0,0,,0,,,,,367659.7106,5030598.564,45.41249988,-75.69689831,846
20--180,1/6/2020,Unknown,ROSEGARDEN CRES btwn CAHILL DR & CAHILL DR (__3ZA9XM),__3ZA9XM,01 - Non intersection,03 - P.D. only,06 - SMV unattended vehicle,01 - Clear,00 - Unknown,01 - Dry,10 - No control,,1,0,0,0,,0,,,,,372181.6486,5024745.527,45.35941581,-75.63993096,847
20--1800,2/5/2020,8:14 AM,MONTREAL RD @ 46 E OF HILLSIDE DR/MONTREAL SQU (0008215),8215,03 - At intersection,02 - Non-fatal injury,07 - SMV other,01 - Clear,01 - Daylight,01 - Dry,01 - Traffic signal,01 - Functioning,1,0,0,1,03 - Major,1,,,1,,371749.9599,5033916.691,45.44197552,-75.64419553,848
20--1801,2/5/2020,8:40 AM,BRIDGE ST btwn MANOTICK MAIN ST & DICKINSON CIRC (__3ZA388),__3ZA388,01 - Non intersection,03 - P.D. only,03 - Rear end,01 - Clear,01 - Daylight,01 - Dry,10 - No control,,2,0,0,0,,0,,,,,368787.8794,5010016.218,45.22720168,-75.68514526,849
20--1802,2/5/2020,8:40 AM,HWY 417 TERRYFO IC140R53 @ TERRY FOX DR (0003179),3179,02 - Intersection related,03 - P.D. only,03 - Rear end,01 - Clear,01 - Daylight,01 - Dry,10 - No control,,2,0,0,0,,0,,,,,351081.6082,5018401.46,45.30404095,-75.90983045,850
20--1803,2/5/2020,9:15 PM,CARLING AVE @ EDGEWORTH AVE (0002718),2718,03 - At intersection,03 - P.D. only,05 - Turning movement,01 - Clear,07 - Dark,01 - Dry,01 - Traffic signal,01 - Functioning,2,0,0,0,,0,,,,,361262.686,5025424.52,45.36648975,-75.77921243,851
20--1804,2/5/2020,9:35 AM,CENTRUM BLVD btwn PLACE D'ORLEANS DR & PRESTONE DR (__3ZA5ZB),__3ZA5ZB,01 - Non intersection,03 - P.D. only,01 - Approaching,01 - Clear,01 - Daylight,01 - Dry,10 - No control,,2,0,0,0,,0,,,,,381977.8151,5038144.659,45.47896095,-75.51280997,852
20--1805,2/5/2020,9:43 AM,MAITLAND AVE btwn TARA DR & ERINDALE DR (__3ZA4I7),__3ZA4I7,01 - Non intersection,02 - Non-fatal injury,03 - Rear end,01 - Clear,01 - Daylight,01 - Dry,10 - No control,,2,0,0,0,02 - Minor,1,,1,,,363602.2726,5025282.565,45.36502009,-75.74936531,853
20--1806,2/5/2020,9:44 AM,WARMSTONE DR btwn CENTO WAY & ROSEHILL AVE (e___1G0P),e___1G0P,01 - Non intersection,03 - P.D. only,07 - SMV other,01 - Clear,01 - Daylight,01 - Dry,10 - No control,,1,0,0,0,,0,,,,,350182.088,5016254.034,45.28477646,-75.92149678,854
20--1807,2/5/2020,9:55 AM,CONSTELLATION CRES btwn TURN LANE & CENTREPOINTE DR (__3ZA0AQ),__3ZA0AQ,04 - At/near private drive,03 - P.D. only,02 - Angle,01 - Clear,01 - Daylight,01 - Dry,10 - No control,,2,0,0,0,,0,,,,,362495.0395,5023252.674,45.34684731,-75.76373531,855
20--1808,2/6/2020,1:03 PM,CARLING AVE @ FAIRLAWN AVE/WOODROFFE AVE E (0002393),2393,02 - Intersection related,03 - P.D. only,03 - Rear end,01 - Clear,01 - Daylight,02 - Wet,01 - Traffic signal,01 - Functioning,2,0,0,0,,0,,,,,361934.6841,5025830.528,45.37008852,-75.77058762,856
20--1809,2/6/2020,10:00 AM,CARLING AVE @ ISLAND PARK DR (0010785),10785,03 - At intersection,03 - P.D. only,02 - Angle,03 - Snow,01 - Daylight,03 - Loose snow,01 - Traffic signal,01 - Functioning,2,0,0,0,,0,,,,,365348.6982,5027997.526,45.38930011,-75.7267406,857
20--181,1/6/2020,Unknown,TRUMP AVE btwn BLOOMINGDALE ST & FORDHAM PRIV (__3ZAZF6),__3ZAZF6,01 - Non intersection,03 - P.D. only,06 - SMV unattended vehicle,01 - Clear,00 - Unknown,01 - Dry,10 - No control,,1,0,0,0,,0,,,,,364658.8867,5026009.465,45.37147119,-75.73579033,858
20--1810,2/6/2020,10:08 PM,BRIAN COBURN BLVD @ NAVAN RD (0017228),17228,03 - At intersection,03 - P.D. only,02 - Angle,03 - Snow,07 - Dark,04 - Slush,11 - Roundabout,01 - Functioning,2,0,0,0,,0,,,,,381168.997,5032906.816,45.43192398,-75.52396751,859
20--1811,2/6/2020,10:09 AM,MARKETPLACE AVE btwn GREENBANK RD & TRANSITWAY SOUTHWEST (__4LZBJR),__4LZBJR,04 - At/near private drive,03 - P.D. only,02 - Angle,03 - Snow,01 - Daylight,04 - Slush,10 - No control,,2,0,0,0,,0,,,,,364123.9473,5014666.15,45.26945029,-75.74397792,860
20--1812,2/6/2020,10:18 AM,BRONSON AVE @ FIRST AVE (0007719),7719,03 - At intersection,03 - P.D. only,02 - Angle,01 - Clear,01 - Daylight,01 - Dry,02 - Stop sign,01 - Functioning,2,0,0,0,,0,,,,,367489.7041,5029236.569,45.40026031,-75.69924329,861
20--1813,2/6/2020,10:40 AM,HIGHWAY 416 btwn HWY416 IC72 RAMP63 & HWY416 IC72 RAMP53 (__3ZA1NF),__3ZA1NF,01 - Non intersection,03 - P.D. only,99 - Other,03 - Snow,01 - Daylight,03 - Loose snow,10 - No control,,2,0,0,0,,0,,,,,359747.572,5019101.905,45.30971917,-75.7992546,862
20--1814,2/6/2020,11:08 PM,LIMEBANK RD btwn LEITRIM RD & SPRATT RD (__4O3KSY),__4O3KSY,01 - Non intersection,02 - Non-fatal injury,07 - SMV other,03 - Snow,07 - Dark,03 - Loose snow,10 - No control,,1,0,0,0,02 - Minor,1,,1,,,369417.3704,5017731.314,45.29656373,-75.67612634,863
20--1815,2/6/2020,Unknown,ST. LAURENT BLVD btwn MONTREAL RD & CAMIL ST (__3ZA3MQ),__3ZA3MQ,01 - Non intersection,03 - P.D. only,04 - Sideswipe,03 - Snow,00 - Unknown,02 - Wet,10 - No control,,2,0,0,0,,0,,,,,371564.1289,5033774.116,45.44071047,-75.64659003,864
20--1816,2/6/2020,Unknown,O'CONNOR ST btwn MACLAREN ST & GILMOUR ST (__3ZA3RO),__3ZA3RO,01 - Non intersection,03 - P.D. only,06 - SMV unattended vehicle,01 - Clear,00 - Unknown,02 - Wet,10 - No control,,1,0,0,0,,0,,,,,367913.0136,5030918.791,45.41535838,-75.6936214,865
20--1817,2/6/2020,Unknown,SAUNDERSON DR btwn RAGLAN AVE & SMYTH RD (__3ZA78Q),__3ZA78Q,01 - Non intersection,03 - P.D. only,06 - SMV unattended vehicle,03 - Snow,00 - Unknown,05 - Packed snow,10 - No control,,1,0,0,0,,0,,,,,372758.5553,5029385.098,45.40110509,-75.63192948,866
20--1818,2/6/2020,Unknown,PATRICIA AVE btwn MAILES AVE & RICHMOND RD (__3ZA01W),__3ZA01W,01 - Non intersection,03 - P.D. only,06 - SMV unattended vehicle,01 - Clear,00 - Unknown,03 - Loose snow,10 - No control,,1,0,0,0,,0,,,,,363937.9335,5028787.86,45.39653194,-75.74466097,867
20--1819,2/6/2020,Unknown,SABLEWOOD PL btwn RANCHWOOD WAY E & SABLEWOOD PL CENTRAL (__3ZA19P),__3ZA19P,01 - Non intersection,03 - P.D. only,06 - SMV unattended vehicle,03 - Snow,00 - Unknown,05 - Packed snow,10 - No control,,1,0,0,0,,0,,,,,380725.4491,5034557.081,45.44682011,-75.52938088,868
20--182,1/6/2020,12:00 PM,HWY416 IC75A RAMP26 btwn HIGHWAY 417 & HIGHWAY 416 (__3ZAY4Y),__3ZAY4Y,01 - Non intersection,03 - P.D. only,07 - SMV other,03 - Snow,01 - Daylight,04 - Slush,10 - No control,,1,0,0,0,,0,,,,,358328.2334,5022678.166,45.34200824,-75.81696747,869
20--1820,2/6/2020,Unknown,BEECHWOOD AVE btwn BLACK MAPLE PRIV & JOLLIET AVE (__3ZA3A4),__3ZA3A4,01 - Non intersection,03 - P.D. only,06 - SMV unattended vehicle,02 - Rain,00 - Unknown,02 - Wet,10 - No control,,1,0,0,0,,0,,,,,369691.2149,5034085.724,45.44369054,-75.67048684,870
20--1821,2/6/2020,12:20 PM,CARLING AVE WB btwn CARLINGWOOD SC/FAIRLAWN PLAZA SC & FAIRLAWN AVE/WOODROFFE AVE (__3ZA4WIA),__3ZA4WIA,01 - Non intersection,03 - P.D. only,04 - Sideswipe,03 - Snow,01 - Daylight,04 - Slush,10 - No control,,2,0,0,0,,0,,,,,361998.5079,5025891.224,45.37062945,-75.76976585,871
20--1822,2/6/2020,12:46 PM,OTHELLO AVE btwn HAMLET RD & SMYTH RD (__3ZA78N),__3ZA78N,04 - At/near private drive,03 - P.D. only,02 - Angle,01 - Clear,01 - Daylight,02 - Wet,10 - No control,,2,0,0,0,,0,,,,,373261.6176,5029302.026,45.40030863,-75.62551588,872
20--1823,2/6/2020,2:45 PM,BANK ST @ HUNT CLUB RD (0002119),2119,02 - Intersection related,03 - P.D. only,03 - Rear end,03 - Snow,01 - Daylight,04 - Slush,01 - Traffic signal,01 - Functioning,2,0,0,0,,0,,,,,371608.7418,5024096.513,45.35363103,-75.64733052,873
20--1824,2/6/2020,3:00 PM,LAURIER AVE @ O'CONNOR ST (0002224),2224,02 - Intersection related,03 - P.D. only,99 - Other,01 - Clear,01 - Daylight,01 - Dry,01 - Traffic signal,01 - Functioning,2,0,0,0,,0,,,,,367636.778,5031358.6,45.4193405,-75.69709436,874
20--1825,2/6/2020,3:10 AM,HIGHWAY 417 btwn HWY417 IC117 RAMP25 & HWY417 IC115 RAMP51 (__3ZA2R3),__3ZA2R3,01 - Non intersection,03 - P.D. only,04 - Sideswipe,01 - Clear,07 - Dark,01 - Dry,10 - No control,,2,0,0,0,,0,,,,,371355.1001,5031379.779,45.41918723,-75.64958524,875
20--1826,2/6/2020,3:40 PM,DONALD ST @ ST. LAURENT BLVD (0008630),8630,02 - Intersection related,03 - P.D. only,04 - Sideswipe,01 - Clear,01 - Daylight,02 - Wet,01 - Traffic signal,01 - Functioning,2,0,0,0,,0,,,,,372093.7193,5032472.574,45.42894904,-75.63999923,876
20--1827,2/6/2020,3:57 PM,WILHAVEN DR btwn ROYAL ORCHARD DR & LOUGH DR (__3ZA5GB),__3ZA5GB,01 - Non intersection,03 - P.D. only,07 - SMV other,03 - Snow,01 - Daylight,03 - Loose snow,10 - No control,,1,0,0,0,,0,,,,,393592.6249,5041046.175,45.50368452,-75.36374628,877
20--1828,2/6/2020,4:10 PM,IBER RD btwn HUNTMAR DR & HARRY DOUGLAS DR (__3ZA4XQ),__3ZA4XQ,04 - At/near private drive,03 - P.D. only,03 - Rear end,01 - Clear,01 - Daylight,04 - Slush,10 - No control,,2,0,0,0,,0,,,,,351013.9699,5015996.061,45.28240094,-75.91091703,878
20--1829,2/6/2020,4:35 PM,CLEARVIEW AVE @ ISLAND PARK DR (0006144),6144,03 - At intersection,03 - P.D. only,02 - Angle,01 - Clear,01 - Daylight,02 - Wet,02 - Stop sign,01 - Functioning,2,0,0,0,,0,,,,,363546.6891,5029364.571,45.40175402,-75.74958901,879
20--183,1/6/2020,12:05 PM,HWY 417 MAITLAND IC126R52 @ MAITLAND AVE (0002246),2246,02 - Intersection related,03 - P.D. only,03 - Rear end,03 - Snow,01 - Daylight,03 - Loose snow,03 - Yield sign,01 - Functioning,2,0,0,0,,0,,,,,363205.6877,5025833.535,45.37001081,-75.75436231,880
20--1830,2/6/2020,4:40 PM,WALKLEY RD @ DON REID DR/RYDER ST (0008218),8218,02 - Intersection related,03 - P.D. only,03 - Rear end,01 - Clear,01 - Daylight,01 - Dry,01 - Traffic signal,01 - Functioning,2,0,0,0,,0,,,,,372601.7242,5027284.547,45.38222043,-75.63422117,881
20--1831,2/6/2020,4:41 PM,BRIAN COBURN BLVD @ PORTOBELLO BLVD (0013015),13015,03 - At intersection,03 - P.D. only,02 - Angle,03 - Snow,01 - Daylight,02 - Wet,11 - Roundabout,01 - Functioning,2,0,0,0,,0,,,,,385751.4128,5035489.611,45.45464612,-75.46498651,882
20--1832,2/6/2020,4:49 PM,TERRY FOX DR @ PALLADIUM DR/KATIMAVIK RD (0011858),11858,02 - Intersection related,03 - P.D. only,03 - Rear end,01 - Clear,01 - Daylight,02 - Wet,01 - Traffic signal,01 - Functioning,3,0,0,0,,0,,,,,351269.715,5018181.769,45.3020517,-75.90745249,883
20--1833,2/6/2020,6:03 AM,AIRPORT PKWY @ UPLANDS DR RAMP 62 (0004115),4115,02 - Intersection related,03 - P.D. only,07 - SMV other,03 - Snow,07 - Dark,03 - Loose snow,03 - Yield sign,01 - Functioning,1,0,0,0,,0,,,,,371297.7181,5021622.503,45.3314002,-75.65163218,884
20--1834,2/6/2020,6:10 PM,BASELINE RD @ WOODROFFE AVE (0002225),2225,02 - Intersection related,02 - Non-fatal injury,02 - Angle,02 - Rain,07 - Dark,02 - Wet,01 - Traffic signal,01 - Functioning,2,0,0,0,02 - Minor,2,,2,,,362549.6991,5023770.511,45.35150227,-75.76297737,885
20--1835,2/6/2020,6:46 PM,EARL ARMSTRONG RD @ LIMEBANK RD (0004456),4456,03 - At intersection,02 - Non-fatal injury,02 - Angle,03 - Snow,07 - Dark,03 - Loose snow,01 - Traffic signal,01 - Functioning,3,0,0,0,02 - Minor,2,,2,,,370155.7173,5015960.459,45.28056161,-75.66694667,886
20--1836,2/6/2020,6:47 PM,HIGHWAY 417 btwn TRANSIT & HWY417 IC127 RAMP16 (__3ZA2SJ),__3ZA2SJ,01 - Non intersection,03 - P.D. only,04 - Sideswipe,03 - Snow,07 - Dark,04 - Slush,10 - No control,,2,0,0,0,,0,,,,,361553.8163,5024409.645,45.35733446,-75.77561278,887
20--1837,2/6/2020,6:59 PM,SHILLINGTON AVE @ SILVER ST (0011309),11309,03 - At intersection,03 - P.D. only,02 - Angle,01 - Clear,07 - Dark,06 - Ice,02 - Stop sign,01 - Functioning,2,0,0,0,,0,,,,,365076.2429,5026949.592,45.37989451,-75.73034774,888
20--1838,2/6/2020,7:28 PM,DUNROBIN RD btwn HARWOOD LANE & KERWIN RD (__3ZA3FH),__3ZA3FH,01 - Non intersection,03 - P.D. only,07 - SMV other,03 - Snow,07 - Dark,03 - Loose snow,10 - No control,,1,0,0,0,,0,,,,,346254.9601,5027209.377,45.38359865,-75.97063752,889
20--1839,2/6/2020,7:36 PM,CENTREPOINTE DR btwn Continuation of CENTREPOINTE DR & HEMMINGWOOD WAY (__3ZAA3T),__3ZAA3T,01 - Non intersection,03 - P.D. only,01 - Approaching,03 - Snow,07 - Dark,03 - Loose snow,10 - No control,,2,0,0,0,,0,,,,,362165.8869,5023310.38,45.34739354,-75.76792869,890
20--184,1/6/2020,12:08 PM,WELLINGTON ST @ BAYSWATER AVE/BAYVIEW RD (0006489),6489,03 - At intersection,02 - Non-fatal injury,05 - Turning movement,03 - Snow,01 - Daylight,04 - Slush,02 - Stop sign,00 - Unknown,2,0,0,0,02 - Minor,1,,1,,,365760.707,5030012.584,45.40739538,-75.72123034,891
20--1840,2/6/2020,7:39 AM,ALBERT ST @ LYON ST (0002208),2208,02 - Intersection related,03 - P.D. only,04 - Sideswipe,01 - Clear,01 - Daylight,02 - Wet,01 - Traffic signal,01 - Functioning,2,0,0,0,,0,,,,,367062.6973,5031219.581,45.41814098,-75.70444661,892
20--1841,2/6/2020,7:43 AM,BOYER RD @ JEANNE D'ARC BLVD (0003638),3638,03 - At intersection,02 - Non-fatal injury,02 - Angle,00 - Unknown,01 - Daylight,00 - Unknown,02 - Stop sign,00 - Unknown,2,0,0,0,02 - Minor,1,,1,,,380683.7314,5036192.578,45.46153955,-75.52966178,893
20--1842,2/6/2020,8:08 AM,BANK ST @ NOTTING HILL AVE (0011312),11312,03 - At intersection,02 - Non-fatal injury,02 - Angle,03 - Snow,01 - Daylight,03 - Loose snow,02 - Stop sign,01 - Functioning,2,0,0,0,01 - Minimal,1,1,,,,370409.8746,5025743.841,45.36856637,-75.66241113,894
20--1843,2/6/2020,8:30 AM,BASELINE RD @ GREENBANK RD (0002357),2357,02 - Intersection related,03 - P.D. only,03 - Rear end,04 - Freezing Rain,01 - Daylight,04 - Slush,01 - Traffic signal,01 - Functioning,2,0,0,0,,0,,,,,360597.6756,5022584.491,45.34098851,-75.78802163,895
20--1844,2/6/2020,9:10 PM,CARP RD btwn NEIL AVE & MCCOOEYE LANE (__3ZA3EK),__3ZA3EK,01 - Non intersection,03 - P.D. only,07 - SMV other,03 - Snow,07 - Dark,02 - Wet,10 - No control,,1,0,0,0,,0,,,,,349339.0206,5014345.41,45.26765593,-75.93241439,896
20--1845,2/7/2020,1:00 PM,HWY417 IC126 RAMP51 btwn HIGHWAY 417 & HWY417 IC126 RAMP52 (__3ZAYAE),__3ZAYAE,01 - Non intersection,03 - P.D. only,03 - Rear end,03 - Snow,01 - Daylight,04 - Slush,10 - No control,,2,0,0,0,,0,,,,,363301.0656,5025926.732,45.37084143,-75.75313373,897
20--1846,2/7/2020,1:01 PM,HIGHWAY 417 btwn HWY417 IC126 RAMP25 & HWY417 IC124 RAMP57 (__3ZA2R5),__3ZA2R5,01 - Non intersection,03 - P.D. only,04 - Sideswipe,03 - Snow,01 - Daylight,04 - Slush,10 - No control,,2,0,0,0,,0,,,,,363800.8364,5026676.974,45.3775501,-75.74666423,898
20--1847,2/7/2020,1:40 PM,KIRKWOOD AVE @ MERIVALE RD (0002243),2243,02 - Intersection related,03 - P.D. only,03 - Rear end,03 - Snow,01 - Daylight,05 - Packed snow,01 - Traffic signal,01 - Functioning,3,0,0,0,,0,,,,,364853.7111,5026646.565,45.37718703,-75.73322579,899
20--1848,2/7/2020,1:45 PM,SMYTH RD E/LANCASTER RD @ ST. LAURENT BLVD N/R (0002256),2256,02 - Intersection related,03 - P.D. only,04 - Sideswipe,03 - Snow,01 - Daylight,03 - Loose snow,01 - Traffic signal,01 - Functioning,2,0,0,0,,0,,,,,373364.7288,5029424.55,45.40140096,-75.62418193,900
20--1399,1/28/2020,11:20 AM,BRONSON AVE btwn PLYMOUTH ST & RENFREW AVE (__3ZA3B1),__3ZA3B1,04 - At/near private drive,03 - P.D. only,02 - Angle,01 - Clear,01 - Daylight,01 - Dry,10 - No control,,2,0,0,0,,0,,,,,367349.1849,5029569.761,45.40327084,-75.70099575,901
20--14,1/1/2020,5:00 AM,CRESTWAY DR @ STRANDHERD DR (0010538),10538,02 - Intersection related,03 - P.D. only,07 - SMV other,04 - Freezing Rain,07 - Dark,06 - Ice,01 - Traffic signal,01 - Functioning,1,0,0,0,,0,,,,,366346.8981,5015471.141,45.27650253,-75.71555156,902
20--140,1/5/2020,2:20 PM,MERIVALE RD @ WEST HUNT CLUB RD (0000584),584,02 - Intersection related,03 - P.D. only,04 - Sideswipe,01 - Clear,01 - Daylight,04 - Slush,01 - Traffic signal,01 - Functioning,2,0,0,0,,0,,,,,365612.6741,5021942.448,45.3347947,-75.72411481,903
20--1400,1/28/2020,11:30 AM,HIGHWAY 417 btwn HWY417 IC126 RAMP51 & HWY417 IC126 RAMP25 (__3ZA2RD),__3ZA2RD,01 - Non intersection,03 - P.D. only,03 - Rear end,01 - Clear,01 - Daylight,01 - Dry,10 - No control,,2,0,0,0,,0,,,,,363314.9958,5026027.705,45.37174881,-75.75294395,904
20--1401,1/28/2020,11:40 AM,EDGAR BRAULT ST @ ST. JOSEPH BLVD (0012414),12414,02 - Intersection related,03 - P.D. only,04 - Sideswipe,01 - Clear,01 - Daylight,04 - Slush,01 - Traffic signal,01 - Functioning,2,0,0,0,,0,,,,,381419.7336,5037546.573,45.47364134,-75.52004068,905
20--1402,1/28/2020,11:48 AM,AMBERCREST ST btwn MEADOWCROFT CRES & MATHESON RD (__3ZA50K),__3ZA50K,04 - At/near private drive,03 - P.D. only,06 - SMV unattended vehicle,01 - Clear,01 - Daylight,01 - Dry,10 - No control,,1,0,0,0,,0,,,,,373017.6695,5033172.483,45.43515697,-75.62809573,906
20--1403,1/28/2020,Unknown,SAUNDERSON DR btwn WINGATE DR & CHAPMAN BLVD (__3ZA76G),__3ZA76G,01 - Non intersection,03 - P.D. only,06 - SMV unattended vehicle,01 - Clear,00 - Unknown,01 - Dry,10 - No control,,1,0,0,0,,0,,,,,373077.4311,5029016.783,45.39776013,-75.62790777,907
20--1404,1/28/2020,Unknown,SWEETLAND AVE btwn SOMERSET ST E & TEMPLETON ST (__3ZA9OV),__3ZA9OV,01 - Non intersection,03 - P.D. only,06 - SMV unattended vehicle,01 - Clear,00 - Unknown,02 - Wet,10 - No control,,1,0,0,0,,0,,,,,369229.1602,5031722.735,45.42247203,-75.67670194,908
20--1405,1/28/2020,Unknown,SUNVALE WAY btwn FAIRPARK DR & VILLANDRY ST (__4N79ZS),__4N79ZS,01 - Non intersection,03 - P.D. only,06 - SMV unattended vehicle,01 - Clear,00 - Unknown,02 - Wet,10 - No control,,1,0,0,0,,0,,,,,366989.7201,5015349.609,45.27535243,-75.70737445,909
20--1406,1/28/2020,12:35 PM,BANK ST @ CATHERINE ST (0002708),2708,02 - Intersection related,03 - P.D. only,05 - Turning movement,01 - Clear,01 - Daylight,01 - Dry,01 - Traffic signal,01 - Functioning,2,0,0,0,,0,,,,,368039.7079,5030267.576,45.40948752,-75.69208638,910
20--1407,1/28/2020,12:47 AM,BASELINE RD/HERON RD @ PRINCE OF WALES DR (0002345),2345,03 - At intersection,03 - P.D. only,05 - Turning movement,01 - Clear,07 - Dark,02 - Wet,01 - Traffic signal,01 - Functioning,2,0,0,0,,0,,,,,366873.0833,5026438.798,45.3751416,-75.70747072,911
20--1408,1/28/2020,2:03 PM,INNES RD btwn HWY417 IC112 RAMP66 & CYRVILLE RD (__3ZA3RCB),__3ZA3RCB,01 - Non intersection,03 - P.D. only,04 - Sideswipe,01 - Clear,01 - Daylight,01 - Dry,10 - No control,,2,0,0,0,,0,,,,,374980.1603,5031072.958,45.41607239,-75.60331491,912