Anom_ID,Accident_Date,Accident_Time,Location,Geo_ID,Accident_Location,Classification_of_Accident,Initial_Impact_Type,Environment_Condition,Light,Road_Surface_Condition,Traffic_Control,Traffic_Control_Condition,No__of_Vehicles,No__of_Bicycles,No__of_Motorcycles,No__of_Pedestrians,Max_Injury,No__of_Injuries,No__of_Minimal,No__of_Minor,No__of_Major,No__of_Fatal,X,Y,Latitude,Longitude,ObjectId
20--1409,1/28/2020,2:10 PM,COLONEL BY DR btwn RIDEAU ST & MACKENZIE AVE (__3ZA8JW),__3ZA8JW,04 - At/near private drive,02 - Non-fatal injury,02 - Angle,01 - Clear,01 - Daylight,02 - Wet,10 - No control,,2,0,0,0,01 - Minimal,1,1,,,,367951.5839,5031997.681,45.4250624,-75.69299036,913
20--141,1/5/2020,2:53 PM,LONGFIELDS DR btwn DEERCROFT AVE & STRANDHERD DR (__4VGUPF),__4VGUPF,01 - Non intersection,03 - P.D. only,03 - Rear end,01 - Clear,01 - Daylight,01 - Dry,10 - No control,,2,0,0,0,,0,,,,,364509.3455,5015243.783,45.27461521,-75.73899739,914
20--1410,1/28/2020,2:30 PM,SUE HOLLOWAY DR btwn BAYROSE DR & GLENROY GILBERT DR (__8JUTFN),__8JUTFN,01 - Non intersection,03 - P.D. only,06 - SMV unattended vehicle,01 - Clear,01 - Daylight,05 - Packed snow,10 - No control,,1,0,0,0,,0,,,,,364628.505,5014665.551,45.26940215,-75.7375485,915
20--1411,1/28/2020,2:55 PM,TERRY FOX DR @ PALLADIUM DR/KATIMAVIK RD (0011858),11858,02 - Intersection related,03 - P.D. only,04 - Sideswipe,01 - Clear,01 - Daylight,01 - Dry,01 - Traffic signal,01 - Functioning,2,0,0,0,,0,,,,,351269.7148,5018181.78,45.3020518,-75.90745249,916
20--1412,1/28/2020,3:45 PM,CEDARVIEW RD @ WEST HUNT CLUB RD (0010267),10267,02 - Intersection related,03 - P.D. only,03 - Rear end,01 - Clear,01 - Daylight,02 - Wet,01 - Traffic signal,01 - Functioning,3,0,0,0,,0,,,,,359718.6826,5019554.478,45.31379371,-75.79957284,917
20--1413,1/28/2020,3:47 PM,CAMPEAU DR @ HERLIHEY WAY (0012766),12766,02 - Intersection related,03 - P.D. only,03 - Rear end,01 - Clear,01 - Daylight,01 - Dry,01 - Traffic signal,01 - Functioning,2,0,0,0,,0,,,,,350508.578,5019177.486,45.31106137,-75.91706561,918
20--1414,1/28/2020,4:38 PM,CATHERINE ST @ KENT ST (0002707),2707,03 - At intersection,03 - P.D. only,02 - Angle,01 - Clear,01 - Daylight,02 - Wet,01 - Traffic signal,01 - Functioning,2,0,0,0,,0,,,,,367907.7035,5030188.568,45.40878855,-75.69378273,919
20--1415,1/28/2020,5:55 AM,HIGHWAY 417 btwn HWY417 IC134 RAMP25 & HWY417 IC131 RAMP53 (__3ZA2LE),__3ZA2LE,01 - Non intersection,02 - Non-fatal injury,07 - SMV other,04 - Freezing Rain,07 - Dark,06 - Ice,10 - No control,,1,0,0,0,01 - Minimal,1,1,,,,357380.5183,5022621.118,45.34156659,-75.82906575,920
20--1416,1/28/2020,5:56 AM,GLOUCESTER ST @ KENT ST (0006973),6973,03 - At intersection,03 - P.D. only,02 - Angle,04 - Freezing Rain,07 - Dark,02 - Wet,01 - Traffic signal,01 - Functioning,2,0,0,0,,0,,,,,367357.7004,5031098.573,45.41702587,-75.70069298,921
20--1417,1/28/2020,6:11 AM,MOODIE DR @ HWY 417 MOODIE IC134R63 (0000649),649,03 - At intersection,03 - P.D. only,07 - SMV other,04 - Freezing Rain,07 - Dark,06 - Ice,01 - Traffic signal,01 - Functioning,1,0,0,0,,0,,,,,356389.6505,5022479.512,45.34036598,-75.84172327,922
20--1418,1/28/2020,6:11 PM,TYRRELL PL @ MOODIE DR (0010386),10386,03 - At intersection,03 - P.D. only,05 - Turning movement,04 - Freezing Rain,07 - Dark,02 - Wet,01 - Traffic signal,01 - Functioning,2,0,0,0,,0,,,,,357326.6478,5019854.478,45.31667615,-75.83004665,923
20--1419,1/28/2020,6:15 AM,HWY417 IC134 RAMP61 btwn HWY417 IC134 RAMP63 & HIGHWAY 417 (__3ZAYBY),__3ZAYBY,01 - Non intersection,03 - P.D. only,07 - SMV other,04 - Freezing Rain,07 - Dark,06 - Ice,10 - No control,,1,0,0,0,,0,,,,,356651.0327,5022501.234,45.34054216,-75.83838602,924
20--142,1/5/2020,3:20 PM,CENTRAL PARK DR N @ MERIVALE RD (0011433),11433,02 - Intersection related,03 - P.D. only,04 - Sideswipe,01 - Clear,01 - Daylight,01 - Dry,01 - Traffic signal,01 - Functioning,2,0,0,0,,0,,,,,364952.883,5025873.545,45.37022303,-75.73205381,925
20--1420,1/28/2020,6:19 PM,HIGHWAY 417 btwn HWY417 IC122 RAMP15 & HWY417 IC121B RAMP51 (__3ZA2RB),__3ZA2RB,01 - Non intersection,03 - P.D. only,04 - Sideswipe,01 - Clear,07 - Dark,02 - Wet,10 - No control,,2,0,0,0,,0,,,,,366488.0582,5029486.834,45.4026011,-75.71200512,926
20--1421,1/28/2020,6:20 AM,HIGHWAY 417 btwn HWY417 IC131 RAMP53 & HWY417 IC131 RAMP51 (__3ZA1MU),__3ZA1MU,01 - Non intersection,03 - P.D. only,07 - SMV other,01 - Clear,07 - Dark,01 - Dry,10 - No control,,1,0,0,0,,0,,,,,357843.4413,5022724.313,45.3424603,-75.82314814,927
20--1422,1/28/2020,6:29 AM,JOCKVALE RD/RIDEAU VALLEY DR @ PRINCE OF WALES (0004638),4638,02 - Intersection related,02 - Non-fatal injury,03 - Rear end,04 - Freezing Rain,07 - Dark,06 - Ice,01 - Traffic signal,01 - Functioning,4,0,0,0,02 - Minor,1,,1,,,366709.7025,5012195.399,45.24699569,-75.71133607,928
20--1423,1/28/2020,6:30 AM,HIGHWAY 417 btwn HWY417 IC131 RAMP55 & HWY417 IC130 RAMP35 (__3ZA1MT),__3ZA1MT,01 - Non intersection,02 - Non-fatal injury,03 - Rear end,04 - Freezing Rain,07 - Dark,06 - Ice,10 - No control,,2,0,0,0,01 - Minimal,1,1,,,,358921.2851,5023016.097,45.34500345,-75.80936357,929
20--1424,1/28/2020,6:35 AM,CARLING AVE @ MOODIE DR/JAMES CUMMINGS AVE W (0000158),158,02 - Intersection related,03 - P.D. only,03 - Rear end,01 - Clear,07 - Dark,06 - Ice,01 - Traffic signal,01 - Functioning,2,0,0,0,,0,,,,,356001.6558,5023937.511,45.35351361,-75.84652277,930
20--1425,1/28/2020,6:38 AM,RIVER RD @ SUMMERHILL ST (0015544),15544,02 - Intersection related,03 - P.D. only,03 - Rear end,04 - Freezing Rain,07 - Dark,06 - Ice,02 - Stop sign,00 - Unknown,2,0,0,0,,0,,,,,367496.869,5014254.987,45.26545807,-75.70104953,931
20--1426,1/28/2020,6:58 AM,OTTAWA RIVER PKWY WB btwn WOODROFFE AVE & TRANSIT (__3ZA23K),__3ZA23K,01 - Non intersection,03 - P.D. only,03 - Rear end,04 - Freezing Rain,07 - Dark,06 - Ice,10 - No control,,7,0,0,0,,0,,,,,361441.0714,5027175.081,45.38222676,-75.77673463,932
20--1427,1/28/2020,6:59 AM,WEST HUNT CLUB RD @ WOODROFFE AVE (0000576),576,02 - Intersection related,03 - P.D. only,04 - Sideswipe,04 - Freezing Rain,03 - Dawn,06 - Ice,01 - Traffic signal,01 - Functioning,3,0,0,0,,0,,,,,363670.6945,5021246.489,45.32869813,-75.74897237,933
20--1428,1/28/2020,7:00 AM,CARLING AVE btwn GRANDVIEW RD & TURN LANE (__3ZA4ZG),__3ZA4ZG,01 - Non intersection,03 - P.D. only,07 - SMV other,04 - Freezing Rain,03 - Dawn,06 - Ice,10 - No control,,1,0,0,0,,0,,,,,355817.3843,5024013.619,45.35421186,-75.84886658,934
20--1429,1/28/2020,7:01 AM,CARLING AVE btwn GRANDVIEW RD & TURN LANE (__3ZA4ZG),__3ZA4ZG,01 - Non intersection,03 - P.D. only,03 - Rear end,04 - Freezing Rain,03 - Dawn,06 - Ice,10 - No control,,3,0,0,0,,0,,,,,355813.4612,5024015.289,45.35422718,-75.84891648,935
20--143,1/5/2020,4:00 PM,BRITTANY DR @ BANGS ST (0007938),7938,03 - At intersection,03 - P.D. only,02 - Angle,01 - Clear,01 - Daylight,01 - Dry,99 - Other,01 - Functioning,2,0,0,0,,0,,,,,371553.7043,5034373.581,45.44610517,-75.64664195,936
20--1430,1/28/2020,7:19 AM,CARLING AVE btwn GRANDVIEW RD & TURN LANE (__3ZA4ZG),__3ZA4ZG,01 - Non intersection,03 - P.D. only,03 - Rear end,01 - Clear,03 - Dawn,06 - Ice,10 - No control,,3,0,0,0,,0,,,,,355813.1716,5024015.403,45.35422822,-75.84892016,937
20--1431,1/28/2020,7:24 AM,COLONIAL RD @ FRANK KENNY RD (0012888),12888,03 - At intersection,03 - P.D. only,01 - Approaching,01 - Clear,03 - Dawn,01 - Dry,02 - Stop sign,01 - Functioning,2,0,0,0,,0,,,,,390200.8228,5032047.5,45.42314821,-75.40870539,938
20--1432,1/28/2020,7:29 AM,WEST HUNT CLUB RD @ WOODROFFE AVE (0000576),576,02 - Intersection related,03 - P.D. only,03 - Rear end,04 - Freezing Rain,03 - Dawn,06 - Ice,01 - Traffic signal,01 - Functioning,2,0,0,0,,0,,,,,363670.6912,5021246.477,45.32869802,-75.74897241,939
20--1433,1/28/2020,7:30 AM,RICHMOND RD @ NORTHSIDE RD E (0010417),10417,03 - At intersection,03 - P.D. only,05 - Turning movement,04 - Freezing Rain,03 - Dawn,06 - Ice,01 - Traffic signal,01 - Functioning,3,0,0,0,,0,,,,,358329.2948,5021226.513,45.3289461,-75.81711094,940
20--1434,1/28/2020,7:30 AM,OTTAWA RIVER PKWY EB btwn TUNNEY'S PASTURE/REMIC RAPIDS ENT & ISLAND P (__3ZA24JA),__3ZA24JA,01 - Non intersection,03 - P.D. only,03 - Rear end,01 - Clear,03 - Dawn,06 - Ice,10 - No control,,2,0,0,0,,0,,,,,363363.3329,5029560.654,45.4035337,-75.75190766,941
20--1435,1/28/2020,7:43 PM,FRIEL ST @ LAURIER AVE (0007753),7753,02 - Intersection related,03 - P.D. only,03 - Rear end,01 - Clear,07 - Dark,01 - Dry,02 - Stop sign,00 - Unknown,2,0,0,0,,0,,,,,368997.7176,5032191.572,45.42671173,-75.67959799,942
20--1436,1/28/2020,7:45 AM,WEST HUNT CLUB RD @ WOODROFFE AVE (0000576),576,02 - Intersection related,03 - P.D. only,03 - Rear end,01 - Clear,03 - Dawn,06 - Ice,01 - Traffic signal,01 - Functioning,3,0,0,0,,0,,,,,363670.6911,5021246.49,45.32869814,-75.74897241,943
20--1437,1/28/2020,7:45 AM,RAMSAYVILLE RD @ EIGHTH LINE RD (0009407),9407,02 - Intersection related,03 - P.D. only,03 - Rear end,01 - Clear,03 - Dawn,01 - Dry,02 - Stop sign,01 - Functioning,2,0,0,0,,0,,,,,379535.7656,5021925.486,45.33329733,-75.54650049,944
20--1438,1/28/2020,7:50 AM,CARP RD @ HAZELDEAN RD (0000086),86,02 - Intersection related,03 - P.D. only,03 - Rear end,01 - Clear,03 - Dawn,02 - Wet,01 - Traffic signal,01 - Functioning,2,0,0,0,,0,,,,,348804.5809,5014360.437,45.26782479,-75.9392234,945
20--1439,1/28/2020,7:57 AM,GREENBANK RD @ STRANDHERD DR (0005563),5563,02 - Intersection related,03 - P.D. only,03 - Rear end,04 - Freezing Rain,01 - Daylight,06 - Ice,01 - Traffic signal,01 - Functioning,2,0,0,0,,0,,,,,363933.6867,5014784.412,45.27053043,-75.7463883,946
20--144,1/5/2020,4:04 AM,HERZBERG RD @ MARCH RD (0003170),3170,02 - Intersection related,01 - Fatal injury,07 - SMV other,05 - Drifting Snow,07 - Dark,06 - Ice,01 - Traffic signal,01 - Functioning,1,0,0,0,04 - Fatal,1,,,,1,352323.5968,5021528.496,45.33209578,-75.89369383,947
20--1440,1/28/2020,8:00 AM,HIGHWAY 417 btwn HWY417 IC129 RAMP26 & HWY417 IC129 RAMP61 (__3ZA2UO),__3ZA2UO,01 - Non intersection,02 - Non-fatal injury,03 - Rear end,04 - Freezing Rain,01 - Daylight,06 - Ice,10 - No control,,2,0,0,0,02 - Minor,1,,1,,,360502.3048,5023593.007,45.3500707,-75.78912489,948
20--1441,1/28/2020,8:03 AM,PINECREST RD @ RICHMOND RD (0002353),2353,02 - Intersection related,03 - P.D. only,04 - Sideswipe,04 - Freezing Rain,01 - Daylight,06 - Ice,01 - Traffic signal,01 - Functioning,2,0,0,0,,0,,,,,360072.6658,5024471.515,45.3580095,-75.79450933,949
20--1442,1/28/2020,8:05 AM,CORKSTOWN RD btwn MOODIE DR & CRYSTAL BEACH DR (__3ZABA2),__3ZABA2,01 - Non intersection,03 - P.D. only,01 - Approaching,04 - Freezing Rain,01 - Daylight,06 - Ice,10 - No control,,2,0,0,0,,0,,,,,356854.9556,5022661.481,45.34196898,-75.8357673,950
20--1443,1/28/2020,8:06 AM,GREENBANK RD @ STRANDHERD DR (0005563),5563,02 - Intersection related,03 - P.D. only,04 - Sideswipe,04 - Freezing Rain,01 - Daylight,06 - Ice,01 - Traffic signal,01 - Functioning,2,0,0,0,,0,,,,,363933.8402,5014784.324,45.27052963,-75.74638636,951
20--1444,1/28/2020,8:20 AM,FITZGERALD RD/MENTEN PL @ MOODIE DR (0009818),9818,02 - Intersection related,03 - P.D. only,04 - Sideswipe,04 - Freezing Rain,01 - Daylight,06 - Ice,01 - Traffic signal,01 - Functioning,3,0,0,0,,0,,,,,356919.6421,5020813.469,45.32533559,-75.83513655,952
20--1445,1/28/2020,8:35 AM,CARLING AVE @ RICHMOND RD (0010847),10847,02 - Intersection related,03 - P.D. only,03 - Rear end,01 - Clear,01 - Daylight,06 - Ice,01 - Traffic signal,01 - Functioning,2,0,0,0,,0,,,,,360245.6775,5024781.51,45.36078516,-75.79226643,953
20--1446,1/28/2020,8:46 AM,WATERBRIDGE DR @ CRESTWAY DR (0010961),10961,02 - Intersection related,03 - P.D. only,03 - Rear end,04 - Freezing Rain,01 - Daylight,06 - Ice,02 - Stop sign,01 - Functioning,2,0,0,0,,0,,,,,366481.6106,5016133.829,45.28245355,-75.71375238,954
20--1447,1/28/2020,8:49 AM,RAMSEY CRES btwn DUMAURIER AVE & DUMAURIER AVE (__3ZABJ3),__3ZABJ3,01 - Non intersection,03 - P.D. only,07 - SMV other,04 - Freezing Rain,01 - Daylight,06 - Ice,10 - No control,,1,0,0,0,,0,,,,,360087.8463,5023381.518,45.34820052,-75.79443747,955
20--1448,1/28/2020,8:57 AM,DUMAURIER AVE btwn ALENMEDE CRES & RAMSEY CRES (__3ZBOIH),__3ZBOIH,01 - Non intersection,03 - P.D. only,07 - SMV other,04 - Freezing Rain,01 - Daylight,06 - Ice,10 - No control,,1,0,0,0,,0,,,,,359996.7927,5023264.293,45.34715291,-75.79561245,956
20--1449,1/28/2020,9:06 PM,BRONSON AVE @ FIRST AVE (0007719),7719,03 - At intersection,03 - P.D. only,02 - Angle,01 - Clear,07 - Dark,01 - Dry,02 - Stop sign,01 - Functioning,2,0,0,0,,0,,,,,367489.7009,5029236.562,45.40026024,-75.69924333,957
20--145,1/5/2020,4:16 PM,HWY 417 MARCH IC155R61 @ MARCH RD (0005675),5675,03 - At intersection,03 - P.D. only,02 - Angle,01 - Clear,01 - Daylight,01 - Dry,02 - Stop sign,01 - Functioning,2,0,0,0,,0,,,,,339741.7621,5019501.03,45.31459103,-76.05435022,958
20--1450,1/28/2020,9:07 AM,BAYSHORE DR @ RICHMOND RD (0010407),10407,02 - Intersection related,03 - P.D. only,03 - Rear end,04 - Freezing Rain,01 - Daylight,02 - Wet,01 - Traffic signal,01 - Functioning,2,0,0,0,,0,,,,,359372.7044,5023368.528,45.34813965,-75.80356459,959
20--1451,1/28/2020,9:14 AM,GRANDVIEW RD btwn JAY ST & NESBITT ST (__3ZACLR),__3ZACLR,01 - Non intersection,03 - P.D. only,01 - Approaching,04 - Freezing Rain,01 - Daylight,06 - Ice,10 - No control,,2,0,0,0,,0,,,,,355237.0564,5024779.235,45.36114293,-75.8561947,960
20--1452,1/28/2020,9:15 AM,MERIVALE RD btwn GERVIN ST & AMBERWOOD CRES (__3ZA3ID),__3ZA3ID,01 - Non intersection,03 - P.D. only,03 - Rear end,04 - Freezing Rain,01 - Daylight,02 - Wet,10 - No control,,2,0,0,0,,0,,,,,366340.0819,5020180.376,45.3188764,-75.71505398,961
20--1453,1/28/2020,9:15 AM,ALPINE AVE @ CLARENDA ST (0002965),2965,03 - At intersection,03 - P.D. only,02 - Angle,04 - Freezing Rain,01 - Daylight,06 - Ice,02 - Stop sign,01 - Functioning,2,0,0,0,,0,,,,,360749.6753,5024308.514,45.35648912,-75.78588722,962
20--1454,1/28/2020,9:26 PM,IRIS ST @ WOODROFFE AVE (0002736),2736,03 - At intersection,02 - Non-fatal injury,07 - SMV other,01 - Clear,07 - Dark,02 - Wet,01 - Traffic signal,01 - Functioning,1,0,0,1,02 - Minor,1,,1,,,362282.6904,5024441.517,45.35756187,-75.76630673,963
20--1455,1/28/2020,9:40 AM,BOTELER ST @ DALHOUSIE ST/MACDONALDCARTIER BR  (0011438),11438,02 - Intersection related,03 - P.D. only,05 - Turning movement,03 - Snow,01 - Daylight,06 - Ice,02 - Stop sign,01 - Functioning,2,0,0,0,,0,,,,,367696.4076,5033069.994,45.43473369,-75.69611396,964
20--1456,1/28/2020,9:40 AM,EAGLESON RD @ FERNBANK RD (0011846),11846,02 - Intersection related,03 - P.D. only,03 - Rear end,01 - Clear,01 - Daylight,04 - Slush,01 - Traffic signal,01 - Functioning,2,0,0,0,,0,,,,,354798.6375,5015587.433,45.27846501,-75.86271846,965
20--1457,1/28/2020,9:50 AM,MORRISON DR @ GREENBANK RD (0002755),2755,02 - Intersection related,03 - P.D. only,04 - Sideswipe,01 - Clear,01 - Daylight,02 - Wet,02 - Stop sign,01 - Functioning,2,0,0,0,,0,,,,,360554.8485,5023127.799,45.3458806,-75.78850683,966
20--1458,1/29/2020,1:06 PM,CENTREPOINTE DR @ PASEO PRIV (0013547),13547,02 - Intersection related,03 - P.D. only,03 - Rear end,01 - Clear,01 - Daylight,01 - Dry,02 - Stop sign,00 - Unknown,2,0,0,0,,0,,,,,362512.5921,5022862.462,45.34333476,-75.76355686,967
20--1459,1/29/2020,1:08 PM,HENN DR btwn LOEPER ST & LOEPER ST (__3ZBPKS),__3ZBPKS,04 - At/near private drive,02 - Non-fatal injury,05 - Turning movement,01 - Clear,01 - Daylight,01 - Dry,10 - No control,,2,0,0,0,01 - Minimal,1,1,,,,389010.481,5032137.914,45.42410596,-75.42389801,968
20--146,1/5/2020,5:11 PM,MAITLAND AVE/GLENMOUNT AVE @ ERINDALE DR (0002724),2724,02 - Intersection related,03 - P.D. only,04 - Sideswipe,01 - Clear,05 - Dusk,01 - Dry,01 - Traffic signal,01 - Functioning,2,0,0,0,,0,,,,,363697.6924,5025211.529,45.36437291,-75.74815581,969
20--1460,1/29/2020,1:40 PM,LYON ST @ NEPEAN ST (0007697),7697,03 - At intersection,03 - P.D. only,05 - Turning movement,01 - Clear,01 - Daylight,01 - Dry,02 - Stop sign,01 - Functioning,2,0,0,0,,0,,,,,367234.6919,5030934.581,45.41556131,-75.70228529,970
20--1461,1/29/2020,10:00 AM,ALTA VISTA DR btwn AYERS AVE & RIDGEMONT AVE (__3ZBORT),__3ZBORT,01 - Non intersection,03 - P.D. only,03 - Rear end,01 - Clear,01 - Daylight,01 - Dry,10 - No control,,2,0,0,0,,0,,,,,370492.4503,5026425.628,45.37469313,-75.66126639,971
20--1462,1/29/2020,10:05 AM,HIGHWAY 417 btwn HWY417 IC124 RAMP76 & HWY417 IC124 RAMP67 (__3ZA2R7),__3ZA2R7,01 - Non intersection,03 - P.D. only,03 - Rear end,01 - Clear,01 - Daylight,06 - Ice,10 - No control,,2,0,0,0,,0,,,,,364419.6656,5027522.547,45.38510604,-75.73866147,972
20--1463,1/29/2020,10:18 PM,HIGHWAY 7 btwn UPPER DWYER HILL RD & HIGHWAY 7 (__7JQ7LM),__7JQ7LM,01 - Non intersection,02 - Non-fatal injury,07 - SMV other,01 - Clear,07 - Dark,01 - Dry,10 - No control,,1,0,0,0,02 - Minor,1,,1,,,341247.1844,5007428.898,45.2058832,-76.03603617,973
20--1464,1/29/2020,10:25 PM,CARLING AVE @ MAITLAND AVE/SHERBOURNE RD (0002641),2641,02 - Intersection related,03 - P.D. only,03 - Rear end,01 - Clear,07 - Dark,01 - Dry,01 - Traffic signal,01 - Functioning,2,0,0,0,,0,,,,,362942.6986,5026488.529,45.37592623,-75.75764238,974
20--1465,1/29/2020,10:32 AM,NORICE ST @ WOODROFFE AVE (0001542),1542,02 - Intersection related,02 - Non-fatal injury,03 - Rear end,01 - Clear,01 - Daylight,02 - Wet,01 - Traffic signal,01 - Functioning,3,0,0,0,02 - Minor,1,,1,,,363194.6755,5022397.492,45.33909455,-75.75490873,975
20--1466,1/29/2020,11:15 AM,HIGHWAY 7 btwn ASHTON STATION RD & OVERPASS RD (__3ZA2QE),__3ZA2QE,01 - Non intersection,03 - P.D. only,99 - Other,01 - Clear,01 - Daylight,01 - Dry,10 - No control,,2,0,0,0,,0,,,,,340418.0789,5004472.138,45.17931877,-76.04680137,976
20--1467,1/29/2020,11:17 AM,ANCASTER AVE @ MIDWAY AVE (0002848),2848,03 - At intersection,03 - P.D. only,02 - Angle,01 - Clear,01 - Daylight,01 - Dry,02 - Stop sign,01 - Functioning,2,0,0,0,,0,,,,,361642.685,5026128.013,45.37278901,-75.77428091,977
20--1468,1/29/2020,11:32 AM,CADBORO RD @ OGILVIE RD (0012429),12429,03 - At intersection,03 - P.D. only,07 - SMV other,01 - Clear,01 - Daylight,01 - Dry,01 - Traffic signal,01 - Functioning,1,0,0,0,,0,,,,,373600.7199,5032664.558,45.4305298,-75.62071549,978
20--1469,1/29/2020,11:36 AM,PRINCE OF WALES DR @ WEST HUNT CLUB RD (0000567),567,02 - Intersection related,03 - P.D. only,03 - Rear end,01 - Clear,01 - Daylight,01 - Dry,01 - Traffic signal,01 - Functioning,2,0,0,0,,0,,,,,367458.7044,5021891.512,45.33417397,-75.70057074,979
20--147,1/5/2020,6:57 AM,RUSSELL RD btwn THIRSK ST & HAIG DR (__3ZA78B),__3ZA78B,01 - Non intersection,03 - P.D. only,06 - SMV unattended vehicle,01 - Clear,03 - Dawn,01 - Dry,10 - No control,,1,0,0,0,,0,,,,,372655.7604,5029768.493,45.40456468,-75.63318963,980
20--1470,1/29/2020,11:40 AM,ABBEYHILL DR @ EAGLESON RD (0003404),3404,03 - At intersection,03 - P.D. only,02 - Angle,01 - Clear,01 - Daylight,01 - Dry,01 - Traffic signal,01 - Functioning,2,0,0,0,,0,,,,,353827.6251,5018034.428,45.30055203,-75.87485238,981
20--1471,1/29/2020,11:40 AM,INDUSTRIAL AVE @ RIVERSIDE DR (0011905),11905,02 - Intersection related,02 - Non-fatal injury,03 - Rear end,01 - Clear,01 - Daylight,04 - Slush,01 - Traffic signal,01 - Functioning,2,0,0,0,01 - Minimal,1,1,,,,370684.7135,5030592.548,45.4121675,-75.65825549,982
20--1472,1/29/2020,11:49 PM,OWL DR btwn PIGEON TER & CAHILL DR W (__3ZBOQG),__3ZBOQG,01 - Non intersection,03 - P.D. only,07 - SMV other,01 - Clear,07 - Dark,01 - Dry,10 - No control,,1,0,0,0,,0,,,,,370339.1898,5023976.033,45.35266679,-75.66354783,983
20--1473,1/29/2020,11:58 PM,RICHMOND RD btwn JOHN SUTHERLAND DR & HOLLY ACRES RD (__3ZA2LS),__3ZA2LS,01 - Non intersection,03 - P.D. only,07 - SMV other,01 - Clear,07 - Dark,01 - Dry,10 - No control,,1,0,0,0,,0,,,,,359018.559,5022656.411,45.34175947,-75.80816178,984
20--1474,1/29/2020,Unknown,CARRUTHERS AVE btwn SCOTT ST & LADOUCEUR ST (__3ZAAIW),__3ZAAIW,01 - Non intersection,03 - P.D. only,06 - SMV unattended vehicle,01 - Clear,00 - Unknown,05 - Packed snow,10 - No control,,1,0,0,0,,0,,,,,365189.5184,5029762.615,45.40519574,-75.72855719,985
20--1475,1/29/2020,Unknown,DALHOUSIE ST btwn CLARENCE ST & YORK ST (__3ZA82M),__3ZA82M,01 - Non intersection,03 - P.D. only,06 - SMV unattended vehicle,01 - Clear,00 - Unknown,01 - Dry,10 - No control,,1,0,0,0,,0,,,,,368064.7991,5032467.198,45.42927672,-75.69148343,986
20--1476,1/29/2020,Unknown,LORETTA AVE   S btwn BEECH ST & HICKORY ST (__3ZA02Z),__3ZA02Z,01 - Non intersection,03 - P.D. only,06 - SMV unattended vehicle,00 - Unknown,00 - Unknown,01 - Dry,10 - No control,,1,0,0,0,,0,,,,,366432.3641,5029024.623,45.39844715,-75.71277424,987
20--1477,1/29/2020,Unknown,CASPIAN ROW btwn CONTINENTAL AVE & PICTOU CRES (e___2K8R),e___2K8R,01 - Non intersection,03 - P.D. only,06 - SMV unattended vehicle,01 - Clear,00 - Unknown,02 - Wet,10 - No control,,1,0,0,0,,0,,,,,353603.808,5014591.667,45.26958881,-75.8780447,988
20--1478,1/29/2020,12:05 PM,MEADOWBROOK RD @ FOXWELL ST/RIDGEBROOK DR S (0008866),8866,03 - At intersection,03 - P.D. only,05 - Turning movement,01 - Clear,01 - Daylight,01 - Dry,02 - Stop sign,01 - Functioning,2,0,0,0,,0,,,,,374490.7056,5031571.56,45.42060747,-75.60949735,989
20--1479,1/29/2020,12:58 PM,HAIG DR @ SMYTH RD (0007736),7736,03 - At intersection,03 - P.D. only,05 - Turning movement,01 - Clear,01 - Daylight,01 - Dry,01 - Traffic signal,01 - Functioning,2,0,0,0,,0,,,,,372564.7331,5029298.549,45.40034515,-75.63441688,990
20--148,1/5/2020,8:10 PM,BASELINE RD @ ERINDALE DR (0003209),3209,03 - At intersection,03 - P.D. only,05 - Turning movement,01 - Clear,07 - Dark,02 - Wet,02 - Stop sign,00 - Unknown,2,0,0,0,,0,,,,,363857.6861,5024575.515,45.35863667,-75.74618963,991
20--1480,1/29/2020,2:10 PM,ROCHESTER ST btwn PAMILLA ST & ADELINE ST (__3ZA4QI),__3ZA4QI,04 - At/near private drive,03 - P.D. only,02 - Angle,01 - Clear,01 - Daylight,01 - Dry,10 - No control,,2,0,0,0,,0,,,,,366929.1041,5029178.254,45.39978558,-75.70641068,992
20--1481,1/29/2020,2:19 PM,INNES RD btwn BLACKBURN BYPASS & CLEROUX CRES (__3ZA3KN),__3ZA3KN,01 - Non intersection,03 - P.D. only,07 - SMV other,01 - Clear,01 - Daylight,01 - Dry,10 - No control,,1,0,0,0,,0,,,,,379696.2294,5033808.566,45.44019656,-75.54265033,993
20--1482,1/29/2020,2:34 PM,MONTREAL RD @ SHEFFORD RD (0012423),12423,03 - At intersection,02 - Non-fatal injury,02 - Angle,01 - Clear,01 - Daylight,01 - Dry,01 - Traffic signal,01 - Functioning,2,0,0,0,02 - Minor,1,,1,,,376125.7194,5034853.562,45.44997216,-75.58813239,994
20--1483,1/29/2020,2:50 PM,HIGHWAY 417 btwn HWY417 IC124 RAMP65 & HWY417 IC122 RAMP51 (__3ZA2R8),__3ZA2R8,01 - Non intersection,03 - P.D. only,03 - Rear end,01 - Clear,01 - Daylight,01 - Dry,10 - No control,,2,0,0,0,,0,,,,,365124.7973,5028663.96,45.39531586,-75.72951827,995