Anom_ID,Accident_Date,Accident_Time,Location,Geo_ID,Accident_Location,Classification_of_Accident,Initial_Impact_Type,Environment_Condition,Light,Road_Surface_Condition,Traffic_Control,Traffic_Control_Condition,No__of_Vehicles,No__of_Bicycles,No__of_Motorcycles,No__of_Pedestrians,Max_Injury,No__of_Injuries,No__of_Minimal,No__of_Minor,No__of_Major,No__of_Fatal,X,Y,Latitude,Longitude,ObjectId
20--2458,2/17/2020,Unknown,ARLINGTON AVE btwn BOOTH ST & LEBRETON ST N (__3ZBOM0),__3ZBOM0,01 - Non intersection,03 - P.D. only,06 - SMV unattended vehicle,01 - Clear,00 - Unknown,02 - Wet,10 - No control,,1,0,0,0,,0,,,,,366871.7849,5029720.525,45.40466987,-75.7070745,1078
20--2459,2/17/2020,Unknown,DYNES RD btwn CLAYMOR AVE & MORLEY BLVD (__3ZAAQE),__3ZAAQE,01 - Non intersection,03 - P.D. only,06 - SMV unattended vehicle,01 - Clear,00 - Unknown,01 - Dry,10 - No control,,1,0,0,0,,0,,,,,366965.2642,5025810.691,45.36948187,-75.70637295,1079
20--246,1/6/2020,8:45 AM,HUNTER'S RUN DR @ JEANNE D'ARC BLVD (0012419),12419,03 - At intersection,03 - P.D. only,02 - Angle,03 - Snow,01 - Daylight,02 - Wet,01 - Traffic signal,01 - Functioning,2,0,0,0,,0,,,,,380567.7329,5036174.597,45.46139037,-75.53114763,1080
20--2460,2/17/2020,Unknown,BRITTANY DR btwn ST. LAURENT BLVD & COLEFORD PL (__3ZA8DK),__3ZA8DK,01 - Non intersection,03 - P.D. only,06 - SMV unattended vehicle,03 - Snow,00 - Unknown,02 - Wet,10 - No control,,1,0,0,0,,0,,,,,371367.2393,5034350.311,45.44591358,-75.64902854,1081
20--2461,2/17/2020,Unknown,SHEBA PRIV btwn MART CIRC & END (__3ZBPLV),__3ZBPLV,01 - Non intersection,03 - P.D. only,06 - SMV unattended vehicle,01 - Clear,00 - Unknown,02 - Wet,10 - No control,,1,0,0,0,,0,,,,,371213.9444,5035178.136,45.45337654,-75.65087623,1082
20--2462,2/17/2020,Unknown,THURSTON DR btwn ST. LAURENT BLVD & THOMAS SPRATT PL (__3ZBO1K),__3ZBO1K,01 - Non intersection,03 - P.D. only,06 - SMV unattended vehicle,01 - Clear,00 - Unknown,01 - Dry,10 - No control,,1,0,0,0,,0,,,,,373724.918,5027409.574,45.38323576,-75.61986303,1083
20--2463,2/17/2020,Unknown,LEBOUTILLIER AVE btwn DEN HAAG DR & LEBOUTILLIER AVE/DANAC PRIV (__8O98ZL),__8O98ZL,01 - Non intersection,03 - P.D. only,06 - SMV unattended vehicle,01 - Clear,00 - Unknown,01 - Dry,10 - No control,,1,0,0,0,,0,,,,,372496.696,5034099.314,45.44354676,-75.63462615,1084
20--2464,2/17/2020,12:20 PM,ST. ANDRE DR btwn ST. LOUIS DR & END (__3ZA7J6),__3ZA7J6,01 - Non intersection,03 - P.D. only,06 - SMV unattended vehicle,01 - Clear,01 - Daylight,01 - Dry,10 - No control,,1,0,0,0,,0,,,,,379643.4164,5038434.07,45.48181898,-75.54262116,1085
20--2465,2/17/2020,2:00 PM,BASELINE RD @ CENTREPOINTE DR W/COBDEN RD (0002108),2108,02 - Intersection related,03 - P.D. only,03 - Rear end,01 - Clear,01 - Daylight,02 - Wet,01 - Traffic signal,01 - Functioning,2,0,0,0,,0,,,,,361633.6835,5023207.511,45.34651126,-75.77473164,1086
20--2466,2/17/2020,2:09 AM,NORTH RIVER RD btwn WRIGHT ST & END (__3ZA9OO),__3ZA9OO,01 - Non intersection,03 - P.D. only,07 - SMV other,03 - Snow,07 - Dark,02 - Wet,10 - No control,,1,0,0,0,,0,,,,,370206.2547,5031566.602,45.42097653,-75.66423835,1087
20--2467,2/17/2020,3:10 PM,OTTAWA RIVER PKWY @ ISLAND PARK DR (0002127),2127,02 - Intersection related,03 - P.D. only,03 - Rear end,01 - Clear,01 - Daylight,01 - Dry,01 - Traffic signal,01 - Functioning,2,0,0,0,,0,,,,,363298.7038,5029453.559,45.40257548,-75.75274587,1088
20--2468,2/17/2020,3:22 PM,ALBERT ST @ PRESTON ST (0002217),2217,02 - Intersection related,03 - P.D. only,03 - Rear end,01 - Clear,01 - Daylight,01 - Dry,01 - Traffic signal,01 - Functioning,2,0,0,0,,0,,,,,366160.6801,5030464.572,45.4114273,-75.71606492,1089
20--2469,2/17/2020,3:28 PM,ISABELLA ST/HWY417 IC119AR75 @ METCALFE ST (0011380),11380,02 - Intersection related,03 - P.D. only,04 - Sideswipe,01 - Clear,01 - Daylight,01 - Dry,01 - Traffic signal,01 - Functioning,2,0,0,0,,0,,,,,368448.7093,5030399.553,45.41063793,-75.6868447,1090
20--247,1/6/2020,8:47 AM,REGIONAL ROAD 174 btwn QUIGLEY HILL RD & REGIONAL ROAD 174 DIVIDED (__3ZA2Y5),__3ZA2Y5,01 - Non intersection,03 - P.D. only,07 - SMV other,04 - Freezing Rain,01 - Daylight,06 - Ice,10 - No control,,1,0,0,0,,0,,,,,387011.5325,5042337.098,45.51610544,-75.44773134,1091
20--2470,2/17/2020,3:48 PM,BRONSON AVE @ CARLING AVE/GLEBE AVE (0002134),2134,02 - Intersection related,03 - P.D. only,03 - Rear end,01 - Clear,01 - Daylight,01 - Dry,01 - Traffic signal,01 - Functioning,2,0,0,0,,0,,,,,367447.7055,5029335.561,45.40115477,-75.69976713,1092
20--2471,2/17/2020,4:08 PM,SUMMERGAZE ST btwn SHIMMERTON CIR & SUMMITVIEW DR (e___2HSJ),e___2HSJ,04 - At/near private drive,03 - P.D. only,99 - Other,01 - Clear,01 - Daylight,01 - Dry,10 - No control,,2,0,0,0,,0,,,,,356591.099,5015464.355,45.27722778,-75.83988612,1093
20--2472,2/17/2020,4:25 PM,BASELINE RD @ GREENBANK RD (0002357),2357,02 - Intersection related,03 - P.D. only,03 - Rear end,01 - Clear,01 - Daylight,01 - Dry,01 - Traffic signal,01 - Functioning,2,0,0,0,,0,,,,,360597.6695,5022584.489,45.3409885,-75.78802171,1094
20--2473,2/17/2020,4:39 PM,WOODROFFE AVE @ KNOXDALE RD/MEDHURST DR (0000519),519,02 - Intersection related,03 - P.D. only,03 - Rear end,01 - Clear,01 - Daylight,01 - Dry,01 - Traffic signal,01 - Functioning,3,0,0,0,,0,,,,,363419.6855,5021826.472,45.33393779,-75.75210559,1095
20--2474,2/17/2020,5:05 PM,FALLOWFIELD RD btwn WOODROFFE AVE & VIA PARK PL/275 W OF WOODROFFE AVE (__3ZA3IKD),__3ZA3IKD,01 - Non intersection,03 - P.D. only,03 - Rear end,01 - Clear,01 - Daylight,01 - Dry,10 - No control,,2,0,0,0,,0,,,,,365041.8214,5017878.167,45.29827389,-75.73189168,1096
20--2475,2/17/2020,5:31 PM,BRONSON AVE btwn BREWER WAY & RIVERSIDE DR RAMPS 34B & 42A-3 (__3ZA3BR),__3ZA3BR,01 - Non intersection,03 - P.D. only,07 - SMV other,01 - Clear,07 - Dark,01 - Dry,10 - No control,,1,0,0,0,,0,,,,,368396.3151,5027224.967,45.38207874,-75.68792326,1097
20--2476,2/17/2020,5:31 PM,BRONSON AVE btwn BREWER WAY & RIVERSIDE DR RAMPS 34B & 42A-3 (__3ZA3BR),__3ZA3BR,01 - Non intersection,03 - P.D. only,07 - SMV other,01 - Clear,07 - Dark,01 - Dry,10 - No control,,1,0,0,0,,0,,,,,368401.84,5027214.252,45.38198183,-75.6878541,1098
20--2477,2/17/2020,5:31 PM,BRONSON AVE btwn BREWER WAY & RIVERSIDE DR RAMPS 34B & 42A-3 (__3ZA3BR),__3ZA3BR,01 - Non intersection,03 - P.D. only,07 - SMV other,01 - Clear,07 - Dark,01 - Dry,10 - No control,,1,0,0,0,,0,,,,,368401.3361,5027215.189,45.38199031,-75.68786042,1099
20--2478,2/17/2020,5:31 PM,BRONSON AVE btwn BREWER WAY & RIVERSIDE DR RAMPS 34B & 42A-3 (__3ZA3BR),__3ZA3BR,01 - Non intersection,03 - P.D. only,07 - SMV other,01 - Clear,07 - Dark,01 - Dry,10 - No control,,1,0,0,0,,0,,,,,368401.0687,5027215.737,45.38199526,-75.68786376,1100
20--2479,2/17/2020,5:31 PM,BRONSON AVE btwn BREWER WAY & RIVERSIDE DR RAMPS 34B & 42A-3 (__3ZA3BR),__3ZA3BR,01 - Non intersection,03 - P.D. only,07 - SMV other,01 - Clear,07 - Dark,01 - Dry,10 - No control,,1,0,0,0,,0,,,,,368401.9219,5027214.049,45.38198,-75.68785308,1101
20--185,1/6/2020,12:17 PM,HERON RD @ FINN CRT (0012186),12186,02 - Intersection related,03 - P.D. only,03 - Rear end,03 - Snow,01 - Daylight,04 - Slush,01 - Traffic signal,01 - Functioning,2,0,0,0,,0,,,,,370831.4839,5026945.106,45.37933535,-75.65686876,1102
20--1850,2/7/2020,1:50 PM,SMYTH RD/OTHELLO AVE @ RUSSELL RD W (0007730),7730,02 - Intersection related,03 - P.D. only,02 - Angle,03 - Snow,01 - Daylight,03 - Loose snow,01 - Traffic signal,01 - Functioning,3,0,0,0,,0,,,,,373255.7406,5029373.541,45.40095267,-75.62558102,1103
20--1851,2/7/2020,1:53 PM,COVENTRY RD @ VANIER PKWY (0002139),2139,02 - Intersection related,03 - P.D. only,03 - Rear end,03 - Snow,01 - Daylight,03 - Loose snow,01 - Traffic signal,01 - Functioning,2,0,0,0,,0,,,,,370676.3797,5031611.712,45.4213383,-75.6582257,1104
20--1852,2/7/2020,10:01 AM,HIGHWAY 416 btwn HWY416 IC75A RAMP26 & HWY416 IC72 RAMP62 (__3ZAZLF),__3ZAZLF,01 - Non intersection,03 - P.D. only,07 - SMV other,03 - Snow,01 - Daylight,03 - Loose snow,10 - No control,,1,0,0,0,,0,,,,,358902.1092,5021609.165,45.3323453,-75.80976209,1105
20--1853,2/7/2020,10:23 AM,MONTCREST DR @ PRINCESS LOUISE DR (0004822),4822,02 - Intersection related,03 - P.D. only,03 - Rear end,01 - Clear,01 - Daylight,03 - Loose snow,02 - Stop sign,01 - Functioning,2,0,0,0,,0,,,,,384179.7387,5038736.575,45.48403958,-75.48455364,1106
20--1854,2/7/2020,10:45 AM,CATHERINE ST/HWY 417 O'CONN IC119BR76 @ O'CONN (0001697),1697,02 - Intersection related,02 - Non-fatal injury,03 - Rear end,03 - Snow,01 - Daylight,02 - Wet,01 - Traffic signal,01 - Functioning,2,0,0,0,02 - Minor,1,,1,,,368243.7075,5030392.572,45.41059373,-75.68946437,1107
20--1855,2/7/2020,10:51 AM,BOOTH ST @ SIR JOHN A. MACDONALD PKWY/WELLINGTON ST (0012252),12252,02 - Intersection related,02 - Non-fatal injury,03 - Rear end,05 - Drifting Snow,01 - Daylight,03 - Loose snow,01 - Traffic signal,01 - Functioning,2,0,0,0,02 - Minor,1,,1,,,366264.2515,5031006.691,45.41629605,-75.71467423,1108
20--1856,2/7/2020,10:55 PM,BRIDLE PATH DR @ EQUUS WAY E/HUNTER'S POINT CR (0009606),9606,03 - At intersection,03 - P.D. only,02 - Angle,01 - Clear,07 - Dark,03 - Loose snow,02 - Stop sign,01 - Functioning,2,0,0,0,,0,,,,,371620.7273,5023532.511,45.34855518,-75.64725378,1109
20--1857,2/7/2020,10:56 AM,CARLING AVE @ KIRKWOOD AVE N (0002358),2358,03 - At intersection,03 - P.D. only,02 - Angle,03 - Snow,01 - Daylight,03 - Loose snow,01 - Traffic signal,01 - Functioning,2,0,0,0,,0,,,,,364275.6846,5027493.536,45.38485724,-75.74050343,1110
20--1858,2/7/2020,11:16 PM,BRONSON AVE @ GLOUCESTER ST (0005124),5124,02 - Intersection related,03 - P.D. only,03 - Rear end,06 - Strong wind,07 - Dark,04 - Slush,01 - Traffic signal,01 - Functioning,2,0,0,0,,0,,,,,366833.7047,5030792.57,45.4143192,-75.707426,1111
20--1859,2/7/2020,11:20 AM,BRONSON AVE @ HOLMWOOD AVE (0007215),7215,02 - Intersection related,02 - Non-fatal injury,03 - Rear end,03 - Snow,01 - Daylight,04 - Slush,01 - Traffic signal,01 - Functioning,2,0,0,0,01 - Minimal,5,5,,,,367700.7096,5028729.55,45.39567937,-75.69661297,1112
20--186,1/6/2020,12:20 PM,DUNROBIN RD btwn VANCES SIDE RD & PORCUPINE TR (__3ZA3H0),__3ZA3H0,01 - Non intersection,03 - P.D. only,07 - SMV other,03 - Snow,01 - Daylight,04 - Slush,10 - No control,,1,0,0,0,,0,,,,,341206.8461,5032636.509,45.43271408,-76.03469675,1113
20--1860,2/7/2020,11:34 AM,EVELYN AVE @ MAIN ST (0007721),7721,02 - Intersection related,03 - P.D. only,03 - Rear end,03 - Snow,01 - Daylight,05 - Packed snow,01 - Traffic signal,01 - Functioning,2,0,0,0,,0,,,,,369038.7096,5030473.581,45.4112501,-75.67929818,1114
20--1861,2/7/2020,11:47 PM,METCALFE ST @ WELLINGTON ST (0002227),2227,02 - Intersection related,03 - P.D. only,03 - Rear end,06 - Strong wind,07 - Dark,03 - Loose snow,01 - Traffic signal,01 - Functioning,2,0,0,0,,0,,,,,367565.7011,5031817.59,45.42347673,-75.69794399,1115
20--1862,2/7/2020,11:50 AM,MORTON DR btwn MONTEBELLO LANE & MONTEBELLO LANE (__3ZACL5),__3ZACL5,01 - Non intersection,03 - P.D. only,06 - SMV unattended vehicle,03 - Snow,01 - Daylight,03 - Loose snow,10 - No control,,1,0,0,0,,0,,,,,352914.0724,5016503.051,45.28683548,-75.8866489,1116
20--1863,2/7/2020,11:51 PM,RIVER RD btwn WATERFRONT CRT & KELLY LANE (__3ZA2F5),__3ZA2F5,01 - Non intersection,03 - P.D. only,03 - Rear end,03 - Snow,07 - Dark,03 - Loose snow,10 - No control,,2,0,0,0,,0,,,,,372980.9419,5006101.695,45.19158593,-75.63229034,1117
20--1864,2/7/2020,11:55 AM,ALBION RD @ MITCH OWENS RD (0004212),4212,02 - Intersection related,03 - P.D. only,02 - Angle,03 - Snow,01 - Daylight,03 - Loose snow,01 - Traffic signal,01 - Functioning,2,0,0,0,,0,,,,,375905.8185,5014804.711,45.26960451,-75.59382767,1118
20--1865,2/7/2020,Unknown,RUSSELL RD btwn SHELLEY AVE & THIRSK ST (__3ZA79M),__3ZA79M,01 - Non intersection,03 - P.D. only,06 - SMV unattended vehicle,03 - Snow,00 - Unknown,04 - Slush,10 - No control,,1,0,0,0,,0,,,,,372476.4237,5030082.371,45.40740618,-75.63543719,1119
20--1866,2/7/2020,Unknown,ELEANOR DR btwn LEAVER AVE & BURRIS LANE (__3ZAAMS),__3ZAAMS,01 - Non intersection,03 - P.D. only,06 - SMV unattended vehicle,03 - Snow,00 - Unknown,03 - Loose snow,10 - No control,,1,0,0,0,,0,,,,,364958.7209,5025011.472,45.36246574,-75.73208425,1120
20--1867,2/7/2020,Unknown,BANK ST btwn OSSINGTON AVE & CAMERON AVE (__3ZA3NX),__3ZA3NX,01 - Non intersection,03 - P.D. only,06 - SMV unattended vehicle,03 - Snow,00 - Unknown,04 - Slush,10 - No control,,1,0,0,0,,0,,,,,368896.7027,5028313.994,45.39183187,-75.68139292,1121
20--1868,2/7/2020,Unknown,ALSON MILLS WAY btwn NORTHGRAVES CRES & NORTHGRAVES CRES (__7IFXQB),__7IFXQB,01 - Non intersection,03 - P.D. only,06 - SMV unattended vehicle,01 - Clear,00 - Unknown,01 - Dry,10 - No control,,1,0,0,0,,0,,,,,354063.1137,5015701.654,45.27954472,-75.87208152,1122
20--1869,2/7/2020,Unknown,CUMBERLAND ST btwn BOTELER ST & BOLTON ST (__3ZBOW7),__3ZBOW7,01 - Non intersection,03 - P.D. only,06 - SMV unattended vehicle,01 - Clear,00 - Unknown,05 - Packed snow,10 - No control,,1,0,0,0,,0,,,,,367918.3166,5033130.329,45.43525657,-75.69327026,1123
20--187,1/6/2020,12:30 PM,BASELINE RD @ LOBLAWS SC (0009097),9097,03 - At intersection,03 - P.D. only,05 - Turning movement,03 - Snow,01 - Daylight,04 - Slush,01 - Traffic signal,01 - Functioning,2,0,0,0,,0,,,,,364742.6592,5025129.492,45.36354617,-75.73482768,1124
20--1870,2/7/2020,12:00 PM,INNES RD btwn TRIM RD & VALIN ST (__5QEFH3),__5QEFH3,01 - Non intersection,03 - P.D. only,99 - Other,03 - Snow,01 - Daylight,05 - Packed snow,10 - No control,,2,0,0,0,,0,,,,,386764.4206,5037352.462,45.47128808,-75.45172615,1125
20--1871,2/7/2020,12:02 AM,CHAPEL ST @ LAURIER AVE (0007756),7756,03 - At intersection,02 - Non-fatal injury,02 - Angle,03 - Snow,07 - Dark,03 - Loose snow,01 - Traffic signal,01 - Functioning,2,0,0,0,02 - Minor,1,,1,,,369118.7017,5032264.589,45.42735759,-75.67804252,1126
20--1872,2/7/2020,12:07 AM,HIGHWAY 417 btwn HWY417 IC124 RAMP65 & HWY417 IC122 RAMP51 (__3ZA2R8),__3ZA2R8,01 - Non intersection,03 - P.D. only,04 - Sideswipe,03 - Snow,07 - Dark,03 - Loose snow,10 - No control,,2,0,0,0,,0,,,,,364654.144,5027817.462,45.38773963,-75.7356317,1127
20--1873,2/7/2020,12:10 PM,BRITTANY DR @ MONTREAL RD (0007685),7685,02 - Intersection related,03 - P.D. only,03 - Rear end,03 - Snow,01 - Daylight,04 - Slush,01 - Traffic signal,01 - Functioning,2,0,0,0,,0,,,,,371912.7079,5033994.591,45.44266083,-75.64210477,1128
20--1874,2/7/2020,12:14 AM,HIGHWAY 416 btwn HWY416 IC75B RAMP25 & HWY416 IC75A RAMP26 (__3ZAZLE),__3ZAZLE,01 - Non intersection,03 - P.D. only,07 - SMV other,03 - Snow,07 - Dark,03 - Loose snow,10 - No control,,1,0,0,0,,0,,,,,358608.3443,5022277.818,45.33838446,-75.81343698,1129
20--1875,2/7/2020,12:25 PM,MARCH RD @ TERON RD (0011926),11926,02 - Intersection related,03 - P.D. only,03 - Rear end,03 - Snow,01 - Daylight,05 - Packed snow,01 - Traffic signal,01 - Functioning,2,0,0,0,,0,,,,,351414.6147,5021779.487,45.33441522,-75.90526636,1130
20--1876,2/7/2020,12:30 AM,SIEVERIGHT AVE @ MONET CRT (0013027),13027,03 - At intersection,03 - P.D. only,07 - SMV other,03 - Snow,07 - Dark,03 - Loose snow,02 - Stop sign,00 - Unknown,1,0,0,0,,0,,,,,372464.3001,5024439.615,45.3566361,-75.63636544,1131
20--1877,2/7/2020,12:30 PM,BRONSON AVE btwn RENFREW AVE & POWELL AVE (__3ZA3BZ),__3ZA3BZ,04 - At/near private drive,03 - P.D. only,02 - Angle,01 - Clear,01 - Daylight,01 - Dry,10 - No control,,2,0,0,0,,0,,,,,367366.1884,5029528.94,45.40290203,-75.70078375,1132
20--1878,2/7/2020,12:30 PM,CANOTEK RD btwn SHEFFORD RD & RAINBOW ST (__3ZA7SS),__3ZA7SS,01 - Non intersection,03 - P.D. only,03 - Rear end,03 - Snow,01 - Daylight,03 - Loose snow,10 - No control,,2,0,0,0,,0,,,,,376048.4639,5035100.845,45.45220494,-75.58908413,1133
20--1879,2/7/2020,12:40 PM,HIGHWAY 416 btwn HWY416 IC66 RAMP62 & HWY416 IC66 RAMP52 (__3ZAZMX),__3ZAZMX,01 - Non intersection,03 - P.D. only,07 - SMV other,03 - Snow,01 - Daylight,03 - Loose snow,10 - No control,,1,0,0,0,,0,,,,,359862.8603,5015121.465,45.2738938,-75.79822631,1134
20--188,1/6/2020,12:30 PM,CHAPEL ST @ RIDEAU ST (0011918),11918,03 - At intersection,03 - P.D. only,05 - Turning movement,03 - Snow,01 - Daylight,03 - Loose snow,01 - Traffic signal,01 - Functioning,2,0,0,0,,0,,,,,368892.4032,5032643.284,45.43078572,-75.68088491,1135
20--1880,2/7/2020,12:50 PM,HERON RD @ FINN CRT (0012186),12186,02 - Intersection related,03 - P.D. only,03 - Rear end,03 - Snow,01 - Daylight,05 - Packed snow,01 - Traffic signal,01 - Functioning,2,0,0,0,,0,,,,,370831.4872,5026945.113,45.37933541,-75.65686871,1136
20--1881,2/7/2020,2:00 AM,LACASSE AVE btwn MONTREAL RD & PATTON ST (__3ZBOW2),__3ZBOW2,04 - At/near private drive,03 - P.D. only,06 - SMV unattended vehicle,03 - Snow,07 - Dark,03 - Loose snow,10 - No control,,1,0,0,0,,0,,,,,370713.0928,5033352.138,45.43699446,-75.65752369,1137
20--1882,2/7/2020,2:05 PM,HIGHWAY 417 btwn HWY417 IC144 RAMP25 & HWY417 IC142 RAMP51 (__3ZA20J),__3ZA20J,01 - Non intersection,03 - P.D. only,03 - Rear end,03 - Snow,01 - Daylight,03 - Loose snow,10 - No control,,2,0,0,0,,0,,,,,348464.0125,5016778.087,45.2896009,-75.94335058,1138
20--1883,2/7/2020,2:07 PM,ALTA VISTA DR btwn BANK ST & EDGE HILL PL (__3ZA0TQ),__3ZA0TQ,04 - At/near private drive,03 - P.D. only,02 - Angle,03 - Snow,01 - Daylight,03 - Loose snow,10 - No control,,2,0,0,0,,0,,,,,370331.8542,5026256.188,45.37318361,-75.66333908,1139
20--1884,2/7/2020,2:10 PM,HIGHWAY 417 btwn HIGHWAY 417 & HWY417 IC115 RAMP61 (__3ZA2YH),__3ZA2YH,01 - Non intersection,03 - P.D. only,07 - SMV other,03 - Snow,01 - Daylight,03 - Loose snow,10 - No control,,1,0,0,0,,0,,,,,372598.2332,5031535.563,45.42046954,-75.63368135,1140
20--1885,2/7/2020,2:13 PM,BLACKWELL ST btwn BANTREE ST & LEEDS AVE (__3ZA783),__3ZA783,04 - At/near private drive,03 - P.D. only,03 - Rear end,03 - Snow,01 - Daylight,03 - Loose snow,10 - No control,,2,0,0,0,,0,,,,,374549.9739,5029730.139,45.40403341,-75.60900069,1141
20--1886,2/7/2020,2:15 PM,HUNT CLUB RD @ RIVERSIDE DR (0002237),2237,02 - Intersection related,03 - P.D. only,03 - Rear end,03 - Snow,01 - Daylight,04 - Slush,01 - Traffic signal,01 - Functioning,2,0,0,0,,0,,,,,368036.7057,5021945.507,45.33460796,-75.69319016,1142
20--1887,2/7/2020,2:16 PM,MONTREAL RD @ ST. LAURENT BLVD (0002604),2604,02 - Intersection related,02 - Non-fatal injury,03 - Rear end,03 - Snow,01 - Daylight,03 - Loose snow,01 - Traffic signal,01 - Functioning,2,0,0,0,02 - Minor,1,,1,,,371545.6981,5033817.589,45.44110338,-75.6468197,1143
20--1888,2/7/2020,2:20 PM,IRIS ST @ WOODROFFE AVE (0002736),2736,02 - Intersection related,03 - P.D. only,03 - Rear end,03 - Snow,01 - Daylight,03 - Loose snow,01 - Traffic signal,01 - Functioning,2,0,0,0,,0,,,,,362282.7031,5024441.517,45.35756187,-75.76630657,1144
20--1889,2/7/2020,2:30 PM,MONTREAL RD @ CARSON'S RD/CODD'S RD (0010801),10801,02 - Intersection related,03 - P.D. only,04 - Sideswipe,03 - Snow,01 - Daylight,06 - Ice,01 - Traffic signal,01 - Functioning,2,0,0,0,,0,,,,,372770.7136,5034398.581,45.44621282,-75.63108242,1145
20--189,1/6/2020,12:37 PM,MURRAY ST @ PARENT AVE (0008231),8231,02 - Intersection related,03 - P.D. only,04 - Sideswipe,01 - Clear,01 - Daylight,02 - Wet,01 - Traffic signal,01 - Functioning,2,0,0,0,,0,,,,,367862.7053,5032488.59,45.42948745,-75.69406316,1146
20--1890,2/7/2020,2:39 PM,MCCARTHY RD @ WALKLEY RD (0006969),6969,03 - At intersection,03 - P.D. only,05 - Turning movement,03 - Snow,01 - Daylight,03 - Loose snow,01 - Traffic signal,01 - Functioning,2,0,0,0,,0,,,,,369249.7148,5025300.513,45.36468508,-75.67727824,1147
20--1891,2/7/2020,2:42 AM,CORKSTOWN RD @ MARCH RD (0003153),3153,02 - Intersection related,03 - P.D. only,07 - SMV other,03 - Snow,07 - Dark,05 - Packed snow,02 - Stop sign,00 - Unknown,1,0,0,0,,0,,,,,352657.614,5020883.483,45.32626913,-75.88949504,1148
20--1892,2/7/2020,2:47 PM,BANK ST @ HERON RD (0002155),2155,02 - Intersection related,03 - P.D. only,03 - Rear end,03 - Snow,01 - Daylight,03 - Loose snow,01 - Traffic signal,01 - Functioning,3,0,0,0,,0,,,,,369995.7187,5026851.544,45.37857178,-75.66755154,1149
20--1893,2/7/2020,2:47 PM,MONTREAL RD btwn MONTREAL SQUARE SC & CENTER ST (__3ZA3AWB),__3ZA3AWB,04 - At/near private drive,03 - P.D. only,02 - Angle,03 - Snow,01 - Daylight,05 - Packed snow,10 - No control,,2,0,0,0,,0,,,,,371800.5879,5033941.213,45.44219131,-75.6435451,1150
20--1894,2/7/2020,2:59 PM,ELGIN ST @ LAURIER AVE (0002232),2232,02 - Intersection related,03 - P.D. only,03 - Rear end,03 - Snow,01 - Daylight,04 - Slush,01 - Traffic signal,01 - Functioning,2,0,0,0,,0,,,,,367948.7046,5031549.557,45.42103059,-75.6930846,1151
20--1895,2/7/2020,3:00 PM,BLAIR RD btwn BEAVERPOND DR & INNES RD (__3ZA2EZ),__3ZA2EZ,01 - Non intersection,03 - P.D. only,07 - SMV other,03 - Snow,01 - Daylight,03 - Loose snow,10 - No control,,1,0,0,0,,0,,,,,375415.5281,5031837.009,45.4229031,-75.59764345,1152
20--1896,2/7/2020,3:00 PM,CLARENCE ST @ SUSSEX DR (0011909),11909,02 - Intersection related,03 - P.D. only,03 - Rear end,03 - Snow,01 - Daylight,04 - Slush,02 - Stop sign,01 - Functioning,2,0,0,0,,0,,,,,367751.5637,5032322.026,45.42799877,-75.6955047,1153
20--1897,2/7/2020,3:00 PM,MONTREAL RD btwn MONTGOMERY ST & PALACE ST (__3ZA3KD),__3ZA3KD,01 - Non intersection,03 - P.D. only,06 - SMV unattended vehicle,03 - Snow,01 - Daylight,03 - Loose snow,10 - No control,,1,0,0,0,,0,,,,,369918.0916,5032978.924,45.43371092,-75.66773337,1154
20--1898,2/7/2020,3:04 PM,CARLING AVE @ BAYSHORE DR/BIRCHDALE AVE (0000021),21,03 - At intersection,03 - P.D. only,05 - Turning movement,03 - Snow,01 - Daylight,05 - Packed snow,01 - Traffic signal,01 - Functioning,3,0,0,0,,0,,,,,359004.8703,5023990.613,45.3537657,-75.80819021,1155
20--1899,2/7/2020,3:10 PM,ST. LAURENT BLVD @ COVENTRY RD/OGILVIE RD (0002151),2151,02 - Intersection related,03 - P.D. only,03 - Rear end,03 - Snow,01 - Daylight,04 - Slush,01 - Traffic signal,01 - Functioning,2,0,0,0,,0,,,,,372305.7229,5031951.573,45.42424089,-75.63736158,1156
20--19,1/1/2020,9:29 PM,LAURIER AVE @ NICHOLAS ST (0010711),10711,03 - At intersection,03 - P.D. only,05 - Turning movement,01 - Clear,07 - Dark,01 - Dry,01 - Traffic signal,01 - Functioning,2,0,0,0,,0,,,,,368373.6478,5031798.28,45.42323002,-75.68762311,1157
20--190,1/6/2020,12:39 PM,PRESTONE DR btwn ST. JOSEPH BLVD & RIVER RIDGE CRES (__3ZA6YV),__3ZA6YV,01 - Non intersection,02 - Non-fatal injury,01 - Approaching,03 - Snow,01 - Daylight,04 - Slush,10 - No control,,2,0,0,0,01 - Minimal,1,1,,,,382419.1145,5038197.618,45.47938851,-75.50715775,1158
20--1900,2/7/2020,3:10 PM,CAMPEAU DR/HWY 417 MARCH IC138R63 @ MARCH RD (0009710),9710,02 - Intersection related,03 - P.D. only,03 - Rear end,03 - Snow,01 - Daylight,03 - Loose snow,01 - Traffic signal,01 - Functioning,2,0,0,0,,0,,,,,352841.617,5020476.464,45.32259412,-75.88718739,1159