Anom_ID,Accident_Date,Accident_Time,Location,Geo_ID,Accident_Location,Classification_of_Accident,Initial_Impact_Type,Environment_Condition,Light,Road_Surface_Condition,Traffic_Control,Traffic_Control_Condition,No__of_Vehicles,No__of_Bicycles,No__of_Motorcycles,No__of_Pedestrians,Max_Injury,No__of_Injuries,No__of_Minimal,No__of_Minor,No__of_Major,No__of_Fatal,X,Y,Latitude,Longitude,ObjectId
20--1901,2/7/2020,3:15 PM,SLADE CRES btwn WALDEN DR & WALDEN DR (__3ZA5J3),__3ZA5J3,01 - Non intersection,03 - P.D. only,03 - Rear end,03 - Snow,01 - Daylight,05 - Packed snow,10 - No control,,2,0,0,0,,0,,,,,350316.2437,5021055.306,45.32797097,-75.91934581,1160
20--1902,2/7/2020,3:15 PM,INDUSTRIAL AVE btwn RUSSELL RD & ST. LAURENT BLVD (__3ZA3R7),__3ZA3R7,01 - Non intersection,03 - P.D. only,03 - Rear end,03 - Snow,01 - Daylight,03 - Loose snow,10 - No control,,2,0,0,0,,0,,,,,372778.189,5029994.959,45.40659044,-75.63159465,1161
20--1903,2/7/2020,3:15 PM,LAURIER AVE @ 89 E OF WALLER ST (0008639),8639,02 - Intersection related,03 - P.D. only,03 - Rear end,01 - Clear,01 - Daylight,01 - Dry,01 - Traffic signal,01 - Functioning,2,0,0,0,,0,,,,,368515.8543,5031898.404,45.42411797,-75.68579316,1162
20--1904,2/7/2020,3:16 PM,PALLADIUM DR @ SILVER SEVEN RD (0011839),11839,02 - Intersection related,02 - Non-fatal injury,03 - Rear end,03 - Snow,01 - Daylight,05 - Packed snow,01 - Traffic signal,01 - Functioning,2,0,0,0,01 - Minimal,1,1,,,,351051.6092,5017887.449,45.29941772,-75.91026092,1163
20--1905,2/7/2020,3:21 PM,CASTOR RD @ GREGOIRE RD (0010850),10850,03 - At intersection,03 - P.D. only,02 - Angle,03 - Snow,01 - Daylight,03 - Loose snow,02 - Stop sign,01 - Functioning,2,0,0,0,,0,,,,,394110.827,5007047.334,45.19773461,-75.36325676,1164
20--1906,2/7/2020,3:25 PM,PRINCE OF WALES DR @ WEST HUNT CLUB RD (0000567),567,02 - Intersection related,03 - P.D. only,04 - Sideswipe,03 - Snow,01 - Daylight,03 - Loose snow,01 - Traffic signal,01 - Functioning,2,0,0,0,,0,,,,,367458.7014,5021891.504,45.3341739,-75.70057078,1165
20--1907,2/7/2020,3:30 AM,FALLOWFIELD RD @ VIA PARK PL/275 W OF WOODROFFE AVE (0010154),10154,02 - Intersection related,03 - P.D. only,07 - SMV other,03 - Snow,07 - Dark,03 - Loose snow,01 - Traffic signal,01 - Functioning,1,0,0,0,,0,,,,,364847.2362,5017766.019,45.29728144,-75.73438608,1166
20--1908,2/7/2020,3:36 PM,EARL ARMSTRONG RD @ SHORELINE DR (0013041),13041,03 - At intersection,03 - P.D. only,05 - Turning movement,03 - Snow,01 - Daylight,03 - Loose snow,01 - Traffic signal,01 - Functioning,3,0,0,0,,0,,,,,368840.044,5015288.225,45.27463402,-75.68380184,1167
20--1909,2/7/2020,3:51 PM,QUEENSVIEW DR btwn PINECREST RD & END (__3ZABK9),__3ZABK9,04 - At/near private drive,03 - P.D. only,02 - Angle,03 - Snow,01 - Daylight,03 - Loose snow,10 - No control,,2,0,0,0,,0,,,,,360591.2186,5023881.679,45.3526611,-75.78795769,1168
20--191,1/6/2020,12:43 PM,GREENBANK RD btwn CANFIELD RD & BELLMAN DR (__3ZA4YT),__3ZA4YT,01 - Non intersection,03 - P.D. only,99 - Other,03 - Snow,01 - Daylight,04 - Slush,10 - No control,,2,0,0,0,,0,,,,,361226.0197,5021086.111,45.32745585,-75.78017542,1169
20--1910,2/7/2020,3:53 PM,CARP RD @ GALETTA SIDE RD (0001771),1771,03 - At intersection,03 - P.D. only,05 - Turning movement,01 - Clear,01 - Daylight,06 - Ice,02 - Stop sign,01 - Functioning,2,0,0,0,,0,,,,,328151.5825,5035348.655,45.45767688,-76.20141991,1170
20--1911,2/7/2020,3:58 PM,HUNT CLUB RD btwn TURN LANE & TURN LANE (1) (__5AEE5B),__5AEE5B,01 - Non intersection,02 - Non-fatal injury,03 - Rear end,03 - Snow,01 - Daylight,05 - Packed snow,10 - No control,,2,0,0,0,01 - Minimal,1,1,,,,371707.0424,5024267.733,45.35516224,-75.64605289,1171
20--1912,2/7/2020,4:15 PM,CARLING AVE @ CONNAUGHT AVE (0002143),2143,02 - Intersection related,03 - P.D. only,03 - Rear end,03 - Snow,01 - Daylight,04 - Slush,01 - Traffic signal,01 - Functioning,2,0,0,0,,0,,,,,360770.6835,5025117.516,45.36376681,-75.78552749,1172
20--1913,2/7/2020,4:20 PM,PRINCE OF WALES DR @ STRANDHERD DR (0013339),13339,02 - Intersection related,03 - P.D. only,03 - Rear end,03 - Snow,01 - Daylight,03 - Loose snow,01 - Traffic signal,01 - Functioning,2,0,0,0,,0,,,,,367175.2837,5014824.197,45.27060837,-75.70507562,1173
20--1914,2/7/2020,4:48 PM,MAXWELL BRIDGE RD btwn MARCH RD & WINDANCE CRES (__5J15LI),__5J15LI,01 - Non intersection,03 - P.D. only,05 - Turning movement,01 - Clear,05 - Dusk,05 - Packed snow,10 - No control,,2,0,0,0,,0,,,,,348950.5348,5024430.603,45.35842997,-75.93646615,1174
20--1915,2/7/2020,5:00 PM,HIGHWAY 417 btwn HWY 417 ANDERSON IC104R61 & HWY 417 BOUNDARY IC96R16 (__3ZA2W5),__3ZA2W5,01 - Non intersection,02 - Non-fatal injury,07 - SMV other,03 - Snow,07 - Dark,03 - Loose snow,10 - No control,,1,0,0,0,02 - Minor,2,,2,,,384526.959,5025234.148,45.3625169,-75.48229788,1175
20--1916,2/7/2020,5:15 AM,REGIONAL ROAD 174 btwn OR174 IC101 RAMP63 & OR174 IC101 RAMP45 (__3ZA11Q),__3ZA11Q,01 - Non intersection,03 - P.D. only,07 - SMV other,03 - Snow,07 - Dark,05 - Packed snow,10 - No control,,1,0,0,0,,0,,,,,382904.8146,5038984.426,45.48641333,-75.50082086,1176
20--1917,2/7/2020,5:45 PM,CUMMINGS AVE @ OGILVIE RD (0009923),9923,02 - Intersection related,03 - P.D. only,04 - Sideswipe,03 - Snow,07 - Dark,03 - Loose snow,01 - Traffic signal,01 - Functioning,2,0,0,0,,0,,,,,372748.7166,5032170.583,45.42616855,-75.63167112,1177
20--1918,2/7/2020,5:45 PM,CARLING AVE @ MAITLAND AVE/SHERBOURNE RD (0002641),2641,02 - Intersection related,03 - P.D. only,03 - Rear end,03 - Snow,05 - Dusk,03 - Loose snow,01 - Traffic signal,01 - Functioning,2,0,0,0,,0,,,,,362942.6907,5026488.518,45.37592614,-75.75764248,1178
20--1919,2/7/2020,6:00 PM,OGILVIE RD btwn APPLEFORD ST & JASMINE CRES (__3ZA2DS),__3ZA2DS,01 - Non intersection,03 - P.D. only,07 - SMV other,03 - Snow,05 - Dusk,03 - Loose snow,10 - No control,,1,0,0,0,,0,,,,,375347.5798,5033713.769,45.43979596,-75.59824273,1179
20--192,1/6/2020,12:44 PM,CUMBERLAND ST @ ST. PATRICK ST (0008238),8238,03 - At intersection,03 - P.D. only,03 - Rear end,03 - Snow,01 - Daylight,03 - Loose snow,01 - Traffic signal,01 - Functioning,2,0,0,0,,0,,,,,368128.7073,5032748.575,45.43180266,-75.69063058,1180
20--1920,2/7/2020,6:15 AM,OTTAWA ROAD 29 btwn GALETTA SIDE RD & GALETTA SIDE RD (__3ZA2RW),__3ZA2RW,01 - Non intersection,03 - P.D. only,01 - Approaching,03 - Snow,07 - Dark,03 - Loose snow,10 - No control,,2,0,0,0,,0,,,,,319610.4016,5027824.436,45.39020341,-76.31085538,1181
20--1921,2/7/2020,6:37 PM,BASELINE RD @ GREENBANK RD (0002357),2357,02 - Intersection related,02 - Non-fatal injury,03 - Rear end,03 - Snow,07 - Dark,04 - Slush,01 - Traffic signal,01 - Functioning,2,0,0,0,01 - Minimal,1,1,,,,360597.6764,5022584.499,45.34098858,-75.78802162,1182
20--1922,2/7/2020,6:38 PM,CYRVILLE RD btwn STAR TOP RD & MEADOWBROOK RD (__3ZA3SN),__3ZA3SN,04 - At/near private drive,02 - Non-fatal injury,05 - Turning movement,03 - Snow,07 - Dark,05 - Packed snow,10 - No control,,2,0,0,0,02 - Minor,2,1,1,,,374601.5452,5031252.107,45.41772215,-75.60812647,1183
20--1923,2/7/2020,6:38 PM,EAGLESON RD @ MICHAEL COWPLAND DR/STONEHAVEN D (0003544),3544,02 - Intersection related,03 - P.D. only,03 - Rear end,03 - Snow,07 - Dark,03 - Loose snow,01 - Traffic signal,01 - Functioning,2,0,0,0,,0,,,,,354382.6314,5016623.452,45.28781681,-75.86791702,1184
20--1924,2/7/2020,6:45 PM,VISA CRT btwn NAGEL AVE & END (__3ZBO5F),__3ZBO5F,01 - Non intersection,03 - P.D. only,06 - SMV unattended vehicle,03 - Snow,07 - Dark,05 - Packed snow,10 - No control,,1,0,0,0,,0,,,,,382982.4542,5037233.001,45.4706469,-75.50010656,1185
20--1925,2/7/2020,6:47 AM,QUEEN MARY ST @ VANIER PKWY (0007648),7648,03 - At intersection,02 - Non-fatal injury,05 - Turning movement,03 - Snow,07 - Dark,04 - Slush,01 - Traffic signal,01 - Functioning,2,0,0,0,02 - Minor,1,,1,,,370363.7196,5031957.582,45.42447967,-75.66217444,1186
20--1926,2/7/2020,6:50 AM,BEARBROOK RD/ROCKCLIFFE PKWY @ ST. JOSEPH BLVD (0012382),12382,03 - At intersection,03 - P.D. only,05 - Turning movement,03 - Snow,03 - Dawn,03 - Loose snow,01 - Traffic signal,01 - Functioning,2,0,0,0,,0,,,,,377128.7276,5035239.587,45.45334228,-75.57525428,1187
20--1927,2/7/2020,7:02 PM,BAYCREST DR @ CEDARWOOD DR (0006999),6999,03 - At intersection,03 - P.D. only,02 - Angle,01 - Clear,07 - Dark,01 - Dry,02 - Stop sign,01 - Functioning,2,0,0,0,,0,,,,,371229.7196,5026789.537,45.37789795,-75.65180532,1188
20--1928,2/7/2020,7:10 PM,ALBION RD/COLLISTON CRES E @ WALKLEY RD (0011422),11422,02 - Intersection related,03 - P.D. only,03 - Rear end,01 - Clear,07 - Dark,01 - Dry,01 - Traffic signal,01 - Functioning,2,0,0,0,,0,,,,,371033.728,5026354.543,45.37400258,-75.65436587,1189
20--1929,2/7/2020,7:30 AM,HERON RD @ KALADAR AVE (0006960),6960,03 - At intersection,03 - P.D. only,05 - Turning movement,03 - Snow,01 - Daylight,04 - Slush,01 - Traffic signal,01 - Functioning,2,0,0,0,,0,,,,,369685.7308,5026804.537,45.37817761,-75.67151537,1190
20--193,1/6/2020,12:50 PM,ELGIN ST btwn WELLINGTON ST & SPARKS ST (__3ZA1XE),__3ZA1XE,01 - Non intersection,03 - P.D. only,04 - Sideswipe,03 - Snow,01 - Daylight,04 - Slush,10 - No control,,3,0,0,0,,0,,,,,367681.7674,5031866.657,45.42390779,-75.69645471,1191
20--1930,2/7/2020,7:30 PM,HIGHWAY 417 btwn HWY417 IC126 RAMP61 & HWY417 IC124 RAMP76 (__3ZA2Y2),__3ZA2Y2,01 - Non intersection,03 - P.D. only,99 - Other,03 - Snow,07 - Dark,03 - Loose snow,10 - No control,,2,0,0,0,,0,,,,,363237.3127,5025968.262,45.37122043,-75.75394267,1192
20--1931,2/7/2020,7:35 PM,COLONEL BY DR btwn HAWTHORNE AVE & ECHO DR (__3ZA22S),__3ZA22S,01 - Non intersection,03 - P.D. only,03 - Rear end,03 - Snow,07 - Dark,03 - Loose snow,10 - No control,,3,0,0,0,,0,,,,,368768.8222,5030522.514,45.41171511,-75.6827395,1193
20--1932,2/7/2020,7:39 AM,VANIER PKWY NB btwn QUEEN MARY ST & PRESLAND RD (__3ZA4TMA),__3ZA4TMA,01 - Non intersection,03 - P.D. only,03 - Rear end,03 - Snow,01 - Daylight,03 - Loose snow,10 - No control,,3,0,0,0,,0,,,,,370436.6553,5031772.002,45.42280306,-75.66126724,1194
20--1933,2/7/2020,7:40 AM,HWY417 IC117 RAMP26 btwn HIGHWAY 417 & VANIER PKWY (__3ZAY6W),__3ZAY6W,01 - Non intersection,03 - P.D. only,03 - Rear end,03 - Snow,01 - Daylight,03 - Loose snow,10 - No control,,2,0,0,0,,0,,,,,370895.1996,5031266.688,45.41821328,-75.65547619,1195
20--1934,2/7/2020,7:50 AM,CHARLEMAGNE BLVD @ MERKLEY DR (0004807),4807,03 - At intersection,03 - P.D. only,05 - Turning movement,03 - Snow,01 - Daylight,06 - Ice,02 - Stop sign,01 - Functioning,2,0,0,0,,0,,,,,384681.7625,5037802.567,45.47557901,-75.47828455,1196
20--1935,2/7/2020,8:00 AM,ARGYLE AVE @ QUEEN ELIZABETH DRWY (0007132),7132,03 - At intersection,03 - P.D. only,02 - Angle,03 - Snow,01 - Daylight,05 - Packed snow,02 - Stop sign,01 - Functioning,2,0,0,0,,0,,,,,368693.7271,5030753.568,45.41380091,-75.68366886,1197
20--1936,2/7/2020,8:15 AM,BRONSON AVE btwn BREWER WAY & RIVERSIDE DR RAMPS 34B & 42A-3 (__3ZA3BR),__3ZA3BR,01 - Non intersection,03 - P.D. only,04 - Sideswipe,01 - Clear,01 - Daylight,04 - Slush,10 - No control,,2,0,0,0,,0,,,,,368276.7072,5027459.169,45.38419687,-75.6894203,1198
20--1937,2/7/2020,8:25 AM,HWY417 IC129 RAMP36 btwn HWY417 IC129 RAMP76 & PINECREST RD (__39TEI6),__39TEI6,01 - Non intersection,03 - P.D. only,07 - SMV other,03 - Snow,01 - Daylight,03 - Loose snow,10 - No control,,1,0,0,0,,0,,,,,360362.6137,5023727.249,45.35128969,-75.79089241,1199
20--1938,2/7/2020,8:31 AM,KING EDWARD AVE @ SUSSEX DR (0002653),2653,02 - Intersection related,03 - P.D. only,07 - SMV other,03 - Snow,01 - Daylight,03 - Loose snow,01 - Traffic signal,01 - Functioning,1,0,0,0,,0,,,,,367663.7018,5033503.597,45.43863804,-75.69647656,1200
20--257,1/6/2020,9:30 AM,HIGHWAY 417 btwn HWY417 IC110 RAMP64 & HWY417 IC104 RAMP16 (__3ZA2W9),__3ZA2W9,01 - Non intersection,03 - P.D. only,07 - SMV other,03 - Snow,01 - Daylight,03 - Loose snow,10 - No control,,1,0,0,0,,0,,,,,378773.3236,5026250.231,45.37228977,-75.55557958,1201
20--2570,2/18/2020,9:30 AM,ALERT RD/AIRPORT PKWY/UPLANDS DR RAMP 62 @ LES (0003652),3652,02 - Intersection related,03 - P.D. only,03 - Rear end,03 - Snow,01 - Daylight,03 - Loose snow,01 - Traffic signal,01 - Functioning,2,0,0,0,,0,,,,,371306.7175,5021353.779,45.32898145,-75.65155348,1202
20--2571,2/18/2020,9:38 AM,ST. JOSEPH BLVD @ JEANNE D'ARC BLVD (0012421),12421,03 - At intersection,03 - P.D. only,04 - Sideswipe,03 - Snow,01 - Daylight,05 - Packed snow,11 - Roundabout,01 - Functioning,2,0,0,0,,0,,,,,379860.7445,5036471.577,45.46413868,-75.54014136,1203
20--2572,2/18/2020,9:40 AM,HIGHWAY 417 btwn HWY417 IC138 RAMP61 & HWY417 IC134 RAMP36 (__3ZA20I),__3ZA20I,01 - Non intersection,02 - Non-fatal injury,07 - SMV other,03 - Snow,01 - Daylight,03 - Loose snow,10 - No control,,1,0,0,0,02 - Minor,1,,1,,,354779.3296,5021328.695,45.33012734,-75.86238566,1204
20--2573,2/18/2020,9:48 AM,INDUSTRIAL AVE @ RIVERSIDE DR (0011905),11905,02 - Intersection related,03 - P.D. only,03 - Rear end,03 - Snow,01 - Daylight,03 - Loose snow,01 - Traffic signal,01 - Functioning,2,0,0,0,,0,,,,,370684.713,5030592.558,45.41216759,-75.65825549,1205
20--2574,2/18/2020,9:54 AM,HIGHWAY 417 btwn HWY417 IC113 RAMP85 & HWY417 IC112 RAMP54 (__3ZA287),__3ZA287,01 - Non intersection,02 - Non-fatal injury,03 - Rear end,04 - Freezing Rain,01 - Daylight,03 - Loose snow,10 - No control,,4,0,0,0,02 - Minor,1,,1,,,374117.1102,5031460.098,45.41964171,-75.61428623,1206
20--2575,2/19/2020,1:00 PM,CLEGG ST @ COLONEL BY DR (0008785),8785,02 - Intersection related,03 - P.D. only,03 - Rear end,01 - Clear,01 - Daylight,03 - Loose snow,01 - Traffic signal,01 - Functioning,2,0,0,0,,0,,,,,368968.1326,5029741.872,45.40467291,-75.680295,1207
20--2576,2/19/2020,1:10 PM,HAIG DR @ SMYTH RD (0007736),7736,02 - Intersection related,03 - P.D. only,03 - Rear end,01 - Clear,01 - Daylight,01 - Dry,01 - Traffic signal,01 - Functioning,2,0,0,0,,0,,,,,372564.7199,5029298.569,45.40034533,-75.63441705,1208
20--2577,2/19/2020,1:34 PM,MCARTHUR AVE btwn CARMEN AVE & LAFONTAINE AVE (__3ZA3W9),__3ZA3W9,01 - Non intersection,02 - Non-fatal injury,01 - Approaching,01 - Clear,01 - Daylight,01 - Dry,10 - No control,,2,0,0,0,02 - Minor,2,,2,,,370911.8229,5032767.325,45.4317138,-75.6550624,1209
20--2578,2/19/2020,1:40 PM,SAUMURE RD btwn RUSSELL RD & DEVINE RD (__3ZA3KQ),__3ZA3KQ,01 - Non intersection,03 - P.D. only,07 - SMV other,01 - Clear,01 - Daylight,01 - Dry,10 - No control,,1,0,0,0,,0,,,,,400051.4265,5029418.569,45.39822506,-75.28336448,1210
20--2579,2/19/2020,1:51 PM,MONACO PL btwn SELENE WAY & BRANTHAVEN ST (__5Z1QCG),__5Z1QCG,01 - Non intersection,02 - Non-fatal injury,01 - Approaching,01 - Clear,01 - Daylight,03 - Loose snow,10 - No control,,2,0,0,0,02 - Minor,1,,1,,,384501.3154,5034933.429,45.4497858,-75.48105733,1211
20--258,1/7/2020,1:56 PM,COLONIAL RD btwn MONSEIGNEUR DENIS CRT & LAFLEUR RD (__3ZA1OV),__3ZA1OV,01 - Non intersection,03 - P.D. only,07 - SMV other,01 - Clear,01 - Daylight,02 - Wet,10 - No control,,1,0,0,0,,0,,,,,395815.0496,5034456.261,45.44411118,-75.33653313,1212
20--2580,2/19/2020,10:06 AM,BASELINE RD @ 207 E OF CLYDE AVE (0008213),8213,03 - At intersection,02 - Non-fatal injury,07 - SMV other,01 - Clear,01 - Daylight,02 - Wet,01 - Traffic signal,01 - Functioning,1,0,0,1,02 - Minor,1,,1,,,364535.486,5025000.975,45.36240748,-75.73748756,1213
20--2581,2/19/2020,10:09 AM,CLEARBROOK DR/MARKETPLACE AVE @ LONGFIELDS DR (0011162),11162,03 - At intersection,02 - Non-fatal injury,02 - Angle,01 - Clear,01 - Daylight,01 - Dry,01 - Traffic signal,01 - Functioning,2,0,0,0,01 - Minimal,2,2,,,,364631.8236,5014953.587,45.27199362,-75.73747151,1214
20--2582,2/19/2020,10:33 AM,BRONSON AVE @ LAKEVIEW TER (0007216),7216,03 - At intersection,03 - P.D. only,02 - Angle,01 - Clear,01 - Daylight,01 - Dry,02 - Stop sign,01 - Functioning,2,0,0,0,,0,,,,,367687.7015,5028761.549,45.39596846,-75.69677501,1215
20--2583,2/19/2020,10:45 AM,SALINA ST btwn KEHOE ST & BRADFORD ST (__3ZA16U),__3ZA16U,01 - Non intersection,03 - P.D. only,06 - SMV unattended vehicle,01 - Clear,01 - Daylight,05 - Packed snow,10 - No control,,1,0,0,0,,0,,,,,359673.5817,5025393.367,45.36633565,-75.79950043,1216
20--2584,2/19/2020,11:00 PM,DONALD ST @ VANIER PKWY (0007644),7644,02 - Intersection related,03 - P.D. only,03 - Rear end,01 - Clear,07 - Dark,01 - Dry,01 - Traffic signal,01 - Functioning,2,0,0,0,,0,,,,,370311.7108,5032270.587,45.42730084,-75.66279735,1217
20--2585,2/19/2020,11:35 AM,COLONNADE RD    N btwn CITIPLACE DR & COLONNADE RD S (__3ZA0AJ),__3ZA0AJ,01 - Non intersection,03 - P.D. only,01 - Approaching,01 - Clear,01 - Daylight,01 - Dry,10 - No control,,2,0,0,0,,0,,,,,367126.1088,5023261.656,45.3465319,-75.70464114,1218
20--2586,2/19/2020,11:49 AM,WALKLEY RD @ GLENHAVEN PRIV (0011424),11424,02 - Intersection related,03 - P.D. only,04 - Sideswipe,01 - Clear,01 - Daylight,02 - Wet,01 - Traffic signal,01 - Functioning,2,0,0,0,,0,,,,,370213.209,5025873.558,45.36975191,-75.66490436,1219
20--2587,2/19/2020,Unknown,AYLMER AVE btwn BARTON ST & GALT ST (__3ZBOTK),__3ZBOTK,01 - Non intersection,03 - P.D. only,06 - SMV unattended vehicle,01 - Clear,00 - Unknown,05 - Packed snow,10 - No control,,1,0,0,0,,0,,,,,368563.4975,5028662.549,45.39499848,-75.68560295,1220
20--2588,2/19/2020,Unknown,MARCHE WAY btwn BANK ST & NO NAME (e___2HQ3),e___2HQ3,01 - Non intersection,03 - P.D. only,06 - SMV unattended vehicle,01 - Clear,00 - Unknown,02 - Wet,10 - No control,,1,0,0,0,,0,,,,,368551.985,5029167.579,45.39954363,-75.6856847,1221
20--2589,2/19/2020,Unknown,FELLOWS RD btwn DRURY LANE & WESTBURY RD (__3ZA1RT),__3ZA1RT,01 - Non intersection,03 - P.D. only,06 - SMV unattended vehicle,01 - Clear,00 - Unknown,01 - Dry,10 - No control,,1,0,0,0,,0,,,,,362158.6066,5023741.166,45.35127032,-75.76797162,1222
20--259,1/7/2020,10:00 AM,ST. JOSEPH BLVD btwn DUSSERE ST & ST. JEAN ST (__3ZA2AN),__3ZA2AN,04 - At/near private drive,03 - P.D. only,02 - Angle,03 - Snow,01 - Daylight,02 - Wet,10 - No control,,2,0,0,0,,0,,,,,380923.9376,5037171.468,45.47032068,-75.52643906,1223
20--2590,2/19/2020,12:01 PM,MONTREAL RD btwn CODY AVE & OLMSTEAD ST (__3ZA3LX),__3ZA3LX,01 - Non intersection,03 - P.D. only,04 - Sideswipe,01 - Clear,01 - Daylight,02 - Wet,10 - No control,,2,0,0,0,,0,,,,,370280.0733,5033183.591,45.43551863,-75.6630802,1224
20--2591,2/19/2020,12:04 AM,KIRKWOOD AVE btwn CARLING AVE & COLDREY AVE (__3ZA30X),__3ZA30X,01 - Non intersection,03 - P.D. only,04 - Sideswipe,01 - Clear,07 - Dark,02 - Wet,10 - No control,,2,0,0,0,,0,,,,,364363.2915,5027310.749,45.38320511,-75.73940685,1225
20--2592,2/19/2020,12:10 PM,CATHERINE ST/HWY 417 O'CONN IC119BR76 @ O'CONN (0001697),1697,03 - At intersection,03 - P.D. only,02 - Angle,01 - Clear,01 - Daylight,01 - Dry,01 - Traffic signal,01 - Functioning,2,0,0,0,,0,,,,,368243.7066,5030392.566,45.41059368,-75.68946438,1226
20--2593,2/19/2020,12:30 PM,TENTH LINE RD @ CHARLEMAGNE BLVD S/DES EPINETT (0003686),3686,02 - Intersection related,03 - P.D. only,03 - Rear end,01 - Clear,01 - Daylight,01 - Dry,01 - Traffic signal,01 - Functioning,2,0,0,0,,0,,,,,383640.9751,5036900.456,45.46758093,-75.49173924,1227
20--2594,2/19/2020,12:45 PM,HWY 417 CASTLEFR IC139R61 @ KANATA AVE (0012625),12625,03 - At intersection,03 - P.D. only,02 - Angle,01 - Clear,01 - Daylight,01 - Dry,01 - Traffic signal,01 - Functioning,3,0,0,0,,0,,,,,351616.0548,5019224.809,45.31141424,-75.90293793,1228
20--2595,2/19/2020,2:00 PM,LONGHEARTH WAY btwn LONGSHADOW ST & VERANDA CRT (__5RGB0M),__5RGB0M,01 - Non intersection,03 - P.D. only,01 - Approaching,01 - Clear,01 - Daylight,06 - Ice,10 - No control,,2,0,0,0,,0,,,,,372111.1574,5011998.417,45.24472744,-75.64256135,1229
20--2596,2/19/2020,2:01 PM,BASELINE RD @ GREENBANK RD (0002357),2357,03 - At intersection,03 - P.D. only,02 - Angle,01 - Clear,01 - Daylight,01 - Dry,01 - Traffic signal,01 - Functioning,3,0,0,0,,0,,,,,360597.6832,5022584.487,45.34098848,-75.78802153,1230
20--2597,2/19/2020,2:50 PM,ABBOTT ST @ STITTSVILLE MAIN ST (0000082),82,02 - Intersection related,03 - P.D. only,03 - Rear end,01 - Clear,01 - Daylight,01 - Dry,01 - Traffic signal,01 - Functioning,2,0,0,0,,0,,,,,350248.5825,5013331.423,45.25847353,-75.9209167,1231
20--2598,2/19/2020,3:09 PM,CARLING AVE @ FAIRLAWN AVE/WOODROFFE AVE E (0002393),2393,02 - Intersection related,03 - P.D. only,03 - Rear end,01 - Clear,01 - Daylight,01 - Dry,01 - Traffic signal,01 - Functioning,2,0,0,0,,0,,,,,361934.6841,5025830.528,45.37008852,-75.77058762,1232
20--2599,2/19/2020,3:10 PM,BANK ST @ HUNT CLUB RD (0002119),2119,02 - Intersection related,03 - P.D. only,03 - Rear end,01 - Clear,01 - Daylight,01 - Dry,01 - Traffic signal,01 - Functioning,2,0,0,0,,0,,,,,371608.747,5024096.514,45.35363104,-75.64733045,1233
20--26,1/2/2020,11:52 AM,RIVERSIDE DR @ TREMBLAY RD/HWY417 IC117 RAMP52 (0010790),10790,02 - Intersection related,03 - P.D. only,03 - Rear end,01 - Clear,01 - Daylight,01 - Dry,01 - Traffic signal,01 - Functioning,2,0,0,0,,0,,,,,370802.1058,5031015.906,45.41596564,-75.65669915,1234
20--260,1/7/2020,10:12 PM,KANATA AVE @ TERRY FOX DR (0012691),12691,03 - At intersection,03 - P.D. only,01 - Approaching,01 - Clear,07 - Dark,02 - Wet,01 - Traffic signal,01 - Functioning,2,0,0,0,,0,,,,,349305.8683,5019211.592,45.31144552,-75.93240027,1235
20--2600,2/19/2020,3:17 PM,DONALD ST @ VANIER PKWY (0007644),7644,02 - Intersection related,03 - P.D. only,03 - Rear end,01 - Clear,01 - Daylight,02 - Wet,01 - Traffic signal,01 - Functioning,2,0,0,0,,0,,,,,370311.71,5032270.59,45.42730086,-75.66279736,1236
20--2601,2/19/2020,3:25 PM,HIGHWAY 417 btwn HWY417 IC129 RAMP25 & TRANSIT (__3ZA2SH),__3ZA2SH,01 - Non intersection,03 - P.D. only,03 - Rear end,01 - Clear,01 - Daylight,01 - Dry,10 - No control,,2,0,0,0,,0,,,,,361448.9716,5024293.976,45.35630216,-75.77696414,1237
20--2602,2/19/2020,3:30 PM,LAURIER AVE @ O'CONNOR ST (0002224),2224,02 - Intersection related,03 - P.D. only,03 - Rear end,01 - Clear,01 - Daylight,02 - Wet,01 - Traffic signal,01 - Functioning,2,0,0,0,,0,,,,,367636.6955,5031358.577,45.4193403,-75.69709542,1238
20--2603,2/19/2020,3:39 PM,MORRISON DR btwn SAXTON PRIV & ASHLEY ST (__3ZA1WA),__3ZA1WA,04 - At/near private drive,03 - P.D. only,04 - Sideswipe,01 - Clear,01 - Daylight,01 - Dry,10 - No control,,2,0,0,0,,0,,,,,360003.9261,5023058.606,45.34530157,-75.79554439,1239
20--2604,2/19/2020,3:55 PM,LAURIER AVE EB OFF RAMP @ QUEEN ELIZABETH DRWY (0011249),11249,02 - Intersection related,03 - P.D. only,07 - SMV other,01 - Clear,01 - Daylight,01 - Dry,02 - Stop sign,01 - Functioning,1,0,0,0,,0,,,,,368251.3018,5031686.879,45.42223878,-75.68920071,1240
20--2605,2/19/2020,4:00 PM,WALKLEY RD @ HEATHERINGTON RD (0006928),6928,03 - At intersection,03 - P.D. only,05 - Turning movement,01 - Clear,01 - Daylight,01 - Dry,01 - Traffic signal,01 - Functioning,2,0,0,0,,0,,,,,371766.7145,5026794.538,45.37789183,-75.6449489,1241