Anom_ID,Accident_Date,Accident_Time,Location,Geo_ID,Accident_Location,Classification_of_Accident,Initial_Impact_Type,Environment_Condition,Light,Road_Surface_Condition,Traffic_Control,Traffic_Control_Condition,No__of_Vehicles,No__of_Bicycles,No__of_Motorcycles,No__of_Pedestrians,Max_Injury,No__of_Injuries,No__of_Minimal,No__of_Minor,No__of_Major,No__of_Fatal,X,Y,Latitude,Longitude,ObjectId
20--2606,2/19/2020,4:16 PM,DOUGLAS DR @ KING ST (0000041),41,02 - Intersection related,03 - P.D. only,02 - Angle,01 - Clear,01 - Daylight,05 - Packed snow,02 - Stop sign,01 - Functioning,2,0,0,0,,0,,,,,357257.3852,5006356.296,45.19522188,-75.83235485,1242
20--2607,2/19/2020,4:17 PM,MER BLEUE RD btwn 210 S OF INNES RD & RENAUD RD (__3ZA2S1B),__3ZA2S1B,01 - Non intersection,02 - Non-fatal injury,04 - Sideswipe,01 - Clear,01 - Daylight,03 - Loose snow,10 - No control,,2,0,0,0,01 - Minimal,1,1,,,,383190.0812,5034347.973,45.44466667,-75.4979115,1243
20--2608,2/19/2020,4:30 PM,SMYTH RD btwn OTHELLO AVE & ST. LAURENT BLVD (__3ZA3R5),__3ZA3R5,01 - Non intersection,03 - P.D. only,03 - Rear end,01 - Clear,01 - Daylight,02 - Wet,10 - No control,,2,0,0,0,,0,,,,,373276.0269,5029377.943,45.40099029,-75.62532131,1244
20--2609,2/19/2020,4:30 PM,CHARLOTTE ST @ RIDEAU ST (0002622),2622,03 - At intersection,03 - P.D. only,02 - Angle,01 - Clear,01 - Daylight,02 - Wet,01 - Traffic signal,01 - Functioning,2,0,0,0,,0,,,,,369249.6941,5032859.594,45.43269916,-75.67629081,1245
20--261,1/7/2020,10:24 PM,CAMBRIAN RD @ CEDARVIEW RD (0001571),1571,02 - Intersection related,02 - Non-fatal injury,03 - Rear end,03 - Snow,07 - Dark,02 - Wet,02 - Stop sign,01 - Functioning,2,0,0,0,01 - Minimal,2,2,,,,363002.6629,5011834.403,45.24406373,-75.75859798,1246
20--2610,2/19/2020,4:38 PM,HIGHWAY 417 btwn HWY417 IC119A RAMP67 & HWY417 IC118 RAMP76 (__3ZA2YS),__3ZA2YS,01 - Non intersection,02 - Non-fatal injury,03 - Rear end,01 - Clear,01 - Daylight,01 - Dry,10 - No control,,2,0,0,0,02 - Minor,2,1,1,,,368669.3654,5030575.534,45.41220125,-75.68400315,1247
20--2611,2/19/2020,4:40 PM,AVIATION PKWY @ OGILVIE RD (0004114),4114,02 - Intersection related,02 - Non-fatal injury,03 - Rear end,01 - Clear,01 - Daylight,01 - Dry,01 - Traffic signal,01 - Functioning,2,0,0,0,01 - Minimal,1,1,,,,373110.7142,5032376.581,45.42798676,-75.62701706,1248
20--2612,2/19/2020,4:45 PM,COLONNADE RD @ MERIVALE RD (0004569),4569,02 - Intersection related,03 - P.D. only,03 - Rear end,01 - Clear,01 - Daylight,01 - Dry,01 - Traffic signal,01 - Functioning,2,0,0,0,,0,,,,,365363.6947,5022544.5,45.34023342,-75.72721746,1249
20--2613,2/19/2020,4:45 PM,MONTREAL RD @ 46 E OF HILLSIDE DR/MONTREAL SQU (0008215),8215,02 - Intersection related,03 - P.D. only,04 - Sideswipe,01 - Clear,01 - Daylight,01 - Dry,01 - Traffic signal,01 - Functioning,2,0,0,0,,0,,,,,371749.9611,5033916.688,45.4419755,-75.64419551,1250
20--2614,2/19/2020,4:50 PM,HIGHWAY 417 btwn HWY417 IC134 RAMP36 & HWY417 IC134 RAMP26 (__3ZA29C),__3ZA29C,01 - Non intersection,03 - P.D. only,03 - Rear end,01 - Clear,01 - Daylight,01 - Dry,10 - No control,,2,0,0,0,,0,,,,,356407.989,5022285.819,45.33862176,-75.84150949,1251
20--2615,2/19/2020,4:52 PM,WOODROFFE AVE btwn MAJESTIC DR & TO BE DETERMINED (__3ZA247),__3ZA247,01 - Non intersection,02 - Non-fatal injury,03 - Rear end,01 - Clear,01 - Daylight,01 - Dry,10 - No control,,2,0,0,0,02 - Minor,1,,1,,,363548.1527,5021526.102,45.33122434,-75.75050234,1252
20--2616,2/19/2020,5:09 PM,MERIVALE RD @ WEST HUNT CLUB RD (0000584),584,02 - Intersection related,03 - P.D. only,04 - Sideswipe,01 - Clear,01 - Daylight,01 - Dry,01 - Traffic signal,01 - Functioning,2,0,0,0,,0,,,,,365612.6782,5021942.505,45.33479521,-75.72411475,1253
20--2617,2/19/2020,5:16 PM,ST. JOSEPH BLVD @ TENTH LINE RD (0009163),9163,02 - Intersection related,02 - Non-fatal injury,04 - Sideswipe,03 - Snow,01 - Daylight,05 - Packed snow,01 - Traffic signal,01 - Functioning,2,0,0,0,01 - Minimal,1,1,,,,382890.8138,5038666.449,45.48355403,-75.50105052,1254
20--2618,2/19/2020,5:27 PM,HUNTMAR DR btwn PALLADIUM DR & MAPLE GROVE RD (__3ZA1EH),__3ZA1EH,01 - Non intersection,03 - P.D. only,03 - Rear end,01 - Clear,05 - Dusk,02 - Wet,10 - No control,,3,0,0,0,,0,,,,,350217.1656,5016769.121,45.28940911,-75.9210025,1255
20--2619,2/19/2020,5:50 PM,BRIAN COBURN BLVD btwn STRASBOURG ST & TENTH LINE RD (__6ZT4O3),__6ZT4O3,04 - At/near private drive,03 - P.D. only,02 - Angle,01 - Clear,05 - Dusk,05 - Packed snow,10 - No control,,2,0,0,0,,0,,,,,384318.6316,5034975.006,45.45018068,-75.48338576,1256
20--262,1/7/2020,10:33 PM,GOLDENBROOK WAY @ HARVEST VALLEY AVE (0013443),13443,03 - At intersection,02 - Non-fatal injury,02 - Angle,01 - Clear,07 - Dark,02 - Wet,02 - Stop sign,01 - Functioning,2,0,0,0,02 - Minor,1,,1,,,384939.8367,5034498.841,45.44582564,-75.47552273,1257
20--2620,2/19/2020,6:04 AM,CONROY RD btwn CONROY RD & ROSEBELLA AVE (__3ZA3S2),__3ZA3S2,01 - Non intersection,02 - Non-fatal injury,04 - Sideswipe,05 - Drifting Snow,07 - Dark,04 - Slush,10 - No control,,2,0,0,0,02 - Minor,1,,1,,,373964.1784,5024945.293,45.36103964,-75.61715322,1258
20--2621,2/19/2020,6:15 PM,ALTA VISTA DR btwn BANK ST & EDGE HILL PL (__3ZA0TQ),__3ZA0TQ,04 - At/near private drive,03 - P.D. only,02 - Angle,01 - Clear,07 - Dark,06 - Ice,10 - No control,,2,0,0,0,,0,,,,,370331.6332,5026255.982,45.37318177,-75.66334192,1259
20--2622,2/19/2020,6:30 PM,HUNT CLUB RD btwn PAUL ANKA DR & GIBFORD DR (__3ZAZYD),__3ZAZYD,04 - At/near private drive,03 - P.D. only,02 - Angle,01 - Clear,07 - Dark,02 - Wet,10 - No control,,2,0,0,0,,0,,,,,369831.1413,5022929.043,45.34329355,-75.67016885,1260
20--2623,2/19/2020,7:41 AM,ROBERTSON RD btwn FITZGERALD RD & MOODIE DR (__3ZA411),__3ZA411,04 - At/near private drive,03 - P.D. only,05 - Turning movement,01 - Clear,01 - Daylight,04 - Slush,10 - No control,,2,0,0,0,,0,,,,,356954.5597,5020389.048,45.32151401,-75.83473585,1261
20--2624,2/19/2020,7:50 AM,HIGHWAY 417 btwn HWY417 IC123 RAMP62 & HWY417 IC122 RAMP16 (__3ZA2R9),__3ZA2R9,01 - Non intersection,03 - P.D. only,03 - Rear end,01 - Clear,01 - Daylight,02 - Wet,10 - No control,,2,0,0,0,,0,,,,,364818.1931,5028147.475,45.39069498,-75.73349676,1262
20--2625,2/19/2020,7:55 AM,AIRPORT PKWY/HUNT CLUB RAMP 42 btwn AIRPORT PKWY & TO BE DETERMINED (__3ZAY5Q),__3ZAY5Q,01 - Non intersection,03 - P.D. only,03 - Rear end,01 - Clear,01 - Daylight,01 - Dry,10 - No control,,2,0,0,0,,0,,,,,370976.7147,5023933.326,45.35222265,-75.65541794,1263
20--2626,2/19/2020,8:16 PM,BANK ST btwn MACLAREN ST & GILMOUR ST (__3ZA3QF),__3ZA3QF,01 - Non intersection,03 - P.D. only,99 - Other,01 - Clear,07 - Dark,01 - Dry,10 - No control,,2,0,0,0,,0,,,,,367783.8266,5030779.112,45.41411324,-75.69528968,1264
20--2627,2/19/2020,8:19 PM,ST. LAURENT BLVD @ TREMBLAY RD (0002573),2573,02 - Intersection related,03 - P.D. only,03 - Rear end,01 - Clear,07 - Dark,01 - Dry,01 - Traffic signal,01 - Functioning,2,0,0,0,,0,,,,,372595.7095,5031241.572,45.41782459,-75.63375405,1265
20--2628,2/19/2020,8:31 AM,MARSON ST @ SUNNYCREST DR (0001378),1378,03 - At intersection,03 - P.D. only,02 - Angle,01 - Clear,01 - Daylight,05 - Packed snow,03 - Yield sign,01 - Functioning,2,0,0,0,,0,,,,,365943.6921,5025778.52,45.36928227,-75.71941751,1266
20--2629,2/19/2020,8:45 AM,WOODWARD DR btwn MAITLAND AVE & COURTWOOD CRES (__3ZAARJ),__3ZAARJ,04 - At/near private drive,03 - P.D. only,05 - Turning movement,01 - Clear,01 - Daylight,01 - Dry,10 - No control,,2,0,0,0,,0,,,,,363366.3323,5025707.62,45.36886444,-75.75232654,1267
20--263,1/7/2020,10:41 AM,ORIENT PARK DR btwn AUTUMN HILL CRES & CLEROUX CRES (__3ZBO8I),__3ZBO8I,04 - At/near private drive,03 - P.D. only,02 - Angle,01 - Clear,01 - Daylight,02 - Wet,10 - No control,,2,0,0,0,,0,,,,,379203.0263,5033265.388,45.43536209,-75.54903585,1268
20--2630,2/19/2020,8:48 AM,HARWOOD AVE @ PINEWOOD CRES (0002960),2960,03 - At intersection,02 - Non-fatal injury,05 - Turning movement,01 - Clear,01 - Daylight,05 - Packed snow,03 - Yield sign,00 - Unknown,2,0,0,0,01 - Minimal,1,1,,,,360281.662,5024148.474,45.35508628,-75.7918782,1269
20--2631,2/19/2020,8:50 AM,CRICHTON ST btwn QUEEN VICTORIA ST & KEEFER ST (__3ZA8YN),__3ZA8YN,01 - Non intersection,03 - P.D. only,06 - SMV unattended vehicle,01 - Clear,01 - Daylight,06 - Ice,10 - No control,,1,0,0,0,,0,,,,,368318.7388,5033790.328,45.44115874,-75.68806772,1270
20--2632,2/19/2020,8:59 AM,HUNT CLUB RD @ RIVERSIDE DR (0002237),2237,02 - Intersection related,03 - P.D. only,04 - Sideswipe,01 - Clear,01 - Daylight,01 - Dry,01 - Traffic signal,01 - Functioning,2,0,0,0,,0,,,,,368036.7138,5021945.508,45.33460796,-75.69319006,1271
20--2633,2/19/2020,9:15 AM,MARCH RD @ TERON RD (0011926),11926,03 - At intersection,03 - P.D. only,05 - Turning movement,01 - Clear,01 - Daylight,06 - Ice,01 - Traffic signal,01 - Functioning,2,0,0,0,,0,,,,,351414.6205,5021779.473,45.33441509,-75.90526628,1272
20--2634,2/19/2020,9:15 AM,DRAKE AVE btwn LINDSAY ST & KNOX CRES (__3ZA95U),__3ZA95U,01 - Non intersection,03 - P.D. only,01 - Approaching,01 - Clear,01 - Daylight,05 - Packed snow,10 - No control,,2,0,0,0,,0,,,,,370987.7724,5029963.099,45.40647537,-75.65446853,1273
20--2635,2/20/2020,1:10 PM,HIGHWAY 417 btwn HIGHWAY 417 & HWY417 IC115 RAMP61 (__3ZA2YH),__3ZA2YH,01 - Non intersection,03 - P.D. only,03 - Rear end,01 - Clear,01 - Daylight,01 - Dry,10 - No control,,2,0,0,0,,0,,,,,372632.9533,5031539.248,45.42049933,-75.63323725,1274
20--2636,2/20/2020,10:36 PM,PALLADIUM DR btwn HUNTMAR DR & HWY417 IC142 RAMP25 (__3ZAZW2),__3ZAZW2,04 - At/near private drive,02 - Non-fatal injury,02 - Angle,01 - Clear,07 - Dark,01 - Dry,10 - No control,,2,0,0,0,02 - Minor,1,,1,,,349553.6193,5017148.739,45.2928676,-75.929427,1275
20--2637,2/20/2020,10:44 AM,COLONNADE RD @ PRINCE OF WALES DR (0005249),5249,02 - Intersection related,02 - Non-fatal injury,03 - Rear end,01 - Clear,01 - Daylight,01 - Dry,01 - Traffic signal,01 - Functioning,2,0,0,0,01 - Minimal,1,1,,,,367394.7079,5023266.518,45.34655173,-75.7012132,1276
20--2638,2/20/2020,10:45 AM,ST. LAURENT BLVD btwn DUNBARTON CRT & MONTREAL RD (__3ZA3RU),__3ZA3RU,04 - At/near private drive,03 - P.D. only,02 - Angle,01 - Clear,01 - Daylight,01 - Dry,10 - No control,,2,0,0,0,,0,,,,,371471.3026,5033984.263,45.44261014,-75.64774798,1277
20--2639,2/20/2020,10:56 AM,LAURIER AVE @ NICHOLAS ST (0010711),10711,02 - Intersection related,03 - P.D. only,03 - Rear end,01 - Clear,01 - Daylight,01 - Dry,01 - Traffic signal,01 - Functioning,3,0,0,0,,0,,,,,368373.6248,5031798.266,45.4232299,-75.68762341,1278
20--264,1/7/2020,11:30 AM,BASELINE RD/HERON RD @ PRINCE OF WALES DR (0002345),2345,02 - Intersection related,03 - P.D. only,04 - Sideswipe,01 - Clear,01 - Daylight,01 - Dry,01 - Traffic signal,01 - Functioning,2,0,0,0,,0,,,,,366873.705,5026438.537,45.3751392,-75.70746281,1279
20--2640,2/20/2020,11:00 AM,HIGHWAY 417 btwn HWY417 IC119A RAMP67 & HWY417 IC118 RAMP76 (__3ZA2YS),__3ZA2YS,01 - Non intersection,03 - P.D. only,04 - Sideswipe,01 - Clear,01 - Daylight,01 - Dry,10 - No control,,2,0,0,0,,0,,,,,368716.3491,5030600.704,45.41242343,-75.68339969,1280
20--2641,2/20/2020,11:07 PM,CARLING AVE @ MOODIE DR/JAMES CUMMINGS AVE W (0000158),158,02 - Intersection related,03 - P.D. only,99 - Other,01 - Clear,07 - Dark,01 - Dry,01 - Traffic signal,01 - Functioning,2,0,0,0,,0,,,,,356001.6557,5023937.51,45.3535136,-75.84652277,1281
20--2642,2/20/2020,11:30 AM,HIGHWAY 417 btwn HWY417 IC119A RAMP67 & HWY417 IC118 RAMP76 (__3ZA2YS),__3ZA2YS,01 - Non intersection,03 - P.D. only,04 - Sideswipe,01 - Clear,01 - Daylight,01 - Dry,10 - No control,,2,0,0,0,,0,,,,,368717.0466,5030601.077,45.41242672,-75.68339073,1282
20--2643,2/20/2020,11:45 AM,LEGGET DR @ HERZBERG RD (0003479),3479,02 - Intersection related,03 - P.D. only,03 - Rear end,01 - Clear,01 - Daylight,01 - Dry,02 - Stop sign,01 - Functioning,2,0,0,0,,0,,,,,351866.6195,5022704.496,45.34270846,-75.89941177,1283
20--2644,2/20/2020,11:46 AM,COBOURG ST @ ST. PATRICK ST (0011483),11483,02 - Intersection related,03 - P.D. only,03 - Rear end,01 - Clear,01 - Daylight,01 - Dry,01 - Traffic signal,01 - Functioning,2,0,0,0,,0,,,,,368802.4605,5033234.259,45.43611133,-75.68195745,1284
20--2645,2/20/2020,Unknown,HALIFAX DR btwn BINGHAM ST & DAKOTA AVE (__3ZA7QC),__3ZA7QC,01 - Non intersection,03 - P.D. only,06 - SMV unattended vehicle,01 - Clear,00 - Unknown,01 - Dry,10 - No control,,1,0,0,0,,0,,,,,373517.1217,5027980.132,45.3883898,-75.62243674,1285
20--2646,2/20/2020,Unknown,BAYVIEW RD btwn BURNSIDE AVE & SCOTT ST (__3ZA0V3),__3ZA0V3,01 - Non intersection,03 - P.D. only,06 - SMV unattended vehicle,01 - Clear,00 - Unknown,01 - Dry,10 - No control,,1,0,0,0,,0,,,,,365213.7536,5030227.052,45.40937254,-75.72819072,1286
20--2647,2/20/2020,12:15 PM,BEECH ST btwn PRESTON ST & ROCHESTER ST (__3ZA05Q),__3ZA05Q,01 - Non intersection,03 - P.D. only,06 - SMV unattended vehicle,01 - Clear,01 - Daylight,03 - Loose snow,10 - No control,,1,0,0,0,,0,,,,,366849.5144,5029339.54,45.40124384,-75.7074069,1287
20--2648,2/20/2020,12:55 PM,8TH LINE RD @ PARKWAY RD (0001611),1611,03 - At intersection,02 - Non-fatal injury,02 - Angle,01 - Clear,01 - Daylight,01 - Dry,02 - Stop sign,01 - Functioning,2,0,0,0,02 - Minor,2,1,1,,,383165.7896,5016891.474,45.28760851,-75.50099064,1288
20--2649,2/20/2020,12:55 PM,ELGIN ST @ LAURIER AVE (0002232),2232,02 - Intersection related,03 - P.D. only,99 - Other,01 - Clear,01 - Daylight,01 - Dry,01 - Traffic signal,01 - Functioning,2,0,0,0,,0,,,,,367948.7157,5031549.568,45.42103069,-75.69308445,1289
20--265,1/7/2020,11:58 AM,LISGAR ST @ METCALFE ST (0006941),6941,03 - At intersection,03 - P.D. only,02 - Angle,01 - Clear,01 - Daylight,02 - Wet,01 - Traffic signal,01 - Functioning,2,0,0,0,,0,,,,,367915.714,5031251.589,45.41835255,-75.69354428,1290
20--2650,2/20/2020,2:31 PM,FOUNTAIN PL @ RIDEAU ST (0002061),2061,02 - Intersection related,03 - P.D. only,04 - Sideswipe,01 - Clear,01 - Daylight,01 - Dry,02 - Stop sign,01 - Functioning,2,0,0,0,,0,,,,,369526.7079,5032963.598,45.43360936,-75.67273709,1291
20--2651,2/20/2020,2:37 PM,540 E OF ANDERSON RD/DETENTION CENTRE @ INNES RD (0017312),17312,02 - Intersection related,02 - Non-fatal injury,03 - Rear end,01 - Clear,01 - Daylight,01 - Dry,01 - Traffic signal,01 - Functioning,2,0,0,0,01 - Minimal,2,2,,,,376762.7389,5032132.564,45.42542503,-75.58038722,1292
20--2652,2/20/2020,2:48 PM,ST. LAURENT BLVD @ COVENTRY RD/OGILVIE RD (0002151),2151,02 - Intersection related,03 - P.D. only,04 - Sideswipe,01 - Clear,01 - Daylight,01 - Dry,01 - Traffic signal,01 - Functioning,2,0,0,0,,0,,,,,372305.7054,5031951.573,45.42424089,-75.63736181,1293
20--2653,2/20/2020,3:00 PM,DORION AVE btwn ALTA VISTA DR & BLAIR ST (__3ZA96S),__3ZA96S,04 - At/near private drive,03 - P.D. only,02 - Angle,01 - Clear,01 - Daylight,01 - Dry,10 - No control,,2,0,0,0,,0,,,,,370750.1859,5030107.514,45.40779718,-75.65748399,1294
20--2654,2/20/2020,3:00 PM,GRENON AVE @ RICHMOND RD (0002741),2741,02 - Intersection related,03 - P.D. only,04 - Sideswipe,01 - Clear,01 - Daylight,01 - Dry,01 - Traffic signal,01 - Functioning,2,0,0,0,,0,,,,,359806.6767,5024033.512,45.35408927,-75.79795285,1295
20--2655,2/20/2020,3:30 PM,BASELINE RD/HERON RD @ PRINCE OF WALES DR (0002345),2345,02 - Intersection related,03 - P.D. only,04 - Sideswipe,01 - Clear,01 - Daylight,01 - Dry,01 - Traffic signal,01 - Functioning,2,0,0,0,,0,,,,,366873.7035,5026438.539,45.37513922,-75.70746283,1296
20--2656,2/20/2020,3:36 PM,CONROY RD @ QUEENSDALE AVE (0009365),9365,02 - Intersection related,02 - Non-fatal injury,03 - Rear end,01 - Clear,01 - Daylight,01 - Dry,02 - Stop sign,00 - Unknown,3,0,0,0,02 - Minor,1,,1,,,374351.7303,5024043.51,45.35288743,-75.61233379,1297
20--2657,2/20/2020,3:40 PM,STRANDHERD DR @ WOODROFFE AVE (0009688),9688,02 - Intersection related,03 - P.D. only,04 - Sideswipe,01 - Clear,01 - Daylight,01 - Dry,01 - Traffic signal,01 - Functioning,2,0,0,0,,0,,,,,366106.1521,5015395.151,45.27583981,-75.71862909,1298
20--2658,2/20/2020,3:47 PM,REGIONAL ROAD 174 btwn OR174 IC109 RAMP54 & OR174 IC109 RAMP55 (__3ZA28X),__3ZA28X,01 - Non intersection,02 - Non-fatal injury,03 - Rear end,01 - Clear,01 - Daylight,01 - Dry,10 - No control,,2,0,0,0,02 - Minor,1,,1,,,376403.3016,5034837.32,45.44979765,-75.58458645,1299
20--2659,2/20/2020,4:05 PM,HIGHWAY 417 btwn HWY417 IC134 RAMP36 & HWY417 IC134 RAMP26 (__3ZA29C),__3ZA29C,01 - Non intersection,03 - P.D. only,03 - Rear end,01 - Clear,01 - Daylight,01 - Dry,10 - No control,,2,0,0,0,,0,,,,,356191.8768,5022157.383,45.33748194,-75.84428013,1300
20--2029,2/9/2020,10:18 PM,ALBERT ST @ O'CONNOR ST (0002116),2116,03 - At intersection,02 - Non-fatal injury,02 - Angle,03 - Snow,07 - Dark,05 - Packed snow,01 - Traffic signal,01 - Functioning,2,0,0,0,02 - Minor,3,1,2,,,367538.697,5031520.572,45.42080668,-75.69832686,1301
20--2119,2/10/2020,8:20 AM,HIGHWAY 417 btwn HWY417 IC138 RAMP61 & HWY417 IC134 RAMP36 (__3ZA20I),__3ZA20I,01 - Non intersection,03 - P.D. only,03 - Rear end,03 - Snow,01 - Daylight,03 - Loose snow,10 - No control,,2,0,0,0,,0,,,,,355834.3306,5021948.203,45.33562582,-75.84886341,1302
20--212,1/6/2020,5:54 PM,ELMSMERE RD @ MONTREAL RD (0012320),12320,02 - Intersection related,03 - P.D. only,07 - SMV other,03 - Snow,07 - Dark,03 - Loose snow,01 - Traffic signal,01 - Functioning,1,0,0,0,,0,,,,,374927.7185,5034314.584,45.44524399,-75.60352322,1303
20--2120,2/10/2020,8:30 PM,BLAIR RD @ REGIONAL RD 174 S/OR174 IC112 RAMP15 (0012435),12435,02 - Intersection related,03 - P.D. only,03 - Rear end,01 - Clear,07 - Dark,02 - Wet,01 - Traffic signal,01 - Functioning,2,0,0,0,,0,,,,,374907.8836,5032661.534,45.43037278,-75.60401219,1304
20--2121,2/10/2020,8:37 AM,KELLY FARM DR @ WHITE ALDER AVE (0013302),13302,02 - Intersection related,03 - P.D. only,02 - Angle,03 - Snow,01 - Daylight,04 - Slush,02 - Stop sign,01 - Functioning,2,0,0,0,,0,,,,,374716.48,5020250.305,45.31872141,-75.60821507,1305
20--2122,2/10/2020,8:38 AM,BRONSON AVE btwn BREWER WAY & RIVERSIDE DR RAMPS 34B & 42A-3 (__3ZA3BR),__3ZA3BR,07 - Overpass or bridge,03 - P.D. only,03 - Rear end,03 - Snow,01 - Daylight,03 - Loose snow,10 - No control,,2,0,0,0,,0,,,,,368348.3274,5027318.884,45.38292814,-75.68852388,1306
20--2123,2/10/2020,8:40 AM,BANK ST btwn SURREY AVE & NOTTING HILL AVE (__3ZA4TV),__3ZA4TV,01 - Non intersection,03 - P.D. only,03 - Rear end,03 - Snow,01 - Daylight,03 - Loose snow,10 - No control,,2,0,0,0,,0,,,,,370391.0361,5025787.107,45.36895743,-75.66264585,1307
20--2124,2/10/2020,8:40 AM,COLONEL BY DR btwn SENECA ST & LEONARD AVE (__3ZA21K),__3ZA21K,01 - Non intersection,03 - P.D. only,01 - Approaching,03 - Snow,01 - Daylight,03 - Loose snow,10 - No control,,2,0,0,0,,0,,,,,368217.9055,5028569.778,45.39419514,-75.69002838,1308
20--2125,2/10/2020,8:45 AM,KING EDWARD AVE btwn RAMP & BOLTON ST (__7TR60Q),__7TR60Q,01 - Non intersection,03 - P.D. only,03 - Rear end,03 - Snow,01 - Daylight,04 - Slush,10 - No control,,2,0,0,0,,0,,,,,368022.1297,5033206.116,45.4359291,-75.6919338,1309
20--2126,2/10/2020,8:49 AM,FRANK KENNY RD btwn COLONIAL RD & HUISMANS RD (__3ZA6US),__3ZA6US,01 - Non intersection,02 - Non-fatal injury,07 - SMV other,03 - Snow,01 - Daylight,04 - Slush,10 - No control,,1,0,0,0,02 - Minor,1,,1,,,390274.375,5031859.031,45.42144358,-75.40779838,1310
20--2127,2/10/2020,9:00 AM,PORTOBELLO BLVD/SPRINGRIDGE DR S @ TRIM RD (0012338),12338,02 - Intersection related,03 - P.D. only,02 - Angle,03 - Snow,01 - Daylight,05 - Packed snow,01 - Traffic signal,01 - Functioning,2,0,0,0,,0,,,,,385690.0814,5038071.501,45.47788254,-75.46534563,1311
20--2128,2/10/2020,9:00 AM,MONTREAL RD btwn CLOVELLY RD & ELWOOD ST (__3ZA2DZ),__3ZA2DZ,04 - At/near private drive,03 - P.D. only,02 - Angle,03 - Snow,01 - Daylight,03 - Loose snow,10 - No control,,2,0,0,0,,0,,,,,374374.2065,5034401.614,45.44608235,-75.61058587,1312
20--2129,2/10/2020,9:00 PM,COBOURG ST @ ST. PATRICK ST (0011483),11483,02 - Intersection related,03 - P.D. only,07 - SMV other,01 - Clear,07 - Dark,04 - Slush,01 - Traffic signal,01 - Functioning,1,0,0,0,,0,,,,,368802.4584,5033234.264,45.43611137,-75.68195748,1313
20--213,1/6/2020,5:55 PM,DALY AVE @ NICHOLAS ST (0011451),11451,03 - At intersection,03 - P.D. only,02 - Angle,03 - Snow,07 - Dark,03 - Loose snow,01 - Traffic signal,01 - Functioning,2,0,0,0,,0,,,,,368227.6969,5032046.581,45.4254774,-75.68945599,1314
20--2130,2/10/2020,9:10 AM,HWY417 IC155 RAMP25 btwn MARCH RD & HIGHWAY 417 (__3ZAY48),__3ZAY48,01 - Non intersection,03 - P.D. only,07 - SMV other,03 - Snow,01 - Daylight,03 - Loose snow,10 - No control,,1,0,0,0,,0,,,,,339585.9426,5019222.149,45.31208927,-76.05635707,1315
20--2131,2/10/2020,9:19 AM,HERON RD EB btwn HERON RD EB OFF RAMP/VINCENT MASSEY PARK & HERON RD E (__3ZAZWB),__3ZAZWB,01 - Non intersection,03 - P.D. only,03 - Rear end,03 - Snow,01 - Daylight,04 - Slush,10 - No control,,2,0,0,0,,0,,,,,367627.0508,5026529.658,45.37589194,-75.69783369,1316
20--2132,2/10/2020,9:29 AM,ST. JOSEPH BLVD @ 500 E OF HART RD (0009271),9271,02 - Intersection related,03 - P.D. only,03 - Rear end,03 - Snow,01 - Daylight,04 - Slush,01 - Traffic signal,01 - Functioning,2,0,0,0,,0,,,,,378027.9494,5035851.247,45.45875192,-75.5636679,1317
20--2133,2/10/2020,9:34 AM,BANK ST @ SURREY AVE (0011314),11314,02 - Intersection related,03 - P.D. only,99 - Other,01 - Clear,01 - Daylight,03 - Loose snow,02 - Stop sign,01 - Functioning,2,0,0,0,,0,,,,,370383.2764,5025810.309,45.36916692,-75.66274183,1318
20--2134,2/10/2020,9:45 AM,BRONSON AVE/BRONSON/HERON RAMP 35 @ HERON RD (0002386),2386,02 - Intersection related,03 - P.D. only,03 - Rear end,03 - Snow,01 - Daylight,05 - Packed snow,01 - Traffic signal,01 - Functioning,3,0,0,0,,0,,,,,368641.5712,5026697.638,45.37731168,-75.68486003,1319
20--2135,2/10/2020,9:50 AM,ALTA VISTA DR @ RIDGEMONT AVE (0007000),7000,02 - Intersection related,03 - P.D. only,03 - Rear end,03 - Snow,01 - Daylight,05 - Packed snow,01 - Traffic signal,00 - Unknown,2,0,0,0,,0,,,,,370517.7215,5026673.528,45.37692129,-75.66091078,1320
20--2136,2/10/2020,9:54 AM,MERIVALE RD/LOTTA AVE @ CLYDE AVE (0001112),1112,02 - Intersection related,03 - P.D. only,07 - SMV other,03 - Snow,01 - Daylight,03 - Loose snow,01 - Traffic signal,00 - Unknown,1,0,0,0,,0,,,,,364521.7013,5024507.533,45.35796873,-75.73772313,1321
20--2137,2/10/2020,9:54 AM,HIGHWAY 417 btwn HWY417 IC110 RAMP55 & HWY417 IC104 RAMP51 (__3ZA2W8),__3ZA2W8,01 - Non intersection,03 - P.D. only,07 - SMV other,03 - Snow,01 - Daylight,03 - Loose snow,10 - No control,,1,0,0,0,,0,,,,,376033.1486,5027938.631,45.38776502,-75.5903154,1322
20--203,1/6/2020,3:07 PM,HUNT CLUB RD @ RIVERSIDE DR (0002237),2237,02 - Intersection related,03 - P.D. only,03 - Rear end,03 - Snow,01 - Daylight,04 - Slush,01 - Traffic signal,01 - Functioning,2,0,0,0,,0,,,,,368036.692,5021945.498,45.33460788,-75.69319034,1323