Anom_ID,Accident_Date,Accident_Time,Location,Geo_ID,Accident_Location,Classification_of_Accident,Initial_Impact_Type,Environment_Condition,Light,Road_Surface_Condition,Traffic_Control,Traffic_Control_Condition,No__of_Vehicles,No__of_Bicycles,No__of_Motorcycles,No__of_Pedestrians,Max_Injury,No__of_Injuries,No__of_Minimal,No__of_Minor,No__of_Major,No__of_Fatal,X,Y,Latitude,Longitude,ObjectId
20--2138,2/10/2020,9:55 AM,TENTH LINE RD @ CHARLEMAGNE BLVD S/DES EPINETT (0003686),3686,02 - Intersection related,03 - P.D. only,03 - Rear end,03 - Snow,01 - Daylight,03 - Loose snow,01 - Traffic signal,01 - Functioning,2,0,0,0,,0,,,,,383640.9751,5036900.456,45.46758093,-75.49173924,1324
20--2139,2/11/2020,1:01 PM,GLADSTONE AVE @ KENT ST (0002251),2251,03 - At intersection,03 - P.D. only,04 - Sideswipe,01 - Clear,01 - Daylight,04 - Slush,01 - Traffic signal,01 - Functioning,2,0,0,0,,0,,,,,367744.7076,5030459.566,45.41124158,-75.69583024,1325
20--214,1/6/2020,5:57 PM,GALETTA SIDE RD btwn JOHN SHAW RD & HOMESTEADERS RD (__3ZA4RB),__3ZA4RB,01 - Non intersection,03 - P.D. only,07 - SMV other,03 - Snow,07 - Dark,04 - Slush,10 - No control,,1,0,0,0,,0,,,,,326379.258,5033766.38,45.44349591,-76.2241505,1326
20--2140,2/11/2020,1:09 PM,KING EDWARD AVE @ OSGOODE ST/THOMAS MORE PRIV (0007750),7750,02 - Intersection related,03 - P.D. only,04 - Sideswipe,02 - Rain,01 - Daylight,02 - Wet,01 - Traffic signal,01 - Functioning,2,0,0,0,,0,,,,,368849.7096,5031852.579,45.42367516,-75.68153331,1327
20--2141,2/11/2020,1:30 PM,LEITRIM RD @ RIVER RD (0004194),4194,02 - Intersection related,03 - P.D. only,03 - Rear end,01 - Clear,01 - Daylight,04 - Slush,02 - Stop sign,01 - Functioning,2,0,0,0,,0,,,,,368019.7105,5017177.468,45.29170744,-75.69401536,1328
20--2142,2/11/2020,1:45 PM,HIGHWAY 417 btwn HWY417 IC140 RAMP61 & HWY417 IC139 RAMP61 (__4BCL0Z),__4BCL0Z,01 - Non intersection,03 - P.D. only,99 - Other,01 - Clear,01 - Daylight,01 - Dry,10 - No control,,2,0,0,0,,0,,,,,351660.2696,5019213.671,45.31131107,-75.90237513,1329
20--2143,2/11/2020,10:10 AM,ALDEA AVE btwn CLOVER ST & LASALLE ST (__3ZA86C),__3ZA86C,01 - Non intersection,03 - P.D. only,06 - SMV unattended vehicle,01 - Clear,01 - Daylight,04 - Slush,10 - No control,,1,0,0,0,,0,,,,,369290.713,5027018.304,45.38013749,-75.67653066,1330
20--2144,2/11/2020,10:30 AM,RIDEAU RD btwn DOWNEY RD & BOWESVILLE RD (__3ZA6L7),__3ZA6L7,01 - Non intersection,03 - P.D. only,03 - Rear end,01 - Clear,01 - Daylight,02 - Wet,10 - No control,,2,0,0,0,,0,,,,,372897.367,5015281.567,45.27419289,-75.63209745,1331
20--2145,2/11/2020,11:08 AM,STRANDHERD DR @ LONGFIELDS DR (0010935),10935,02 - Intersection related,03 - P.D. only,04 - Sideswipe,03 - Snow,01 - Daylight,02 - Wet,01 - Traffic signal,01 - Functioning,2,0,0,0,,0,,,,,364548.8045,5015173.324,45.27397787,-75.73850301,1332
20--2146,2/11/2020,11:45 PM,HWY 417 MAITLAND IC126R63 @ MAITLAND AVE (0010889),10889,03 - At intersection,03 - P.D. only,04 - Sideswipe,01 - Clear,07 - Dark,02 - Wet,03 - Yield sign,01 - Functioning,2,0,0,0,,0,,,,,363166.686,5025928.518,45.3708687,-75.75484896,1333
20--2147,2/11/2020,Unknown,ALASKEN DR btwn WOOD ACRES GROVE & WOOD ACRES GROVE (__7OBPV9),__7OBPV9,01 - Non intersection,03 - P.D. only,06 - SMV unattended vehicle,02 - Rain,00 - Unknown,05 - Packed snow,10 - No control,,1,0,0,0,,0,,,,,375522.978,5019969.946,45.31611807,-75.59796948,1334
20--2148,2/11/2020,Unknown,SWEETCLOVER WAY btwn ALLIUM ST & ARUM TERR (e___2JIM),e___2JIM,01 - Non intersection,03 - P.D. only,06 - SMV unattended vehicle,01 - Clear,00 - Unknown,03 - Loose snow,10 - No control,,1,0,0,0,,0,,,,,384090.535,5033793.853,45.43957963,-75.48649175,1335
20--2149,2/11/2020,Unknown,ELLA ST btwn CAPITAL PK & CRAIG ST (__3ZAZYL),__3ZAZYL,01 - Non intersection,03 - P.D. only,06 - SMV unattended vehicle,03 - Snow,00 - Unknown,03 - Loose snow,10 - No control,,1,0,0,0,,0,,,,,367956.5824,5029057.584,45.39860789,-75.69330321,1336
20--215,1/6/2020,6:00 PM,CASTLEFRANK RD @ KATIMAVIK RD (0003228),3228,03 - At intersection,02 - Non-fatal injury,07 - SMV other,03 - Snow,07 - Dark,05 - Packed snow,01 - Traffic signal,01 - Functioning,1,0,0,1,02 - Minor,1,,1,,,351950.4444,5018943.514,45.30886071,-75.89870034,1337
20--2150,2/11/2020,12:01 PM,ST. JOSEPH BLVD @ 500 E OF HART RD (0009271),9271,02 - Intersection related,02 - Non-fatal injury,03 - Rear end,01 - Clear,01 - Daylight,02 - Wet,01 - Traffic signal,01 - Functioning,2,0,0,0,02 - Minor,3,2,1,,,378027.9566,5035851.237,45.45875183,-75.56366781,1338
20--2151,2/11/2020,12:23 AM,MANCINI WAY btwn SILVERSTONE WAY & SILVERSTONE WAY (__8176OA),__8176OA,01 - Non intersection,03 - P.D. only,06 - SMV unattended vehicle,01 - Clear,07 - Dark,04 - Slush,10 - No control,,1,0,0,0,,0,,,,,364729.09,5014891.777,45.27142917,-75.73623946,1339
20--2152,2/11/2020,12:45 PM,HIGHWAY 417 btwn HWY417 IC129 RAMP26 & HWY417 IC129 RAMP61 (__3ZA2UO),__3ZA2UO,01 - Non intersection,03 - P.D. only,03 - Rear end,01 - Clear,01 - Daylight,01 - Dry,10 - No control,,2,0,0,0,,0,,,,,360634.2479,5023693.689,45.35096615,-75.78742979,1340
20--2153,2/11/2020,12:47 PM,BANK ST btwn RIDEAU RD & TURN LANE (__3ZBPH9),__3ZBPH9,01 - Non intersection,03 - P.D. only,03 - Rear end,01 - Clear,01 - Daylight,02 - Wet,10 - No control,,2,0,0,0,,0,,,,,377451.7338,5016647.068,45.28602332,-75.57385944,1341
20--2154,2/11/2020,2:30 PM,COVENTRY RD @ VANIER PKWY (0002139),2139,02 - Intersection related,03 - P.D. only,04 - Sideswipe,01 - Clear,01 - Daylight,01 - Dry,01 - Traffic signal,01 - Functioning,2,0,0,0,,0,,,,,370676.0753,5031611.663,45.42133789,-75.6582296,1342
20--2155,2/11/2020,2:31 PM,CARLING AVE @ FAIRLAWN AVE/WOODROFFE AVE E (0002393),2393,02 - Intersection related,02 - Non-fatal injury,04 - Sideswipe,01 - Clear,01 - Daylight,02 - Wet,01 - Traffic signal,01 - Functioning,2,0,0,0,01 - Minimal,1,1,,,,361934.6841,5025830.528,45.37008852,-75.77058762,1343
20--2156,2/11/2020,2:39 PM,BANK ST @ JOHNSTON RD (0006967),6967,02 - Intersection related,03 - P.D. only,03 - Rear end,01 - Clear,01 - Daylight,01 - Dry,01 - Traffic signal,01 - Functioning,2,0,0,0,,0,,,,,370851.7306,5024839.529,45.36038817,-75.6568918,1344
20--2157,2/11/2020,3:10 PM,MEADOWBROOK RD btwn FOXWELL ST & DONDALE ST (__3ZA44O),__3ZA44O,01 - Non intersection,03 - P.D. only,06 - SMV unattended vehicle,01 - Clear,01 - Daylight,05 - Packed snow,10 - No control,,1,0,0,0,,0,,,,,374495.0498,5031567.871,45.42057384,-75.60944236,1345
20--2158,2/11/2020,3:41 AM,MOODIE DR btwn RICHMOND RD & RICHMOND RD (__3ZBOCV),__3ZBOCV,01 - Non intersection,03 - P.D. only,07 - SMV other,01 - Clear,07 - Dark,01 - Dry,10 - No control,,1,0,0,0,,0,,,,,357410.6419,5019641,45.31474897,-75.82899809,1346
20--2159,2/11/2020,4:23 PM,LAIRD ST @ MEADOWLANDS DR (0001754),1754,02 - Intersection related,03 - P.D. only,03 - Rear end,01 - Clear,01 - Daylight,01 - Dry,02 - Stop sign,00 - Unknown,2,0,0,0,,0,,,,,364198.6997,5023360.524,45.34767552,-75.74198329,1347
20--216,1/6/2020,6:00 PM,BESSERER ST btwn DALHOUSIE ST & WALLER ST (__3ZA3VZ),__3ZA3VZ,01 - Non intersection,03 - P.D. only,04 - Sideswipe,01 - Clear,07 - Dark,04 - Slush,10 - No control,,2,0,0,0,,0,,,,,368283.9768,5032174.798,45.42662594,-75.68872033,1348
20--2160,2/11/2020,4:50 PM,ST. PATRICK ST WB btwn FORSEY ST & ISLAND LODGE RD (__3ZA1LB),__3ZA1LB,01 - Non intersection,03 - P.D. only,03 - Rear end,01 - Clear,05 - Dusk,02 - Wet,10 - No control,,2,0,0,0,,0,,,,,368612.8592,5033227.373,45.4360667,-75.68438147,1349
20--2161,2/11/2020,4:55 PM,ST. JOSEPH BLVD @ JEANNE D'ARC BLVD (0012421),12421,03 - At intersection,03 - P.D. only,04 - Sideswipe,01 - Clear,01 - Daylight,01 - Dry,11 - Roundabout,01 - Functioning,2,0,0,0,,0,,,,,379860.7425,5036471.575,45.46413866,-75.54014138,1350
20--2162,2/11/2020,5:00 PM,LEITRIM RD @ RIVER RD (0004194),4194,03 - At intersection,03 - P.D. only,02 - Angle,01 - Clear,05 - Dusk,01 - Dry,02 - Stop sign,01 - Functioning,2,0,0,0,,0,,,,,368019.7015,5017177.451,45.29170729,-75.69401548,1351
20--2163,2/11/2020,5:15 PM,GOULBOURN FORCED RD btwn TERRY FOX DR & KANATA ROCKERIES PRIV (__5UAEGG),__5UAEGG,01 - Non intersection,03 - P.D. only,04 - Sideswipe,01 - Clear,05 - Dusk,02 - Wet,10 - No control,,2,0,0,0,,0,,,,,349415.7828,5021172.301,45.32908154,-75.93082194,1352
20--2164,2/11/2020,5:30 PM,HIGHWAY 417 btwn HWY417 IC124 RAMP57 & HWY417 IC124 RAMP55 (__3ZA2Y1),__3ZA2Y1,01 - Non intersection,03 - P.D. only,03 - Rear end,01 - Clear,05 - Dusk,01 - Dry,10 - No control,,5,0,0,0,,0,,,,,364105.8275,5027081.371,45.38116305,-75.7427218,1353
20--2165,2/11/2020,5:50 PM,PARKDALE AVE @ WELLINGTON ST (0002260),2260,02 - Intersection related,03 - P.D. only,02 - Angle,01 - Clear,07 - Dark,04 - Slush,01 - Traffic signal,01 - Functioning,2,0,0,0,,0,,,,,365149.7009,5029270.558,45.40077175,-75.72912601,1354
20--2166,2/11/2020,5:57 AM,DUNROBIN RD btwn CONSTANCE BAY RD & KINBURN SIDE RD (__3ZA3FF),__3ZA3FF,01 - Non intersection,03 - P.D. only,03 - Rear end,01 - Clear,07 - Dark,02 - Wet,10 - No control,,2,0,0,0,,0,,,,,336844.7646,5037152.484,45.47356358,-76.09015123,1355
20--2167,2/11/2020,6:10 PM,HIGHWAY 417 btwn HWY417 IC123 RAMP62 & HWY417 IC122 RAMP16 (__3ZA2R9),__3ZA2R9,01 - Non intersection,02 - Non-fatal injury,03 - Rear end,01 - Clear,07 - Dark,01 - Dry,10 - No control,,3,0,0,0,01 - Minimal,1,1,,,,365027.1014,5028528.755,45.39410773,-75.73078245,1356
20--2168,2/11/2020,6:15 PM,WALKLEY EXTENSION RD btwn HWY417 IC110 RAMP65 & HWY417 IC110 RAMP56 (__3ZAZE6),__3ZAZE6,01 - Non intersection,03 - P.D. only,03 - Rear end,01 - Clear,07 - Dark,02 - Wet,10 - No control,,2,0,0,0,,0,,,,,375860.7518,5029106.295,45.39828856,-75.59234855,1357
20--2169,2/11/2020,7:45 AM,HUNT CLUB RD btwn DAZE ST & TURN LANE (__5AFH5U),__5AFH5U,01 - Non intersection,03 - P.D. only,04 - Sideswipe,01 - Clear,01 - Daylight,04 - Slush,10 - No control,,2,0,0,0,,0,,,,,371497.0597,5023974.588,45.35254462,-75.64877219,1358
20--217,1/6/2020,6:05 PM,COOPER ST btwn METCALFE ST & ELGIN ST (__3ZA9UY),__3ZA9UY,04 - At/near private drive,03 - P.D. only,02 - Angle,03 - Snow,07 - Dark,03 - Loose snow,10 - No control,,2,0,0,0,,0,,,,,368059.7624,5031236.338,45.41820231,-75.69170585,1359
20--2170,2/11/2020,8:25 AM,HAWTHORNE RD/RUSSELL RD @ WALKLEY RD (0002618),2618,02 - Intersection related,03 - P.D. only,04 - Sideswipe,01 - Clear,01 - Daylight,01 - Dry,01 - Traffic signal,01 - Functioning,2,0,0,0,,0,,,,,374674.7477,5028499.544,45.39294868,-75.60758133,1360
20--2171,2/11/2020,8:25 PM,JOCKVALE RD @ LONGFIELDS DR (0013613),13613,03 - At intersection,03 - P.D. only,02 - Angle,01 - Clear,07 - Dark,02 - Wet,02 - Stop sign,01 - Functioning,2,0,0,0,,0,,,,,364829.2929,5014001.028,45.26340567,-75.73507021,1361
20--2172,2/11/2020,8:30 AM,TWEEDSMUIR AVE btwn TRANSIT & RICHMOND RD (__3ZA0YL),__3ZA0YL,04 - At/near private drive,03 - P.D. only,06 - SMV unattended vehicle,01 - Clear,01 - Daylight,04 - Slush,10 - No control,,1,0,0,0,,0,,,,,363482.139,5028588.35,45.39477513,-75.75050583,1362
20--2173,2/11/2020,8:31 AM,BANK ST @ FOURTH AVE (0007249),7249,03 - At intersection,03 - P.D. only,02 - Angle,01 - Clear,01 - Daylight,04 - Slush,02 - Stop sign,01 - Functioning,2,0,0,0,,0,,,,,368367.7117,5029476.567,45.40234056,-75.68799839,1363
20--2174,2/11/2020,8:33 AM,OGILVIE RD btwn JASMINE CRES & ELMRIDGE DR (__3ZA2DT),__3ZA2DT,01 - Non intersection,03 - P.D. only,03 - Rear end,01 - Clear,01 - Daylight,04 - Slush,10 - No control,,2,0,0,0,,0,,,,,375355.7675,5033721.819,45.43986757,-75.59813693,1364
20--2175,2/11/2020,8:35 AM,TWEEDSMUIR AVE btwn TRANSIT & RICHMOND RD (__3ZA0YL),__3ZA0YL,04 - At/near private drive,03 - P.D. only,02 - Angle,01 - Clear,01 - Daylight,04 - Slush,10 - No control,,2,0,0,0,,0,,,,,363424.9292,5028724.598,45.39600586,-75.75122026,1365
20--2176,2/11/2020,9:05 AM,KIRKPATRICK CRT btwn MCGIBBON DR & END (__3ZA4CK),__3ZA4CK,04 - At/near private drive,03 - P.D. only,06 - SMV unattended vehicle,01 - Clear,01 - Daylight,04 - Slush,10 - No control,,1,0,0,0,,0,,,,,351472.6735,5018870.961,45.30823977,-75.90479976,1366
20--2177,2/11/2020,9:25 AM,DONNELLY DR @ MERLYN WILSON RD (0003644),3644,03 - At intersection,03 - P.D. only,02 - Angle,01 - Clear,01 - Daylight,02 - Wet,02 - Stop sign,01 - Functioning,2,0,0,0,,0,,,,,369253.6936,4990842.212,45.05462995,-75.68168583,1367
20--2178,2/11/2020,9:37 PM,BANK ST btwn TURN LANE & SPRINGHILL RD (__3ZA2LG),__3ZA2LG,01 - Non intersection,03 - P.D. only,07 - SMV other,01 - Clear,07 - Dark,02 - Wet,10 - No control,,1,0,0,0,,0,,,,,384787.4046,5007198.647,45.20021544,-75.48188058,1368
20--2179,2/11/2020,9:45 AM,HUNT CLUB RD @ RIVERSIDE DR (0002237),2237,02 - Intersection related,02 - Non-fatal injury,03 - Rear end,01 - Clear,01 - Daylight,01 - Dry,01 - Traffic signal,01 - Functioning,2,0,0,0,01 - Minimal,2,2,,,,368036.6912,5021945.497,45.33460787,-75.69319035,1369
20--218,1/6/2020,6:10 PM,HUNT CLUB RD @ RIVERSIDE DR (0002237),2237,02 - Intersection related,03 - P.D. only,04 - Sideswipe,01 - Clear,07 - Dark,05 - Packed snow,01 - Traffic signal,01 - Functioning,2,0,0,0,,0,,,,,368036.7038,5021945.505,45.33460794,-75.69319019,1370
20--2180,2/11/2020,9:53 PM,BLAIR RD @ INNES RD (0004165),4165,02 - Intersection related,03 - P.D. only,07 - SMV other,01 - Clear,07 - Dark,02 - Wet,01 - Traffic signal,01 - Functioning,1,0,0,0,,0,,,,,375578.7338,5031439.553,45.41931052,-75.59561529,1371
20--2181,2/12/2020,1:00 PM,ARLINGTON AVE @ BRONSON AVE (0006759),6759,03 - At intersection,03 - P.D. only,02 - Angle,01 - Clear,01 - Daylight,02 - Wet,01 - Traffic signal,01 - Functioning,2,0,0,0,,0,,,,,367222.7046,5029867.565,45.40596169,-75.70257356,1372
20--2182,2/12/2020,1:24 PM,WOODFIELD DR btwn DOWNSVIEW CRES & MERIVALE RD (__3ZA00W),__3ZA00W,04 - At/near private drive,03 - P.D. only,02 - Angle,01 - Clear,01 - Daylight,01 - Dry,10 - No control,,2,0,0,0,,0,,,,,365149.1383,5022205.093,45.33719797,-75.72999631,1373
20--2183,2/12/2020,10:30 AM,YOUVILLE DR btwn ST. JOSEPH BLVD & JEANNE D'ARC BLVD S (__3ZA6DC),__3ZA6DC,01 - Non intersection,03 - P.D. only,07 - SMV other,01 - Clear,01 - Daylight,04 - Slush,10 - No control,,1,0,0,0,,0,,,,,379314.0945,5036613.097,45.46547049,-75.54710935,1374
20--2184,2/12/2020,10:30 AM,MONTREAL RD @ 46 E OF HILLSIDE DR/MONTREAL SQU (0008215),8215,02 - Intersection related,03 - P.D. only,03 - Rear end,01 - Clear,01 - Daylight,01 - Dry,01 - Traffic signal,01 - Functioning,2,0,0,0,,0,,,,,371749.9725,5033916.693,45.44197554,-75.64419536,1375
20--2185,2/12/2020,11:23 AM,BRITANNIA RD @ CONN ST (0003029),3029,03 - At intersection,03 - P.D. only,02 - Angle,01 - Clear,01 - Daylight,04 - Slush,02 - Stop sign,01 - Functioning,2,0,0,0,,0,,,,,360042.6667,5025041.523,45.36314078,-75.79482849,1376
20--2186,2/12/2020,11:39 PM,DUNROBIN RD btwn KINBURN SIDE RD & VANCES SIDE RD (__3ZA3FG),__3ZA3FG,01 - Non intersection,03 - P.D. only,07 - SMV other,01 - Clear,07 - Dark,01 - Dry,10 - No control,,1,0,0,0,,0,,,,,338163.4038,5035779.877,45.46115078,-76.07337963,1377
20--2187,2/12/2020,11:53 AM,BYRON AVE @ ISLAND PARK DR (0006365),6365,02 - Intersection related,02 - Non-fatal injury,03 - Rear end,01 - Clear,01 - Daylight,02 - Wet,01 - Traffic signal,01 - Functioning,2,0,0,0,02 - Minor,1,,1,,,364255.7006,5028603.547,45.39484661,-75.74062486,1378
20--2188,2/12/2020,Unknown,MARLBOROUGH AVE btwn OSGOODE ST & SOMERSET ST E (__3ZA8KJ),__3ZA8KJ,01 - Non intersection,03 - P.D. only,06 - SMV unattended vehicle,01 - Clear,00 - Unknown,04 - Slush,10 - No control,,1,0,0,0,,0,,,,,369476.3063,5032136.115,45.42616866,-75.67348988,1379
20--2189,2/12/2020,Unknown,BALLANTYNE DR btwn CELESTE WAY & PROVENCE AVE (__3ZAZK7),__3ZAZK7,01 - Non intersection,03 - P.D. only,06 - SMV unattended vehicle,03 - Snow,00 - Unknown,02 - Wet,10 - No control,,1,0,0,0,,0,,,,,385973.8946,5037095.749,45.46907076,-75.46187721,1380
20--219,1/6/2020,6:25 PM,KING EDWARD AVE @ LAURIER AVE (0002170),2170,02 - Intersection related,03 - P.D. only,03 - Rear end,03 - Snow,07 - Dark,03 - Loose snow,01 - Traffic signal,01 - Functioning,2,0,0,0,,0,,,,,368739.6906,5032034.578,45.42532279,-75.68291544,1381
20--2190,2/12/2020,Unknown,CEDAROCK DR btwn HANOVER CRT & SPRINGTREE PL (__3ZA2VO),__3ZA2VO,01 - Non intersection,03 - P.D. only,06 - SMV unattended vehicle,03 - Snow,00 - Unknown,03 - Loose snow,10 - No control,,1,0,0,0,,0,,,,,354930.6541,5016872.89,45.29002243,-75.86090602,1382
20--2191,2/12/2020,Unknown,MCLEOD ST btwn BRONSON AVE & PERCY ST (__3ZA89G),__3ZA89G,01 - Non intersection,03 - P.D. only,06 - SMV unattended vehicle,01 - Clear,00 - Unknown,04 - Slush,10 - No control,,1,0,0,0,,0,,,,,367293.3355,5030094.368,45.40799609,-75.70164262,1383
20--2192,2/12/2020,2:00 PM,BOOTH ST @ GLADSTONE AVE (0002211),2211,03 - At intersection,03 - P.D. only,03 - Rear end,01 - Clear,01 - Daylight,01 - Dry,01 - Traffic signal,01 - Functioning,2,0,0,0,,0,,,,,366768.7136,5029850.539,45.40584883,-75.7083747,1384
20--2193,2/12/2020,2:15 PM,BLAIR RD @ OGILVIE RD (0004120),4120,02 - Intersection related,03 - P.D. only,03 - Rear end,01 - Clear,01 - Daylight,01 - Dry,01 - Traffic signal,01 - Functioning,2,0,0,0,,0,,,,,374507.7228,5033198.572,45.43524475,-75.60904964,1385
20--2194,2/12/2020,2:45 PM,BRONSON AVE @ FIFTH AVE/MADAWASKA DR (0006977),6977,02 - Intersection related,03 - P.D. only,04 - Sideswipe,01 - Clear,01 - Daylight,01 - Dry,01 - Traffic signal,01 - Functioning,2,0,0,0,,0,,,,,367613.7067,5028938.55,45.3975677,-75.69769747,1386
20--2195,2/12/2020,2:50 PM,CARLETON AVE btwn GARRISON ST & WELLINGTON ST W (__3ZA027),__3ZA027,04 - At/near private drive,03 - P.D. only,06 - SMV unattended vehicle,01 - Clear,01 - Daylight,02 - Wet,10 - No control,,1,0,0,0,,0,,,,,364218.7209,5028974.745,45.39818972,-75.74105241,1387
20--2196,2/12/2020,3:00 PM,AIRPORT PKWY btwn RAMP & TO BE DETERMINED (__3ZA222),__3ZA222,01 - Non intersection,03 - P.D. only,04 - Sideswipe,01 - Clear,01 - Daylight,01 - Dry,10 - No control,,2,1,0,0,,0,,,,,370143.5404,5025422.41,45.36569912,-75.66585335,1388
20--2197,2/12/2020,3:20 PM,HUNT CLUB RD EB btwn 275 E OF HAWTHORNE RD/OC TRANSPO TURNAROUND & HAWTHORNE RD (e___2HF3A),e___2HF3A,01 - Non intersection,03 - P.D. only,99 - Other,01 - Clear,01 - Daylight,01 - Dry,10 - No control,,2,0,0,0,,0,,,,,375522.253,5026423.525,45.37418462,-75.59705602,1389
20--2198,2/12/2020,3:33 PM,RIDEAU ST btwn NICHOLAS ST & DALHOUSIE ST (__3ZA25T),__3ZA25T,01 - Non intersection,03 - P.D. only,03 - Rear end,01 - Clear,01 - Daylight,01 - Dry,10 - No control,,2,0,0,0,,0,,,,,368199.051,5032222.272,45.4270608,-75.6897994,1390
20--2199,2/12/2020,4:22 PM,ST. LAURENT BLVD btwn DON REID DR & CONROY RD (__3ZA40H),__3ZA40H,04 - At/near private drive,03 - P.D. only,02 - Angle,03 - Snow,01 - Daylight,02 - Wet,10 - No control,,2,0,0,0,,0,,,,,372898.7517,5027059.934,45.38017064,-75.63045976,1391
20--22,1/2/2020,1:00 PM,CASTLEFRANK RD btwn MCCURDY DR & KAKULU RD (__3ZACZO),__3ZACZO,01 - Non intersection,03 - P.D. only,03 - Rear end,01 - Clear,01 - Daylight,02 - Wet,10 - No control,,2,0,0,0,,0,,,,,352167.1834,5018595.168,45.30571162,-75.89596976,1392
20--220,1/6/2020,6:49 PM,HIGHWAY 417 btwn HIGHWAY 417 & HIGHWAY 417 (1) (__3ZA2UX),__3ZA2UX,01 - Non intersection,03 - P.D. only,04 - Sideswipe,03 - Snow,07 - Dark,04 - Slush,10 - No control,,2,0,0,0,,0,,,,,375407.8254,5030018.688,45.40654362,-75.59800237,1393
20--2200,2/12/2020,4:42 PM,AIRPORT PKWY btwn RAMP & RAMP (4) (__3ZA22T),__3ZA22T,01 - Non intersection,03 - P.D. only,05 - Turning movement,01 - Clear,05 - Dusk,01 - Dry,10 - No control,,2,0,0,0,,0,,,,,371297.8285,5021622.774,45.33140263,-75.65163074,1394
20--2201,2/12/2020,4:46 PM,ALTA VISTA DR @ RANDALL AVE (0008072),8072,02 - Intersection related,03 - P.D. only,03 - Rear end,01 - Clear,01 - Daylight,02 - Wet,01 - Traffic signal,00 - Unknown,2,0,0,0,,0,,,,,370408.7263,5027366.542,45.38316701,-75.6622102,1395
20--2202,2/12/2020,4:50 PM,SHEA RD btwn BROWNLEE RD & GARVIN RD (__3ZACH2),__3ZACH2,01 - Non intersection,03 - P.D. only,07 - SMV other,01 - Clear,01 - Daylight,06 - Ice,10 - No control,,1,0,0,0,,0,,,,,356375.6867,5008334.478,45.21308723,-75.84337107,1396
20--2203,2/12/2020,4:52 PM,HERON RD EB btwn HERON RD EB OFF RAMP/VINCENT MASSEY PARK & HERON RD E (__3ZAZWB),__3ZAZWB,01 - Non intersection,02 - Non-fatal injury,03 - Rear end,01 - Clear,01 - Daylight,02 - Wet,10 - No control,,3,0,0,0,01 - Minimal,1,1,,,,367632.5271,5026530.691,45.37590075,-75.69776364,1397
20--2204,2/12/2020,5:49 PM,WOODROFFE AVE @ KNOXDALE RD/MEDHURST DR (0000519),519,03 - At intersection,03 - P.D. only,05 - Turning movement,01 - Clear,05 - Dusk,01 - Dry,01 - Traffic signal,01 - Functioning,2,0,0,0,,0,,,,,363419.6944,5021826.491,45.33393796,-75.75210547,1398
20--2205,2/12/2020,6:04 AM,CEDARVIEW RD @ WEST HUNT CLUB RD (0010267),10267,03 - At intersection,03 - P.D. only,05 - Turning movement,01 - Clear,07 - Dark,02 - Wet,01 - Traffic signal,01 - Functioning,2,0,0,0,,0,,,,,359718.664,5019554.476,45.3137937,-75.79957308,1399
20--2206,2/12/2020,6:05 AM,REGIONAL ROAD 174 btwn TRANSIT & OR174 IC109 RAMP56 (__3ZAZ6U),__3ZAZ6U,01 - Non intersection,03 - P.D. only,04 - Sideswipe,01 - Clear,07 - Dark,01 - Dry,10 - No control,,2,0,0,0,,0,,,,,376295.4405,5034635.746,45.44799505,-75.58599452,1400
20--2207,2/12/2020,6:25 PM,TIMM DR btwn EAGLESON RD & HAANEL DR (__3ZAZCZ),__3ZAZCZ,01 - Non intersection,03 - P.D. only,07 - SMV other,01 - Clear,07 - Dark,01 - Dry,10 - No control,,1,0,0,0,,0,,,,,353519.4873,5019533.973,45.31406668,-75.87863378,1401
20--2208,2/12/2020,6:30 PM,BRIDLEWOOD DR @ STONEHAVEN DR (0003692),3692,03 - At intersection,03 - P.D. only,05 - Turning movement,01 - Clear,07 - Dark,01 - Dry,02 - Stop sign,01 - Functioning,2,0,0,0,,0,,,,,354796.0259,5016897.353,45.29025215,-75.86261976,1402
20--23,1/2/2020,1:40 PM,BAYSWATER AVE @ SOMERSET ST (0006486),6486,03 - At intersection,03 - P.D. only,05 - Turning movement,01 - Clear,01 - Daylight,06 - Ice,01 - Traffic signal,01 - Functioning,2,0,0,0,,0,,,,,365812.6892,5029911.568,45.40648194,-75.72057883,1403
20--1939,2/7/2020,8:35 AM,BASELINE RD @ MERIVALE RD (0002342),2342,02 - Intersection related,03 - P.D. only,03 - Rear end,03 - Snow,01 - Daylight,03 - Loose snow,01 - Traffic signal,01 - Functioning,2,0,0,0,,0,,,,,365054.6903,5025325.507,45.36528313,-75.73082104,1404
20--230,1/6/2020,7:30 AM,TERRY FOX DR @ PALLADIUM DR/KATIMAVIK RD (0011858),11858,02 - Intersection related,03 - P.D. only,02 - Angle,03 - Snow,03 - Dawn,03 - Loose snow,01 - Traffic signal,01 - Functioning,2,0,0,0,,0,,,,,351269.7021,5018181.775,45.30205175,-75.90745265,1405
20--194,1/6/2020,12:52 PM,BESSERER ST @ KING EDWARD AVE (0007758),7758,02 - Intersection related,03 - P.D. only,03 - Rear end,03 - Snow,01 - Daylight,04 - Slush,01 - Traffic signal,00 - Unknown,2,0,0,0,,0,,,,,368550.6996,5032340.568,45.42809322,-75.6852907,1406