Anom_ID,Accident_Date,Accident_Time,Location,Geo_ID,Accident_Location,Classification_of_Accident,Initial_Impact_Type,Environment_Condition,Light,Road_Surface_Condition,Traffic_Control,Traffic_Control_Condition,No__of_Vehicles,No__of_Bicycles,No__of_Motorcycles,No__of_Pedestrians,Max_Injury,No__of_Injuries,No__of_Minimal,No__of_Minor,No__of_Major,No__of_Fatal,X,Y,Latitude,Longitude,ObjectId
20--2300,2/14/2020,10:15 AM,ROSEMOUNT AVE btwn WELLINGTON ST W & GLADSTONE AVE (__3ZA05K),__3ZA05K,01 - Non intersection,03 - P.D. only,06 - SMV unattended vehicle,01 - Clear,01 - Daylight,06 - Ice,10 - No control,,1,0,0,0,,0,,,,,365366.6851,5029421.097,45.40210753,-75.72633614,1407
20--1940,2/7/2020,8:41 AM,TERRY FOX DR @ FERNBANK RD (0011863),11863,03 - At intersection,02 - Non-fatal injury,05 - Turning movement,03 - Snow,01 - Daylight,05 - Packed snow,01 - Traffic signal,01 - Functioning,2,0,0,0,01 - Minimal,1,1,,,,354303.6309,5015130.48,45.27438827,-75.86907298,1408
20--2301,2/14/2020,10:16 AM,WEST HUNT CLUB RD EB btwn KNOXDALE RD & WOODROFFE AVE (__3ZA17C),__3ZA17C,01 - Non intersection,03 - P.D. only,04 - Sideswipe,01 - Clear,01 - Daylight,01 - Dry,10 - No control,,2,0,0,0,,0,,,,,363356.223,5021041.283,45.326878,-75.75300808,1409
20--1941,2/7/2020,8:44 AM,CUMBERLAND ST @ ST. PATRICK ST (0008238),8238,03 - At intersection,02 - Non-fatal injury,02 - Angle,01 - Clear,01 - Daylight,05 - Packed snow,01 - Traffic signal,01 - Functioning,2,0,0,0,01 - Minimal,1,1,,,,368128.7152,5032748.577,45.43180268,-75.69063048,1410
20--2302,2/14/2020,10:21 AM,HWY417 IC122 RAMP61 btwn BEVERLEY AVE & HIGHWAY 417 (__3ZAY92),__3ZAY92,01 - Non intersection,03 - P.D. only,03 - Rear end,01 - Clear,01 - Daylight,01 - Dry,10 - No control,,2,0,0,0,,0,,,,,365517.5897,5029052.704,45.39877974,-75.72445405,1411
20--1942,2/7/2020,8:49 AM,SHERBOURNE RD btwn WINDERMERE AVE & FRASER AVE (__3ZA0EB),__3ZA0EB,04 - At/near private drive,03 - P.D. only,02 - Angle,03 - Snow,01 - Daylight,03 - Loose snow,10 - No control,,2,0,0,0,,0,,,,,362806.3157,5026686.948,45.37772289,-75.75936024,1412
20--2303,2/14/2020,11:00 AM,RIVERSIDE DR @ HERON RD (0002236),2236,02 - Intersection related,03 - P.D. only,03 - Rear end,01 - Clear,01 - Daylight,01 - Dry,01 - Traffic signal,01 - Functioning,2,0,0,0,,0,,,,,368121.0972,5026647.213,45.3769052,-75.69151133,1413
20--1943,2/7/2020,8:50 PM,HUNT CLUB RD @ CANADAIR PRIV (0010852),10852,02 - Intersection related,03 - P.D. only,02 - Angle,01 - Clear,07 - Dark,01 - Dry,01 - Traffic signal,01 - Functioning,2,0,0,0,,0,,,,,368662.7212,5022311.486,45.33784426,-75.68515668,1414
20--2304,2/14/2020,11:29 AM,PINECREST RD/HWY 417 PINECRE IC129R63 @ TRANSI (0008264),8264,02 - Intersection related,02 - Non-fatal injury,03 - Rear end,01 - Clear,01 - Daylight,01 - Dry,01 - Traffic signal,01 - Functioning,2,0,0,0,01 - Minimal,2,2,,,,360388.0872,5023677.839,45.35084308,-75.79057289,1415
20--2305,2/14/2020,11:30 AM,HUNT CLUB RD @ RIVERSIDE DR (0002237),2237,02 - Intersection related,03 - P.D. only,03 - Rear end,01 - Clear,01 - Daylight,01 - Dry,01 - Traffic signal,01 - Functioning,2,0,0,0,,0,,,,,368036.7117,5021945.483,45.33460774,-75.69319009,1416
20--2306,2/14/2020,11:30 AM,GREENBANK RD @ IRIS ST/HWY 417 IC129 RAMP51 (0009073),9073,02 - Intersection related,03 - P.D. only,03 - Rear end,01 - Clear,01 - Daylight,01 - Dry,01 - Traffic signal,01 - Functioning,2,0,0,0,,0,,,,,360531.2961,5023312.493,45.34754434,-75.78878654,1417
20--2307,2/14/2020,11:45 AM,BILLINGS BRIDGESC RAMP SB @ RIVERSIDE DR EB (0010763),10763,03 - At intersection,03 - P.D. only,02 - Angle,01 - Clear,01 - Daylight,01 - Dry,02 - Stop sign,01 - Functioning,2,0,0,0,,0,,,,,369177.2782,5027785.489,45.38705081,-75.67787888,1418
20--2308,2/14/2020,11:54 AM,KING EDWARD AVE btwn THOMAS MORE PRIV & MARIE CURIE PRIV (__3ZA3US),__3ZA3US,01 - Non intersection,02 - Non-fatal injury,03 - Rear end,01 - Clear,01 - Daylight,01 - Dry,10 - No control,,3,0,0,0,02 - Minor,1,,1,,,368855.794,5031843.035,45.42358873,-75.68145681,1419
20--2309,2/14/2020,Unknown,WESTPOINTE CRES btwn GARDENGATE WAY & GARDENGATE WAY (__3ZA50C),__3ZA50C,01 - Non intersection,03 - P.D. only,06 - SMV unattended vehicle,01 - Clear,00 - Unknown,05 - Packed snow,10 - No control,,1,0,0,0,,0,,,,,362307.3312,5023006.552,45.34464813,-75.76615913,1420
20--231,1/6/2020,7:31 AM,PINECREST RD btwn RICHMOND RD & FALLIS AVE (__3ZA4M7),__3ZA4M7,04 - At/near private drive,03 - P.D. only,02 - Angle,01 - Clear,03 - Dawn,03 - Loose snow,10 - No control,,2,0,0,0,,0,,,,,360102.7302,5024388.176,45.35725724,-75.79413495,1421
20--2310,2/14/2020,Unknown,FINCHLEY DR btwn PALMADEO DR & GLEESON WAY (__37AA0M),__37AA0M,01 - Non intersection,03 - P.D. only,06 - SMV unattended vehicle,01 - Clear,00 - Unknown,05 - Packed snow,10 - No control,,1,0,0,0,,0,,,,,365292.2489,5015695.405,45.27861198,-75.72896507,1422
20--2311,2/14/2020,Unknown,CARP RD btwn ECHOWOODS AVE/KITTIWAKE DR & ROTHBOURNE RD (__4YT2RX),__4YT2RX,01 - Non intersection,03 - P.D. only,03 - Rear end,01 - Clear,00 - Unknown,01 - Dry,10 - No control,,2,0,0,0,,0,,,,,348472.9705,5014677.838,45.27070155,-75.94342119,1423
20--2312,2/14/2020,Unknown,TAPADERO AVE btwn DRESSAGE AVE & NONIUS ST (e___1GE4),e___1GE4,01 - Non intersection,03 - P.D. only,06 - SMV unattended vehicle,01 - Clear,00 - Unknown,01 - Dry,10 - No control,,1,0,0,0,,0,,,,,353013.096,5015564.327,45.27838181,-75.88547784,1424
20--2313,2/14/2020,12:00 PM,HWY 417 ST.LAURE IC115R51 @ ST. LAURENT BLVD (0002712),2712,02 - Intersection related,03 - P.D. only,03 - Rear end,01 - Clear,01 - Daylight,01 - Dry,01 - Traffic signal,01 - Functioning,2,0,0,0,,0,,,,,372530.7105,5031410.559,45.41935135,-75.63456123,1425
20--2314,2/14/2020,12:14 PM,INDUSTRIAL AVE @ RIVERSIDE DR (0011905),11905,02 - Intersection related,03 - P.D. only,04 - Sideswipe,01 - Clear,01 - Daylight,02 - Wet,01 - Traffic signal,01 - Functioning,2,0,0,0,,0,,,,,370684.7129,5030592.557,45.41216758,-75.65825549,1426
20--2315,2/14/2020,12:20 PM,ST. JOSEPH BLVD btwn MAISONNEUVE ST & GABRIEL ST (__3ZA2AU),__3ZA2AU,01 - Non intersection,03 - P.D. only,04 - Sideswipe,01 - Clear,01 - Daylight,01 - Dry,10 - No control,,2,0,0,0,,0,,,,,381505.9216,5037611.393,45.47421508,-75.51892839,1427
20--2316,2/14/2020,12:29 PM,KING EDWARD AVE @ LAURIER AVE (0002170),2170,02 - Intersection related,03 - P.D. only,03 - Rear end,01 - Clear,01 - Daylight,01 - Dry,01 - Traffic signal,01 - Functioning,2,0,0,0,,0,,,,,368739.7141,5032034.576,45.42532277,-75.68291514,1428
20--2317,2/14/2020,12:30 PM,BOOTH ST btwn 148 N OF MIDDLE ST/E.B. EDDY S & MIDDLE ST (__3ZBPMPC),__3ZBPMPC,01 - Non intersection,03 - P.D. only,03 - Rear end,01 - Clear,01 - Daylight,06 - Ice,10 - No control,,3,0,0,0,,0,,,,,366102.2921,5031308.12,45.41902243,-75.71670588,1429
20--2318,2/14/2020,12:30 PM,MATTAMY PL btwn TO BE DETERMINED & AVENSHIRE GT (1) (__3ZA1IE),__3ZA1IE,01 - Non intersection,03 - P.D. only,01 - Approaching,03 - Snow,01 - Daylight,04 - Slush,10 - No control,,2,0,0,0,,0,,,,,362887.6578,5022554.465,45.34053247,-75.75880739,1430
20--2319,2/14/2020,12:35 PM,CROWSNEST AVE/RIVERGATE WAY @ MALHOTRA CRT (0006418),6418,03 - At intersection,03 - P.D. only,07 - SMV other,01 - Clear,01 - Daylight,01 - Dry,02 - Stop sign,01 - Functioning,1,0,0,0,,0,,,,,368085.8626,5023034.767,45.34440446,-75.69242373,1431
20--232,1/6/2020,7:45 AM,CUMMINGS AVE @ OGILVIE RD (0009923),9923,03 - At intersection,03 - P.D. only,05 - Turning movement,03 - Snow,03 - Dawn,06 - Ice,01 - Traffic signal,01 - Functioning,2,0,0,0,,0,,,,,372748.7175,5032170.597,45.42616867,-75.63167111,1432
20--2320,2/14/2020,12:54 AM,HIGHWAY 416 btwn HWY416 IC75A RAMP26 & HWY416 IC72 RAMP62 (__3ZAZLF),__3ZAZLF,01 - Non intersection,02 - Non-fatal injury,07 - SMV other,01 - Clear,07 - Dark,01 - Dry,10 - No control,,1,0,0,0,02 - Minor,1,,1,,,359196.352,5020872.322,45.32569241,-75.80608936,1433
20--2321,2/14/2020,2:04 PM,CROSSKEYS PL/HELENE CAMPBELL RD @ STRANDHERD DR (0015337),15337,03 - At intersection,03 - P.D. only,02 - Angle,01 - Clear,01 - Daylight,01 - Dry,01 - Traffic signal,01 - Functioning,2,0,0,0,,0,,,,,360982.3112,5014901.733,45.27182808,-75.78398493,1434
20--2322,2/14/2020,2:08 PM,NAVAHO DR @ WOODROFFE AVE/TRANSITWAY N BASELIN (0010359),10359,03 - At intersection,03 - P.D. only,05 - Turning movement,01 - Clear,01 - Daylight,01 - Dry,01 - Traffic signal,01 - Functioning,2,0,0,0,,0,,,,,362706.2528,5023492.783,45.34899038,-75.76101206,1435
20--2323,2/14/2020,2:08 PM,PINECREST RD/HWY 417 PINECRE IC129R63 @ TRANSI (0008264),8264,02 - Intersection related,03 - P.D. only,04 - Sideswipe,01 - Clear,01 - Daylight,01 - Dry,01 - Traffic signal,01 - Functioning,2,0,0,0,,0,,,,,360388.0863,5023677.833,45.35084303,-75.79057291,1436
20--2324,2/14/2020,2:17 PM,BARNSDALE RD @ EAGLESON RD (0000152),152,02 - Intersection related,03 - P.D. only,03 - Rear end,01 - Clear,01 - Daylight,01 - Dry,02 - Stop sign,00 - Unknown,2,0,0,0,,0,,,,,358337.6138,5006629.337,45.19759759,-75.81857801,1437
20--2325,2/14/2020,2:45 PM,NORICE ST @ WOODROFFE AVE (0001542),1542,03 - At intersection,03 - P.D. only,02 - Angle,01 - Clear,01 - Daylight,01 - Dry,01 - Traffic signal,01 - Functioning,2,0,0,0,,0,,,,,363194.6684,5022397.496,45.33909458,-75.75490882,1438
20--2326,2/14/2020,3:00 PM,BELCOURT BLVD @ INNES RD (0004202),4202,02 - Intersection related,03 - P.D. only,03 - Rear end,01 - Clear,01 - Daylight,01 - Dry,01 - Traffic signal,01 - Functioning,2,0,0,0,,0,,,,,382121.5722,5035266.607,45.45305079,-75.51142419,1439
20--2327,2/14/2020,3:07 PM,NAVAHO DR btwn WOODROFFE AVE & Continuation of NAVAHO DR (__5QC9PJ),__5QC9PJ,04 - At/near private drive,03 - P.D. only,05 - Turning movement,01 - Clear,01 - Daylight,01 - Dry,10 - No control,,3,0,0,0,,0,,,,,362836.3221,5023565.63,45.3496351,-75.75934373,1440
20--2328,2/14/2020,3:26 PM,MERIVALE RD btwn CLEOPATRA DR & SLACK RD (__3ZBOG3),__3ZBOG3,04 - At/near private drive,03 - P.D. only,02 - Angle,01 - Clear,01 - Daylight,01 - Dry,10 - No control,,2,0,0,0,,0,,,,,365992.4725,5021024.69,45.32650382,-75.71938301,1441
20--2329,2/14/2020,3:32 PM,ST. LAURENT BLVD @ 125 N OF QUEEN MARY ST/ZELL (0008532),8532,02 - Intersection related,02 - Non-fatal injury,03 - Rear end,01 - Clear,01 - Daylight,06 - Ice,01 - Traffic signal,01 - Functioning,2,0,0,0,02 - Minor,1,,1,,,372169.8872,5032287.138,45.42727325,-75.6390513,1442
20--233,1/6/2020,7:45 AM,EAGLESON RD @ HAZELDEAN RD/ROBERTSON RD (0002715),2715,02 - Intersection related,03 - P.D. only,03 - Rear end,03 - Snow,03 - Dawn,04 - Slush,01 - Traffic signal,01 - Functioning,2,0,0,0,,0,,,,,353673.6175,5018424.454,45.30407229,-75.87677755,1443
20--2330,2/14/2020,3:40 PM,BRONSON AVE @ HWY 417 BRONSON IC121AR51 (0002693),2693,02 - Intersection related,03 - P.D. only,03 - Rear end,01 - Clear,01 - Daylight,01 - Dry,01 - Traffic signal,01 - Functioning,2,0,0,0,,0,,,,,367288.7163,5029710.573,45.40454323,-75.70175026,1444
20--2331,2/14/2020,3:43 PM,NICHOLAS ST NB btwn LAURIER AVE E & WALLER ST (__5D2DO8),__5D2DO8,01 - Non intersection,03 - P.D. only,03 - Rear end,01 - Clear,01 - Daylight,01 - Dry,10 - No control,,2,0,0,0,,0,,,,,368419.9248,5031762.392,45.42290291,-75.68703646,1445
20--2332,2/14/2020,4:15 PM,LASER ST btwn WEST HUNT CLUB RD & GURDWARA RD (__3ZA5ED),__3ZA5ED,04 - At/near private drive,02 - Non-fatal injury,02 - Angle,01 - Clear,01 - Daylight,05 - Packed snow,10 - No control,,2,0,0,0,01 - Minimal,1,1,,,,367165.5544,5022119.147,45.33624831,-75.70428184,1446
20--2333,2/14/2020,4:15 PM,PINECREST RD btwn ST. STEPHEN'S ST & KELLY AVE (__3ZA4M2),__3ZA4M2,01 - Non intersection,03 - P.D. only,03 - Rear end,01 - Clear,01 - Daylight,01 - Dry,10 - No control,,2,0,0,0,,0,,,,,360245.8282,5024027.62,45.35400167,-75.79234907,1447
20--2334,2/14/2020,4:31 PM,PARKDALE AVE btwn RUSKIN ST & INGLEWOOD PL (__3ZBOD1),__3ZBOD1,01 - Non intersection,03 - P.D. only,03 - Rear end,01 - Clear,01 - Daylight,01 - Dry,10 - No control,,3,0,0,0,,0,,,,,365517.4916,5028428.773,45.39316576,-75.72453209,1448
20--2335,2/14/2020,4:40 PM,CHAPEL ST @ SOMERSET ST (0008458),8458,03 - At intersection,03 - P.D. only,02 - Angle,01 - Clear,05 - Dusk,02 - Wet,02 - Stop sign,01 - Functioning,2,0,0,0,,0,,,,,369338.7078,5031905.581,45.42410711,-75.6752783,1449
20--2336,2/14/2020,4:41 PM,RIVERSIDE DR btwn KIMBERWICK CRES & KIMBERWICK CRES (__3ZA37L),__3ZA37L,01 - Non intersection,03 - P.D. only,04 - Sideswipe,01 - Clear,01 - Daylight,01 - Dry,10 - No control,,2,0,0,0,,0,,,,,368182.3961,5022698.383,45.34136903,-75.69123511,1450
20--2337,2/14/2020,4:45 PM,HWY 417 VANIER IC117R63 @ VANIER PKWY (0002101),2101,02 - Intersection related,03 - P.D. only,03 - Rear end,01 - Clear,01 - Daylight,01 - Dry,01 - Traffic signal,01 - Functioning,2,0,0,0,,0,,,,,370799.7273,5031397.564,45.41939986,-75.65667842,1451
20--2338,2/14/2020,4:48 PM,MARCH RD @ MORGAN'S GRANT WAY/SHIRLEY'S BROOK  (0002651),2651,03 - At intersection,03 - P.D. only,05 - Turning movement,01 - Clear,01 - Daylight,01 - Dry,01 - Traffic signal,01 - Functioning,2,0,0,0,,0,,,,,349661.6097,5023617.504,45.35106839,-75.92746429,1452
20--2339,2/14/2020,5:00 PM,INNES RD @ JEANNE D'ARC BLVD/MER BLEUE RD (0012475),12475,02 - Intersection related,03 - P.D. only,04 - Sideswipe,01 - Clear,01 - Daylight,01 - Dry,01 - Traffic signal,01 - Functioning,2,0,0,0,,0,,,,,382637.7476,5035567.56,45.45570121,-75.50477812,1453
20--234,1/6/2020,7:47 AM,BAYSHORE DR @ RICHMOND RD (0010407),10407,02 - Intersection related,03 - P.D. only,03 - Rear end,03 - Snow,03 - Dawn,03 - Loose snow,01 - Traffic signal,01 - Functioning,2,0,0,0,,0,,,,,359372.6881,5023368.519,45.34813957,-75.8035648,1454
20--2340,2/14/2020,5:00 PM,LEMIEUX ST @ ST. LAURENT BLVD (0002021),2021,02 - Intersection related,03 - P.D. only,03 - Rear end,01 - Clear,01 - Daylight,01 - Dry,01 - Traffic signal,01 - Functioning,2,0,0,0,,0,,,,,372391.7149,5031742.565,45.42235203,-75.63629152,1455
20--2341,2/14/2020,5:16 PM,RUSSELL RD btwn MCNEELY RD & HERBERT DR (__3ZAZ99),__3ZAZ99,01 - Non intersection,02 - Non-fatal injury,03 - Rear end,01 - Clear,05 - Dusk,06 - Ice,10 - No control,,2,0,0,0,02 - Minor,3,,3,,,394724.3095,5027334.791,45.38018217,-75.35177268,1456
20--2342,2/14/2020,5:20 PM,HUNT CLUB RD @ CANADAIR PRIV (0010852),10852,02 - Intersection related,02 - Non-fatal injury,03 - Rear end,01 - Clear,05 - Dusk,01 - Dry,01 - Traffic signal,01 - Functioning,2,0,0,0,02 - Minor,1,,1,,,368662.7144,5022311.494,45.33784433,-75.68515677,1457
20--2343,2/14/2020,5:30 PM,CARP RD @ ECHOWOODS AVE/KITTIWAKE DR (0009789),9789,02 - Intersection related,02 - Non-fatal injury,03 - Rear end,01 - Clear,05 - Dusk,01 - Dry,01 - Traffic signal,01 - Functioning,2,0,0,0,01 - Minimal,1,1,,,,348596.3446,5014562.773,45.26965848,-75.9418591,1458
20--2344,2/14/2020,5:30 PM,PRINCE OF WALES DR btwn HARTWELL LOCKS/548 N OF RIDEAUVIEW TER & FAIRC (__3ZA30ZB),__3ZA30ZB,01 - Non intersection,03 - P.D. only,03 - Rear end,01 - Clear,05 - Dusk,01 - Dry,10 - No control,,2,0,0,0,,0,,,,,367145.3135,5027021.514,45.38036057,-75.70392173,1459
20--2345,2/14/2020,5:43 PM,HERBERT DR @ RUSSELL RD (0009341),9341,02 - Intersection related,03 - P.D. only,03 - Rear end,01 - Clear,05 - Dusk,01 - Dry,10 - No control,,2,0,0,0,,0,,,,,394742.9188,5027342.416,45.38024838,-75.35153372,1460
20--2346,2/14/2020,6:05 PM,HIGHWAY 417 btwn HWY417 IC124 RAMP67 & HWY417 IC123 RAMP62 (__3ZA2YZ),__3ZA2YZ,01 - Non intersection,03 - P.D. only,03 - Rear end,01 - Clear,07 - Dark,01 - Dry,10 - No control,,2,0,0,0,,0,,,,,364601.0985,5027769.981,45.38731694,-75.73631481,1461
20--2347,2/14/2020,6:20 AM,LONGFIELDS DR @ PAUL METIVIER DR (0013783),13783,02 - Intersection related,03 - P.D. only,03 - Rear end,01 - Clear,03 - Dawn,01 - Dry,01 - Traffic signal,01 - Functioning,2,0,0,0,,0,,,,,364841.334,5014200.437,45.26519892,-75.73489269,1462
20--2348,2/14/2020,6:20 PM,BASELINE RD @ FISHER AVE (0002346),2346,02 - Intersection related,02 - Non-fatal injury,03 - Rear end,01 - Clear,07 - Dark,06 - Ice,01 - Traffic signal,01 - Functioning,3,0,0,0,01 - Minimal,2,2,,,,366166.6894,5026028.534,45.37151235,-75.71653985,1463
20--2349,2/14/2020,6:27 PM,ST. LAURENT BLVD @ COVENTRY RD/OGILVIE RD (0002151),2151,02 - Intersection related,03 - P.D. only,03 - Rear end,01 - Clear,07 - Dark,06 - Ice,01 - Traffic signal,01 - Functioning,2,0,0,0,,0,,,,,372305.7105,5031951.576,45.42424092,-75.63736174,1464
20--235,1/6/2020,8:00 AM,DUNROBIN RD @ PORCUPINE TR (0001685),1685,02 - Intersection related,03 - P.D. only,03 - Rear end,03 - Snow,01 - Daylight,04 - Slush,02 - Stop sign,01 - Functioning,2,0,0,0,,0,,,,,341946.5936,5031874.593,45.42581927,-76.02530009,1465
20--2350,2/14/2020,6:30 PM,BRONSON AVE btwn RENFREW AVE & POWELL AVE (__3ZA3BZ),__3ZA3BZ,01 - Non intersection,03 - P.D. only,04 - Sideswipe,01 - Clear,07 - Dark,06 - Ice,10 - No control,,2,0,0,0,,0,,,,,367361.5021,5029540.12,45.40300304,-75.70084219,1466
20--2351,2/14/2020,6:32 AM,BANTREE ST @ INNES RD (0007684),7684,03 - At intersection,03 - P.D. only,05 - Turning movement,01 - Clear,07 - Dark,03 - Loose snow,01 - Traffic signal,01 - Functioning,2,0,0,0,,0,,,,,373705.7275,5030406.561,45.41020314,-75.61968943,1467
20--2352,2/14/2020,6:45 PM,MAJESTIC DR @ WOODROFFE AVE (0000562),562,03 - At intersection,03 - P.D. only,02 - Angle,01 - Clear,07 - Dark,01 - Dry,01 - Traffic signal,01 - Functioning,2,0,0,0,,0,,,,,363527.6947,5021571.494,45.33163448,-75.75075793,1468
20--2353,2/14/2020,6:46 PM,ST. LAURENT BLVD @ COVENTRY RD/OGILVIE RD (0002151),2151,02 - Intersection related,02 - Non-fatal injury,03 - Rear end,01 - Clear,07 - Dark,01 - Dry,01 - Traffic signal,01 - Functioning,2,0,0,0,01 - Minimal,1,1,,,,372305.7193,5031951.579,45.42424095,-75.63736163,1469
20--2354,2/14/2020,6:50 AM,CEDARVIEW RD @ WEST HUNT CLUB RD (0010267),10267,02 - Intersection related,03 - P.D. only,03 - Rear end,01 - Clear,03 - Dawn,06 - Ice,01 - Traffic signal,01 - Functioning,2,0,0,0,,0,,,,,359718.6788,5019554.469,45.31379363,-75.79957289,1470
20--2355,2/14/2020,6:50 PM,HIGHWAY 417 btwn HWY417 IC124 RAMP57 & HWY417 IC124 RAMP55 (__3ZA2Y1),__3ZA2Y1,01 - Non intersection,03 - P.D. only,03 - Rear end,01 - Clear,07 - Dark,01 - Dry,10 - No control,,2,0,0,0,,0,,,,,364198.3372,5027204.01,45.3822587,-75.74152589,1471
20--2356,2/14/2020,7:00 PM,INNES RD EB btwn INNES RD E & ORLEANS BLVD (__3ZA3J0),__3ZA3J0,01 - Non intersection,03 - P.D. only,03 - Rear end,01 - Clear,07 - Dark,06 - Ice,10 - No control,,3,0,0,0,,0,,,,,380305.5721,5034185.461,45.44352203,-75.53480478,1472
20--2357,2/14/2020,7:02 AM,RIDEAU ST btwn AUGUSTA ST & COBOURG ST (__3ZA3W7),__3ZA3W7,01 - Non intersection,02 - Non-fatal injury,07 - SMV other,01 - Clear,03 - Dawn,01 - Dry,10 - No control,,1,0,0,1,02 - Minor,1,,1,,,369025.5004,5032724.957,45.43150837,-75.67917342,1473
20--2358,2/14/2020,7:09 PM,UPPER DWYER HILL RD btwn MANTIL SIDE RD & VAUGHAN SIDE RD (__3ZAZA4),__3ZAZA4,01 - Non intersection,02 - Non-fatal injury,07 - SMV other,01 - Clear,07 - Dark,01 - Dry,10 - No control,,1,0,0,0,02 - Minor,1,,1,,,331149.8475,5017545.806,45.29737177,-76.16403387,1474
20--2359,2/14/2020,7:30 AM,COLONEL BY DR @ MAIN ST (0002626),2626,02 - Intersection related,03 - P.D. only,03 - Rear end,01 - Clear,01 - Daylight,05 - Packed snow,02 - Stop sign,01 - Functioning,2,0,0,0,,0,,,,,368859.709,5030914.57,45.41523438,-75.6815275,1475
20--236,1/6/2020,8:15 PM,MCCARTHY RD btwn SOUTHMORE DR W & PLANTE DR (__3ZA9DP),__3ZA9DP,01 - Non intersection,03 - P.D. only,01 - Approaching,03 - Snow,07 - Dark,05 - Packed snow,10 - No control,,2,0,0,0,,0,,,,,369633.8014,5024389.871,45.35645596,-75.67249522,1476
20--2360,2/14/2020,7:42 AM,COPE DR @ TERRY FOX (0009143),9143,03 - At intersection,03 - P.D. only,05 - Turning movement,01 - Clear,01 - Daylight,01 - Dry,01 - Traffic signal,01 - Functioning,2,0,0,0,,0,,,,,353997.2688,5015345.306,45.27634283,-75.87295606,1477
20--2361,2/14/2020,7:50 AM,BASELINE RD/HERON RD @ PRINCE OF WALES DR (0002345),2345,02 - Intersection related,02 - Non-fatal injury,03 - Rear end,01 - Clear,01 - Daylight,02 - Wet,01 - Traffic signal,01 - Functioning,2,0,0,0,01 - Minimal,1,1,,,,366873.7213,5026438.532,45.37513915,-75.70746261,1478
20--2362,2/14/2020,8:00 AM,RICHARDSON SIDE RD btwn OAK CREEK RD & HUNTMAR DR (__3ZACYD),__3ZACYD,01 - Non intersection,03 - P.D. only,03 - Rear end,01 - Clear,01 - Daylight,01 - Dry,10 - No control,,2,0,0,0,,0,,,,,347438.1802,5018299.271,45.30335203,-75.95629698,1479
20--2363,2/14/2020,8:05 AM,HIGHWAY 417 btwn HWY417 IC119B RAMP76 & HWY417 IC119A RAMP67 (__3ZA2YT),__3ZA2YT,01 - Non intersection,03 - P.D. only,03 - Rear end,01 - Clear,01 - Daylight,01 - Dry,10 - No control,,2,0,0,0,,0,,,,,368594.9233,5030537.205,45.41186316,-75.68495909,1480
20--2364,2/14/2020,8:09 AM,BRONSON AVE @ IMPERIAL AVE/PLYMOUTH ST (0010859),10859,02 - Intersection related,03 - P.D. only,03 - Rear end,01 - Clear,01 - Daylight,01 - Dry,10 - No control,,2,0,0,0,,0,,,,,367318.6887,5029643.534,45.40393735,-75.70137592,1481
20--2365,2/14/2020,8:20 PM,LYON ST @ SOMERSET ST (0010860),10860,02 - Intersection related,03 - P.D. only,04 - Sideswipe,01 - Clear,07 - Dark,02 - Wet,01 - Traffic signal,01 - Functioning,2,0,0,0,,0,,,,,367366.7003,5030716.563,45.41358786,-75.70062649,1482
20--2366,2/14/2020,8:24 PM,ST. PATRICK ST btwn KING EDWARD AVE & MURRAY ST (__3ZA1MH),__3ZA1MH,04 - At/near private drive,03 - P.D. only,05 - Turning movement,03 - Snow,07 - Dark,02 - Wet,10 - No control,,2,0,0,0,,0,,,,,368303.1489,5032859.772,45.43278736,-75.68838702,1483
20--2367,2/14/2020,8:25 AM,HIGHWAY 417 btwn HWY417 IC117 RAMP36 & HWY417 IC117 RAMP26 (__3ZAZE0),__3ZAZE0,01 - Non intersection,03 - P.D. only,03 - Rear end,01 - Clear,01 - Daylight,01 - Dry,10 - No control,,3,0,0,0,,0,,,,,370674.4379,5031178.851,45.41744378,-75.65830839,1484
20--2368,2/14/2020,8:29 PM,GREENBANK RD @ KILBIRNIE DR (0013622),13622,03 - At intersection,03 - P.D. only,02 - Angle,01 - Clear,07 - Dark,01 - Dry,02 - Stop sign,00 - Unknown,2,0,0,0,,0,,,,,365285.2559,5011656.861,45.24227377,-75.72954585,1485
20--2369,2/14/2020,8:51 AM,GREENBANK RD @ IRIS ST/HWY 417 IC129 RAMP51 (0009073),9073,03 - At intersection,02 - Non-fatal injury,03 - Rear end,01 - Clear,01 - Daylight,01 - Dry,01 - Traffic signal,01 - Functioning,2,0,0,0,02 - Minor,1,,1,,,360531.2883,5023312.5,45.34754441,-75.78878664,1486
20--237,1/6/2020,8:20 AM,ROGER STEVENS DR btwn MCCORDICK RD & CRAIGHURST DR (__3ZA4KX),__3ZA4KX,01 - Non intersection,03 - P.D. only,07 - SMV other,03 - Snow,01 - Daylight,03 - Loose snow,10 - No control,,1,0,0,0,,0,,,,,364831.3264,4998438.823,45.12337492,-75.73691805,1487
20--2370,2/14/2020,9:00 PM,BRIARFIELD CRES btwn DEANCOURT CRES & DEANCOURT CRES (__3ZA18K),__3ZA18K,01 - Non intersection,03 - P.D. only,06 - SMV unattended vehicle,01 - Clear,07 - Dark,01 - Dry,10 - No control,,1,0,0,0,,0,,,,,383898.1132,5038116.508,45.47849277,-75.48825557,1488