Anom_ID,Accident_Date,Accident_Time,Location,Geo_ID,Accident_Location,Classification_of_Accident,Initial_Impact_Type,Environment_Condition,Light,Road_Surface_Condition,Traffic_Control,Traffic_Control_Condition,No__of_Vehicles,No__of_Bicycles,No__of_Motorcycles,No__of_Pedestrians,Max_Injury,No__of_Injuries,No__of_Minimal,No__of_Minor,No__of_Major,No__of_Fatal,X,Y,Latitude,Longitude,ObjectId
20--2371,2/14/2020,9:15 AM,CARLING AVE @ RICHMOND RD (0010847),10847,02 - Intersection related,03 - P.D. only,03 - Rear end,01 - Clear,01 - Daylight,01 - Dry,01 - Traffic signal,01 - Functioning,2,0,0,0,,0,,,,,360245.6649,5024781.508,45.36078514,-75.79226659,1489
20--2372,2/14/2020,9:15 AM,LYNHAR RD btwn STAFFORD RD & VIRGIL RD (__3ZABRQ),__3ZABRQ,04 - At/near private drive,03 - P.D. only,02 - Angle,01 - Clear,01 - Daylight,01 - Dry,10 - No control,,2,0,0,0,,0,,,,,358162.0924,5021030.839,45.32719815,-75.81926493,1490
20--2373,2/14/2020,9:15 AM,EAGLESON RD @ HAZELDEAN RD/ROBERTSON RD (0002715),2715,02 - Intersection related,03 - P.D. only,03 - Rear end,01 - Clear,01 - Daylight,01 - Dry,01 - Traffic signal,01 - Functioning,2,0,0,0,,0,,,,,353673.6222,5018424.458,45.30407233,-75.87677749,1491
20--2374,2/14/2020,9:20 AM,COBOURG ST @ ST. PATRICK ST (0011483),11483,02 - Intersection related,03 - P.D. only,03 - Rear end,01 - Clear,01 - Daylight,01 - Dry,01 - Traffic signal,01 - Functioning,3,0,0,0,,0,,,,,368802.4687,5033234.26,45.43611134,-75.68195735,1492
20--2375,2/14/2020,9:30 AM,OAKFERN CRES btwn CASTLEFIELD AVE & CARBERY DR (__3ZA5IO),__3ZA5IO,04 - At/near private drive,03 - P.D. only,02 - Angle,01 - Clear,01 - Daylight,06 - Ice,10 - No control,,2,0,0,0,,0,,,,,350593.4602,5013712.931,45.26188411,-75.9164875,1493
20--2376,2/14/2020,9:50 AM,MACKENZIE KING BR/WALLER ST @ NICHOLAS ST/WALL (0011251),11251,02 - Intersection related,03 - P.D. only,03 - Rear end,01 - Clear,01 - Daylight,01 - Dry,01 - Traffic signal,01 - Functioning,2,0,0,0,,0,,,,,368372.1491,5031992.628,45.42497884,-75.68761718,1494
20--2377,2/14/2020,9:50 PM,AVIATION PKWY @ OGILVIE RD (0004114),4114,03 - At intersection,02 - Non-fatal injury,05 - Turning movement,01 - Clear,07 - Dark,01 - Dry,01 - Traffic signal,01 - Functioning,3,0,0,0,03 - Major,3,,,3,,373110.7088,5032376.589,45.42798683,-75.62701712,1495
20--2378,2/15/2020,1:26 PM,HIGHWAY 417 btwn HWY417 IC126 RAMP61 & HWY417 IC124 RAMP76 (__3ZA2Y2),__3ZA2Y2,01 - Non intersection,03 - P.D. only,03 - Rear end,01 - Clear,01 - Daylight,01 - Dry,10 - No control,,2,0,0,0,,0,,,,,363538.5065,5026355.427,45.37467891,-75.75005167,1496
20--2379,2/15/2020,1:57 PM,BRONSON PL @ COLONEL BY DR (0006903),6903,02 - Intersection related,03 - P.D. only,03 - Rear end,01 - Clear,01 - Daylight,01 - Dry,02 - Stop sign,01 - Functioning,2,0,0,0,,0,,,,,367808.7231,5028521.553,45.39379816,-75.69526009,1497
20--238,1/6/2020,8:21 AM,MARCH RD btwn 280 S OF CARLING AVE/STATION RD & RICHARDSON SIDE RD (__3ZA42DB),__3ZA42DB,01 - Non intersection,03 - P.D. only,03 - Rear end,03 - Snow,01 - Daylight,05 - Packed snow,10 - No control,,3,0,0,0,,0,,,,,351241.4416,5021885.605,45.33538157,-75.90746571,1498
20--2380,2/15/2020,10:03 PM,HAZELDEAN RD @ TERRY FOX DR (0003682),3682,02 - Intersection related,03 - P.D. only,03 - Rear end,01 - Clear,07 - Dark,01 - Dry,01 - Traffic signal,01 - Functioning,2,0,0,0,,0,,,,,352207.5994,5017242.453,45.29353683,-75.89558374,1499
20--2381,2/15/2020,10:15 PM,HUNTMAR DR btwn PALLADIUM DR & MAPLE GROVE RD (__3ZA1EH),__3ZA1EH,01 - Non intersection,03 - P.D. only,03 - Rear end,01 - Clear,07 - Dark,03 - Loose snow,10 - No control,,3,0,0,0,,0,,,,,349877.2741,5017143.355,45.29279847,-75.92530135,1500
20--2382,2/15/2020,10:33 AM,STRANDHERD DR @ LONGFIELDS DR (0010935),10935,02 - Intersection related,03 - P.D. only,03 - Rear end,01 - Clear,01 - Daylight,01 - Dry,01 - Traffic signal,01 - Functioning,2,0,0,0,,0,,,,,364548.7954,5015173.316,45.2739778,-75.73850313,1501
20--2383,2/15/2020,11:05 AM,TERRY FOX DR @ 135 S OF HAZELDEAN RD/SOBEY'S S (0012468),12468,03 - At intersection,02 - Non-fatal injury,02 - Angle,01 - Clear,01 - Daylight,01 - Dry,01 - Traffic signal,01 - Functioning,2,0,0,0,01 - Minimal,1,1,,,,352292.2115,5017139.574,45.29260538,-75.89451491,1502
20--2384,2/15/2020,11:36 PM,MACLAREN ST @ METCALFE ST (0006950),6950,03 - At intersection,03 - P.D. only,05 - Turning movement,01 - Clear,07 - Dark,01 - Dry,01 - Traffic signal,00 - Unknown,2,0,0,0,,0,,,,,368051.707,5031032.58,45.4163697,-75.69183493,1503
20--2385,2/15/2020,11:45 PM,DALHOUSIE ST btwn MURRAY ST & CLARENCE ST (__3ZA83M),__3ZA83M,01 - Non intersection,03 - P.D. only,06 - SMV unattended vehicle,01 - Clear,07 - Dark,04 - Slush,10 - No control,,1,0,0,0,,0,,,,,368015.157,5032549.498,45.43002171,-75.69210722,1504
20--2386,2/15/2020,11:46 AM,ST. JOSEPH BLVD @ TENTH LINE RD (0009163),9163,02 - Intersection related,03 - P.D. only,03 - Rear end,01 - Clear,01 - Daylight,01 - Dry,01 - Traffic signal,01 - Functioning,2,0,0,0,,0,,,,,382890.8047,5038666.456,45.48355409,-75.50105063,1505
20--2387,2/15/2020,11:52 AM,FALLOWFIELD RD btwn EAGLESON RD & RICHMOND RD (__3ZA4Y2),__3ZA4Y2,01 - Non intersection,03 - P.D. only,07 - SMV other,05 - Drifting Snow,01 - Daylight,05 - Packed snow,10 - No control,,1,0,0,0,,0,,,,,356163.7656,5012630.502,45.25175949,-75.84562546,1506
20--2388,2/15/2020,Unknown,SHERRING CRES btwn HODGSON CRT & SHERRING CRT (__3ZA47C),__3ZA47C,01 - Non intersection,03 - P.D. only,06 - SMV unattended vehicle,01 - Clear,00 - Unknown,05 - Packed snow,10 - No control,,1,0,0,0,,0,,,,,350408.4876,5020035.632,45.3187897,-75.91826302,1507
20--2389,2/15/2020,Unknown,STEDMAN ST btwn MEANDERING BROOK DR & WILD IRIS AVE (__589WF7),__589WF7,01 - Non intersection,03 - P.D. only,06 - SMV unattended vehicle,01 - Clear,00 - Unknown,01 - Dry,10 - No control,,1,0,0,0,,0,,,,,372932.6795,5022571.265,45.33978001,-75.63064536,1508
20--2030,2/9/2020,10:29 PM,MONTREAL RD btwn HOCHELAGA ST & BURMA RD (__3ZA2D5),__3ZA2D5,01 - Non intersection,02 - Non-fatal injury,07 - SMV other,03 - Snow,07 - Dark,03 - Loose snow,10 - No control,,1,0,0,0,02 - Minor,1,,1,,,373094.2785,5034510.438,45.44718772,-75.62693102,1509
20--2209,2/12/2020,6:30 PM,LAURIER AVE   W btwn QUEEN ELIZABETH DRWY/LAURIER AVE WB ON RAMP & QUE (__3ZA351),__3ZA351,01 - Non intersection,03 - P.D. only,03 - Rear end,01 - Clear,07 - Dark,04 - Slush,10 - No control,,2,0,0,0,,0,,,,,368129.2806,5031654.528,45.42195876,-75.69076393,1510
20--266,1/7/2020,11:59 AM,CARLING AVE @ CIVIC HOSPITAL (0008793),8793,03 - At intersection,01 - Fatal injury,07 - SMV other,01 - Clear,01 - Daylight,02 - Wet,01 - Traffic signal,01 - Functioning,1,0,0,1,04 - Fatal,1,,,,1,365791.6014,5028278.068,45.39178593,-75.72105019,1511
20--221,1/6/2020,6:57 AM,MARCH RD btwn HOWIE RD & JACOB'S GT (__3ZA2Q9),__3ZA2Q9,01 - Non intersection,03 - P.D. only,07 - SMV other,03 - Snow,07 - Dark,03 - Loose snow,10 - No control,,1,0,0,0,,0,,,,,337359.1275,5017359.988,45.29543937,-76.08487832,1512
20--2660,2/20/2020,4:24 PM,INNES RD btwn PRESTWICK DR & TENTH LINE RD (__3ZA3Y7),__3ZA3Y7,04 - At/near private drive,02 - Non-fatal injury,05 - Turning movement,01 - Clear,01 - Daylight,03 - Loose snow,10 - No control,,2,0,0,0,01 - Minimal,1,1,,,,383847.7839,5036116.306,45.46050249,-75.48922097,1513
20--2661,2/20/2020,4:35 PM,HAZELDEAN RD @ TERRY FOX DR (0003682),3682,02 - Intersection related,03 - P.D. only,02 - Angle,01 - Clear,01 - Daylight,01 - Dry,01 - Traffic signal,01 - Functioning,2,0,0,0,,0,,,,,352207.6095,5017242.433,45.29353664,-75.89558362,1514
20--2662,2/20/2020,4:45 PM,ST. JEAN ST @ ST. JOSEPH BLVD (0004137),4137,02 - Intersection related,02 - Non-fatal injury,03 - Rear end,01 - Clear,01 - Daylight,01 - Dry,01 - Traffic signal,01 - Functioning,3,0,0,0,02 - Minor,1,,1,,,380969.7418,5037201.594,45.47058673,-75.52584868,1515
20--2663,2/20/2020,5:00 PM,MEADOWLANDS DR/TALLWOOD DR @ WOODROFFE AVE (0000095),95,02 - Intersection related,03 - P.D. only,03 - Rear end,01 - Clear,01 - Daylight,01 - Dry,01 - Traffic signal,01 - Functioning,2,0,0,0,,0,,,,,363056.6996,5022730.501,45.34210241,-75.75662989,1516
20--2664,2/20/2020,5:43 PM,BANK ST @ CECIL AVE (0002601),2601,03 - At intersection,02 - Non-fatal injury,02 - Angle,01 - Clear,07 - Dark,01 - Dry,02 - Stop sign,01 - Functioning,2,0,0,0,02 - Minor,2,,2,,,369944.7204,5026989.536,45.37981813,-75.66818444,1517
20--1944,2/7/2020,8:51 PM,PRINCE OF WALES DR @ WEST HUNT CLUB RD (0000567),567,03 - At intersection,03 - P.D. only,02 - Angle,03 - Snow,07 - Dark,03 - Loose snow,01 - Traffic signal,01 - Functioning,2,0,0,0,,0,,,,,367458.7017,5021891.514,45.33417399,-75.70057078,1518
20--2665,2/20/2020,5:50 AM,HIGHWAY 417 btwn HWY417 IC117 RAMP26 & HWY417 IC117 RAMP61 (__3ZA2YM),__3ZA2YM,01 - Non intersection,03 - P.D. only,04 - Sideswipe,01 - Clear,07 - Dark,01 - Dry,10 - No control,,2,0,0,0,,0,,,,,371114.7357,5031355.408,45.41899077,-75.65265946,1519
20--2666,2/20/2020,5:50 PM,RICHMOND RD btwn WEST HUNT CLUB RD & STONEHAVEN DR (__3ZA41H),__3ZA41H,01 - Non intersection,03 - P.D. only,03 - Rear end,01 - Clear,05 - Dusk,01 - Dry,10 - No control,,2,0,0,0,,0,,,,,356725.8142,5016086.1,45.28281241,-75.83810415,1520
20--1945,2/7/2020,9:00 AM,ABBEYHILL DR @ EAGLESON RD (0003404),3404,02 - Intersection related,03 - P.D. only,04 - Sideswipe,03 - Snow,01 - Daylight,05 - Packed snow,01 - Traffic signal,01 - Functioning,2,0,0,0,,0,,,,,353827.6418,5018034.457,45.30055229,-75.87485216,1521
20--2667,2/20/2020,5:53 PM,RUSSELL RD S @ ST. LAURENT BLVD (0007734),7734,02 - Intersection related,03 - P.D. only,03 - Rear end,01 - Clear,05 - Dusk,01 - Dry,01 - Traffic signal,01 - Functioning,2,0,0,0,,0,,,,,373569.7212,5029260.555,45.3999053,-75.62158661,1522
20--1946,2/7/2020,9:00 PM,BASELINE RD @ MERIVALE RD (0002342),2342,02 - Intersection related,03 - P.D. only,03 - Rear end,03 - Snow,07 - Dark,05 - Packed snow,01 - Traffic signal,01 - Functioning,2,0,0,0,,0,,,,,365054.6955,5025325.614,45.36528409,-75.73082096,1523
20--1947,2/7/2020,9:03 AM,GRENFELL CRES @ WOODROFFE AVE (0001103),1103,02 - Intersection related,03 - P.D. only,07 - SMV other,03 - Snow,01 - Daylight,04 - Slush,02 - Stop sign,00 - Unknown,1,0,0,0,,0,,,,,364543.6919,5019227.474,45.31045742,-75.73807985,1524
20--1948,2/7/2020,9:09 AM,COLDREY AVE @ KIRKWOOD AVE (0006736),6736,02 - Intersection related,03 - P.D. only,07 - SMV other,03 - Snow,01 - Daylight,03 - Loose snow,01 - Traffic signal,01 - Functioning,1,0,0,0,,0,,,,,364438.6969,5027136.538,45.38163118,-75.73846509,1525
20--1949,2/7/2020,9:10 AM,CAMPEAU DR @ KANATA AVE (0012003),12003,03 - At intersection,03 - P.D. only,05 - Turning movement,03 - Snow,01 - Daylight,03 - Loose snow,01 - Traffic signal,01 - Functioning,2,0,0,0,,0,,,,,350594.863,5019401.943,45.31307547,-75.9159445,1526
20--195,1/6/2020,12:53 PM,HWY417 IC140 RAMP25 btwn TERRY FOX DR & HIGHWAY 417 (__3ZAYB5),__3ZAYB5,01 - Non intersection,03 - P.D. only,07 - SMV other,03 - Snow,01 - Daylight,04 - Slush,10 - No control,,1,0,0,0,,0,,,,,351269.6648,5018804.178,45.3076523,-75.90739478,1527
20--1950,2/7/2020,9:20 AM,BARRETTE ST @ ST. CHARLES ST (0010059),10059,03 - At intersection,03 - P.D. only,02 - Angle,01 - Clear,01 - Daylight,04 - Slush,02 - Stop sign,01 - Functioning,2,0,0,0,,0,,,,,369470.7129,5033730.61,45.44051581,-75.67335191,1528
20--1951,2/7/2020,9:21 AM,ST. LAURENT BLVD btwn CONROY RD & THURSTON DR (__3ZA49E),__3ZA49E,04 - At/near private drive,03 - P.D. only,02 - Angle,01 - Clear,01 - Daylight,04 - Slush,10 - No control,,2,0,0,0,,0,,,,,373157.8347,5027209.251,45.3814889,-75.62713129,1529
20--1952,2/7/2020,9:21 PM,HIGHWAY 417 btwn HWY417 IC117 RAMP25 & HWY417 IC115 RAMP51 (__3ZA2R3),__3ZA2R3,01 - Non intersection,02 - Non-fatal injury,07 - SMV other,03 - Snow,07 - Dark,03 - Loose snow,10 - No control,,1,0,0,0,01 - Minimal,1,1,,,,371864.2717,5031435.044,45.41963586,-75.64307245,1530
20--1953,2/7/2020,9:30 AM,MCARTHUR AVE btwn ALLEN BLVD & LACASSE AVE (__3ZA3W6),__3ZA3W6,01 - Non intersection,03 - P.D. only,03 - Rear end,03 - Snow,01 - Daylight,03 - Loose snow,10 - No control,,2,0,0,0,,0,,,,,370784.7712,5032752.672,45.43159396,-75.65668796,1531
20--1954,2/7/2020,9:35 PM,HIGHWAY 417 btwn HWY417 IC119A RAMP75 & HWY417 IC118 RAMP57 (__3ZA2R2),__3ZA2R2,01 - Non intersection,03 - P.D. only,04 - Sideswipe,01 - Clear,07 - Dark,03 - Loose snow,10 - No control,,2,0,0,0,,0,,,,,368616.9041,5030529.133,45.41178853,-75.68467934,1532
20--1955,2/7/2020,9:48 AM,DYNES RD btwn MORLEY BLVD & PRINCE OF WALES DR (__3ZAA46),__3ZAA46,01 - Non intersection,03 - P.D. only,05 - Turning movement,03 - Snow,01 - Daylight,03 - Loose snow,10 - No control,,2,0,0,0,,0,,,,,367101.5279,5025901.825,45.37028977,-75.70462202,1533
20--1956,2/8/2020,1:00 PM,CURRIER ST btwn MANOTICK MAIN ST & END (__3ZA909),__3ZA909,04 - At/near private drive,03 - P.D. only,02 - Angle,01 - Clear,01 - Daylight,01 - Dry,10 - No control,,2,0,0,0,,0,,,,,368961.6026,5009659.342,45.22397473,-75.6829792,1534
20--1957,2/8/2020,1:00 PM,HIGHWAY 417 btwn HWY417 IC122 RAMP16 & HWY417 IC122 RAMP61 (__3ZA2RA),__3ZA2RA,01 - Non intersection,03 - P.D. only,03 - Rear end,01 - Clear,01 - Daylight,01 - Dry,10 - No control,,2,0,0,0,,0,,,,,365335.2968,5028897.082,45.39739528,-75.72680136,1535
20--1958,2/8/2020,1:02 PM,HIGHWAY 417 btwn HWY417 IC122 RAMP51 & HWY417 IC122 RAMP15 (__3ZA2R0),__3ZA2R0,01 - Non intersection,03 - P.D. only,03 - Rear end,01 - Clear,01 - Daylight,06 - Ice,10 - No control,,3,0,0,0,,0,,,,,365554.0531,5029024.4,45.39852191,-75.72399183,1536
20--1959,2/8/2020,1:04 AM,INNES RD btwn ANDERSON RD & INNES RD (__3ZA3J2),__3ZA3J2,01 - Non intersection,03 - P.D. only,07 - SMV other,03 - Snow,07 - Dark,04 - Slush,10 - No control,,1,0,0,0,,0,,,,,376496.7404,5031965.595,45.42395006,-75.58381029,1537
20--2031,2/9/2020,10:30 AM,STITTSVILLE MAIN ST btwn DAPHNE CRES & CARLETON CATHCART ST (__3ZA3DC),__3ZA3DC,04 - At/near private drive,03 - P.D. only,07 - SMV other,03 - Snow,01 - Daylight,05 - Packed snow,10 - No control,,1,0,0,0,,0,,,,,350589.81,5012937.364,45.25490552,-75.91660548,1538
20--2210,2/12/2020,7:20 AM,HIGHWAY 417 btwn HWY417 IC122 RAMP15 & HWY417 IC121B RAMP51 (__3ZA2RB),__3ZA2RB,01 - Non intersection,03 - P.D. only,04 - Sideswipe,01 - Clear,01 - Daylight,02 - Wet,10 - No control,,2,0,0,0,,0,,,,,365877.8966,5029221.052,45.40026316,-75.71983143,1539
20--196,1/6/2020,2:00 PM,OLD INNES RD btwn BANTREE ST & SHEFFIELD RD (__3ZA2K1),__3ZA2K1,01 - Non intersection,03 - P.D. only,07 - SMV other,03 - Snow,01 - Daylight,03 - Loose snow,10 - No control,,1,0,0,0,,0,,,,,373798.1214,5030393.019,45.41007219,-75.61851108,1540
20--1960,2/8/2020,1:20 PM,HERON RD WB btwn HERON RD WB OFF RAMP/VINCENT MASSEY PARK & HERON RD W (__3ZAZWC),__3ZAZWC,01 - Non intersection,03 - P.D. only,03 - Rear end,01 - Clear,01 - Daylight,02 - Wet,10 - No control,,2,0,0,0,,0,,,,,367923.1255,5026622.298,45.37669888,-75.69404198,1541
20--1961,2/8/2020,1:26 AM,REGIONAL ROAD 174 btwn OR174 IC112 RAMP15 & TRANSIT (__3ZA2WA),__3ZA2WA,01 - Non intersection,03 - P.D. only,07 - SMV other,03 - Snow,07 - Dark,03 - Loose snow,10 - No control,,1,0,0,0,,0,,,,,375609.8487,5033443.289,45.43733583,-75.59492967,1542
20--1962,2/8/2020,1:30 PM,PERCHERON WAY btwn ASTURCON ST & CAVESSON ST (__827GG7),__827GG7,04 - At/near private drive,03 - P.D. only,06 - SMV unattended vehicle,01 - Clear,01 - Daylight,05 - Packed snow,10 - No control,,1,0,0,0,,0,,,,,352964.542,5015004.467,45.27334737,-75.88615099,1543
20--1963,2/8/2020,1:49 PM,EXETER DR N @ WESSEX RD (0001281),1281,03 - At intersection,03 - P.D. only,05 - Turning movement,01 - Clear,01 - Daylight,01 - Dry,02 - Stop sign,01 - Functioning,2,0,0,0,,0,,,,,363589.6838,5015213.423,45.27441953,-75.75072117,1544
20--1964,2/8/2020,1:50 PM,ARLINGTON AVE @ BRONSON AVE (0006759),6759,03 - At intersection,02 - Non-fatal injury,05 - Turning movement,01 - Clear,01 - Daylight,03 - Loose snow,01 - Traffic signal,01 - Functioning,2,0,0,0,02 - Minor,1,,1,,,367222.7096,5029867.562,45.40596166,-75.7025735,1545
20--1965,2/8/2020,10:10 PM,JAMES ST @ KENT ST (0007277),7277,03 - At intersection,03 - P.D. only,05 - Turning movement,01 - Clear,07 - Dark,02 - Wet,02 - Stop sign,00 - Unknown,2,0,0,0,,0,,,,,367659.7103,5030598.576,45.41249999,-75.69689831,1546
20--1966,2/8/2020,10:29 PM,BRONSON AVE/BRONSON/HERON RAMP 35 @ HERON RD (0002386),2386,03 - At intersection,03 - P.D. only,02 - Angle,01 - Clear,07 - Dark,06 - Ice,01 - Traffic signal,01 - Functioning,2,0,0,0,,0,,,,,368641.5725,5026697.635,45.37731165,-75.68486002,1547
20--1967,2/8/2020,10:30 AM,SILVER SEVEN RD btwn FRANK NIGHBOR PL & 280 N OF PALLADIUM DR/COSTCO S (__3ZAZH2A),__3ZAZH2A,04 - At/near private drive,02 - Non-fatal injury,04 - Sideswipe,01 - Clear,01 - Daylight,01 - Dry,10 - No control,,2,0,0,0,01 - Minimal,1,1,,,,350823.5959,5018146.391,45.30176273,-75.91314405,1548
20--1968,2/8/2020,11:00 AM,STITTSVILLE MAIN ST btwn PORTER ST & DONEGAL RD (__3ZA3D8),__3ZA3D8,01 - Non intersection,03 - P.D. only,99 - Other,01 - Clear,01 - Daylight,02 - Wet,10 - No control,,2,0,0,0,,0,,,,,350947.1927,5012312.365,45.24925821,-75.91211044,1549
20--1969,2/8/2020,11:02 AM,BRONSON AVE/BRONSON/HERON RAMP 35 @ HERON RD (0002386),2386,02 - Intersection related,03 - P.D. only,04 - Sideswipe,01 - Clear,01 - Daylight,01 - Dry,01 - Traffic signal,01 - Functioning,2,0,0,0,,0,,,,,368641.6076,5026697.659,45.37731187,-75.68485957,1550
20--197,1/6/2020,2:11 PM,55 S OF RIDEAU ST @ COLONEL BY DR (0016433),16433,02 - Intersection related,03 - P.D. only,03 - Rear end,03 - Snow,01 - Daylight,03 - Loose snow,01 - Traffic signal,01 - Functioning,3,0,0,0,,0,,,,,367938.6397,5031987.914,45.42497568,-75.69315701,1551
20--1970,2/8/2020,11:10 AM,KING EDWARD AVE @ STEWART ST (0007754),7754,02 - Intersection related,03 - P.D. only,04 - Sideswipe,01 - Clear,01 - Daylight,05 - Packed snow,01 - Traffic signal,01 - Functioning,2,0,0,0,,0,,,,,368634.7085,5032205.568,45.42687088,-75.6842347,1552
20--1971,2/8/2020,11:25 PM,OTTAWA RIVER PKWY @ PORTAGE BRIDGE (0009072),9072,02 - Intersection related,03 - P.D. only,03 - Rear end,01 - Clear,07 - Dark,01 - Dry,01 - Traffic signal,01 - Functioning,2,0,0,0,,0,,,,,366516.2104,5031314.635,45.41904466,-75.7114167,1553
20--1972,2/8/2020,11:35 AM,BASELINE RD @ CLYDE AVE (0002343),2343,02 - Intersection related,03 - P.D. only,03 - Rear end,01 - Clear,01 - Daylight,02 - Wet,01 - Traffic signal,01 - Functioning,2,0,0,0,,0,,,,,364358.7076,5024890.507,45.36142854,-75.73975722,1554
20--248,1/6/2020,8:57 PM,RIDEAU RD btwn BANK ST & DONCASTER RD (__3ZBO26),__3ZBO26,01 - Non intersection,02 - Non-fatal injury,07 - SMV other,03 - Snow,07 - Dark,03 - Loose snow,10 - No control,,1,0,0,0,02 - Minor,1,,1,,,377406.0908,5018104.474,45.29914118,-75.57422787,1555
20--1973,2/8/2020,11:48 AM,MAIN ST @ TORONTO ST (0007688),7688,03 - At intersection,03 - P.D. only,03 - Rear end,03 - Snow,01 - Daylight,05 - Packed snow,02 - Stop sign,01 - Functioning,2,0,0,0,,0,,,,,369513.7238,5029341.552,45.40102074,-75.67337869,1556
20--1974,2/8/2020,11:54 AM,NORICE ST @ WOODROFFE AVE (0001542),1542,02 - Intersection related,03 - P.D. only,03 - Rear end,01 - Clear,01 - Daylight,02 - Wet,01 - Traffic signal,01 - Functioning,2,0,0,0,,0,,,,,363194.684,5022397.48,45.33909444,-75.75490863,1557
20--1975,2/8/2020,11:56 AM,STRANDHERD DR btwn JOCKVALE RD & 215 W OF GREENBANK RD/BARRHAVEN MALL  (__3ZAZMMA),__3ZAZMMA,01 - Non intersection,03 - P.D. only,03 - Rear end,01 - Clear,01 - Daylight,04 - Slush,10 - No control,,2,0,0,0,,0,,,,,363587.2804,5014592.686,45.26883432,-75.75082529,1558
20--1976,2/8/2020,Unknown,CARSON'S RD btwn CHARLESWOOD AVE & DEN HAAG DR (__3ZA7W1),__3ZA7W1,01 - Non intersection,03 - P.D. only,06 - SMV unattended vehicle,03 - Snow,00 - Unknown,03 - Loose snow,10 - No control,,1,0,0,0,,0,,,,,373024.5255,5033817.796,45.4409625,-75.62791867,1559
20--1977,2/8/2020,Unknown,HUNTERSFIELD DR btwn NEWPORT CRES & NEWPORT CRES (__3ZA458),__3ZA458,01 - Non intersection,03 - P.D. only,06 - SMV unattended vehicle,03 - Snow,00 - Unknown,04 - Slush,10 - No control,,1,0,0,0,,0,,,,,372993.6829,5025075.94,45.36231023,-75.62952164,1560
20--1978,2/8/2020,12:00 PM,HIGHWAY 417 btwn HWY417 IC124 RAMP65 & HWY417 IC122 RAMP51 (__3ZA2R8),__3ZA2R8,01 - Non intersection,03 - P.D. only,03 - Rear end,01 - Clear,01 - Daylight,02 - Wet,10 - No control,,2,0,0,0,,0,,,,,365154.8089,5028706.043,45.39569193,-75.72912984,1561
20--1979,2/8/2020,12:15 PM,HIGHWAY 417 btwn HWY417 IC126 RAMP25 & HWY417 IC124 RAMP57 (__3ZA2R5),__3ZA2R5,01 - Non intersection,03 - P.D. only,03 - Rear end,01 - Clear,01 - Daylight,01 - Dry,10 - No control,,2,0,0,0,,0,,,,,363919.5727,5026835.224,45.378964,-75.74512936,1562
20--198,1/6/2020,2:32 PM,LESTER RD btwn ALBION RD & UPLANDS DR (__3ZA2SC),__3ZA2SC,01 - Non intersection,03 - P.D. only,04 - Sideswipe,03 - Snow,01 - Daylight,04 - Slush,10 - No control,,2,0,0,0,,0,,,,,371529.6331,5021492.631,45.33020964,-75.64869128,1563
20--1980,2/8/2020,12:15 PM,HIGHWAY 417 btwn HWY417 IC124 RAMP65 & HWY417 IC122 RAMP51 (__3ZA2R8),__3ZA2R8,01 - Non intersection,03 - P.D. only,03 - Rear end,01 - Clear,01 - Daylight,02 - Wet,10 - No control,,2,0,0,0,,0,,,,,364981.0284,5028411.699,45.39305844,-75.73138512,1564
20--1981,2/8/2020,12:20 PM,HIGHWAY 417 btwn HWY417 IC129 RAMP25 & TRANSIT (__3ZA2SH),__3ZA2SH,01 - Non intersection,03 - P.D. only,03 - Rear end,01 - Clear,01 - Daylight,01 - Dry,10 - No control,,2,0,0,0,,0,,,,,360956.2118,5023917.445,45.35295379,-75.78329572,1565
20--1982,2/8/2020,12:28 PM,HIGHWAY 417 btwn HWY417 IC126 RAMP25 & HWY417 IC124 RAMP57 (__3ZA2R5),__3ZA2R5,01 - Non intersection,03 - P.D. only,03 - Rear end,01 - Clear,01 - Daylight,01 - Dry,10 - No control,,2,0,0,0,,0,,,,,363863.9833,5026760.361,45.37829508,-75.74584805,1566
20--1983,2/8/2020,12:30 PM,HIGHWAY 417 btwn HWY417 IC122 RAMP15 & HWY417 IC121B RAMP51 (__3ZA2RB),__3ZA2RB,01 - Non intersection,03 - P.D. only,03 - Rear end,01 - Clear,01 - Daylight,01 - Dry,10 - No control,,2,0,0,0,,0,,,,,366569.303,5029511.332,45.40281436,-75.71096434,1567
20--1984,2/8/2020,12:30 PM,HIGHWAY 417 btwn HWY417 IC124 RAMP65 & HWY417 IC122 RAMP51 (__3ZA2R8),__3ZA2R8,01 - Non intersection,03 - P.D. only,03 - Rear end,01 - Clear,01 - Daylight,02 - Wet,10 - No control,,2,0,0,0,,0,,,,,365151.4313,5028701.753,45.39565362,-75.7291735,1568
20--1985,2/8/2020,12:34 PM,HIGHWAY 417 btwn HWY417 IC124 RAMP65 & HWY417 IC122 RAMP51 (__3ZA2R8),__3ZA2R8,01 - Non intersection,03 - P.D. only,03 - Rear end,01 - Clear,01 - Daylight,06 - Ice,10 - No control,,2,0,0,0,,0,,,,,365051.6099,5028537.591,45.39418512,-75.73046838,1569