Anom_ID,Accident_Date,Accident_Time,Location,Geo_ID,Accident_Location,Classification_of_Accident,Initial_Impact_Type,Environment_Condition,Light,Road_Surface_Condition,Traffic_Control,Traffic_Control_Condition,No__of_Vehicles,No__of_Bicycles,No__of_Motorcycles,No__of_Pedestrians,Max_Injury,No__of_Injuries,No__of_Minimal,No__of_Minor,No__of_Major,No__of_Fatal,X,Y,Latitude,Longitude,ObjectId
20--1986,2/8/2020,12:35 PM,MAPLE GROVE RD @ TERRY FOX DR (0003177),3177,03 - At intersection,03 - P.D. only,02 - Angle,01 - Clear,01 - Daylight,01 - Dry,01 - Traffic signal,01 - Functioning,2,0,0,0,,0,,,,,351553.6097,5017864.469,45.29917771,-75.90386259,1570
20--1987,2/8/2020,12:48 PM,HIGHWAY 417 btwn HWY417 IC124 RAMP65 & HWY417 IC122 RAMP51 (__3ZA2R8),__3ZA2R8,01 - Non intersection,03 - P.D. only,03 - Rear end,01 - Clear,01 - Daylight,00 - Unknown,10 - No control,,2,0,0,0,,0,,,,,365130.0116,5028672.706,45.39539411,-75.72945061,1571
20--1988,2/8/2020,2:33 PM,CYRVILLE RD @ MEADOWBROOK RD (0012477),12477,03 - At intersection,03 - P.D. only,05 - Turning movement,01 - Clear,01 - Daylight,04 - Slush,01 - Traffic signal,01 - Functioning,2,0,0,0,,0,,,,,374629.729,5031242.558,45.41763342,-75.60776776,1572
20--1989,2/8/2020,2:43 PM,WELLINGTON ST @ LETT ST (0012269),12269,03 - At intersection,03 - P.D. only,05 - Turning movement,01 - Clear,01 - Daylight,01 - Dry,01 - Traffic signal,01 - Functioning,2,0,0,0,,0,,,,,366355.2122,5031111.175,45.41722817,-75.71349909,1573
20--199,1/6/2020,2:35 PM,HIGHWAY 417 btwn HWY417 IC180 RAMP35 & HWY417 IC169 RAMP51 (__5SO6CL),__5SO6CL,01 - Non intersection,03 - P.D. only,07 - SMV other,03 - Snow,01 - Daylight,02 - Wet,10 - No control,,1,0,0,0,,0,,,,,323491.1504,5027046.078,45.3831065,-76.26132394,1574
20--1990,2/8/2020,3:15 PM,BELFAST RD @ ST. LAURENT BLVD (0007658),7658,02 - Intersection related,03 - P.D. only,03 - Rear end,01 - Clear,01 - Daylight,01 - Dry,01 - Traffic signal,01 - Functioning,2,0,0,0,,0,,,,,372860.7221,5030578.561,45.4118334,-75.63045986,1575
20--1991,2/8/2020,3:39 PM,HIGHWAY 417 btwn HWY417 IC117 RAMP25 & HWY417 IC115 RAMP51 (__3ZA2R3),__3ZA2R3,01 - Non intersection,03 - P.D. only,07 - SMV other,01 - Clear,01 - Daylight,01 - Dry,10 - No control,,1,0,0,0,,0,,,,,371624.2255,5031407.288,45.41940909,-75.64614312,1576
20--1992,2/8/2020,3:50 PM,HIGHWAY 417 btwn HWY417 IC122 RAMP51 & HWY417 IC122 RAMP15 (__3ZA2R0),__3ZA2R0,01 - Non intersection,03 - P.D. only,03 - Rear end,01 - Clear,01 - Daylight,06 - Ice,10 - No control,,2,0,0,0,,0,,,,,365222.7118,5028784.532,45.3963923,-75.72825303,1577
20--1993,2/8/2020,3:51 PM,HIGHWAY 417 btwn HWY417 IC117 RAMP25 & HWY417 IC115 RAMP51 (__3ZA2R3),__3ZA2R3,01 - Non intersection,03 - P.D. only,03 - Rear end,01 - Clear,01 - Daylight,01 - Dry,10 - No control,,2,0,0,0,,0,,,,,371310.3002,5031375.402,45.41915211,-75.6501582,1578
20--1994,2/8/2020,3:52 PM,ALTA VISTA DR btwn MCROBIE AVE & ORILLIA ST (__3ZA9RT),__3ZA9RT,04 - At/near private drive,03 - P.D. only,05 - Turning movement,01 - Clear,01 - Daylight,02 - Wet,10 - No control,,2,0,0,0,,0,,,,,370381.4199,5027599.293,45.38526378,-75.66252793,1579
20--1995,2/8/2020,3:55 PM,HIGHWAY 417 btwn HWY417 IC124 RAMP65 & HWY417 IC122 RAMP51 (__3ZA2R8),__3ZA2R8,01 - Non intersection,02 - Non-fatal injury,03 - Rear end,01 - Clear,01 - Daylight,01 - Dry,10 - No control,,2,0,0,0,01 - Minimal,1,1,,,,365152.8447,5028703.55,45.39566967,-75.72915523,1580
20--1996,2/8/2020,3:58 PM,ST. LAURENT BLVD @ WALKLEY RD (0007653),7653,03 - At intersection,03 - P.D. only,02 - Angle,01 - Clear,01 - Daylight,01 - Dry,01 - Traffic signal,01 - Functioning,2,0,0,0,,0,,,,,373902.7415,5028046.854,45.38895219,-75.61750336,1581
20--1997,2/8/2020,3:58 PM,HIGHWAY 417 btwn HWY417 IC124 RAMP65 & HWY417 IC122 RAMP51 (__3ZA2R8),__3ZA2R8,01 - Non intersection,02 - Non-fatal injury,03 - Rear end,01 - Clear,01 - Daylight,01 - Dry,10 - No control,,4,0,0,0,02 - Minor,1,,1,,,364951.7993,5028357.873,45.39257664,-75.73176496,1582
20--1998,2/8/2020,4:00 PM,CYRVILLE RD @ INNES RD (0009352),9352,03 - At intersection,03 - P.D. only,02 - Angle,01 - Clear,01 - Daylight,01 - Dry,01 - Traffic signal,01 - Functioning,2,0,0,0,,0,,,,,375047.7225,5031119.566,45.41648496,-75.60244514,1583
20--1999,2/8/2020,4:05 PM,ALBERT ST btwn BRONSON AVE & BAY ST (__3ZA339),__3ZA339,04 - At/near private drive,03 - P.D. only,04 - Sideswipe,01 - Clear,01 - Daylight,02 - Wet,10 - No control,,2,0,0,0,,0,,,,,366912.3308,5031124.998,45.41730331,-75.70637963,1584
20--20,1/1/2020,9:41 AM,SAI CRES btwn BLOHM DR & BLOHM DR (__3ZA46B),__3ZA46B,01 - Non intersection,03 - P.D. only,07 - SMV other,03 - Snow,01 - Daylight,06 - Ice,10 - No control,,1,0,0,0,,0,,,,,374886.995,5026652.304,45.3763069,-75.60513318,1585
20--200,1/6/2020,2:56 PM,CHURCHILL AVE @ GREENWOOD AVE (0006947),6947,03 - At intersection,03 - P.D. only,02 - Angle,03 - Snow,01 - Daylight,03 - Loose snow,02 - Stop sign,01 - Functioning,2,0,0,0,,0,,,,,363642.6934,5027332.538,45.38346207,-75.74860513,1586
20--2000,2/8/2020,4:10 PM,HUNT CLUB RD @ DOWNPATRICK RD/MCCARTHY RD (0006931),6931,02 - Intersection related,03 - P.D. only,04 - Sideswipe,01 - Clear,01 - Daylight,01 - Dry,01 - Traffic signal,00 - Unknown,2,0,0,0,,0,,,,,370507.7272,5023400.509,45.34747262,-75.66147355,1587
20--2001,2/8/2020,4:15 PM,GOLDEN AVE @ RICHMOND RD (0006932),6932,02 - Intersection related,03 - P.D. only,04 - Sideswipe,01 - Clear,01 - Daylight,04 - Slush,01 - Traffic signal,01 - Functioning,2,0,0,0,,0,,,,,362862.6879,5028026.55,45.38977178,-75.75848296,1588
20--2002,2/8/2020,4:16 PM,HIGHWAY 417 btwn HWY417 IC119B RAMP76 & HWY417 IC119A RAMP67 (__3ZA2YT),__3ZA2YT,01 - Non intersection,03 - P.D. only,04 - Sideswipe,01 - Clear,01 - Daylight,04 - Slush,10 - No control,,2,0,0,0,,0,,,,,368525.4886,5030498.067,45.41151734,-75.68585116,1589
20--2003,2/8/2020,4:29 PM,BASELINE RD @ CLYDE AVE (0002343),2343,02 - Intersection related,03 - P.D. only,03 - Rear end,01 - Clear,01 - Daylight,05 - Packed snow,01 - Traffic signal,01 - Functioning,2,0,0,0,,0,,,,,364358.7132,5024890.508,45.36142855,-75.73975714,1590
20--2004,2/8/2020,4:29 PM,INNES RD @ PAGE RD (0012476),12476,03 - At intersection,03 - P.D. only,02 - Angle,01 - Clear,01 - Daylight,02 - Wet,01 - Traffic signal,01 - Functioning,2,0,0,0,,0,,,,,380887.7415,5034540.545,45.44665368,-75.52730902,1591
20--2005,2/8/2020,4:30 PM,HIGHWAY 417 btwn HWY417 IC118 RAMP35 & HWY417 IC117 RAMP51 (__3ZA2YP),__3ZA2YP,01 - Non intersection,03 - P.D. only,03 - Rear end,01 - Clear,01 - Daylight,01 - Dry,10 - No control,,3,0,0,0,,0,,,,,370306.6173,5031115.067,45.41690441,-75.66301608,1592
20--2006,2/8/2020,4:50 PM,CARLING AVE @ KIRKWOOD AVE S (0002209),2209,02 - Intersection related,03 - P.D. only,03 - Rear end,01 - Clear,01 - Daylight,04 - Slush,01 - Traffic signal,01 - Functioning,2,0,0,0,,0,,,,,364351.6991,5027337.547,45.38344722,-75.73955164,1593
20--2007,2/8/2020,4:50 PM,HIGHWAY 417 btwn HWY417 IC117 RAMP25 & HWY417 IC115 RAMP51 (__3ZA2R3),__3ZA2R3,01 - Non intersection,03 - P.D. only,03 - Rear end,01 - Clear,01 - Daylight,01 - Dry,10 - No control,,2,0,0,0,,0,,,,,371277.51,5031371.363,45.41911888,-75.65057768,1594
20--2008,2/8/2020,4:56 PM,EAGLESON RD @ HAZELDEAN RD/ROBERTSON RD (0002715),2715,02 - Intersection related,03 - P.D. only,03 - Rear end,01 - Clear,01 - Daylight,01 - Dry,01 - Traffic signal,01 - Functioning,2,0,0,0,,0,,,,,353673.6228,5018424.459,45.30407234,-75.87677748,1595
20--2009,2/8/2020,5:25 PM,MAITLAND AVE/HWY 417 MAITLAND IC126R53 @ HWY 4 (0008229),8229,03 - At intersection,03 - P.D. only,05 - Turning movement,01 - Clear,07 - Dark,01 - Dry,01 - Traffic signal,01 - Functioning,2,0,0,0,,0,,,,,363229.6945,5025774.527,45.36947786,-75.75406283,1596
20--201,1/6/2020,3:04 PM,WOODROFFE AVE btwn PINELAND AVE & SLACK RD (__3ZA3IC),__3ZA3IC,01 - Non intersection,03 - P.D. only,07 - SMV other,03 - Snow,01 - Daylight,03 - Loose snow,10 - No control,,1,0,0,0,,0,,,,,364162.2431,5020145.123,45.31874671,-75.74283414,1597
20--2010,2/8/2020,5:30 PM,HIGHWAY 417 btwn HWY417 IC117 RAMP61 & HWY417 IC115 RAMP36 (__3ZA2RZ),__3ZA2RZ,01 - Non intersection,03 - P.D. only,03 - Rear end,01 - Clear,07 - Dark,06 - Ice,10 - No control,,3,0,0,0,,0,,,,,371535.8721,5031419.309,45.41952568,-75.64727031,1598
20--2011,2/8/2020,5:44 PM,CARLING AVE @ BROADVIEW AVE (0006707),6707,03 - At intersection,03 - P.D. only,05 - Turning movement,01 - Clear,05 - Dusk,05 - Packed snow,01 - Traffic signal,01 - Functioning,2,0,0,0,,0,,,,,363180.6868,5026638.537,45.3772562,-75.7545863,1599
20--2012,2/8/2020,6:27 PM,BRONSON AVE @ PRIMROSE AVE (0006344),6344,03 - At intersection,02 - Non-fatal injury,07 - SMV other,01 - Clear,07 - Dark,02 - Wet,01 - Traffic signal,01 - Functioning,1,0,0,1,02 - Minor,1,,1,,,366885.7016,5030669.562,45.4132078,-75.70677722,1600
20--2013,2/8/2020,6:35 PM,INNES RD @ TENTH LINE RD (0004633),4633,02 - Intersection related,03 - P.D. only,03 - Rear end,01 - Clear,07 - Dark,04 - Slush,01 - Traffic signal,01 - Functioning,2,0,0,0,,0,,,,,383951.7575,5036159.534,45.46087965,-75.48788472,1601
20--2014,2/8/2020,6:40 AM,EDGEMOORE CRES btwn GOWARD DR & HALTON TER (__49PV98),__49PV98,04 - At/near private drive,03 - P.D. only,06 - SMV unattended vehicle,01 - Clear,03 - Dawn,03 - Loose snow,10 - No control,,1,0,0,0,,0,,,,,348259.2393,5023768.964,45.35251957,-75.94534754,1602
20--2015,2/8/2020,6:45 PM,MONTREAL RD @ DEN HAAG DR/LANG'S RD (0010798),10798,03 - At intersection,03 - P.D. only,05 - Turning movement,01 - Clear,07 - Dark,06 - Ice,01 - Traffic signal,01 - Functioning,2,0,0,0,,0,,,,,372386.7147,5034221.584,45.44465753,-75.6360151,1603
20--2016,2/8/2020,8:00 PM,BANK ST @ WELLINGTON ST (0002039),2039,03 - At intersection,03 - P.D. only,02 - Angle,01 - Clear,07 - Dark,01 - Dry,01 - Traffic signal,01 - Functioning,2,0,0,0,,0,,,,,367257.7063,5031628.571,45.42180356,-75.7019033,1604
20--2017,2/8/2020,8:10 AM,CYRVILLE RD @ ST. LAURENT BLVD (0002647),2647,02 - Intersection related,03 - P.D. only,04 - Sideswipe,01 - Clear,01 - Daylight,02 - Wet,01 - Traffic signal,01 - Functioning,2,0,0,0,,0,,,,,372241.712,5032111.591,45.42568683,-75.63815756,1605
20--2018,2/8/2020,8:31 AM,BASELINE RD @ FISHER AVE (0002346),2346,02 - Intersection related,03 - P.D. only,04 - Sideswipe,03 - Snow,01 - Daylight,03 - Loose snow,01 - Traffic signal,01 - Functioning,2,0,0,0,,0,,,,,366166.6958,5026028.535,45.37151236,-75.71653977,1606
20--2019,2/8/2020,8:49 AM,REGIONAL ROAD 174 btwn OR174 IC112 RAMP51 & OR174 IC112 RAMP15 (__3ZA2XE),__3ZA2XE,01 - Non intersection,03 - P.D. only,07 - SMV other,01 - Clear,01 - Daylight,02 - Wet,10 - No control,,1,0,0,0,,0,,,,,374853.8948,5032861.422,45.43217667,-75.60467365,1607
20--202,1/6/2020,3:05 PM,PRINCE OF WALES DR @ WEST HUNT CLUB RD (0000567),567,02 - Intersection related,03 - P.D. only,03 - Rear end,03 - Snow,01 - Daylight,04 - Slush,01 - Traffic signal,01 - Functioning,2,0,0,0,,0,,,,,367458.7107,5021891.466,45.33417356,-75.70057067,1608
20--2020,2/8/2020,9:15 AM,BEAUSEJOUR DR btwn BOYER RD & KAMOURASKA CIRC (__3ZBO2G),__3ZBO2G,04 - At/near private drive,03 - P.D. only,02 - Angle,01 - Clear,01 - Daylight,01 - Dry,10 - No control,,2,0,0,0,,0,,,,,380870.6024,5035941.663,45.4592617,-75.52731139,1609
20--2021,2/8/2020,9:24 AM,FISHER AVE @ NORMANDY CRES S (0005079),5079,02 - Intersection related,03 - P.D. only,03 - Rear end,01 - Clear,01 - Daylight,02 - Wet,02 - Stop sign,01 - Functioning,2,0,0,0,,0,,,,,366868.7105,5024340.519,45.35626213,-75.70779013,1610
20--2022,2/8/2020,9:49 AM,UPLANDS DR btwn CAHILL DR W & HUNT CLUB RD (__3ZA91M),__3ZA91M,01 - Non intersection,03 - P.D. only,99 - Other,01 - Clear,01 - Daylight,02 - Wet,10 - No control,,2,0,0,0,,0,,,,,370144.9399,5023149.483,45.34524785,-75.66613592,1611
20--2023,2/8/2020,9:58 AM,RIVERSIDE DR @ WALKLEY RD (0002158),2158,02 - Intersection related,02 - Non-fatal injury,02 - Angle,01 - Clear,01 - Daylight,05 - Packed snow,01 - Traffic signal,01 - Functioning,2,0,0,0,01 - Minimal,1,1,,,,368418.7212,5024853.535,45.3607392,-75.68794261,1612
20--2024,2/8/2020,9:59 AM,FISHER AVE @ VIEWMOUNT DR (0005076),5076,02 - Intersection related,03 - P.D. only,03 - Rear end,01 - Clear,01 - Daylight,04 - Slush,01 - Traffic signal,01 - Functioning,2,0,0,0,,0,,,,,366918.7114,5024209.505,45.35507886,-75.70716847,1613
20--2025,2/9/2020,1:10 PM,GLADSTONE AVE @ O'CONNOR ST (0002710),2710,02 - Intersection related,03 - P.D. only,03 - Rear end,01 - Clear,01 - Daylight,02 - Wet,01 - Traffic signal,01 - Functioning,2,0,0,0,,0,,,,,368074.707,5030658.574,45.41300243,-75.6915891,1614
20--2026,2/9/2020,1:12 PM,DALY AVE btwn MACKENZIE AVE & NICHOLAS ST (__3ZA8JX),__3ZA8JX,01 - Non intersection,03 - P.D. only,06 - SMV unattended vehicle,01 - Clear,01 - Daylight,02 - Wet,10 - No control,,1,0,0,0,,0,,,,,368090.952,5031975.376,45.42484911,-75.69121243,1615
20--2027,2/9/2020,1:50 PM,HIGHWAY 417 btwn HWY417 IC124 RAMP67 & HWY417 IC123 RAMP62 (__3ZA2YZ),__3ZA2YZ,01 - Non intersection,03 - P.D. only,03 - Rear end,01 - Clear,01 - Daylight,06 - Ice,10 - No control,,4,0,0,0,,0,,,,,364630.4594,5027815.735,45.38772611,-75.73593435,1616
20--2028,2/9/2020,10:12 PM,RIVERSIDE DR NB btwn BANK ST & RIVERSIDE DR NB RAMP FROM EB TO WB (__3ZBOEF),__3ZBOEF,01 - Non intersection,03 - P.D. only,04 - Sideswipe,03 - Snow,07 - Dark,04 - Slush,10 - No control,,2,0,0,0,,0,,,,,369343.5912,5027941.376,45.38843813,-75.67573484,1617
20--2668,2/20/2020,6:25 PM,HIGHWAY 417 btwn HWY417 IC144 RAMP25 & HWY417 IC142 RAMP51 (__3ZA20J),__3ZA20J,01 - Non intersection,03 - P.D. only,07 - SMV other,01 - Clear,07 - Dark,01 - Dry,10 - No control,,1,0,0,0,,0,,,,,348193.697,5016532.167,45.28740477,-75.94681803,1618
20--2480,2/17/2020,5:31 PM,BRONSON AVE btwn BREWER WAY & RIVERSIDE DR RAMPS 34B & 42A-3 (__3ZA3BR),__3ZA3BR,01 - Non intersection,03 - P.D. only,07 - SMV other,01 - Clear,07 - Dark,01 - Dry,10 - No control,,1,0,0,0,,0,,,,,368401.5138,5027214.872,45.38198744,-75.68785819,1619
20--2669,2/20/2020,6:36 AM,BANTREE ST @ INNES RD (0007684),7684,03 - At intersection,02 - Non-fatal injury,05 - Turning movement,01 - Clear,03 - Dawn,01 - Dry,01 - Traffic signal,01 - Functioning,2,0,0,0,02 - Minor,1,,1,,,373705.72,5030406.55,45.41020304,-75.61968953,1620
20--267,1/7/2020,Unknown,SPRINGLAND DR btwn HOBSON RD & NORBERRY CRES (__3ZA0SW),__3ZA0SW,01 - Non intersection,03 - P.D. only,06 - SMV unattended vehicle,01 - Clear,00 - Unknown,04 - Slush,10 - No control,,1,0,0,0,,0,,,,,368617.7221,5025827.758,45.36948691,-75.68527691,1621
20--2481,2/17/2020,5:31 PM,BRONSON AVE btwn BREWER WAY & RIVERSIDE DR RAMPS 34B & 42A-3 (__3ZA3BR),__3ZA3BR,01 - Non intersection,03 - P.D. only,07 - SMV other,01 - Clear,07 - Dark,01 - Dry,10 - No control,,1,0,0,0,,0,,,,,368399.8602,5027218.072,45.38201638,-75.68787889,1622
20--2670,2/20/2020,6:50 PM,BAYSHORE DR @ RICHMOND RD (0010407),10407,02 - Intersection related,03 - P.D. only,04 - Sideswipe,01 - Clear,07 - Dark,01 - Dry,01 - Traffic signal,01 - Functioning,2,0,0,0,,0,,,,,359372.6985,5023368.52,45.34813958,-75.80356467,1623
20--2482,2/17/2020,5:31 PM,BRONSON AVE btwn BREWER WAY & RIVERSIDE DR RAMPS 34B & 42A-3 (__3ZA3BR),__3ZA3BR,01 - Non intersection,03 - P.D. only,07 - SMV other,01 - Clear,07 - Dark,01 - Dry,10 - No control,,1,0,0,0,,0,,,,,368399.5116,5027218.75,45.38202251,-75.68788325,1624
20--2483,2/17/2020,6:22 PM,DALY AVE @ KING EDWARD AVE (0007755),7755,03 - At intersection,03 - P.D. only,05 - Turning movement,01 - Clear,07 - Dark,01 - Dry,02 - Stop sign,01 - Functioning,2,0,0,0,,0,,,,,368591.7059,5032273.598,45.42748691,-75.68477538,1625
20--2484,2/17/2020,6:30 PM,ELGIN ST @ SOMERSET ST (0006936),6936,02 - Intersection related,03 - P.D. only,03 - Rear end,01 - Clear,07 - Dark,01 - Dry,01 - Traffic signal,01 - Functioning,2,0,0,0,,0,,,,,368164.7044,5031198.562,45.41785292,-75.69036996,1626
20--2485,2/17/2020,8:15 PM,KINBURN SIDE RD btwn DOMINION SPRINGS RD & UPPER DWYER HILL RD (__3ZA4SK),__3ZA4SK,01 - Non intersection,03 - P.D. only,07 - SMV other,03 - Snow,07 - Dark,05 - Packed snow,10 - No control,,1,0,0,0,,0,,,,,324146.3221,5023581.612,45.3519135,-76.25309349,1627
20--2671,2/20/2020,6:58 AM,HIGHWAY 417 btwn HWY417 IC169 RAMP25 & HWY417 IC163 RAMP51 (__5SPOUW),__5SPOUW,01 - Non intersection,03 - P.D. only,03 - Rear end,01 - Clear,03 - Dawn,01 - Dry,10 - No control,,2,0,0,0,,0,,,,,326395.9992,5024165.761,45.35710433,-76.22435689,1628
20--2486,2/17/2020,9:45 PM,DWYER HILL RD btwn FLOOD RD & GILROY RD (__3ZA4ZW),__3ZA4ZW,01 - Non intersection,03 - P.D. only,07 - SMV other,01 - Clear,07 - Dark,05 - Packed snow,10 - No control,,1,0,0,0,,0,,,,,357695.3074,4985427.39,45.00686153,-75.82899132,1629
20--2672,2/20/2020,7:00 PM,ST. LAURENT BLVD btwn TRANSIT & HWY417 IC115 RAMP35 (__3ZA1LL),__3ZA1LL,01 - Non intersection,03 - P.D. only,04 - Sideswipe,01 - Clear,07 - Dark,01 - Dry,10 - No control,,2,0,0,0,,0,,,,,372464.0671,5031570.886,45.42080035,-75.63539066,1630
20--2487,2/17/2020,9:46 AM,BOOTH ST @ GLADSTONE AVE (0002211),2211,03 - At intersection,03 - P.D. only,02 - Angle,01 - Clear,01 - Daylight,01 - Dry,01 - Traffic signal,01 - Functioning,2,0,0,0,,0,,,,,366768.6955,5029850.545,45.40584889,-75.70837493,1631
20--2673,2/20/2020,7:15 AM,FALLOWFIELD RD @ STRANDHERD DR (0005238),5238,02 - Intersection related,03 - P.D. only,03 - Rear end,01 - Clear,01 - Daylight,01 - Dry,01 - Traffic signal,01 - Functioning,2,0,0,0,,0,,,,,360752.2181,5014962.138,45.27238995,-75.78691031,1632
20--2674,2/20/2020,7:37 AM,MCCARTHY RD btwn CAHILL DR W & PLANTE DR (__3ZA9CK),__3ZA9CK,01 - Non intersection,03 - P.D. only,06 - SMV unattended vehicle,01 - Clear,01 - Daylight,01 - Dry,10 - No control,,1,0,0,0,,0,,,,,370304.1163,5023727.237,45.35043147,-75.66402837,1633
20--2675,2/20/2020,7:50 AM,HAWTHORNE RD/RUSSELL RD @ WALKLEY RD (0002618),2618,02 - Intersection related,03 - P.D. only,03 - Rear end,01 - Clear,01 - Daylight,01 - Dry,01 - Traffic signal,01 - Functioning,2,0,0,0,,0,,,,,374674.7445,5028499.525,45.39294851,-75.60758137,1634
20--2676,2/20/2020,7:50 PM,CAMPEAU DR @ PALLADIUM DR (0017186),17186,03 - At intersection,03 - P.D. only,02 - Angle,01 - Clear,07 - Dark,01 - Dry,11 - Roundabout,01 - Functioning,2,0,0,0,,0,,,,,348542.2286,5017628.875,45.29725171,-75.94227845,1635
20--2677,2/20/2020,8:00 AM,HUNTLEY RD btwn MANSFIELD RD & BROWNLEE RD (__3ZA42J),__3ZA42J,01 - Non intersection,03 - P.D. only,07 - SMV other,01 - Clear,01 - Daylight,06 - Ice,10 - No control,,1,0,0,0,,0,,,,,354655.81,5008602.862,45.21562602,-75.86523921,1636
20--2678,2/20/2020,8:06 AM,RIDEAUVIEW TER btwn PRINCE OF WALES DR & END (__3ZA0NR),__3ZA0NR,01 - Non intersection,03 - P.D. only,03 - Rear end,01 - Clear,01 - Daylight,06 - Ice,10 - No control,,2,0,0,0,,0,,,,,367068.0469,5026798.428,45.37836017,-75.70493638,1637
20--2679,2/20/2020,8:14 AM,MCCARTHY RD @ PLANTE DR N (0007480),7480,02 - Intersection related,03 - P.D. only,02 - Angle,01 - Clear,01 - Daylight,01 - Dry,01 - Traffic signal,01 - Functioning,2,0,0,0,,0,,,,,369605.7154,5024193.499,45.35469166,-75.6728794,1638
20--268,1/7/2020,Unknown,VIA AMALFI ST btwn VIA VERONA AVE & VIA VERONA AVE (__8OJCT3),__8OJCT3,01 - Non intersection,03 - P.D. only,06 - SMV unattended vehicle,01 - Clear,00 - Unknown,05 - Packed snow,10 - No control,,1,0,0,0,,0,,,,,363949.604,5016058.714,45.28199528,-75.74603363,1639
20--2680,2/20/2020,8:45 AM,HIGHWAY 417 btwn HWY417 IC121B RAMP16 & HWY417 IC121A RAMP16 (__3ZA2YX),__3ZA2YX,01 - Non intersection,03 - P.D. only,03 - Rear end,01 - Clear,01 - Daylight,01 - Dry,10 - No control,,4,0,0,0,,0,,,,,366922.1671,5029635.575,45.40390104,-75.70644167,1640
20--2681,2/20/2020,8:50 AM,BANKFIELD RD @ PRINCE OF WALES DR (0003618),3618,02 - Intersection related,03 - P.D. only,03 - Rear end,01 - Clear,01 - Daylight,01 - Dry,01 - Traffic signal,01 - Functioning,2,0,0,0,,0,,,,,366379.6834,5008975.379,45.21805086,-75.71593828,1641
20--2682,2/20/2020,9:00 AM,BRONSON AVE @ PRIMROSE AVE (0006344),6344,02 - Intersection related,03 - P.D. only,04 - Sideswipe,01 - Clear,01 - Daylight,01 - Dry,01 - Traffic signal,01 - Functioning,2,0,0,0,,0,,,,,366885.7005,5030669.567,45.41320784,-75.70677724,1642
20--2683,2/20/2020,9:23 AM,HUNT CLUB RD @ RIVERSIDE DR (0002237),2237,02 - Intersection related,03 - P.D. only,03 - Rear end,01 - Clear,01 - Daylight,01 - Dry,01 - Traffic signal,01 - Functioning,2,0,0,0,,0,,,,,368036.6929,5021945.511,45.33460799,-75.69319033,1643
20--2684,2/20/2020,9:24 PM,DUNROBIN RD btwn KERWIN RD & ROCHON WAY (__3ZA3EG),__3ZA3EG,01 - Non intersection,03 - P.D. only,07 - SMV other,01 - Clear,07 - Dark,01 - Dry,10 - No control,,1,0,0,0,,0,,,,,346472.0861,5027008.097,45.3817746,-75.96788202,1644
20--2685,2/21/2020,1:30 PM,INNES RD btwn HWY417 IC112 RAMP66 & 215 W OF CYRVILLE RD/HOME DEPOT W (__3ZA3RCA),__3ZA3RCA,01 - Non intersection,03 - P.D. only,99 - Other,01 - Clear,01 - Daylight,01 - Dry,10 - No control,,2,0,0,0,,0,,,,,374848.5715,5030993.72,45.41537263,-75.60500727,1645
20--2686,2/21/2020,1:45 PM,BANTREE ST @ INNES RD (0007684),7684,03 - At intersection,02 - Non-fatal injury,02 - Angle,01 - Clear,01 - Daylight,01 - Dry,01 - Traffic signal,01 - Functioning,2,0,0,0,02 - Minor,2,1,1,,,373705.729,5030406.562,45.41020315,-75.61968941,1646
20--2211,2/12/2020,7:31 AM,MERIVALE RD @ EMERALD PLAZA SC (0005311),5311,03 - At intersection,02 - Non-fatal injury,02 - Angle,01 - Clear,01 - Daylight,01 - Dry,01 - Traffic signal,01 - Functioning,3,0,0,0,02 - Minor,2,1,1,,,364737.126,5024005.456,45.35343273,-75.7350346,1647
20--2032,2/9/2020,11:00 AM,TERRY FOX DR @ PALLADIUM DR/KATIMAVIK RD (0011858),11858,02 - Intersection related,03 - P.D. only,03 - Rear end,01 - Clear,01 - Daylight,01 - Dry,01 - Traffic signal,01 - Functioning,2,0,0,0,,0,,,,,351269.7168,5018181.777,45.30205177,-75.90745246,1648
20--2687,2/21/2020,1:45 PM,OLD INNES RD @ BANTREE ST (0007674),7674,03 - At intersection,02 - Non-fatal injury,05 - Turning movement,01 - Clear,01 - Daylight,01 - Dry,02 - Stop sign,01 - Functioning,2,0,0,0,02 - Minor,1,,1,,,373727.7194,5030352.557,45.40971507,-75.61941605,1649
20--2688,2/21/2020,10:30 AM,CREEKVIEW WAY btwn GRACEWOOD CRES & WOODBRIAR WAY (__727TFZ),__727TFZ,04 - At/near private drive,03 - P.D. only,02 - Angle,01 - Clear,01 - Daylight,05 - Packed snow,10 - No control,,2,0,0,0,,0,,,,,374372.315,5019705.84,45.3138567,-75.61268083,1650
20--2689,2/21/2020,11:30 AM,ARGYLE AVE E @ METCALFE ST (0007280),7280,02 - Intersection related,03 - P.D. only,04 - Sideswipe,01 - Clear,01 - Daylight,01 - Dry,10 - No control,,2,0,0,0,,0,,,,,368442.7062,5030641.568,45.41281605,-75.68689014,1651
20--269,1/7/2020,2:11 PM,REGIONAL ROAD 174 btwn OR174 IC112 RAMP51 & OR174 IC112 RAMP15 (__3ZA2XE),__3ZA2XE,01 - Non intersection,02 - Non-fatal injury,04 - Sideswipe,01 - Clear,01 - Daylight,01 - Dry,10 - No control,,2,0,0,0,02 - Minor,1,,1,,,375098.1561,5033050.004,45.43384891,-75.60152532,1652