Anom_ID,Accident_Date,Accident_Time,Location,Geo_ID,Accident_Location,Classification_of_Accident,Initial_Impact_Type,Environment_Condition,Light,Road_Surface_Condition,Traffic_Control,Traffic_Control_Condition,No__of_Vehicles,No__of_Bicycles,No__of_Motorcycles,No__of_Pedestrians,Max_Injury,No__of_Injuries,No__of_Minimal,No__of_Minor,No__of_Major,No__of_Fatal,X,Y,Latitude,Longitude,ObjectId
20--2217,2/12/2020,8:20 AM,HIGHWAY 417 btwn HWY417 IC118 RAMP76 & HWY417 IC118 RAMP67 (__3ZA2YR),__3ZA2YR,01 - Non intersection,03 - P.D. only,03 - Rear end,01 - Clear,01 - Daylight,02 - Wet,10 - No control,,2,0,0,0,,0,,,,,369250.6045,5030920.498,45.41525182,-75.67653289,1816
20--2218,2/12/2020,8:35 PM,RIVERSIDE DR @ SMYTH RD SOUTH SIDE RAMP (0011480),11480,02 - Intersection related,03 - P.D. only,03 - Rear end,03 - Snow,07 - Dark,03 - Loose snow,01 - Traffic signal,01 - Functioning,2,0,0,0,,0,,,,,369788.4456,5028997.978,45.39790394,-75.66991517,1817
20--2219,2/12/2020,8:45 AM,HIGHWAY 417 btwn HWY417 IC117 RAMP61 & HWY417 IC115 RAMP36 (__3ZA2RZ),__3ZA2RZ,01 - Non intersection,03 - P.D. only,03 - Rear end,01 - Clear,01 - Daylight,01 - Dry,10 - No control,,3,0,0,0,,0,,,,,371731.4314,5031441.093,45.41970301,-75.64476884,1818
20--222,1/6/2020,7:00 PM,BEATRICE DR @ STRANDHERD DR (0005447),5447,02 - Intersection related,03 - P.D. only,03 - Rear end,03 - Snow,07 - Dark,04 - Slush,01 - Traffic signal,01 - Functioning,2,0,0,0,,0,,,,,365527.376,5015321.484,45.27522718,-75.72601415,1819
20--2220,2/12/2020,9:04 AM,OGILVIE RD @ BATHGATE DR/CITYPARK DR W (0012430),12430,02 - Intersection related,02 - Non-fatal injury,03 - Rear end,01 - Clear,01 - Daylight,01 - Dry,01 - Traffic signal,01 - Functioning,2,0,0,0,01 - Minimal,1,1,,,,373828.7205,5032800.576,45.43173115,-75.61778288,1820
20--2221,2/12/2020,9:17 PM,MEADOWLANDS DR btwn INVERNESS AVE & DEER PARK RD (__3ZA4IM),__3ZA4IM,04 - At/near private drive,03 - P.D. only,02 - Angle,01 - Clear,07 - Dark,02 - Wet,10 - No control,,2,0,0,0,,0,,,,,365950.5769,5024842.95,45.36086359,-75.7194454,1821
20--2222,2/12/2020,9:20 PM,BANK ST @ KILBORN AVE/BELANGER AVE (0007208),7208,02 - Intersection related,03 - P.D. only,03 - Rear end,01 - Clear,07 - Dark,08 - Loose sand or gravel,01 - Traffic signal,01 - Functioning,2,0,0,0,,0,,,,,369653.7228,5027427.551,45.38378625,-75.67184218,1822
20--2223,2/12/2020,9:30 AM,BLAIR RD @ REGIONAL RD 174 N/OR174 IC112 RAMP61 (0003617),3617,02 - Intersection related,02 - Non-fatal injury,03 - Rear end,01 - Clear,01 - Daylight,01 - Dry,01 - Traffic signal,01 - Functioning,2,0,0,0,01 - Minimal,1,1,,,,374634.7232,5032991.576,45.43336964,-75.60745598,1823
20--2224,2/12/2020,9:31 AM,CLARIDGE DR @ TOTTERIDGE AVE (0011026),11026,03 - At intersection,02 - Non-fatal injury,07 - SMV other,01 - Clear,01 - Daylight,01 - Dry,02 - Stop sign,01 - Functioning,1,0,0,1,02 - Minor,1,,1,,,364653.4854,5016293.897,45.28405187,-75.73703385,1824
20--2225,2/12/2020,9:31 PM,CONROY RD @ HUNT CLUB RD (0002257),2257,03 - At intersection,02 - Non-fatal injury,02 - Angle,01 - Clear,07 - Dark,02 - Wet,01 - Traffic signal,01 - Functioning,3,0,0,0,02 - Minor,1,,1,,,373763.7359,5025404.521,45.36519133,-75.61964738,1825
20--2226,2/12/2020,9:50 AM,STITTSVILLE MAIN ST @ HOBIN ST/WILDPINE CRT (0000052),52,02 - Intersection related,03 - P.D. only,03 - Rear end,01 - Clear,01 - Daylight,01 - Dry,01 - Traffic signal,01 - Functioning,2,0,0,0,,0,,,,,349665.5759,5014034.426,45.26483683,-75.92828122,1826
20--2227,2/12/2020,9:55 AM,OGILVIE RD btwn CYRVILLE RD & MURDOCK GT (__3ZA13S),__3ZA13S,04 - At/near private drive,03 - P.D. only,05 - Turning movement,01 - Clear,01 - Daylight,01 - Dry,10 - No control,,2,0,0,0,,0,,,,,372570.7178,5032074.936,45.42532523,-75.6339587,1827
20--2228,2/12/2020,9:55 AM,INDUSTRIAL AVE @ RIVERSIDE DR (0011905),11905,02 - Intersection related,03 - P.D. only,03 - Rear end,01 - Clear,01 - Daylight,01 - Dry,01 - Traffic signal,01 - Functioning,2,0,0,0,,0,,,,,370684.7161,5030592.558,45.41216758,-75.65825545,1828
20--2229,2/13/2020,1:08 AM,MERIVALE RD btwn CLYDE AVE & GILBEY DR (__3ZA4HD),__3ZA4HD,01 - Non intersection,03 - P.D. only,07 - SMV other,01 - Clear,07 - Dark,01 - Dry,10 - No control,,1,0,0,0,,0,,,,,364610.1417,5024592.899,45.3587293,-75.73658406,1829
20--223,1/6/2020,7:05 PM,JOCKVALE RD/RIDEAU VALLEY DR @ PRINCE OF WALES (0004638),4638,02 - Intersection related,03 - P.D. only,03 - Rear end,03 - Snow,07 - Dark,06 - Ice,01 - Traffic signal,01 - Functioning,2,0,0,0,,0,,,,,366709.6833,5012195.406,45.24699575,-75.71133631,1830
20--2230,2/13/2020,1:58 PM,BASELINE RD/HERON RD @ PRINCE OF WALES DR (0002345),2345,03 - At intersection,03 - P.D. only,99 - Other,01 - Clear,01 - Daylight,02 - Wet,01 - Traffic signal,01 - Functioning,2,0,0,0,,0,,,,,366873.7023,5026438.537,45.3751392,-75.70746285,1831
20--2231,2/13/2020,1:58 PM,STONEHENGE CRES btwn WHITTAKER CRES & WHITTAKER CRES (__3ZBO9S),__3ZBO9S,01 - Non intersection,03 - P.D. only,99 - Other,01 - Clear,01 - Daylight,01 - Dry,10 - No control,,2,0,0,0,,0,,,,,375158.3644,5031563.048,45.42046406,-75.60096832,1832
20--2232,2/13/2020,10:00 AM,MAITLAND AVE/HWY 417 MAITLAND IC126R53 @ HWY 4 (0008229),8229,02 - Intersection related,02 - Non-fatal injury,03 - Rear end,03 - Snow,01 - Daylight,03 - Loose snow,01 - Traffic signal,00 - Unknown,2,0,0,0,01 - Minimal,1,1,,,,363229.6848,5025774.509,45.3694777,-75.75406296,1833
20--2233,2/13/2020,10:30 AM,CONCORD ST @ GREENFIELD AVE (0011368),11368,02 - Intersection related,03 - P.D. only,03 - Rear end,01 - Clear,01 - Daylight,03 - Loose snow,99 - Other,01 - Functioning,2,0,0,0,,0,,,,,369033.6324,5031064.598,45.41656833,-75.67928601,1834
20--2234,2/13/2020,10:36 PM,BRONSON AVE btwn RIVERSIDE DR RAMPS 34B & 42A-3 & BRONSON AVE RAMP 34 (__3ZA3BK),__3ZA3BK,01 - Non intersection,03 - P.D. only,04 - Sideswipe,01 - Clear,07 - Dark,01 - Dry,10 - No control,,2,0,0,0,,0,,,,,368416.4527,5027185.716,45.38172374,-75.68767121,1835
20--2235,2/13/2020,11:15 PM,HWY417 IC118 RAMP76 btwn HIGHWAY 417 & HWY417 IC118 RAMP43 (__3ZAY9N),__3ZAY9N,01 - Non intersection,03 - P.D. only,07 - SMV other,01 - Clear,07 - Dark,06 - Ice,10 - No control,,1,0,0,0,,0,,,,,369378.0119,5031038.3,45.41630001,-75.67488977,1836
20--2236,2/13/2020,11:28 AM,AIRPORT PKWY btwn RAMP & TO BE DETERMINED (__3ZA222),__3ZA222,01 - Non intersection,03 - P.D. only,99 - Other,01 - Clear,01 - Daylight,01 - Dry,10 - No control,,3,0,0,0,,0,,,,,369148.6825,5026100.843,45.3718955,-75.67846358,1837
20--2237,2/13/2020,11:40 AM,MAITLAND AVE/GLENMOUNT AVE @ ERINDALE DR (0002724),2724,02 - Intersection related,03 - P.D. only,04 - Sideswipe,03 - Snow,01 - Daylight,02 - Wet,01 - Traffic signal,01 - Functioning,2,0,0,0,,0,,,,,363697.6838,5025211.521,45.36437284,-75.74815592,1838
20--2238,2/13/2020,11:44 AM,FITZGERALD RD @ ROBERTSON RD (0005301),5301,03 - At intersection,02 - Non-fatal injury,05 - Turning movement,03 - Snow,01 - Daylight,02 - Wet,01 - Traffic signal,01 - Functioning,3,0,0,0,02 - Minor,1,,1,,,356789.5753,5020289.287,45.32062859,-75.83685066,1839
20--2239,2/13/2020,11:50 AM,ROSEMOUNT AVE btwn WELLINGTON ST W & GLADSTONE AVE (__3ZA05K),__3ZA05K,01 - Non intersection,03 - P.D. only,01 - Approaching,03 - Snow,01 - Daylight,04 - Slush,10 - No control,,2,0,0,0,,0,,,,,365400.7894,5029346.634,45.40143458,-75.72590969,1840
20--224,1/6/2020,7:07 PM,FALLMOUTH CRT @ CLEARBROOK DR (0010969),10969,03 - At intersection,03 - P.D. only,06 - SMV unattended vehicle,03 - Snow,07 - Dark,03 - Loose snow,02 - Stop sign,01 - Functioning,1,0,0,0,,0,,,,,366013.7049,5014914.035,45.2715188,-75.71986657,1841
20--2240,2/13/2020,11:55 AM,VIEWMOUNT DR @ MERIVALE RD (0001528),1528,02 - Intersection related,03 - P.D. only,03 - Rear end,03 - Snow,01 - Daylight,04 - Slush,01 - Traffic signal,01 - Functioning,3,0,0,0,,0,,,,,365193.7058,5022948.49,45.34388312,-75.72933697,1842
20--2241,2/13/2020,Unknown,WELLINGTON ST    W btwn FAIRMONT AVE & IRVING AVE (__3ZA31T),__3ZA31T,01 - Non intersection,03 - P.D. only,06 - SMV unattended vehicle,01 - Clear,00 - Unknown,02 - Wet,10 - No control,,1,0,0,0,,0,,,,,365575.2857,5029727.699,45.40484818,-75.72363398,1843
20--2242,2/13/2020,Unknown,DEERFOX DR btwn PALMADEO DR & APPLEDALE DR (__3ZAYGA),__3ZAYGA,04 - At/near private drive,03 - P.D. only,06 - SMV unattended vehicle,01 - Clear,00 - Unknown,05 - Packed snow,10 - No control,,1,0,0,0,,0,,,,,365268.5156,5015586.735,45.27763621,-75.72928078,1844
20--2243,2/13/2020,Unknown,ALBION RD btwn 118 S OF BRENDA CR & CAHILL DR (__3ZA9EVB),__3ZA9EVB,01 - Non intersection,03 - P.D. only,06 - SMV unattended vehicle,01 - Clear,00 - Unknown,03 - Loose snow,10 - No control,,1,0,0,0,,0,,,,,371714.3974,5024697.378,45.35902733,-75.64590087,1845
20--2244,2/13/2020,Unknown,LAKERIDGE DR btwn HARVEST VALLEY AVE W & LAKERIDGE DR S-2 (__5Z1RTN),__5Z1RTN,01 - Non intersection,03 - P.D. only,06 - SMV unattended vehicle,01 - Clear,00 - Unknown,03 - Loose snow,10 - No control,,1,0,0,0,,0,,,,,385057.9346,5034503.717,45.44585596,-75.47401246,1846
20--2245,2/13/2020,Unknown,SHOREHAM AVE btwn BENTWORTH CRES & BENTWORTH CRES (__3ZABTY),__3ZABTY,01 - Non intersection,03 - P.D. only,06 - SMV unattended vehicle,03 - Snow,00 - Unknown,04 - Slush,10 - No control,,1,0,0,0,,0,,,,,361520.9413,5021500.359,45.33115948,-75.77636596,1847
20--2246,2/13/2020,12:00 PM,BASELINE RD @ COLLEGE SQUARE SC (0008826),8826,02 - Intersection related,03 - P.D. only,03 - Rear end,03 - Snow,01 - Daylight,03 - Loose snow,01 - Traffic signal,01 - Functioning,2,0,0,0,,0,,,,,362759.4908,5023897.369,45.35262642,-75.76028528,1848
20--2247,2/13/2020,12:00 PM,BANK ST @ GLADSTONE AVE (0002253),2253,02 - Intersection related,03 - P.D. only,04 - Sideswipe,01 - Clear,01 - Daylight,01 - Dry,01 - Traffic signal,00 - Unknown,2,0,0,0,,0,,,,,367916.7047,5030562.563,45.41215282,-75.69361987,1849
20--2248,2/13/2020,12:39 PM,SPRUCE ST btwn PRESTON ST & END (__3ZA0V6),__3ZA0V6,01 - Non intersection,03 - P.D. only,06 - SMV unattended vehicle,01 - Clear,01 - Daylight,03 - Loose snow,10 - No control,,1,0,0,0,,0,,,,,366266.3457,5030196.41,45.40900518,-75.71474852,1850
20--2249,2/13/2020,12:56 PM,HAZELDEAN RD btwn EDGEWATER ST & YOUNG RD (__3ZA3DM),__3ZA3DM,04 - At/near private drive,03 - P.D. only,03 - Rear end,03 - Snow,01 - Daylight,03 - Loose snow,10 - No control,,2,0,0,0,,0,,,,,352399.2638,5017420.009,45.29512156,-75.89312324,1851
20--225,1/6/2020,7:10 AM,CYRVILLE RD @ INNES RD (0009352),9352,02 - Intersection related,03 - P.D. only,02 - Angle,03 - Snow,03 - Dawn,04 - Slush,01 - Traffic signal,01 - Functioning,2,0,0,0,,0,,,,,375047.7145,5031119.548,45.4164848,-75.60244524,1852
20--2250,2/13/2020,2:00 PM,BAYSHORE DR btwn WOODRIDGE CRES S & BAYSHORE CS (__3ZAA4OB),__3ZAA4OB,04 - At/near private drive,03 - P.D. only,04 - Sideswipe,03 - Snow,01 - Daylight,04 - Slush,10 - No control,,2,0,0,0,,0,,,,,359222.587,5023526.829,45.34957571,-75.80546277,1853
20--2251,2/13/2020,2:00 PM,CHARLEMAGNE BLVD @ GARDENWAY DR/BOTTRIELL WAY  (0003748),3748,02 - Intersection related,03 - P.D. only,04 - Sideswipe,01 - Clear,01 - Daylight,02 - Wet,01 - Traffic signal,01 - Functioning,2,0,0,0,,0,,,,,384049.7363,5037034.621,45.46874177,-75.48649097,1854
20--2252,2/13/2020,2:30 PM,CARLING AVE @ CARLINGWOOD SC (0008881),8881,03 - At intersection,03 - P.D. only,02 - Angle,02 - Rain,01 - Daylight,05 - Packed snow,01 - Traffic signal,01 - Functioning,2,0,0,0,,0,,,,,362073.0045,5025919.034,45.3708736,-75.76881163,1855
20--2253,2/13/2020,2:53 PM,BAY ST @ SLATER ST (0005127),5127,03 - At intersection,03 - P.D. only,04 - Sideswipe,03 - Snow,01 - Daylight,03 - Loose snow,01 - Traffic signal,01 - Functioning,2,0,0,0,,0,,,,,366983.6962,5031078.573,45.41687926,-75.70547373,1856
20--2254,2/13/2020,2:56 PM,MARAVISTA DR @ STRANDHERD DR (0013565),13565,02 - Intersection related,03 - P.D. only,03 - Rear end,03 - Snow,01 - Daylight,02 - Wet,01 - Traffic signal,01 - Functioning,2,0,0,0,,0,,,,,361288.4381,5014584.958,45.26895318,-75.78011984,1857
20--2255,2/13/2020,3:30 PM,CAMERON ST btwn REGIONAL ROAD 174 & SPARKLE ST (__3ZA2ZA),__3ZA2ZA,04 - At/near private drive,03 - P.D. only,02 - Angle,01 - Clear,01 - Daylight,01 - Dry,10 - No control,,2,0,0,0,,0,,,,,389872.8522,5042577.39,45.51792408,-75.41107265,1858
20--2256,2/13/2020,3:40 PM,DONALD ST @ ST. LAURENT BLVD (0008630),8630,03 - At intersection,03 - P.D. only,05 - Turning movement,01 - Clear,01 - Daylight,03 - Loose snow,01 - Traffic signal,01 - Functioning,2,0,0,0,,0,,,,,372093.7105,5032472.584,45.42894914,-75.63999934,1859
20--2257,2/13/2020,3:49 PM,HIGHWAY 417 btwn HWY417 IC119B RAMP57 & HWY417 IC119A RAMP75 (__3ZA1QN),__3ZA1QN,01 - Non intersection,03 - P.D. only,03 - Rear end,01 - Clear,01 - Daylight,01 - Dry,10 - No control,,2,0,0,0,,0,,,,,368560.3147,5030501.19,45.41154227,-75.68540586,1860
20--2258,2/13/2020,4:00 PM,HUNT CLUB RD @ BRIDLE PATH DR/DAZE ST (0008214),8214,02 - Intersection related,02 - Non-fatal injury,03 - Rear end,01 - Clear,01 - Daylight,04 - Slush,01 - Traffic signal,01 - Functioning,2,0,0,0,01 - Minimal,1,1,,,,371291.7292,5023864.507,45.35157364,-75.65140726,1861
20--2259,2/13/2020,4:06 PM,MERIVALE RD @ RAVEN AVE (0011303),11303,02 - Intersection related,02 - Non-fatal injury,03 - Rear end,01 - Clear,01 - Daylight,02 - Wet,02 - Stop sign,01 - Functioning,3,0,0,0,02 - Minor,1,,1,,,364843.6934,5026869.742,45.379196,-75.73332655,1862
20--226,1/6/2020,7:10 AM,HIGHWAY 417 btwn HWY417 IC96 RAMP61 & HWY417 IC88 RAMP16 (__3ZA27Z),__3ZA27Z,01 - Non intersection,02 - Non-fatal injury,03 - Rear end,03 - Snow,03 - Dawn,03 - Loose snow,10 - No control,,2,0,0,0,01 - Minimal,1,1,,,,388038.0151,5023784.846,45.34906927,-75.4377314,1863
20--2260,2/13/2020,4:15 PM,HOLLAND AVE btwn WELLINGTON ST W & BYRON AVE (__3ZA4PY),__3ZA4PY,01 - Non intersection,03 - P.D. only,03 - Rear end,03 - Snow,01 - Daylight,04 - Slush,10 - No control,,2,0,0,0,,0,,,,,364945.0835,5029118.256,45.39941898,-75.73175801,1864
20--2261,2/13/2020,4:20 PM,HAWTHORNE RD btwn AGES DR & STEVENAGE DR (__3ZA2E9),__3ZA2E9,04 - At/near private drive,03 - P.D. only,02 - Angle,03 - Snow,01 - Daylight,04 - Slush,10 - No control,,2,0,0,0,,0,,,,,375060.1131,5027502.06,45.38393526,-75.60280217,1865
20--2262,2/13/2020,4:35 PM,HERON RD WB btwn HERON RD WB OFF RAMP/VINCENT MASSEY PARK & HERON RD W (__3ZAZWC),__3ZAZWC,01 - Non intersection,03 - P.D. only,03 - Rear end,01 - Clear,01 - Daylight,02 - Wet,10 - No control,,2,0,0,0,,0,,,,,367725.9829,5026578.775,45.37632501,-75.6965644,1866
20--2263,2/13/2020,4:36 PM,BRONSON AVE @ CARLING AVE/GLEBE AVE (0002134),2134,02 - Intersection related,03 - P.D. only,04 - Sideswipe,01 - Clear,01 - Daylight,02 - Wet,01 - Traffic signal,01 - Functioning,2,0,0,0,,0,,,,,367447.7062,5029335.564,45.40115479,-75.69976712,1867
20--2264,2/13/2020,5:09 PM,HIGHWAY 417 btwn HWY417 IC124 RAMP65 & HWY417 IC122 RAMP51 (__3ZA2R8),__3ZA2R8,01 - Non intersection,03 - P.D. only,03 - Rear end,01 - Clear,01 - Daylight,02 - Wet,10 - No control,,2,0,0,0,,0,,,,,365163.571,5028717.137,45.395791,-75.72901658,1868
20--2265,2/13/2020,5:15 PM,REGIONAL ROAD 174 btwn OR174 IC109 RAMP54 & OR174 IC109 RAMP55 (__3ZA28X),__3ZA28X,01 - Non intersection,03 - P.D. only,03 - Rear end,01 - Clear,05 - Dusk,02 - Wet,10 - No control,,2,0,0,0,,0,,,,,376405.3717,5034841.512,45.44983515,-75.58455937,1869
20--2266,2/13/2020,5:15 PM,HIGHWAY 417 btwn HWY417 IC124 RAMP65 & HWY417 IC122 RAMP51 (__3ZA2R8),__3ZA2R8,01 - Non intersection,03 - P.D. only,03 - Rear end,01 - Clear,01 - Daylight,01 - Dry,10 - No control,,2,0,0,0,,0,,,,,365140.8195,5028688.313,45.39553361,-75.72931067,1870
20--2267,2/13/2020,5:19 PM,HIGHWAY 417 btwn HWY417 IC122 RAMP16 & HWY417 IC122 RAMP61 (__3ZA2RA),__3ZA2RA,01 - Non intersection,03 - P.D. only,03 - Rear end,01 - Clear,05 - Dusk,02 - Wet,10 - No control,,3,0,0,0,,0,,,,,365563.6114,5029051.112,45.39876143,-75.72386646,1871
20--2268,2/13/2020,5:53 PM,MAITLAND AVE/GLENMOUNT AVE @ ERINDALE DR (0002724),2724,02 - Intersection related,03 - P.D. only,04 - Sideswipe,01 - Clear,05 - Dusk,02 - Wet,01 - Traffic signal,01 - Functioning,2,0,0,0,,0,,,,,363697.6918,5025211.526,45.36437288,-75.74815582,1872
20--2269,2/13/2020,6:10 PM,RICHMOND RD btwn KIRKWOOD AVE & HILSON AVE (__3ZA4OG),__3ZA4OG,04 - At/near private drive,03 - P.D. only,02 - Angle,01 - Clear,07 - Dark,02 - Wet,10 - No control,,2,0,0,0,,0,,,,,363802.257,5028656.685,45.3953631,-75.74640943,1873
20--227,1/6/2020,7:15 AM,OLD SECOND LINE RD @ TERRY FOX DR (0013616),13616,02 - Intersection related,03 - P.D. only,03 - Rear end,03 - Snow,03 - Dawn,03 - Loose snow,01 - Traffic signal,01 - Functioning,2,0,0,0,,0,,,,,348795.2,5022408.413,45.34024358,-75.93862864,1874
20--2270,2/13/2020,6:11 PM,DELONG DR btwn MASSEY LANE & KAYMAR DR (__3ZA134),__3ZA134,01 - Non intersection,03 - P.D. only,03 - Rear end,03 - Snow,07 - Dark,02 - Wet,10 - No control,,2,0,0,0,,0,,,,,374073.3634,5036198.014,45.46227521,-75.61417826,1875
20--2271,2/13/2020,6:25 PM,INDUSTRIAL AVE @ ALTA VISTA DR/SANDFORD FLEMIN (0006979),6979,03 - At intersection,02 - Non-fatal injury,05 - Turning movement,01 - Clear,07 - Dark,02 - Wet,01 - Traffic signal,01 - Functioning,2,0,0,0,02 - Minor,2,,2,,,370884.7216,5030557.571,45.41183393,-75.65570515,1876
20--2272,2/13/2020,6:30 AM,HAWTHORNE RD @ STEVENAGE DR (0008802),8802,03 - At intersection,02 - Non-fatal injury,05 - Turning movement,03 - Snow,03 - Dawn,03 - Loose snow,01 - Traffic signal,01 - Functioning,2,0,0,0,01 - Minimal,1,1,,,,375136.7367,5027313.55,45.38223145,-75.60185069,1877
20--2273,2/13/2020,6:45 PM,HIGHWAY 417 btwn HWY417 IC163 RAMP61 & HWY417 IC155 RAMP36 (__3ZA2QB),__3ZA2QB,01 - Non intersection,03 - P.D. only,07 - SMV other,01 - Clear,07 - Dark,06 - Ice,10 - No control,,1,0,0,0,,0,,,,,332368.3279,5021220.777,45.33039446,-76.14829378,1878
20--2274,2/13/2020,7:08 AM,FLEWELLYN RD @ SHEA RD (0000398),398,03 - At intersection,03 - P.D. only,02 - Angle,03 - Snow,03 - Dawn,02 - Wet,02 - Stop sign,01 - Functioning,2,0,0,0,,0,,,,,352993.5984,5012174.393,45.24787953,-75.88605521,1879
20--2275,2/13/2020,7:17 AM,BEAVER RDG btwn COMMANCHE DR & LEAVER AVE (__3ZAAKB),__3ZAAKB,01 - Non intersection,03 - P.D. only,01 - Approaching,03 - Snow,01 - Daylight,03 - Loose snow,10 - No control,,2,0,0,0,,0,,,,,364952.4782,5024555.987,45.35836789,-75.73221937,1880
20--2276,2/13/2020,7:22 PM,CUMBERLAND ST @ LAURIER AVE (0007751),7751,02 - Intersection related,03 - P.D. only,04 - Sideswipe,01 - Clear,07 - Dark,04 - Slush,01 - Traffic signal,01 - Functioning,2,0,0,0,,0,,,,,368597.7123,5031948.569,45.42456187,-75.68474073,1881
20--2277,2/13/2020,7:30 PM,CATHERINE ST btwn METCALFE ST & ELGIN ST (__3ZA3PE),__3ZA3PE,01 - Non intersection,03 - P.D. only,04 - Sideswipe,01 - Clear,07 - Dark,02 - Wet,10 - No control,,2,0,0,0,,0,,,,,368483.6747,5030538.055,45.41188094,-75.68638015,1882
20--2278,2/13/2020,7:37 PM,ESSON ST @ HUNT CLUB RD (0002152),2152,03 - At intersection,02 - Non-fatal injury,02 - Angle,01 - Clear,07 - Dark,02 - Wet,02 - Stop sign,01 - Functioning,2,0,0,0,02 - Minor,2,,2,,,374639.7428,5025907.52,45.36963036,-75.60839501,1883
20--2279,2/13/2020,7:52 AM,GEORGE ST btwn WILLIAM ST & DALHOUSIE ST (__3ZA8Z1),__3ZA8Z1,04 - At/near private drive,03 - P.D. only,07 - SMV other,03 - Snow,01 - Daylight,04 - Slush,10 - No control,,1,0,0,0,,0,,,,,368127.2139,5032295.798,45.42772887,-75.69070789,1884
20--228,1/6/2020,7:25 AM,PRINCE OF WALES DR btwn FISHER AVE & NE/OT BOUNDARY (__3ZA2TZ),__3ZA2TZ,01 - Non intersection,03 - P.D. only,03 - Rear end,03 - Snow,03 - Dawn,03 - Loose snow,10 - No control,,2,0,0,0,,0,,,,,367165.9545,5024042.486,45.35355411,-75.70403424,1885
20--2280,2/13/2020,8:45 PM,CEDARVIEW RD @ WEST HUNT CLUB RD (0010267),10267,02 - Intersection related,03 - P.D. only,03 - Rear end,01 - Clear,07 - Dark,02 - Wet,01 - Traffic signal,01 - Functioning,2,0,0,0,,0,,,,,359718.6593,5019554.482,45.31379375,-75.79957313,1886
20--2281,2/13/2020,8:50 AM,BANK ST btwn PARKWAY RD & MEADOW DR (__3ZA28M),__3ZA28M,01 - Non intersection,03 - P.D. only,04 - Sideswipe,03 - Snow,01 - Daylight,02 - Wet,10 - No control,,2,0,0,0,,0,,,,,378923.8676,5014112.423,45.26306398,-75.55547412,1887
20--2282,2/13/2020,8:55 AM,BRONSON AVE @ LISGAR ST (0006356),6356,03 - At intersection,03 - P.D. only,02 - Angle,03 - Snow,01 - Daylight,03 - Loose snow,02 - Stop sign,01 - Functioning,2,0,0,0,,0,,,,,366896.687,5030641.562,45.41295489,-75.70664041,1888
20--2283,2/13/2020,8:56 AM,ALBERT ST @ BOOTH ST (0002162),2162,02 - Intersection related,03 - P.D. only,03 - Rear end,03 - Snow,01 - Daylight,02 - Wet,01 - Traffic signal,01 - Functioning,2,0,0,0,,0,,,,,366428.6902,5030626.57,45.41286137,-75.71262094,1889
20--2284,2/13/2020,9:00 AM,HWY417 IC138 RAMP61 btwn HWY417 IC138 RAMP62 & HIGHWAY 417 (__3ZAYB2),__3ZAYB2,01 - Non intersection,03 - P.D. only,03 - Rear end,03 - Snow,01 - Daylight,02 - Wet,10 - No control,,2,0,0,0,,0,,,,,353341.7085,5020517.855,45.32293216,-75.88080461,1890
20--2285,2/13/2020,9:00 PM,HAWTHORNE AVE/ISABELLA ST @ QUEEN ELIZABETH DR (0002105),2105,03 - At intersection,02 - Non-fatal injury,02 - Angle,01 - Clear,07 - Dark,01 - Dry,01 - Traffic signal,01 - Functioning,2,0,0,0,02 - Minor,1,,1,,,368665.7243,5030476.573,45.41131116,-75.68406249,1891
20--2286,2/13/2020,9:00 PM,WILLIAM ST btwn YORK ST & GEORGE ST (__3ZBOX5),__3ZBOX5,01 - Non intersection,03 - P.D. only,99 - Other,03 - Snow,07 - Dark,05 - Packed snow,10 - No control,,2,0,0,0,,0,,,,,368041.627,5032244.466,45.42727475,-75.69180813,1892
20--2287,2/13/2020,9:00 PM,HIGHWAY 417 btwn HWY417 IC118 RAMP76 & HWY417 IC118 RAMP67 (__3ZA2YR),__3ZA2YR,01 - Non intersection,03 - P.D. only,07 - SMV other,01 - Clear,07 - Dark,06 - Ice,10 - No control,,1,0,0,0,,0,,,,,369645.4831,5031135.63,45.41715101,-75.67145985,1893
20--2288,2/13/2020,9:05 AM,HUNTSVILLE DR @ KANATA AVE (0014360),14360,02 - Intersection related,03 - P.D. only,02 - Angle,03 - Snow,01 - Daylight,02 - Wet,01 - Traffic signal,01 - Functioning,2,0,0,0,,0,,,,,349349.0951,5019618.393,45.31510329,-75.93181244,1894
20--2289,2/13/2020,9:24 AM,OLD PRESCOTT RD @ SPARKLING LAKE WAY (0013549),13549,03 - At intersection,03 - P.D. only,02 - Angle,03 - Snow,01 - Daylight,03 - Loose snow,02 - Stop sign,01 - Functioning,2,0,0,0,,0,,,,,377460.5551,5014679.843,45.26832209,-75.57403495,1895
20--229,1/6/2020,7:30 AM,CAMPEAU DR @ KANATA AVE (0012003),12003,03 - At intersection,03 - P.D. only,02 - Angle,03 - Snow,03 - Dawn,03 - Loose snow,01 - Traffic signal,01 - Functioning,2,0,0,0,,0,,,,,350594.8885,5019401.946,45.3130755,-75.91594418,1896
20--2290,2/13/2020,9:30 PM,JOCKVALE RD @ STRANDHERD DR (0010541),10541,02 - Intersection related,03 - P.D. only,04 - Sideswipe,01 - Clear,07 - Dark,04 - Slush,01 - Traffic signal,01 - Functioning,2,0,0,0,,0,,,,,363560.4735,5014577.823,45.26870282,-75.75116864,1897