Anom_ID,Accident_Date,Accident_Time,Location,Geo_ID,Accident_Location,Classification_of_Accident,Initial_Impact_Type,Environment_Condition,Light,Road_Surface_Condition,Traffic_Control,Traffic_Control_Condition,No__of_Vehicles,No__of_Bicycles,No__of_Motorcycles,No__of_Pedestrians,Max_Injury,No__of_Injuries,No__of_Minimal,No__of_Minor,No__of_Major,No__of_Fatal,X,Y,Latitude,Longitude,ObjectId
20--2291,2/13/2020,9:30 PM,HIGHWAY 417 btwn HWY417 IC118 RAMP76 & HWY417 IC118 RAMP67 (__3ZA2YR),__3ZA2YR,01 - Non intersection,03 - P.D. only,03 - Rear end,01 - Clear,07 - Dark,06 - Ice,10 - No control,,2,0,0,0,,0,,,,,369691.7894,5031146.906,45.41724818,-75.67086677,1898
20--2292,2/13/2020,9:36 AM,NORDMANN FIR CRT btwn CRANESBILL RD & END (__00SM7P),__00SM7P,01 - Non intersection,03 - P.D. only,06 - SMV unattended vehicle,03 - Snow,01 - Daylight,03 - Loose snow,10 - No control,,1,0,0,0,,0,,,,,352241.269,5016387.423,45.28584077,-75.89523627,1899
20--2293,2/13/2020,9:50 PM,ASTURCON ST @ LIVERY ST (0014904),14904,03 - At intersection,03 - P.D. only,02 - Angle,03 - Snow,07 - Dark,06 - Ice,02 - Stop sign,01 - Functioning,2,0,0,0,,0,,,,,352651.3981,5015239.662,45.2754851,-75.89011906,1900
20--2294,2/14/2020,1:00 AM,HWY417 IC126 RAMP16 btwn HIGHWAY 417 & HWY417 IC126 RAMP26 (__3ZAYA0),__3ZAYA0,01 - Non intersection,03 - P.D. only,03 - Rear end,01 - Clear,07 - Dark,01 - Dry,10 - No control,,2,0,0,0,,0,,,,,363044.774,5025890.704,45.3705386,-75.75640971,1901
20--2295,2/14/2020,1:00 PM,AMBERWOOD CRES @ PRINCE OF WALES DR (0000048),48,02 - Intersection related,03 - P.D. only,03 - Rear end,01 - Clear,01 - Daylight,01 - Dry,01 - Traffic signal,01 - Functioning,2,0,0,0,,0,,,,,367435.6899,5020647.493,45.32298255,-75.70102174,1902
20--2296,2/14/2020,1:15 PM,LOYOLA AVE @ SHEFFORD RD (0009494),9494,03 - At intersection,03 - P.D. only,02 - Angle,01 - Clear,01 - Daylight,01 - Dry,02 - Stop sign,01 - Functioning,2,0,0,0,,0,,,,,376000.7273,5035167.586,45.4528103,-75.5896847,1903
20--2297,2/14/2020,1:30 PM,HIGHWAY 417 btwn HWY417 IC112 RAMP65 & HWY417 IC112 RAMP55 (__3ZA281),__3ZA281,01 - Non intersection,03 - P.D. only,04 - Sideswipe,01 - Clear,01 - Daylight,01 - Dry,10 - No control,,2,0,0,0,,0,,,,,374864.2538,5030687.421,45.41261515,-75.60485046,1904
20--2298,2/14/2020,10:00 AM,BOOTH ST @ GLADSTONE AVE (0002211),2211,03 - At intersection,03 - P.D. only,04 - Sideswipe,01 - Clear,01 - Daylight,02 - Wet,01 - Traffic signal,01 - Functioning,2,0,0,0,,0,,,,,366768.7028,5029850.561,45.40584903,-75.70837484,1905
20--2299,2/14/2020,10:05 AM,CARLING AVE @ VISCOUNT AVE (0006241),6241,02 - Intersection related,03 - P.D. only,04 - Sideswipe,01 - Clear,01 - Daylight,02 - Wet,01 - Traffic signal,01 - Functioning,2,0,0,0,,0,,,,,365130.7025,5027849.54,45.38798737,-75.72954243,1906
20--2034,2/9/2020,11:49 AM,GLOUCESTER ST btwn LYON ST N & KENT ST (__3ZA9NX),__3ZA9NX,01 - Non intersection,03 - P.D. only,99 - Other,01 - Clear,01 - Daylight,02 - Wet,10 - No control,,2,0,0,0,,0,,,,,367349.4242,5031093.66,45.41698241,-75.70079933,1907
20--2035,2/9/2020,Unknown,FAIRLEA CRES btwn CORLEY PRIV & GORE PRIV (__3ZA0T8),__3ZA0T8,01 - Non intersection,03 - P.D. only,06 - SMV unattended vehicle,01 - Clear,00 - Unknown,01 - Dry,10 - No control,,1,0,0,0,,0,,,,,372013.375,5026537.829,45.37555844,-75.64183476,1908
20--2036,2/9/2020,Unknown,KING GEORGE ST btwn VERA ST & QUILL ST (__3ZA4AH),__3ZA4AH,01 - Non intersection,03 - P.D. only,06 - SMV unattended vehicle,01 - Clear,00 - Unknown,01 - Dry,10 - No control,,1,0,0,0,,0,,,,,370692.9905,5032064.422,45.42541004,-75.65795292,1909
20--2037,2/9/2020,Unknown,DALHOUSIE ST btwn MURRAY ST & CLARENCE ST (__3ZA83M),__3ZA83M,01 - Non intersection,03 - P.D. only,06 - SMV unattended vehicle,01 - Clear,00 - Unknown,03 - Loose snow,10 - No control,,1,0,0,0,,0,,,,,368016.1814,5032547.782,45.43000618,-75.69209435,1910
20--2038,2/9/2020,12:24 PM,VANIER PKWY SB btwn RIVERSIDE DR & TO BE DETERMINED (__3ZA1Q9),__3ZA1Q9,07 - Overpass or bridge,03 - P.D. only,03 - Rear end,01 - Clear,01 - Daylight,01 - Dry,10 - No control,,3,0,0,0,,0,,,,,370803.1231,5031202.027,45.41764018,-75.65666122,1911
20--2039,2/9/2020,12:30 PM,HIGHWAY 417 btwn HWY417 IC124 RAMP57 & HWY417 IC124 RAMP55 (__3ZA2Y1),__3ZA2Y1,01 - Non intersection,03 - P.D. only,03 - Rear end,01 - Clear,01 - Daylight,01 - Dry,10 - No control,,3,0,0,0,,0,,,,,364321.9595,5027370.427,45.3837456,-75.7399274,1912
20--204,1/6/2020,3:25 PM,PRETORIA AVE btwn METCALFE ST & ELGIN ST (__3ZA97C),__3ZA97C,04 - At/near private drive,03 - P.D. only,02 - Angle,03 - Snow,01 - Daylight,05 - Packed snow,10 - No control,,2,0,0,0,,0,,,,,368623.8762,5030409.681,45.41071311,-75.68460574,1913
20--2040,2/9/2020,12:42 PM,FRANK BENDER ST @ JEANNE D'ARC BLVD (0003635),3635,03 - At intersection,02 - Non-fatal injury,05 - Turning movement,01 - Clear,01 - Daylight,01 - Dry,01 - Traffic signal,01 - Functioning,2,0,0,0,02 - Minor,4,1,3,,,381870.7473,5035883.579,45.4586295,-75.51453388,1914
20--2041,2/9/2020,12:45 PM,RIVERSIDE DR NB btwn TREMBLAY RD & HWY417 IC117 RAMP25 (__3ZAZPQ),__3ZAZPQ,01 - Non intersection,02 - Non-fatal injury,03 - Rear end,01 - Clear,01 - Daylight,02 - Wet,10 - No control,,2,0,0,0,02 - Minor,1,,1,,,370817.2312,5031025.164,45.41604751,-75.65650467,1915
20--2042,2/9/2020,12:58 PM,HWY 417 VANIER IC117R63 @ VANIER PKWY (0002101),2101,02 - Intersection related,03 - P.D. only,03 - Rear end,01 - Clear,01 - Daylight,01 - Dry,01 - Traffic signal,01 - Functioning,2,0,0,0,,0,,,,,370799.7093,5031397.563,45.41939986,-75.65667865,1916
20--2043,2/9/2020,12:59 PM,BASELINE RD/HERON RD @ PRINCE OF WALES DR (0002345),2345,03 - At intersection,03 - P.D. only,05 - Turning movement,03 - Snow,01 - Daylight,04 - Slush,01 - Traffic signal,01 - Functioning,2,0,0,0,,0,,,,,366873.7473,5026438.395,45.37513792,-75.70746229,1917
20--2044,2/9/2020,2:08 PM,WELLINGTON ST btwn OTTAWA RIVER PKWY & TO BE DETERMINED (__5VHJWJ),__5VHJWJ,01 - Non intersection,03 - P.D. only,03 - Rear end,01 - Clear,01 - Daylight,01 - Dry,10 - No control,,2,0,0,0,,0,,,,,366280.8435,5031018.927,45.41640469,-75.71446073,1918
20--2045,2/9/2020,2:39 PM,HIGHWAY 417 btwn HWY417 IC122 RAMP15 & HWY417 IC121B RAMP51 (__3ZA2RB),__3ZA2RB,01 - Non intersection,03 - P.D. only,99 - Other,01 - Clear,01 - Daylight,01 - Dry,10 - No control,,3,0,0,0,,0,,,,,365856.9719,5029210.314,45.40016837,-75.72010001,1919
20--2046,2/9/2020,3:00 PM,HWY 417 PALLADI IC142R36 @ PALLADIUM DR (0010683),10683,02 - Intersection related,03 - P.D. only,03 - Rear end,01 - Clear,01 - Daylight,01 - Dry,01 - Traffic signal,01 - Functioning,2,0,0,0,,0,,,,,348774.047,5017374.314,45.29494662,-75.93934544,1920
20--2047,2/9/2020,3:02 PM,OR174 IC112 RAMP15 btwn BLAIR RD & REGIONAL ROAD 174 (__3ZAYAH),__3ZAYAH,01 - Non intersection,02 - Non-fatal injury,07 - SMV other,01 - Clear,01 - Daylight,01 - Dry,10 - No control,,1,0,0,0,02 - Minor,1,,1,,,375103.7842,5033046.657,45.43381823,-75.60145388,1921
20--2048,2/9/2020,3:58 PM,QUINTON ST btwn JUNO AVE & LOUISIANA AVE (__3ZA9RW),__3ZA9RW,04 - At/near private drive,03 - P.D. only,06 - SMV unattended vehicle,01 - Clear,01 - Daylight,04 - Slush,10 - No control,,1,0,0,0,,0,,,,,372086.8195,5027729.946,45.3862776,-75.64073467,1922
20--2049,2/9/2020,4:04 PM,BELCOURT BLVD @ INNES RD (0004202),4202,02 - Intersection related,03 - P.D. only,03 - Rear end,01 - Clear,01 - Daylight,01 - Dry,01 - Traffic signal,01 - Functioning,2,0,0,0,,0,,,,,382121.5791,5035266.611,45.45305082,-75.5114241,1923
20--205,1/6/2020,3:30 PM,MONTREAL RD @ NORTH RIVER RD (0009805),9805,02 - Intersection related,03 - P.D. only,99 - Other,03 - Snow,01 - Daylight,02 - Wet,01 - Traffic signal,01 - Functioning,2,0,0,0,,0,,,,,369739.7099,5032887.581,45.43290564,-75.67002506,1924
20--2050,2/9/2020,4:43 PM,FALLOWFIELD RD @ WOODROFFE AVE (0010372),10372,02 - Intersection related,03 - P.D. only,04 - Sideswipe,01 - Clear,01 - Daylight,04 - Slush,01 - Traffic signal,01 - Functioning,2,0,0,0,,0,,,,,365085.1414,5017903.182,45.29849525,-75.73133634,1925
20--2051,2/9/2020,4:50 AM,HIGHWAY 417 btwn HWY417 IC129 RAMP25 & TRANSIT (__3ZA2SH),__3ZA2SH,01 - Non intersection,03 - P.D. only,07 - SMV other,01 - Clear,07 - Dark,01 - Dry,10 - No control,,1,0,0,0,,0,,,,,360877.1508,5023854.807,45.3523965,-75.78431178,1926
20--2052,2/9/2020,5:39 PM,LASSITER TER S @ OGILVIE RD (0012982),12982,03 - At intersection,03 - P.D. only,07 - SMV other,01 - Clear,05 - Dusk,02 - Wet,02 - Stop sign,00 - Unknown,1,0,0,0,,0,,,,,375508.7137,5034863.572,45.45012492,-75.5960181,1927
20--2053,2/9/2020,6:00 PM,INNES RD btwn TRIM RD & VALIN ST (__5QEFH3),__5QEFH3,01 - Non intersection,03 - P.D. only,03 - Rear end,01 - Clear,07 - Dark,01 - Dry,10 - No control,,2,0,0,0,,0,,,,,386705.6725,5037329.014,45.47108401,-75.45248129,1928
20--2054,2/9/2020,6:04 PM,OLD CARP RD btwn MARCH RD & LADY LOCHEAD LANE (__4TY8OU),__4TY8OU,01 - Non intersection,03 - P.D. only,07 - SMV other,01 - Clear,07 - Dark,01 - Dry,10 - No control,,1,0,0,0,,0,,,,,343560.5864,5022433.276,45.34077605,-76.00541681,1929
20--2055,2/9/2020,6:10 AM,WOODROFFE AVE btwn SERENA WAY & PAUL METIVIER DR (__49NRZ7),__49NRZ7,04 - At/near private drive,03 - P.D. only,02 - Angle,03 - Snow,07 - Dark,05 - Packed snow,10 - No control,,2,0,0,0,,0,,,,,366290.4803,5014942.076,45.27174697,-75.71633609,1930
20--2056,2/9/2020,6:20 PM,LISGAR ST btwn ELGIN ST & CARTIER ST (__3ZA9UF),__3ZA9UF,01 - Non intersection,03 - P.D. only,03 - Rear end,01 - Clear,07 - Dark,04 - Slush,10 - No control,,2,0,0,0,,0,,,,,368188.018,5031413.985,45.41978911,-75.69004439,1931
20--2057,2/9/2020,6:30 PM,ISLAND PARK DR btwn TURN LANE & OTTAWA RIVER PKWY (__3ZA23G),__3ZA23G,01 - Non intersection,02 - Non-fatal injury,03 - Rear end,01 - Clear,07 - Dark,02 - Wet,10 - No control,,2,0,0,0,02 - Minor,1,,1,,,363198.9937,5029502.132,45.40302086,-75.75401369,1932
20--2058,2/9/2020,6:31 PM,PRINCE OF WALES DR btwn WATERBRIDGE DR & CRESTWAY DR (__3ZA294),__3ZA294,01 - Non intersection,03 - P.D. only,07 - SMV other,01 - Clear,07 - Dark,01 - Dry,10 - No control,,1,0,0,0,,0,,,,,367358.4982,5016442.113,45.28514997,-75.70253702,1933
20--2059,2/9/2020,6:55 PM,FRANKTOWN RD btwn WOOD'S RD & MUNSTER RD (__3ZA3E9),__3ZA3E9,01 - Non intersection,03 - P.D. only,07 - SMV other,01 - Clear,07 - Dark,01 - Dry,10 - No control,,1,0,0,0,,0,,,,,350308.0828,5000410.885,45.14220489,-75.92133837,1934
20--206,1/6/2020,4:18 PM,CAMPEAU DR @ TERRY FOX DR (0008211),8211,03 - At intersection,02 - Non-fatal injury,05 - Turning movement,01 - Clear,01 - Daylight,04 - Slush,01 - Traffic signal,01 - Functioning,2,0,0,0,02 - Minor,1,,1,,,350455.6037,5019010.456,45.30956183,-75.91775656,1935
20--2060,2/9/2020,7:18 PM,SMYTH RD @ BOTSFORD ST/DAUPHIN RD (0007211),7211,02 - Intersection related,03 - P.D. only,03 - Rear end,03 - Snow,07 - Dark,03 - Loose snow,01 - Traffic signal,01 - Functioning,2,0,0,0,,0,,,,,372243.7372,5029261.543,45.40004318,-75.63852167,1936
20--2061,2/9/2020,8:28 PM,COVENTRY RD @ VANIER PKWY (0002139),2139,02 - Intersection related,02 - Non-fatal injury,03 - Rear end,01 - Clear,07 - Dark,04 - Slush,01 - Traffic signal,01 - Functioning,2,0,0,0,01 - Minimal,2,2,,,,370676.3774,5031611.71,45.42133829,-75.65822573,1937
20--2062,2/9/2020,8:41 PM,HIGHWAY 416 btwn HWY416 IC66 RAMP62 & HWY416 IC72 RAMP24 (__3ZAZMZ),__3ZAZMZ,01 - Non intersection,02 - Non-fatal injury,07 - SMV other,03 - Snow,07 - Dark,02 - Wet,10 - No control,,1,0,0,0,02 - Minor,1,,1,,,359666.1119,5017048.74,45.291251,-75.80052059,1938
20--2063,2/9/2020,9:35 AM,GRANVILLE ST @ MONTFORT ST (0009827),9827,03 - At intersection,03 - P.D. only,02 - Angle,01 - Clear,01 - Daylight,04 - Slush,02 - Stop sign,01 - Functioning,2,0,0,0,,0,,,,,370786.0245,5033601.251,45.43922899,-75.65655821,1939
20--2064,2/9/2020,9:35 PM,PARKDALE AVE btwn RUSKIN ST & INGLEWOOD PL (__3ZBOD1),__3ZBOD1,01 - Non intersection,03 - P.D. only,99 - Other,01 - Clear,07 - Dark,02 - Wet,10 - No control,,2,0,0,0,,0,,,,,365527.0487,5028406.518,45.39296469,-75.72441278,1940
20--2065,2/10/2020,1:06 PM,BOUNDARY RD @ MITCH OWENS RD (0001708),1708,03 - At intersection,02 - Non-fatal injury,05 - Turning movement,01 - Clear,01 - Daylight,02 - Wet,02 - Stop sign,01 - Functioning,3,0,0,0,02 - Minor,1,,1,,,388065.8281,5022162.472,45.33446925,-75.43764957,1941
20--2066,2/10/2020,1:46 PM,ROCHESTER ST btwn BALSAM ST & GLADSTONE AVE (__3ZAAJL),__3ZAAJL,01 - Non intersection,03 - P.D. only,03 - Rear end,01 - Clear,01 - Daylight,01 - Dry,10 - No control,,3,0,0,0,,0,,,,,366643.9864,5029833.734,45.40570865,-75.70997,1942
20--2067,2/10/2020,1:54 PM,RIVERSIDE DR @ HERON RD (0002236),2236,02 - Intersection related,03 - P.D. only,99 - Other,01 - Clear,01 - Daylight,05 - Packed snow,01 - Traffic signal,01 - Functioning,2,0,0,0,,0,,,,,368121.1039,5026647.215,45.37690522,-75.69151125,1943
20--2068,2/10/2020,10:00 AM,ST. JOSEPH BLVD @ TAYLOR CREEK DR (0004635),4635,03 - At intersection,03 - P.D. only,99 - Other,01 - Clear,01 - Daylight,05 - Packed snow,02 - Stop sign,01 - Functioning,2,0,0,0,,0,,,,,384034.5548,5039174.641,45.48799738,-75.48633989,1944
20--2069,2/10/2020,10:01 AM,BRONSON AVE @ FIRST AVE (0007719),7719,03 - At intersection,03 - P.D. only,02 - Angle,03 - Snow,01 - Daylight,04 - Slush,02 - Stop sign,01 - Functioning,2,0,0,0,,0,,,,,367489.7024,5029236.562,45.40026024,-75.69924331,1945
20--207,1/6/2020,4:30 PM,HERON RD @ WALKLEY RD (0011256),11256,02 - Intersection related,03 - P.D. only,03 - Rear end,01 - Clear,01 - Daylight,02 - Wet,01 - Traffic signal,01 - Functioning,2,0,0,0,,0,,,,,372267.1623,5027083.454,45.38044337,-75.63852028,1946
20--2070,2/10/2020,10:15 AM,INNES RD @ JEANNE D'ARC BLVD/MER BLEUE RD (0012475),12475,03 - At intersection,02 - Non-fatal injury,05 - Turning movement,01 - Clear,01 - Daylight,03 - Loose snow,01 - Traffic signal,01 - Functioning,2,0,0,0,02 - Minor,1,,1,,,382637.755,5035567.562,45.45570122,-75.50477803,1947
20--2071,2/10/2020,10:18 PM,BURTON RD @ EADIE RD (0004898),4898,02 - Intersection related,03 - P.D. only,07 - SMV other,"07 - Fog, mist, smoke, dust",07 - Dark,04 - Slush,02 - Stop sign,01 - Functioning,1,0,0,0,,0,,,,,392666.8531,5021172.435,45.32500087,-75.37913392,1948
20--2072,2/10/2020,10:25 AM,HIGHWAY 417 btwn HWY417 IC131 RAMP55 & HWY417 IC130 RAMP35 (__3ZA1MT),__3ZA1MT,01 - Non intersection,02 - Non-fatal injury,04 - Sideswipe,01 - Clear,01 - Daylight,01 - Dry,10 - No control,,2,0,0,0,01 - Minimal,1,1,,,,358834.3864,5022986.935,45.34474775,-75.81047558,1949
20--2073,2/10/2020,10:34 PM,INNES RD btwn 260 E OF BELCOURT BLVD/WALMART SC & JEANNE D'ARC BLVD/ME (__3ZA3JWB),__3ZA3JWB,01 - Non intersection,03 - P.D. only,04 - Sideswipe,"07 - Fog, mist, smoke, dust",07 - Dark,04 - Slush,10 - No control,,2,0,0,0,,0,,,,,382614.292,5035554.952,45.45559038,-75.50507997,1950
20--2074,2/10/2020,10:36 AM,FISHER AVE @ MEADOWLANDS DR (0002120),2120,03 - At intersection,03 - P.D. only,02 - Angle,01 - Clear,01 - Daylight,02 - Wet,01 - Traffic signal,01 - Functioning,2,0,0,0,,0,,,,,366575.0602,5025045.45,45.36263089,-75.71144965,1951
20--2075,2/10/2020,10:38 AM,NAVAN RD btwn INNES RD & ORLEANS BLVD (__42HNW4),__42HNW4,01 - Non intersection,03 - P.D. only,07 - SMV other,01 - Clear,01 - Daylight,04 - Slush,10 - No control,,1,0,0,0,,0,,,,,379772.9242,5033214.985,45.43484773,-75.54176053,1952
20--2076,2/10/2020,10:48 AM,BANK ST btwn BANK ST & TURN LANE (__3ZA28R),__3ZA28R,04 - At/near private drive,02 - Non-fatal injury,05 - Turning movement,01 - Clear,01 - Daylight,02 - Wet,10 - No control,,2,0,0,0,02 - Minor,1,,1,,,377833.0171,5015790.169,45.27827378,-75.56912571,1953
20--2077,2/10/2020,11:30 PM,EARL ARMSTRONG RD @ BOWESVILLE RD (0009411),9411,03 - At intersection,03 - P.D. only,02 - Angle,"07 - Fog, mist, smoke, dust",07 - Dark,02 - Wet,02 - Stop sign,01 - Functioning,2,0,0,0,,0,,,,,372560.7473,5017440.463,45.29365062,-75.63609239,1954
20--2078,2/10/2020,Unknown,BLOHM DR btwn MALAK ST & BRADLEY COLE PRIV (__3ZA8M0),__3ZA8M0,01 - Non intersection,03 - P.D. only,06 - SMV unattended vehicle,03 - Snow,00 - Unknown,05 - Packed snow,10 - No control,,1,0,0,0,,0,,,,,374126.2134,5025854.466,45.36920399,-75.61495761,1955
20--2079,2/10/2020,Unknown,KENT ST btwn GLADSTONE AVE & MCLEOD ST (__3ZA3P4),__3ZA3P4,01 - Non intersection,03 - P.D. only,06 - SMV unattended vehicle,01 - Clear,00 - Unknown,04 - Slush,10 - No control,,1,0,0,0,,0,,,,,367753.6316,5030444.893,45.41110876,-75.69571811,1956
20--208,1/6/2020,4:34 PM,HAWTHORNE RD btwn HUNT CLUB RD & HAWTHORNE RD (__3ZA8MK),__3ZA8MK,01 - Non intersection,03 - P.D. only,05 - Turning movement,01 - Clear,05 - Dusk,02 - Wet,10 - No control,,2,0,0,0,,0,,,,,375515.5912,5026387.382,45.3738601,-75.59714623,1957
20--2080,2/10/2020,Unknown,SECORD AVE btwn CLEMENTINE BLVD & GILLES ST (__3ZA869),__3ZA869,01 - Non intersection,03 - P.D. only,06 - SMV unattended vehicle,03 - Snow,00 - Unknown,03 - Loose snow,10 - No control,,1,0,0,0,,0,,,,,369693.3427,5026898.831,45.37902533,-75.6714058,1958
20--2081,2/10/2020,Unknown,LORETTA AVE   S btwn NOLAN AVE & BEECH ST (__3ZA04P),__3ZA04P,01 - Non intersection,03 - P.D. only,06 - SMV unattended vehicle,01 - Clear,00 - Unknown,05 - Packed snow,10 - No control,,1,0,0,0,,0,,,,,366371.6051,5029165.827,45.39972301,-75.71353261,1959
20--2082,2/10/2020,Unknown,GLEBE AVE btwn LYON ST S & BANK ST (__3ZA933),__3ZA933,01 - Non intersection,03 - P.D. only,06 - SMV unattended vehicle,01 - Clear,00 - Unknown,05 - Packed snow,10 - No control,,1,0,0,0,,0,,,,,368106.9153,5029708.57,45.40445169,-75.69129964,1960
20--2083,2/10/2020,Unknown,SPADINA AVE btwn GLADSTONE AVE & END (__3ZA055),__3ZA055,01 - Non intersection,03 - P.D. only,06 - SMV unattended vehicle,01 - Clear,00 - Unknown,05 - Packed snow,10 - No control,,1,0,0,0,,0,,,,,365914.2047,5029408.533,45.4019469,-75.71934446,1961
20--2084,2/10/2020,12:21 AM,BRONSON AVE @ JAMES ST (0005694),5694,02 - Intersection related,03 - P.D. only,07 - SMV other,03 - Snow,07 - Dark,03 - Loose snow,02 - Stop sign,00 - Unknown,1,0,0,0,,0,,,,,367066.7054,5030241.564,45.40934072,-75.70451896,1962
20--2085,2/10/2020,2:00 PM,MER BLEUE RD E @ NAVAN RD (0004056),4056,03 - At intersection,03 - P.D. only,05 - Turning movement,01 - Clear,01 - Daylight,02 - Wet,02 - Stop sign,00 - Unknown,2,0,0,0,,0,,,,,384138.7988,5032191.531,45.42515786,-75.48613312,1963
20--2086,2/10/2020,2:00 PM,WOODROFFE AVE btwn CARLING AVE & FOX CRES (__3ZA4NI),__3ZA4NI,04 - At/near private drive,03 - P.D. only,02 - Angle,01 - Clear,01 - Daylight,02 - Wet,10 - No control,,2,0,0,0,,0,,,,,361782.6946,5025686.433,45.36880434,-75.77254447,1964
20--2087,2/10/2020,2:58 PM,HIGHWAY 417 btwn HWY417 IC126 RAMP61 & HWY417 IC124 RAMP76 (__3ZA2Y2),__3ZA2Y2,01 - Non intersection,03 - P.D. only,03 - Rear end,01 - Clear,01 - Daylight,02 - Wet,10 - No control,,2,0,0,0,,0,,,,,363841.9834,5026758.945,45.3782842,-75.7461291,1965
20--2088,2/10/2020,3:15 PM,RIVERSIDE DR NB btwn RIVERSIDE DR SPLIT & DATA CENTRE RD (__5FDUZU),__5FDUZU,01 - Non intersection,03 - P.D. only,04 - Sideswipe,01 - Clear,01 - Daylight,02 - Wet,10 - No control,,2,0,0,0,,0,,,,,368774.3101,5027555.645,45.38501967,-75.68305419,1966
20--2089,2/10/2020,3:25 PM,CARLING AVE WB btwn BIRCHDALE AVE & OAKLEY AVE (__3ZA2TM),__3ZA2TM,01 - Non intersection,03 - P.D. only,03 - Rear end,01 - Clear,01 - Daylight,02 - Wet,10 - No control,,2,0,0,0,,0,,,,,359054.0514,5024021.933,45.35404372,-75.80755912,1967
20--209,1/6/2020,4:55 PM,MERIVALE RD @ SLACK RD (0000110),110,03 - At intersection,03 - P.D. only,05 - Turning movement,03 - Snow,05 - Dusk,04 - Slush,01 - Traffic signal,01 - Functioning,2,0,0,0,,0,,,,,366019.6943,5020955.478,45.32587868,-75.71904434,1968
20--2090,2/10/2020,4:05 PM,HAZELDEAN RD @ TERRY FOX DR (0003682),3682,02 - Intersection related,03 - P.D. only,03 - Rear end,01 - Clear,01 - Daylight,01 - Dry,01 - Traffic signal,01 - Functioning,2,0,0,0,,0,,,,,352207.6049,5017242.451,45.29353681,-75.89558367,1969
20--2091,2/10/2020,4:20 PM,ALBERT ST @ METCALFE ST (0002117),2117,02 - Intersection related,03 - P.D. only,03 - Rear end,01 - Clear,01 - Daylight,02 - Wet,01 - Traffic signal,01 - Functioning,2,0,0,0,,0,,,,,367691.7069,5031613.573,45.42162973,-75.69636002,1970
20--2092,2/10/2020,4:30 AM,AIRPORT PKWY btwn AIRPORT PARKWAY PRIV & RAMP (__3ZA23H),__3ZA23H,01 - Non intersection,02 - Non-fatal injury,03 - Rear end,03 - Snow,07 - Dark,03 - Loose snow,10 - No control,,2,0,0,0,02 - Minor,1,,1,,,371071.0485,5021290.283,45.32843242,-75.65456816,1971
20--2093,2/10/2020,4:31 PM,BRIAN COBURN BLVD @ TENTH LINE RD (0013966),13966,02 - Intersection related,03 - P.D. only,03 - Rear end,01 - Clear,01 - Daylight,03 - Loose snow,01 - Traffic signal,01 - Functioning,2,0,0,0,,0,,,,,384428.3389,5035022.308,45.45059377,-75.48197576,1972
20--2094,2/10/2020,4:47 PM,RIOCAN AVE @ STRANDHERD DR (0010997),10997,03 - At intersection,03 - P.D. only,02 - Angle,01 - Clear,05 - Dusk,01 - Dry,01 - Traffic signal,01 - Functioning,2,0,0,0,,0,,,,,364172.2106,5014944.57,45.27195144,-75.74332962,1973
20--2095,2/10/2020,4:50 PM,LOUIS TOSCANO DR @ CROSBY PRIV (0013389),13389,03 - At intersection,02 - Non-fatal injury,02 - Angle,01 - Clear,01 - Daylight,03 - Loose snow,02 - Stop sign,01 - Functioning,2,0,0,0,01 - Minimal,1,1,,,,384549.0086,5035188.645,45.45207656,-75.48040631,1974
20--2096,2/10/2020,4:52 PM,RICHARDSON SIDE RD @ TERRY FOX DR (0013651),13651,03 - At intersection,02 - Non-fatal injury,05 - Turning movement,01 - Clear,01 - Daylight,02 - Wet,01 - Traffic signal,01 - Functioning,3,0,0,0,02 - Minor,3,,3,,,348803.086,5019506.072,45.31412702,-75.93878598,1975
20--2097,2/10/2020,5:01 AM,REGIONAL ROAD 174 btwn OR174 IC101 RAMP63 & OR174 IC101 RAMP45 (__3ZA11Q),__3ZA11Q,01 - Non intersection,03 - P.D. only,04 - Sideswipe,03 - Snow,07 - Dark,03 - Loose snow,10 - No control,,2,0,0,0,,0,,,,,382690.9675,5038856.809,45.48528904,-75.50357639,1976
20--2098,2/10/2020,5:32 PM,ST. JACQUES ST btwn TABOR AVE & BRADLEY AVE (__3ZA8Y6),__3ZA8Y6,01 - Non intersection,03 - P.D. only,06 - SMV unattended vehicle,01 - Clear,05 - Dusk,05 - Packed snow,10 - No control,,1,0,0,0,,0,,,,,370293.7943,5033826.353,45.44130064,-75.66281932,1977
20--2099,2/10/2020,5:50 PM,NAVAN RD btwn ORLEANS BLVD & PAGE RD (__3ZA3J1),__3ZA3J1,01 - Non intersection,02 - Non-fatal injury,03 - Rear end,01 - Clear,05 - Dusk,02 - Wet,10 - No control,,2,0,0,0,01 - Minimal,1,1,,,,380646.6524,5033086.247,45.43359521,-75.53061472,1978
20--21,1/1/2020,9:54 AM,RIVERSIDE DR @ UPLANDS DR/KIMBERWICK CRES N (0006890),6890,03 - At intersection,03 - P.D. only,02 - Angle,01 - Clear,01 - Daylight,02 - Wet,01 - Traffic signal,01 - Functioning,2,0,0,0,,0,,,,,368194.7327,5022793.475,45.34222354,-75.69106553,1979