Anom_ID,Accident_Date,Accident_Time,Location,Geo_ID,Accident_Location,Classification_of_Accident,Initial_Impact_Type,Environment_Condition,Light,Road_Surface_Condition,Traffic_Control,Traffic_Control_Condition,No__of_Vehicles,No__of_Bicycles,No__of_Motorcycles,No__of_Pedestrians,Max_Injury,No__of_Injuries,No__of_Minimal,No__of_Minor,No__of_Major,No__of_Fatal,X,Y,Latitude,Longitude,ObjectId
20--210,1/6/2020,4:59 PM,FRIEL ST @ RIDEAU ST (0011917),11917,02 - Intersection related,03 - P.D. only,03 - Rear end,01 - Clear,05 - Dusk,01 - Dry,01 - Traffic signal,01 - Functioning,2,0,0,0,,0,,,,,368771.7016,5032570.584,45.43014264,-75.68243679,1980
20--2100,2/10/2020,5:53 AM,HUNT CLUB RD @ UPLANDS DR (0010844),10844,03 - At intersection,03 - P.D. only,05 - Turning movement,03 - Snow,07 - Dark,03 - Loose snow,01 - Traffic signal,01 - Functioning,2,0,0,0,,0,,,,,370156.723,5023121.489,45.34499487,-75.66598927,1981
20--2101,2/10/2020,6:15 PM,CENTER ST btwn MONTREAL RD & PAUL AVE (__3ZA8W2),__3ZA8W2,04 - At/near private drive,03 - P.D. only,02 - Angle,01 - Clear,07 - Dark,04 - Slush,10 - No control,,2,0,0,0,,0,,,,,371854.8463,5033866.646,45.44151519,-75.64286176,1982
20--2102,2/10/2020,6:18 PM,HURDMAN RD btwn ROBINSON AVE & LEES AVE (__3ZA9N0),__3ZA9N0,01 - Non intersection,03 - P.D. only,06 - SMV unattended vehicle,01 - Clear,07 - Dark,02 - Wet,10 - No control,,1,0,0,0,,0,,,,,369893.2781,5031191.802,45.41763342,-75.66828666,1983
20--2103,2/10/2020,6:30 AM,HWY417 IC130 RAMP61 btwn HWY417 IC130 RAMP66 & RAMP (__3ZAY7M),__3ZAY7M,01 - Non intersection,03 - P.D. only,99 - Other,03 - Snow,03 - Dawn,04 - Slush,10 - No control,,2,0,0,0,,0,,,,,359495.2053,5023155.474,45.34621305,-75.80202496,1984
20--2104,2/10/2020,6:37 AM,BOUNDARY RD btwn HWY417 IC96 RAMP51 & NINTH LINE RD (__3ZA3XV),__3ZA3XV,01 - Non intersection,03 - P.D. only,03 - Rear end,03 - Snow,03 - Dawn,03 - Loose snow,10 - No control,,3,0,0,0,,0,,,,,387580.5955,5023410.867,45.34575866,-75.4436305,1985
20--2105,2/10/2020,6:39 PM,BURRIS LANE @ MERIVALE RD (0002014),2014,03 - At intersection,03 - P.D. only,05 - Turning movement,01 - Clear,07 - Dark,02 - Wet,01 - Traffic signal,01 - Functioning,2,0,0,0,,0,,,,,364880.7091,5025067.537,45.36297689,-75.73307315,1986
20--2106,2/10/2020,6:48 AM,AIRPORT PKWY @ HUNT CLUB RD (0010856),10856,02 - Intersection related,02 - Non-fatal injury,99 - Other,03 - Snow,03 - Dawn,02 - Wet,01 - Traffic signal,01 - Functioning,2,0,0,0,01 - Minimal,1,1,,,,371018.519,5023702.996,45.35014627,-75.65491531,1987
20--2107,2/10/2020,6:50 AM,ROCKDALE RD btwn HWY417 IC88 RAMP15 & HWY417 IC88 RAMP16 (__3ZA2E0),__3ZA2E0,01 - Non intersection,03 - P.D. only,03 - Rear end,03 - Snow,07 - Dark,05 - Packed snow,10 - No control,,3,0,0,0,,0,,,,,395279.9329,5022350.386,45.33526679,-75.34559179,1988
20--2108,2/10/2020,7:03 AM,WEST HUNT CLUB RD @ WOODROFFE AVE (0000576),576,02 - Intersection related,03 - P.D. only,04 - Sideswipe,01 - Clear,03 - Dawn,04 - Slush,01 - Traffic signal,01 - Functioning,2,0,0,0,,0,,,,,363670.6952,5021246.49,45.32869814,-75.74897236,1989
20--2109,2/10/2020,7:10 AM,CARLING AVE @ FAIRLAWN AVE/WOODROFFE AVE E (0002393),2393,02 - Intersection related,02 - Non-fatal injury,03 - Rear end,01 - Clear,03 - Dawn,06 - Ice,01 - Traffic signal,01 - Functioning,2,0,0,0,01 - Minimal,2,2,,,,361934.6841,5025830.528,45.37008852,-75.77058762,1990
20--211,1/6/2020,5:36 PM,ANDERSON RD btwn INNES RD & DESJARDINS ST (__3ZBOG0),__3ZBOG0,01 - Non intersection,03 - P.D. only,07 - SMV other,03 - Snow,05 - Dusk,05 - Packed snow,10 - No control,,1,0,0,0,,0,,,,,377380.1075,5031603.103,45.42059749,-75.5725769,1991
20--2110,2/10/2020,7:27 AM,MACLAREN ST btwn CARTIER ST & MACDONALD ST (__3ZA9U4),__3ZA9U4,04 - At/near private drive,03 - P.D. only,06 - SMV unattended vehicle,03 - Snow,03 - Dawn,03 - Loose snow,10 - No control,,1,0,0,0,,0,,,,,368438.3368,5031261.938,45.41839832,-75.68686585,1992
20--2111,2/10/2020,7:30 AM,HAWTHORNE RD/RUSSELL RD @ WALKLEY RD (0002618),2618,02 - Intersection related,03 - P.D. only,03 - Rear end,03 - Snow,01 - Daylight,05 - Packed snow,01 - Traffic signal,01 - Functioning,3,0,0,0,,0,,,,,374674.7326,5028499.543,45.39294868,-75.60758152,1993
20--2112,2/10/2020,7:46 AM,GREENBANK RD @ BELLMAN DR/BATEMAN DR (0000153),153,02 - Intersection related,03 - P.D. only,03 - Rear end,03 - Snow,01 - Daylight,03 - Loose snow,01 - Traffic signal,01 - Functioning,2,0,0,0,,0,,,,,361256.6793,5021017.493,45.32683596,-75.77979216,1994
20--2113,2/10/2020,7:50 AM,MERIVALE RD @ KINGSTON AVE (0006260),6260,03 - At intersection,03 - P.D. only,03 - Rear end,03 - Snow,01 - Daylight,04 - Slush,02 - Stop sign,01 - Functioning,2,0,0,0,,0,,,,,364902.7124,5026273.52,45.37382624,-75.73264559,1995
20--2114,2/10/2020,7:55 AM,ST. LAURENT BLVD btwn DONALD ST & 125 N OF QUEEN MARY ST (__3ZA2CFA),__3ZA2CFA,01 - Non intersection,03 - P.D. only,99 - Other,03 - Snow,01 - Daylight,03 - Loose snow,10 - No control,,2,0,0,0,,0,,,,,372097.4156,5032463.567,45.42886765,-75.63995323,1996
20--2115,2/10/2020,7:56 AM,CONROY RD btwn CONROY RD & ROSEBELLA AVE (__3ZA3S2),__3ZA3S2,01 - Non intersection,03 - P.D. only,01 - Approaching,03 - Snow,01 - Daylight,03 - Loose snow,10 - No control,,3,0,0,0,,0,,,,,374131.4349,5024557.499,45.35753391,-75.61507292,1997
20--2116,2/10/2020,8:03 PM,FISHER AVE @ DEER PARK RD/DYNES RD (0002341),2341,02 - Intersection related,03 - P.D. only,03 - Rear end,01 - Clear,07 - Dark,01 - Dry,01 - Traffic signal,01 - Functioning,2,0,0,0,,0,,,,,366407.698,5025455.511,45.36633527,-75.71353468,1998
20--2117,2/10/2020,8:12 AM,MERIVALE RD/LOTTA AVE @ CLYDE AVE (0001112),1112,02 - Intersection related,03 - P.D. only,03 - Rear end,03 - Snow,01 - Daylight,03 - Loose snow,01 - Traffic signal,00 - Unknown,2,0,0,0,,0,,,,,364521.6976,5024507.53,45.3579687,-75.73772318,1999
20--2118,2/10/2020,8:14 AM,MONTREAL RD/HANNAH ST @ CODY AVE (0009349),9349,02 - Intersection related,03 - P.D. only,03 - Rear end,03 - Snow,01 - Daylight,04 - Slush,01 - Traffic signal,01 - Functioning,2,0,0,0,,0,,,,,370254.7065,5033169.586,45.43539499,-75.66340625,2000
20--3290,3/4/2020,11:53 AM,HWY 417 INNES IC112R58 @ INNES RD (0012295),12295,02 - Intersection related,03 - P.D. only,03 - Rear end,01 - Clear,01 - Daylight,02 - Wet,03 - Yield sign,01 - Functioning,2,0,0,0,,0,,,,,374225.6954,5030711.013,45.41289106,-75.61300445,2001
20--3291,3/4/2020,Unknown,SWEETLAND AVE btwn SOMERSET ST E & TEMPLETON ST (__3ZA9OV),__3ZA9OV,01 - Non intersection,03 - P.D. only,06 - SMV unattended vehicle,01 - Clear,00 - Unknown,01 - Dry,10 - No control,,1,0,0,0,,0,,,,,369268.4482,5031658.453,45.42189002,-75.67620837,2002
20--3292,3/4/2020,Unknown,JASPER AVE btwn WALKLEY RD & BROOKLINE AVE (__3ZBOQO),__3ZBOQO,01 - Non intersection,03 - P.D. only,06 - SMV unattended vehicle,01 - Clear,00 - Unknown,06 - Ice,10 - No control,,1,0,0,0,,0,,,,,370872.1467,5026210.042,45.37271767,-75.65644795,2003
20--3293,3/4/2020,Unknown,RANCHWOOD WAY btwn ARBOURWOOD DR & SABLEWOOD PL (__3ZA19S),__3ZA19S,01 - Non intersection,03 - P.D. only,06 - SMV unattended vehicle,01 - Clear,00 - Unknown,02 - Wet,10 - No control,,1,0,0,0,,0,,,,,380588.4725,5034520.203,45.44650317,-75.5311374,2004
20--3294,3/4/2020,12:24 PM,CHAPMAN MILLS DR/TRANSITWAY SOUTHWEST @ WOODROFFE AVE (0013563),13563,03 - At intersection,03 - P.D. only,02 - Angle,01 - Clear,01 - Daylight,02 - Wet,01 - Traffic signal,01 - Functioning,2,0,0,0,,0,,,,,366177.0901,5015219.37,45.27425195,-75.71774677,2005
20--3295,3/4/2020,2:00 PM,MARKETPLACE AVE btwn RIOCAN AVE & TRANSITWAY SOUTHWEST (__4LZBKR),__4LZBKR,01 - Non intersection,03 - P.D. only,04 - Sideswipe,01 - Clear,01 - Daylight,01 - Dry,10 - No control,,2,0,0,0,,0,,,,,364272.3952,5014752.925,45.27021855,-75.74207588,2006
20--3296,3/4/2020,2:12 PM,O'CONNOR ST @ WELLINGTON ST (0002234),2234,02 - Intersection related,03 - P.D. only,04 - Sideswipe,01 - Clear,01 - Daylight,04 - Slush,01 - Traffic signal,01 - Functioning,2,0,0,0,,0,,,,,367413.6957,5031722.577,45.42263545,-75.69989829,2007
20--3297,3/4/2020,2:20 PM,WEST HUNT CLUB RD @ CLEOPATRA DR/LANCELOT DR (0000114),114,03 - At intersection,03 - P.D. only,05 - Turning movement,01 - Clear,01 - Daylight,01 - Dry,01 - Traffic signal,01 - Functioning,2,0,0,0,,0,,,,,365235.7061,5021732.479,45.33293799,-75.72894959,2008
20--3298,3/4/2020,3:00 PM,RIVERSIDE DR @ SMYTH RD SOUTH SIDE RAMP (0011480),11480,02 - Intersection related,03 - P.D. only,03 - Rear end,01 - Clear,01 - Daylight,01 - Dry,01 - Traffic signal,01 - Functioning,2,0,0,0,,0,,,,,369788.4446,5028997.979,45.39790395,-75.66991518,2009
20--3299,3/4/2020,4:15 PM,O'MEARA ST btwn GARLAND ST & HILDA ST (__3ZAAKK),__3ZAAKK,01 - Non intersection,03 - P.D. only,01 - Approaching,01 - Clear,01 - Daylight,02 - Wet,10 - No control,,2,1,0,0,,0,,,,,365543.78,5029912.761,45.40651606,-75.72401361,2010
20--33,1/2/2020,12:30 PM,CENTRAL PARK DR S @ MERIVALE RD (0009113),9113,02 - Intersection related,03 - P.D. only,07 - SMV other,01 - Clear,01 - Daylight,02 - Wet,01 - Traffic signal,01 - Functioning,1,0,0,0,,0,,,,,364987.1993,5025598.485,45.36774514,-75.73164926,2011
20--330,1/8/2020,8:25 AM,SHEFFORD RD btwn MONTREAL RD & EAST ACRES RD (__3ZA40X),__3ZA40X,01 - Non intersection,03 - P.D. only,06 - SMV unattended vehicle,01 - Clear,01 - Daylight,04 - Slush,10 - No control,,1,0,0,0,,0,,,,,376217.0155,5034618.781,45.44785043,-75.58699944,2012
20--3300,3/4/2020,4:30 PM,GREENBANK RD @ LISA AVE (0002753),2753,03 - At intersection,02 - Non-fatal injury,05 - Turning movement,01 - Clear,01 - Daylight,02 - Wet,01 - Traffic signal,01 - Functioning,2,0,0,0,01 - Minimal,2,2,,,,360554.6745,5022893.487,45.34377227,-75.78853546,2013
20--3301,3/4/2020,4:37 PM,HAWTHORNE RD @ HUNT CLUB RD (0007651),7651,02 - Intersection related,03 - P.D. only,04 - Sideswipe,01 - Clear,01 - Daylight,02 - Wet,01 - Traffic signal,01 - Functioning,2,0,0,0,,0,,,,,375507.745,5026406.524,45.37403312,-75.59724366,2014
20--3302,3/4/2020,5:07 PM,BANK ST @ SECOND AVE (0007231),7231,03 - At intersection,03 - P.D. only,02 - Angle,01 - Clear,01 - Daylight,01 - Dry,02 - Stop sign,01 - Functioning,2,0,0,0,,0,,,,,368305.7033,5029628.554,45.40371372,-75.68877083,2015
20--3303,3/4/2020,5:25 PM,INDUSTRIAL AVE btwn TRAINYARDS DR & RUSSELL RD (__3ZA3R9),__3ZA3R9,04 - At/near private drive,02 - Non-fatal injury,04 - Sideswipe,01 - Clear,01 - Daylight,02 - Wet,10 - No control,,3,0,0,0,02 - Minor,1,,1,,,371803.1182,5030520.511,45.41141315,-75.64397811,2016
20--3304,3/4/2020,5:51 PM,HIGHWAY 417 btwn HWY417 IC124 RAMP67 & HWY417 IC123 RAMP62 (__3ZA2YZ),__3ZA2YZ,01 - Non intersection,03 - P.D. only,03 - Rear end,01 - Clear,05 - Dusk,01 - Dry,10 - No control,,3,0,0,0,,0,,,,,364614.014,5027790.086,45.38749673,-75.73614745,2017
20--3305,3/4/2020,6:00 PM,BRONSON AVE btwn RENFREW AVE & POWELL AVE (__3ZA3BZ),__3ZA3BZ,04 - At/near private drive,03 - P.D. only,02 - Angle,03 - Snow,05 - Dusk,02 - Wet,10 - No control,,2,0,0,0,,0,,,,,367365.7449,5029529.991,45.40291152,-75.70078928,2018
20--3306,3/4/2020,6:31 PM,HUNT CLUB RD @ DOWNPATRICK RD/MCCARTHY RD (0006931),6931,03 - At intersection,03 - P.D. only,05 - Turning movement,01 - Clear,07 - Dark,01 - Dry,01 - Traffic signal,01 - Functioning,2,0,0,0,,0,,,,,370507.7349,5023400.497,45.34747251,-75.66147346,2019
20--3307,3/4/2020,6:50 PM,WOODROFFE AVE btwn FIRESTATION & BASELINE RD (__3ZA34KB),__3ZA34KB,01 - Non intersection,02 - Non-fatal injury,04 - Sideswipe,01 - Clear,07 - Dark,01 - Dry,10 - No control,,4,0,0,0,02 - Minor,4,3,1,,,362530.5119,5023819.811,45.35194745,-75.76321646,2020
20--3308,3/4/2020,6:55 PM,MORRISON DR btwn DRAPER AVE & GREENBANK RD (__3ZABJH),__3ZABJH,04 - At/near private drive,02 - Non-fatal injury,07 - SMV other,01 - Clear,05 - Dusk,02 - Wet,10 - No control,,1,0,0,1,01 - Minimal,1,1,,,,360399.5357,5023131.793,45.34592886,-75.79048819,2021
20--3309,3/4/2020,7:42 AM,ROYAL AVE btwn LANARK AVE & WORKMAN AVE (__3ZA0ZH),__3ZA0ZH,01 - Non intersection,03 - P.D. only,04 - Sideswipe,01 - Clear,01 - Daylight,06 - Ice,10 - No control,,2,0,0,0,,0,,,,,362938.544,5028698.018,45.39580725,-75.75743517,2022
20--331,1/8/2020,9:16 AM,PRINCE OF WALES DR @ WEST HUNT CLUB RD (0000567),567,02 - Intersection related,02 - Non-fatal injury,03 - Rear end,01 - Clear,01 - Daylight,01 - Dry,01 - Traffic signal,01 - Functioning,2,0,0,0,02 - Minor,1,,1,,,367458.7104,5021891.507,45.33417393,-75.70057067,2023
20--3310,3/4/2020,8:22 AM,DALY AVE @ KING EDWARD AVE (0007755),7755,03 - At intersection,03 - P.D. only,02 - Angle,01 - Clear,01 - Daylight,02 - Wet,02 - Stop sign,01 - Functioning,2,0,0,0,,0,,,,,368591.7047,5032273.58,45.42748675,-75.6847754,2024
20--3311,3/4/2020,8:30 PM,DES EPINETTES AVE @ PRESTWICK DR (0004495),4495,02 - Intersection related,03 - P.D. only,03 - Rear end,01 - Clear,07 - Dark,01 - Dry,02 - Stop sign,01 - Functioning,2,0,0,0,,0,,,,,383334.745,5036664.559,45.46549304,-75.49569256,2025
20--3312,3/4/2020,9:40 AM,ARLINGTON AVE btwn KENT ST & BANK ST (__3ZA977),__3ZA977,01 - Non intersection,03 - P.D. only,06 - SMV unattended vehicle,01 - Clear,01 - Daylight,01 - Dry,10 - No control,,1,0,0,0,,0,,,,,367976.7273,5030326.445,45.41002289,-75.69288336,2026
20--3313,3/5/2020,1:00 PM,ST. JOSEPH BLVD btwn YOUVILLE DR & NOTRE DAME ST W (__3ZA2BN),__3ZA2BN,04 - At/near private drive,03 - P.D. only,02 - Angle,01 - Clear,01 - Daylight,02 - Wet,10 - No control,,2,0,0,0,,0,,,,,379420.7011,5036224.397,45.46196189,-75.54580526,2027
20--3314,3/5/2020,1:13 PM,RIDGEWOOD AVE @ RIVERSIDE DR (0007180),7180,02 - Intersection related,03 - P.D. only,03 - Rear end,01 - Clear,01 - Daylight,01 - Dry,01 - Traffic signal,01 - Functioning,2,0,0,0,,0,,,,,368280.6984,5025609.534,45.367554,-75.6896071,2028
20--3315,3/5/2020,1:49 PM,ISABELLA ST/HWY 417 O'CONN IC119BR57 @ O'CONNO (0001698),1698,02 - Intersection related,03 - P.D. only,04 - Sideswipe,01 - Clear,01 - Daylight,02 - Wet,01 - Traffic signal,01 - Functioning,2,0,0,0,,0,,,,,368297.7039,5030309.57,45.40984201,-75.68878529,2029
20--3316,3/5/2020,1:50 PM,RICHMOND RD btwn CHURCHILL AVE N & WINONA AVE (__3ZA4OX),__3ZA4OX,01 - Non intersection,03 - P.D. only,03 - Rear end,01 - Clear,01 - Daylight,01 - Dry,10 - No control,,2,0,0,0,,0,,,,,363231.5411,5028295.166,45.39215806,-75.75374094,2030
20--3317,3/5/2020,10:18 AM,BLAIR RD @ OGILVIE RD (0004120),4120,02 - Intersection related,03 - P.D. only,03 - Rear end,01 - Clear,01 - Daylight,01 - Dry,01 - Traffic signal,01 - Functioning,2,0,0,0,,0,,,,,374507.7161,5033198.575,45.43524478,-75.60904973,2031
20--3318,3/5/2020,10:27 AM,GLASGOW ST @ ST. LAURENT BLVD (0007964),7964,02 - Intersection related,03 - P.D. only,03 - Rear end,01 - Clear,01 - Daylight,05 - Packed snow,02 - Stop sign,01 - Functioning,2,0,0,0,,0,,,,,371076.711,5034951.601,45.45135131,-75.65266114,2032
20--3319,3/5/2020,11:15 AM,FALLOWFIELD RD btwn TRANSIT & 482 E OF HOLITMAN DR/BARRHAVEN CROSSING  (__5UXZZVB),__5UXZZVB,01 - Non intersection,02 - Non-fatal injury,03 - Rear end,01 - Clear,01 - Daylight,01 - Dry,10 - No control,,2,0,0,0,01 - Minimal,1,1,,,,364232.0261,5017414.395,45.29416985,-75.74227157,2033
20--332,1/9/2020,1:06 PM,BAYSWATER AVE @ GLADSTONE AVE (0006164),6164,03 - At intersection,03 - P.D. only,02 - Angle,01 - Clear,01 - Daylight,01 - Dry,01 - Traffic signal,01 - Functioning,2,0,0,0,,0,,,,,366000.6945,5029479.564,45.40257846,-75.71823096,2034
20--3320,3/5/2020,11:31 AM,SAUNDERSON DR @ SMYTH RD (0007729),7729,03 - At intersection,03 - P.D. only,05 - Turning movement,01 - Clear,01 - Daylight,01 - Dry,01 - Traffic signal,01 - Functioning,3,0,0,0,,0,,,,,372793.718,5029323.536,45.40054777,-75.63148887,2035
20--3321,3/5/2020,11:47 PM,CHURCHILL AVE   N btwn SCOTT ST & WILMONT AVE (__3ZBN9T),__3ZBN9T,01 - Non intersection,03 - P.D. only,07 - SMV other,01 - Clear,07 - Dark,01 - Dry,10 - No control,,1,0,0,0,,0,,,,,363096.1957,5028581.485,45.3947456,-75.75543553,2036
20--3322,3/5/2020,Unknown,SHEARER CRES btwn STURSBERG WAY & PICKFORD DR (__3ZABCD),__3ZABCD,01 - Non intersection,03 - P.D. only,06 - SMV unattended vehicle,01 - Clear,00 - Unknown,02 - Wet,10 - No control,,1,0,0,0,,0,,,,,352592.8448,5018730.705,45.30690238,-75.89052893,2037
20--3323,3/5/2020,Unknown,SOMERSET ST    E btwn KING EDWARD AVE & HENDERSON AVE (__3ZA44B),__3ZA44B,01 - Non intersection,03 - P.D. only,06 - SMV unattended vehicle,02 - Rain,00 - Unknown,02 - Wet,10 - No control,,1,0,0,0,,0,,,,,368973.7187,5031683.791,45.4221451,-75.6799708,2038
20--3324,3/5/2020,12:33 PM,MERTON ST btwn ARMSTRONG ST & WELLINGTON ST W (__3ZAAH5),__3ZAAH5,01 - Non intersection,03 - P.D. only,06 - SMV unattended vehicle,01 - Clear,01 - Daylight,01 - Dry,10 - No control,,1,0,0,0,,0,,,,,365454.729,5029670.585,45.40434474,-75.7251809,2039
20--3325,3/5/2020,12:53 PM,MARCH RD btwn DUNROBIN RD & MURPHY CRT (__3ZA3DI),__3ZA3DI,04 - At/near private drive,02 - Non-fatal injury,03 - Rear end,01 - Clear,01 - Daylight,01 - Dry,10 - No control,,3,0,0,0,03 - Major,2,,1,1,,347606.0955,5025872.08,45.3714841,-75.95350079,2040
20--3326,3/5/2020,2:10 PM,INNES RD btwn HWY417 IC112 RAMP66 & CYRVILLE RD (__3ZA3RCB),__3ZA3RCB,01 - Non intersection,02 - Non-fatal injury,99 - Other,01 - Clear,01 - Daylight,01 - Dry,10 - No control,,2,0,0,0,02 - Minor,1,,1,,,375039.4563,5031113.854,45.4164344,-75.60255156,2041
20--3327,3/5/2020,2:30 PM,COLONEL BY DR @ HAWTHORNE AVE/PRETORIA BRIDGE (0002122),2122,02 - Intersection related,03 - P.D. only,04 - Sideswipe,01 - Clear,01 - Daylight,01 - Dry,01 - Traffic signal,01 - Functioning,2,0,0,0,,0,,,,,368767.7088,5030525.567,45.41174268,-75.68275333,2042
20--3328,3/5/2020,3:01 PM,MERIVALE RD btwn VIEWMOUNT DR & COLONNADE RD (__3ZA33F),__3ZA33F,01 - Non intersection,03 - P.D. only,03 - Rear end,01 - Clear,01 - Daylight,01 - Dry,10 - No control,,2,0,0,0,,0,,,,,365267.5449,5022773,45.34229773,-75.72841628,2043
20--3329,3/5/2020,3:30 PM,BRETBY CRES btwn BAMBURGH WAY & BAMBURGH WAY (__74S5V9),__74S5V9,04 - At/near private drive,03 - P.D. only,02 - Angle,01 - Clear,01 - Daylight,01 - Dry,10 - No control,,2,0,0,0,,0,,,,,361455.003,5014936.217,45.27210044,-75.77795726,2044
20--333,1/9/2020,1:09 PM,KENT ST @ LISGAR ST (0007733),7733,02 - Intersection related,03 - P.D. only,04 - Sideswipe,"07 - Fog, mist, smoke, dust",01 - Daylight,02 - Wet,02 - Stop sign,00 - Unknown,2,0,0,0,,0,,,,,367437.7029,5030963.563,45.41580394,-75.69968804,2045
20--3330,3/5/2020,3:30 PM,OTTAWA RIVER PKWY WB btwn OTTAWA RIVER PKWY WB RAMP/CARLING AVE WB & C (__3ZA24Z),__3ZA24Z,01 - Non intersection,02 - Non-fatal injury,03 - Rear end,01 - Clear,01 - Daylight,01 - Dry,10 - No control,,2,0,0,0,02 - Minor,1,,1,,,360900.7353,5025404.253,45.36633646,-75.78383493,2046
20--3331,3/5/2020,3:45 PM,FRESHWATER WAY btwn CAPE JACK WALK & DOVETAIL HTS (__8U6NDB),__8U6NDB,04 - At/near private drive,03 - P.D. only,99 - Other,01 - Clear,01 - Daylight,01 - Dry,10 - No control,,2,0,0,0,,0,,,,,363836.736,5012642.759,45.25126791,-75.74787824,2047
20--3332,3/5/2020,4:00 PM,BANK ST @ CAHILL DR/DAZE ST (0012178),12178,03 - At intersection,02 - Non-fatal injury,07 - SMV other,01 - Clear,01 - Daylight,01 - Dry,01 - Traffic signal,01 - Functioning,1,0,0,1,02 - Minor,1,,1,,,371306.8266,5024316.716,45.35564104,-75.65115377,2048
20--3333,3/5/2020,4:05 PM,ROBERTSON RD btwn VANIER RD & RICHMOND RD (__3ZA4YQ),__3ZA4YQ,01 - Non intersection,03 - P.D. only,04 - Sideswipe,01 - Clear,01 - Daylight,01 - Dry,10 - No control,,2,0,0,0,,0,,,,,357484.6135,5020696.318,45.32423928,-75.82794246,2049
20--3334,3/5/2020,4:31 PM,RIVERSIDE DR @ HERON RD (0002236),2236,02 - Intersection related,03 - P.D. only,03 - Rear end,01 - Clear,01 - Daylight,01 - Dry,01 - Traffic signal,01 - Functioning,2,0,0,0,,0,,,,,368121.1938,5026647.024,45.37690349,-75.69151012,2050
20--3335,3/5/2020,4:35 PM,EAGLESON RD @ HAZELDEAN RD/ROBERTSON RD (0002715),2715,02 - Intersection related,03 - P.D. only,03 - Rear end,01 - Clear,01 - Daylight,01 - Dry,01 - Traffic signal,01 - Functioning,2,0,0,0,,0,,,,,353673.6126,5018424.457,45.30407232,-75.87677761,2051
20--3336,3/5/2020,4:36 PM,HWY417 IC119A RAMP75 btwn METCALFE ST & HIGHWAY 417 (__3ZAY9U),__3ZAY9U,01 - Non intersection,03 - P.D. only,04 - Sideswipe,01 - Clear,01 - Daylight,01 - Dry,10 - No control,,2,0,0,0,,0,,,,,368491.2002,5030434.926,45.41095234,-75.68629734,2052
20--3337,3/5/2020,5:04 PM,TERRY FOX DR @ PALLADIUM DR/KATIMAVIK RD (0011858),11858,02 - Intersection related,03 - P.D. only,03 - Rear end,01 - Clear,01 - Daylight,01 - Dry,01 - Traffic signal,01 - Functioning,2,0,0,0,,0,,,,,351269.7139,5018181.767,45.30205168,-75.9074525,2053
20--3338,3/5/2020,5:07 PM,GREENBANK RD @ JOCKVALE RD (0010360),10360,02 - Intersection related,03 - P.D. only,03 - Rear end,01 - Clear,01 - Daylight,01 - Dry,01 - Traffic signal,01 - Functioning,2,0,0,0,,0,,,,,364121.6745,5014330.404,45.26642943,-75.74404699,2054
20--3339,3/5/2020,5:27 PM,WOODROFFE AVE btwn PINELAND AVE & SLACK RD (__3ZA3IC),__3ZA3IC,01 - Non intersection,03 - P.D. only,03 - Rear end,01 - Clear,05 - Dusk,01 - Dry,10 - No control,,2,0,0,0,,0,,,,,364235.9585,5019982.407,45.31727637,-75.74191351,2055
20--334,1/9/2020,1:10 AM,RIDEAU RD btwn ALBION RD & BANK ST (__3ZA7ZV),__3ZA7ZV,01 - Non intersection,03 - P.D. only,07 - SMV other,01 - Clear,07 - Dark,01 - Dry,10 - No control,,1,0,0,0,,0,,,,,376697.6393,5017682.187,45.29541446,-75.58332112,2056
20--3340,3/5/2020,6:07 AM,KING EDWARD AVE @ RIDEAU ST (0002121),2121,02 - Intersection related,03 - P.D. only,04 - Sideswipe,01 - Clear,03 - Dawn,01 - Dry,01 - Traffic signal,01 - Functioning,2,0,0,0,,0,,,,,368511.6957,5032413.585,45.42875376,-75.68577965,2057
20--3341,3/5/2020,6:21 AM,BANK ST @ MITCH OWENS RD (0001640),1640,03 - At intersection,03 - P.D. only,05 - Turning movement,01 - Clear,01 - Daylight,01 - Dry,01 - Traffic signal,01 - Functioning,2,0,0,0,,0,,,,,377758.7533,5015947.461,45.27969674,-75.57004903,2058
20--3342,3/5/2020,6:36 PM,LONGWOOD AVE @ RICHMOND RD (0001488),1488,02 - Intersection related,03 - P.D. only,02 - Angle,01 - Clear,07 - Dark,05 - Packed snow,02 - Stop sign,01 - Functioning,2,0,0,0,,0,,,,,357579.6527,5020135.462,45.3191855,-75.82678997,2059
20--3343,3/5/2020,6:43 PM,ASHENVALE WAY @ VALLIER WAY (0014201),14201,03 - At intersection,02 - Non-fatal injury,02 - Angle,01 - Clear,07 - Dark,02 - Wet,02 - Stop sign,01 - Functioning,2,0,0,0,01 - Minimal,2,2,,,,385647.7521,5034819.408,45.44862827,-75.46642181,2060
20--3344,3/5/2020,6:45 PM,MONTREAL RD @ VANIER PKWY (0004630),4630,02 - Intersection related,03 - P.D. only,03 - Rear end,01 - Clear,05 - Dusk,01 - Dry,01 - Traffic signal,01 - Functioning,2,0,0,0,,0,,,,,370072.7136,5033065.593,45.43447632,-75.66574589,2061
20--3345,3/5/2020,6:55 PM,HIGHWAY 417 btwn HWY417 IC121B RAMP51 & HWY417 IC121A RAMP51 (__3ZA2YW),__3ZA2YW,01 - Non intersection,03 - P.D. only,03 - Rear end,01 - Clear,07 - Dark,01 - Dry,10 - No control,,3,0,0,0,,0,,,,,366639.8827,5029532.894,45.40300214,-75.71006014,2062