Anom_ID,Accident_Date,Accident_Time,Location,Geo_ID,Accident_Location,Classification_of_Accident,Initial_Impact_Type,Environment_Condition,Light,Road_Surface_Condition,Traffic_Control,Traffic_Control_Condition,No__of_Vehicles,No__of_Bicycles,No__of_Motorcycles,No__of_Pedestrians,Max_Injury,No__of_Injuries,No__of_Minimal,No__of_Minor,No__of_Major,No__of_Fatal,X,Y,Latitude,Longitude,ObjectId
20--3346,3/5/2020,7:00 AM,DONALD ST @ ST. LAURENT BLVD (0008630),8630,02 - Intersection related,03 - P.D. only,03 - Rear end,01 - Clear,03 - Dawn,01 - Dry,01 - Traffic signal,01 - Functioning,2,0,0,0,,0,,,,,372093.7124,5032472.58,45.4289491,-75.63999932,2063
20--302,1/8/2020,12:22 PM,AVIATION PKWY @ OGILVIE RD (0004114),4114,03 - At intersection,02 - Non-fatal injury,05 - Turning movement,01 - Clear,01 - Daylight,01 - Dry,01 - Traffic signal,01 - Functioning,3,0,0,0,02 - Minor,2,,2,,,373110.7137,5032376.577,45.42798672,-75.62701706,2064
20--3347,3/5/2020,7:00 AM,OTTAWA RIVER PKWY EB btwn TURN LANE & TRANSIT (__3ZA23J),__3ZA23J,01 - Non intersection,03 - P.D. only,03 - Rear end,01 - Clear,01 - Daylight,06 - Ice,10 - No control,,5,0,0,0,,0,,,,,361503.512,5027186.368,45.38232327,-75.77593607,2065
20--3348,3/5/2020,7:00 PM,WILBROD ST btwn COBOURG ST & CHARLOTTE ST (__3ZA83K),__3ZA83K,01 - Non intersection,03 - P.D. only,06 - SMV unattended vehicle,01 - Clear,07 - Dark,01 - Dry,10 - No control,,1,0,0,0,,0,,,,,369368.8463,5032562.073,45.43001119,-75.67480714,2066
20--3349,3/5/2020,8:30 AM,HIGHWAY 417 btwn HWY417 IC121B RAMP16 & HWY417 IC121A RAMP16 (__3ZA2YX),__3ZA2YX,01 - Non intersection,03 - P.D. only,03 - Rear end,01 - Clear,01 - Daylight,01 - Dry,10 - No control,,3,0,0,0,,0,,,,,366730.7127,5029577.704,45.4033973,-75.70889437,2067
20--335,1/9/2020,1:54 PM,SMYTH RD @ SMYTH RD NORTH SIDE RAMP/SMYTH RD S (0006582),6582,02 - Intersection related,03 - P.D. only,03 - Rear end,01 - Clear,01 - Daylight,01 - Dry,03 - Yield sign,01 - Functioning,2,0,0,0,,0,,,,,369917.1907,5029121.38,45.3990023,-75.66825462,2068
20--3350,3/5/2020,8:44 AM,COLOMBINE DRWY @ PARKDALE AVE (0014553),14553,03 - At intersection,03 - P.D. only,02 - Angle,01 - Clear,01 - Daylight,02 - Wet,02 - Stop sign,01 - Functioning,2,0,0,0,,0,,,,,364754.6951,5030178.567,45.40897576,-75.73406073,2069
20--3351,3/5/2020,8:55 AM,LAURIER AVE @ O'CONNOR ST (0002224),2224,03 - At intersection,02 - Non-fatal injury,07 - SMV other,01 - Clear,01 - Daylight,01 - Dry,01 - Traffic signal,01 - Functioning,1,0,0,1,01 - Minimal,1,1,,,,367636.6977,5031358.577,45.4193403,-75.69709539,2070
20--3352,3/5/2020,9:00 PM,BANK ST btwn CAHILL DR & TURN LANE (1) (__3ZA3HV),__3ZA3HV,04 - At/near private drive,02 - Non-fatal injury,07 - SMV other,01 - Clear,07 - Dark,01 - Dry,10 - No control,,1,0,0,1,02 - Minor,1,,1,,,371432.3233,5024191.969,45.3545067,-75.64956901,2071
20--3353,3/5/2020,9:25 AM,RIVERSIDE DR @ SMYTH RD SOUTH SIDE RAMP (0011480),11480,03 - At intersection,03 - P.D. only,03 - Rear end,01 - Clear,01 - Daylight,01 - Dry,01 - Traffic signal,01 - Functioning,2,0,0,0,,0,,,,,369788.4444,5028997.977,45.39790393,-75.66991519,2072
20--3354,3/6/2020,1:18 PM,TERRY FOX DR btwn MCKINLEY DR & LEGGET DR (__3ZA1CT),__3ZA1CT,04 - At/near private drive,02 - Non-fatal injury,02 - Angle,01 - Clear,01 - Daylight,01 - Dry,10 - No control,,2,0,0,0,01 - Minimal,1,1,,,,350022.3016,5023472.877,45.34974384,-75.9228745,2073
20--3355,3/6/2020,1:30 PM,HIGHWAY 417 btwn HWY417 IC123 RAMP62 & HWY417 IC122 RAMP16 (__3ZA2R9),__3ZA2R9,01 - Non intersection,03 - P.D. only,03 - Rear end,03 - Snow,01 - Daylight,02 - Wet,10 - No control,,3,0,0,0,,0,,,,,365146.4632,5028729.474,45.39590348,-75.72923356,2074
20--3356,3/6/2020,1:39 PM,KIRKWOOD AVE btwn CHATELAIN AVE & LEPAGE AVE (__3ZA3G9),__3ZA3G9,01 - Non intersection,03 - P.D. only,05 - Turning movement,03 - Snow,01 - Daylight,02 - Wet,10 - No control,,2,0,0,0,,0,,,,,364739.594,5026695.876,45.3776405,-75.73467674,2075
20--3357,3/6/2020,1:40 PM,ALBION RD @ FINDLAY CREEK DR (0013587),13587,02 - Intersection related,02 - Non-fatal injury,03 - Rear end,03 - Snow,01 - Daylight,02 - Wet,01 - Traffic signal,01 - Functioning,2,0,0,0,02 - Minor,1,,1,,,374010.0249,5019208.054,45.30941359,-75.61737042,2076
20--3358,3/6/2020,1:49 PM,QUEEN ST @ LYON ST (0002159),2159,02 - Intersection related,03 - P.D. only,03 - Rear end,03 - Snow,01 - Daylight,02 - Wet,01 - Traffic signal,01 - Functioning,2,0,0,0,,0,,,,,367018.7036,5031287.582,45.41875674,-75.70500009,2077
20--3359,3/6/2020,1:51 PM,HERON RD @ HERON RD RAMP 36 (0002387),2387,02 - Intersection related,03 - P.D. only,03 - Rear end,03 - Snow,01 - Daylight,03 - Loose snow,03 - Yield sign,01 - Functioning,2,0,0,0,,0,,,,,368477.9028,5026690.072,45.3772585,-75.68695054,2078
20--336,1/9/2020,10:03 AM,TERRY FOX DR S @ DIDSBURY RD/CENTRUM KANATA SC (0011820),11820,03 - At intersection,03 - P.D. only,02 - Angle,01 - Clear,01 - Daylight,01 - Dry,01 - Traffic signal,01 - Functioning,2,0,0,0,,0,,,,,350623.4759,5018915.723,45.30869847,-75.91562456,2079
20--3360,3/6/2020,1:54 PM,BANK ST SB btwn HUNT CLUB RD & 80 S OF HUNT CLUB RD/TOWNGATE PLAZA SC (__3ZA3HHA),__3ZA3HHA,01 - Non intersection,03 - P.D. only,04 - Sideswipe,01 - Clear,01 - Daylight,01 - Dry,10 - No control,,2,0,0,0,,0,,,,,371654.4017,5024093.419,45.35359884,-75.64674825,2080
20--3361,3/6/2020,10:00 AM,OXFORD ST btwn PARKDALE AVE & PINEHURST AVE (__3ZA0GF),__3ZA0GF,01 - Non intersection,03 - P.D. only,06 - SMV unattended vehicle,03 - Snow,01 - Daylight,05 - Packed snow,10 - No control,,1,0,0,0,,0,,,,,365069.8266,5029479.22,45.40265613,-75.73012068,2081
20--3362,3/6/2020,10:00 AM,HIGHWAY 417 btwn HIGHWAY 417 & HWY417 IC140 RAMP51 (__3ZA20L),__3ZA20L,01 - Non intersection,03 - P.D. only,03 - Rear end,03 - Snow,01 - Daylight,02 - Wet,10 - No control,,2,0,0,0,,0,,,,,350345.8497,5018211.061,45.30237578,-75.91922963,2082
20--3363,3/6/2020,10:00 PM,HIGHWAY 417 btwn HWY417 IC112 RAMP66 & HWY417 IC112 RAMP56 (__3ZA283),__3ZA283,01 - Non intersection,03 - P.D. only,04 - Sideswipe,01 - Clear,07 - Dark,01 - Dry,10 - No control,,2,0,0,0,,0,,,,,374471.8927,5030853.673,45.41415017,-75.60983921,2083
20--3364,3/6/2020,10:36 PM,REGIONAL ROAD 174 EB btwn OR174 IC109 RAMP55 & TRANSIT (__3ZA28V),__3ZA28V,01 - Non intersection,03 - P.D. only,03 - Rear end,01 - Clear,07 - Dark,01 - Dry,10 - No control,,2,0,0,0,,0,,,,,376479.2484,5034999.64,45.45125031,-75.58359198,2084
20--3365,3/6/2020,11:00 AM,WHITEWATER ST @ GROVEMONT DR (0010912),10912,03 - At intersection,02 - Non-fatal injury,07 - SMV other,01 - Clear,01 - Daylight,02 - Wet,02 - Stop sign,01 - Functioning,1,0,0,1,01 - Minimal,1,1,,,,366646.4364,5014604.026,45.26867399,-75.71184215,2085
20--3366,3/6/2020,11:12 AM,ROYDON PL btwn WOODFIELD DR & WEST HUNT CLUB RD (__3ZAYGP),__3ZAYGP,01 - Non intersection,02 - Non-fatal injury,01 - Approaching,01 - Clear,01 - Daylight,01 - Dry,10 - No control,,2,0,0,0,01 - Minimal,1,1,,,,365642.6977,5022374.299,45.33867783,-75.72367869,2086
20--3367,3/6/2020,11:29 AM,INNES RD @ TENTH LINE RD (0004633),4633,02 - Intersection related,03 - P.D. only,03 - Rear end,03 - Snow,01 - Daylight,04 - Slush,01 - Traffic signal,01 - Functioning,2,0,0,0,,0,,,,,383951.7657,5036159.559,45.46087987,-75.48788461,2087
20--3368,3/6/2020,11:57 AM,HAZELDEAN RD @ TERRY FOX DR (0003682),3682,03 - At intersection,02 - Non-fatal injury,03 - Rear end,01 - Clear,01 - Daylight,01 - Dry,01 - Traffic signal,01 - Functioning,2,0,0,0,01 - Minimal,1,1,,,,352207.6069,5017242.456,45.29353685,-75.89558365,2088
20--3369,3/6/2020,Unknown,MCLEOD ST btwn BANK ST & O'CONNOR ST (__3ZA8FF),__3ZA8FF,01 - Non intersection,03 - P.D. only,06 - SMV unattended vehicle,01 - Clear,00 - Unknown,02 - Wet,10 - No control,,1,0,0,0,,0,,,,,368020.7205,5030532.3,45.41187114,-75.69229497,2089
20--337,1/9/2020,10:14 AM,KILBORN AVE btwn DELMAR DR & FEATHERSTON DR (__3ZA7YR),__3ZA7YR,01 - Non intersection,03 - P.D. only,04 - Sideswipe,01 - Clear,01 - Daylight,01 - Dry,10 - No control,,2,0,0,0,,0,,,,,372105.5954,5027944.606,45.38820722,-75.64046565,2090
20--3370,3/6/2020,Unknown,CORK ST btwn CAMROSE ST & WESTON DR (__3ZA75G),__3ZA75G,01 - Non intersection,03 - P.D. only,06 - SMV unattended vehicle,01 - Clear,00 - Unknown,01 - Dry,10 - No control,,1,0,0,0,,0,,,,,372672.6181,5028693.116,45.39488727,-75.63312229,2091
20--3371,3/6/2020,Unknown,CLAPP LANE btwn MANOTICK MAIN ST & MILL ST (__3ZA9AR),__3ZA9AR,01 - Non intersection,03 - P.D. only,06 - SMV unattended vehicle,01 - Clear,00 - Unknown,01 - Dry,10 - No control,,1,0,0,0,,0,,,,,368797.9533,5009920.265,45.22633739,-75.68502932,2092
20--3372,3/6/2020,Unknown,DALHOUSIE ST btwn GEORGE ST & RIDEAU ST (__3ZA8ZX),__3ZA8ZX,01 - Non intersection,03 - P.D. only,06 - SMV unattended vehicle,01 - Clear,00 - Unknown,01 - Dry,10 - No control,,1,0,0,0,,0,,,,,368170.7867,5032292.342,45.42769383,-75.69015155,2093
20--3373,3/6/2020,Unknown,QUINCY AVE btwn BUCHANAN CRES & LA VERENDRYE DR (__3ZA7P5),__3ZA7P5,01 - Non intersection,03 - P.D. only,06 - SMV unattended vehicle,01 - Clear,00 - Unknown,01 - Dry,10 - No control,,1,0,0,0,,0,,,,,374432.2624,5035959.919,45.46009729,-75.60962318,2094
20--3374,3/6/2020,12:00 PM,TILLSONBURG ST btwn GUELPH PRIV & WALLACEBURG CRT (__6FWUGT),__6FWUGT,04 - At/near private drive,03 - P.D. only,06 - SMV unattended vehicle,01 - Clear,01 - Daylight,01 - Dry,10 - No control,,1,0,0,0,,0,,,,,349090.072,5019477.751,45.31385414,-75.93512848,2095
20--3375,3/6/2020,12:04 AM,SNAKE ISLAND RD btwn NIXON DR & DOYLE RD (__3ZA3T3),__3ZA3T3,01 - Non intersection,02 - Non-fatal injury,07 - SMV other,01 - Clear,07 - Dark,02 - Wet,10 - No control,,1,0,0,0,01 - Minimal,1,1,,,,375010.7196,5004150.23,45.17382779,-75.60673598,2096
20--3376,3/6/2020,12:47 PM,ALBERT ST @ BOOTH ST (0002162),2162,02 - Intersection related,03 - P.D. only,03 - Rear end,01 - Clear,01 - Daylight,02 - Wet,01 - Traffic signal,01 - Functioning,3,0,0,0,,0,,,,,366428.6802,5030626.58,45.41286146,-75.71262106,2097
20--3377,3/6/2020,2:03 PM,INDUSTRIAL AVE/INNES RD @ ST. LAURENT BLVD (0002203),2203,02 - Intersection related,03 - P.D. only,05 - Turning movement,03 - Snow,01 - Daylight,02 - Wet,01 - Traffic signal,01 - Functioning,2,0,0,0,,0,,,,,373099.7206,5030005.568,45.40665459,-75.62748616,2098
20--3378,3/6/2020,2:05 PM,HIGHWAY 417 btwn HWY417 IC127 RAMP67 & HWY417 IC126 RAMP16 (__3ZA2X0),__3ZA2X0,01 - Non intersection,03 - P.D. only,04 - Sideswipe,01 - Clear,01 - Daylight,02 - Wet,10 - No control,,2,0,0,0,,0,,,,,362637.183,5025254.825,45.36485078,-75.76168728,2099
20--3379,3/6/2020,2:30 PM,HIGHWAY 417 btwn HWY417 IC118 RAMP67 & HWY417 IC117 RAMP36 (__3ZA2YO),__3ZA2YO,01 - Non intersection,03 - P.D. only,03 - Rear end,03 - Snow,01 - Daylight,03 - Loose snow,10 - No control,,3,0,0,0,,0,,,,,370029.1988,5031123.09,45.41700252,-75.66655924,2100
20--338,1/9/2020,10:30 PM,METCALFE ST @ SPARKS ST (0006452),6452,02 - Intersection related,03 - P.D. only,04 - Sideswipe,01 - Clear,07 - Dark,01 - Dry,13 - MPS,01 - Functioning,2,0,0,0,,0,,,,,367607.6875,5031747.574,45.42284298,-75.69741644,2101
20--284,1/7/2020,6:25 PM,INDUSTRIAL AVE btwn RUSSELL RD & ST. LAURENT BLVD (__3ZA3R7),__3ZA3R7,01 - Non intersection,03 - P.D. only,04 - Sideswipe,01 - Clear,07 - Dark,01 - Dry,10 - No control,,2,0,0,0,,0,,,,,372657.6405,5030135.291,45.40786478,-75.63311513,2102
20--2840,2/24/2020,8:25 PM,KIRKWOOD AVE @ MERIVALE RD (0002243),2243,02 - Intersection related,03 - P.D. only,04 - Sideswipe,01 - Clear,07 - Dark,01 - Dry,01 - Traffic signal,01 - Functioning,2,0,0,0,,0,,,,,364853.7021,5026646.54,45.37718681,-75.73322591,2103
20--2841,2/24/2020,8:30 PM,CARP RD @ HAZELDEAN RD (0000086),86,03 - At intersection,03 - P.D. only,05 - Turning movement,01 - Clear,07 - Dark,01 - Dry,01 - Traffic signal,01 - Functioning,2,0,0,0,,0,,,,,348804.5761,5014360.433,45.26782475,-75.93922346,2104
20--2842,2/24/2020,8:45 PM,55 S OF RIDEAU ST @ COLONEL BY DR (0016433),16433,02 - Intersection related,03 - P.D. only,03 - Rear end,02 - Rain,07 - Dark,02 - Wet,01 - Traffic signal,01 - Functioning,2,0,0,0,,0,,,,,367938.6397,5031987.914,45.42497568,-75.69315701,2105
20--2843,2/24/2020,9:00 AM,COBOURG ST @ ST. PATRICK ST (0011483),11483,03 - At intersection,03 - P.D. only,05 - Turning movement,01 - Clear,01 - Daylight,01 - Dry,01 - Traffic signal,01 - Functioning,2,0,0,0,,0,,,,,368802.4585,5033234.249,45.43611124,-75.68195748,2106
20--2844,2/24/2020,9:00 AM,HIGHWAY 417 btwn HWY417 IC134 RAMP36 & HWY417 IC134 RAMP26 (__3ZA29C),__3ZA29C,01 - Non intersection,03 - P.D. only,03 - Rear end,01 - Clear,01 - Daylight,01 - Dry,10 - No control,,2,0,0,0,,0,,,,,356301.8584,5022222.875,45.33806318,-75.84287013,2107
20--2845,2/24/2020,9:18 AM,EARL ARMSTRONG RD btwn SPRATT RD & SHORELINE DR (__3ZAZTN),__3ZAZTN,01 - Non intersection,02 - Non-fatal injury,06 - SMV unattended vehicle,01 - Clear,01 - Daylight,01 - Dry,10 - No control,,1,0,0,0,02 - Minor,2,,2,,,368754.757,5015235.531,45.27416764,-75.68489551,2108
20--2846,2/25/2020,1:18 PM,CLARENDON AVE btwn WELLINGTON ST W & BYRON AVE (__3ZA016),__3ZA016,01 - Non intersection,03 - P.D. only,04 - Sideswipe,01 - Clear,01 - Daylight,01 - Dry,10 - No control,,2,0,0,0,,0,,,,,364542.4839,5028997.359,45.39836565,-75.73691466,2109
20--2847,2/25/2020,1:24 PM,ST. LAURENT BLVD @ WALKLEY RD (0007653),7653,02 - Intersection related,03 - P.D. only,99 - Other,01 - Clear,01 - Daylight,01 - Dry,01 - Traffic signal,01 - Functioning,2,0,0,0,,0,,,,,373902.7626,5028046.852,45.38895217,-75.61750309,2110
20--2848,2/25/2020,1:25 AM,SWEETLAND AVE btwn OSGOODE ST & SOMERSET ST E (__3ZA7GB),__3ZA7GB,04 - At/near private drive,03 - P.D. only,06 - SMV unattended vehicle,01 - Clear,07 - Dark,05 - Packed snow,10 - No control,,1,0,0,0,,0,,,,,369090.0569,5031946.089,45.42449448,-75.67845012,2111
20--2849,2/25/2020,1:47 PM,RAYMOND ST btwn HWY417 IC121A RAMP16 & BRONSON AVE (__3ZA890),__3ZA890,04 - At/near private drive,03 - P.D. only,03 - Rear end,01 - Clear,01 - Daylight,02 - Wet,10 - No control,,2,0,0,0,,0,,,,,367222.1235,5029788.018,45.405246,-75.70259105,2112
20--285,1/7/2020,6:44 AM,HWY417 IC122 RAMP15 btwn HWY417 IC122 RAMP51 & HIGHWAY 417 (__3ZAY93),__3ZAY93,01 - Non intersection,03 - P.D. only,03 - Rear end,01 - Clear,07 - Dark,02 - Wet,10 - No control,,3,0,0,0,,0,,,,,365552.947,5029011.36,45.39840467,-75.72400756,2113
20--2850,2/25/2020,1:48 PM,MOODIE DR btwn RICHMOND RD & RICHMOND RD (__3ZBOCV),__3ZBOCV,01 - Non intersection,02 - Non-fatal injury,03 - Rear end,01 - Clear,01 - Daylight,01 - Dry,10 - No control,,2,0,0,0,01 - Minimal,1,1,,,,357432.9958,5019545.681,45.3138896,-75.82872313,2114
20--311,1/8/2020,4:00 PM,DRIVEWAY (THE) @ PRINCE OF WALES DR (0002128),2128,03 - At intersection,03 - P.D. only,03 - Rear end,01 - Clear,01 - Daylight,01 - Dry,11 - Roundabout,00 - Unknown,3,0,0,0,,0,,,,,366883.7105,5028137.536,45.3904255,-75.70712141,2115
20--293,1/7/2020,9:19 AM,HUNTMAR DR @ PALLADIUM DR S (0011818),11818,03 - At intersection,03 - P.D. only,02 - Angle,01 - Clear,01 - Daylight,06 - Ice,01 - Traffic signal,01 - Functioning,2,0,0,0,,0,,,,,349675.6094,5017365.445,45.29480981,-75.92785219,2116
20--2851,2/25/2020,10:00 AM,CAMPOBELLO DR @ MESSOR CRES E (0013884),13884,03 - At intersection,03 - P.D. only,07 - SMV other,01 - Clear,01 - Daylight,03 - Loose snow,02 - Stop sign,01 - Functioning,1,0,0,0,,0,,,,,349868.5611,5016628.688,45.28816789,-75.92545919,2117
20--2852,2/25/2020,10:21 AM,MONTREAL RD @ VANIER PKWY (0004630),4630,02 - Intersection related,02 - Non-fatal injury,03 - Rear end,01 - Clear,01 - Daylight,01 - Dry,01 - Traffic signal,01 - Functioning,2,0,0,0,02 - Minor,1,,1,,,370072.7092,5033065.594,45.43447633,-75.66574594,2118
20--2853,2/25/2020,11:45 AM,INNES RD @ ORLEANS BLVD (0003611),3611,02 - Intersection related,03 - P.D. only,03 - Rear end,01 - Clear,01 - Daylight,01 - Dry,01 - Traffic signal,01 - Functioning,2,0,0,0,,0,,,,,380460.795,5034296.4,45.44450339,-75.53280378,2119
20--2854,2/25/2020,11:55 AM,MACKENZIE AVE @ MURRAY ST (0011914),11914,02 - Intersection related,03 - P.D. only,03 - Rear end,01 - Clear,01 - Daylight,01 - Dry,01 - Traffic signal,01 - Functioning,2,0,0,0,,0,,,,,367639.697,5032383.588,45.42856275,-75.69692631,2120
20--2855,2/25/2020,Unknown,MARITIME WAY btwn CANADIAN SHIELD AVE & GREAT LAKES AVE (__6REWQM),__6REWQM,01 - Non intersection,03 - P.D. only,06 - SMV unattended vehicle,01 - Clear,00 - Unknown,01 - Dry,10 - No control,,1,0,0,0,,0,,,,,351892.336,5019704.221,45.31570963,-75.89936905,2121
20--2856,2/25/2020,Unknown,SOMERSET ST    W btwn O'CONNOR ST & METCALFE ST (__3ZBOEW),__3ZBOEW,01 - Non intersection,03 - P.D. only,06 - SMV unattended vehicle,01 - Clear,00 - Unknown,01 - Dry,10 - No control,,1,0,0,0,,0,,,,,367986.0854,5031089.969,45.41689199,-75.69266593,2122
20--2857,2/25/2020,Unknown,HAZEL ST btwn GLENORA ST & MAIN ST (__3ZA96D),__3ZA96D,01 - Non intersection,03 - P.D. only,06 - SMV unattended vehicle,01 - Clear,00 - Unknown,01 - Dry,10 - No control,,1,0,0,0,,0,,,,,369132.3824,5030160.115,45.40842104,-75.67814246,2123
20--2858,2/25/2020,Unknown,BRITTANY DR btwn BANGS ST & TRURO ST (__3ZA8DJ),__3ZA8DJ,01 - Non intersection,03 - P.D. only,06 - SMV unattended vehicle,01 - Clear,00 - Unknown,01 - Dry,10 - No control,,1,0,0,0,,0,,,,,371662.2091,5034365.394,45.44602114,-75.64525613,2124
20--2859,2/25/2020,12:47 PM,INDUSTRIAL AVE @ RIVERSIDE DR (0011905),11905,02 - Intersection related,03 - P.D. only,03 - Rear end,01 - Clear,01 - Daylight,01 - Dry,01 - Traffic signal,01 - Functioning,4,0,0,0,,0,,,,,370684.7217,5030592.553,45.41216754,-75.65825538,2125
20--286,1/7/2020,7:07 PM,KANATA AVE @ TERRY FOX DR (0012691),12691,03 - At intersection,03 - P.D. only,05 - Turning movement,01 - Clear,07 - Dark,02 - Wet,01 - Traffic signal,01 - Functioning,2,0,0,0,,0,,,,,349305.8635,5019211.582,45.31144543,-75.93240034,2126
20--2860,2/25/2020,2:11 PM,MAITLAND AVE btwn LENESTER AVE & HWY417 IC126 RAMP36 (__3ZA3G3),__3ZA3G3,04 - At/near private drive,03 - P.D. only,05 - Turning movement,01 - Clear,01 - Daylight,01 - Dry,10 - No control,,2,0,0,0,,0,,,,,363093.2273,5026111.152,45.37251814,-75.75576516,2127
20--2861,2/25/2020,2:35 PM,WALKLEY RD btwn AUDREY AVE & TAWNEY RD (__3ZA2EN),__3ZA2EN,01 - Non intersection,03 - P.D. only,04 - Sideswipe,01 - Clear,01 - Daylight,04 - Slush,10 - No control,,2,0,0,0,,0,,,,,374124.8594,5028179.101,45.39012014,-75.6146485,2128
20--2862,2/25/2020,3:05 PM,PRINCE OF WALES DR @ WEST HUNT CLUB RD (0000567),567,02 - Intersection related,03 - P.D. only,03 - Rear end,01 - Clear,01 - Daylight,02 - Wet,01 - Traffic signal,01 - Functioning,2,0,0,0,,0,,,,,367458.7114,5021891.506,45.33417392,-75.70057066,2129
20--2863,2/25/2020,3:11 PM,CORKSTOWN RD @ MARCH RD (0003153),3153,03 - At intersection,03 - P.D. only,02 - Angle,01 - Clear,01 - Daylight,01 - Dry,02 - Stop sign,01 - Functioning,2,0,0,0,,0,,,,,352657.6079,5020883.487,45.32626916,-75.88949512,2130
20--2864,2/25/2020,3:20 PM,BRONSON AVE @ SOMERSET ST (0002218),2218,02 - Intersection related,03 - P.D. only,04 - Sideswipe,01 - Clear,01 - Daylight,01 - Dry,01 - Traffic signal,01 - Functioning,2,0,0,0,,0,,,,,366967.7027,5030476.565,45.41146399,-75.705754,2131
20--3020,2/27/2020,7:45 AM,BLAIR RD @ INNES RD (0004165),4165,02 - Intersection related,03 - P.D. only,03 - Rear end,03 - Snow,01 - Daylight,04 - Slush,01 - Traffic signal,00 - Unknown,2,0,0,0,,0,,,,,375578.7393,5031439.558,45.41931056,-75.59561522,2132
20--2865,2/25/2020,3:20 PM,ROCKCLIFFE PKWY btwn BIRCH AVE EXT./ROCKCLIFFE PKWY & ROCKCLIFFE PRKY  (__3ZA2ST),__3ZA2ST,01 - Non intersection,03 - P.D. only,03 - Rear end,01 - Clear,01 - Daylight,01 - Dry,10 - No control,,2,0,0,0,,0,,,,,370228.753,5035749.952,45.45861441,-75.66339478,2133
20--2866,2/25/2020,3:36 PM,BELFAST RD @ COVENTRY RD (0002646),2646,03 - At intersection,02 - Non-fatal injury,07 - SMV other,01 - Clear,01 - Daylight,01 - Dry,01 - Traffic signal,01 - Functioning,1,0,0,1,02 - Minor,1,,1,,,371523.7235,5031641.571,45.42152666,-75.64739542,2134
20--2867,2/25/2020,3:40 PM,HIGHWAY 417 btwn HWY417 IC117 RAMP25 & HWY417 IC115 RAMP51 (__3ZA2R3),__3ZA2R3,01 - Non intersection,03 - P.D. only,03 - Rear end,01 - Clear,01 - Daylight,01 - Dry,10 - No control,,2,0,0,0,,0,,,,,371625.3392,5031407.417,45.41941015,-75.64612887,2135
20--2868,2/25/2020,3:56 PM,FALLOWFIELD RD @ MERIVALE RD (0000587),587,02 - Intersection related,03 - P.D. only,03 - Rear end,01 - Clear,01 - Daylight,01 - Dry,01 - Traffic signal,01 - Functioning,2,0,0,0,,0,,,,,366891.7082,5018844.464,45.30680747,-75.70818605,2136
20--2869,2/25/2020,4:00 PM,MONTREAL RD @ DUCHARME BLVD/CANTIN ST (0009319),9319,02 - Intersection related,03 - P.D. only,04 - Sideswipe,01 - Clear,01 - Daylight,01 - Dry,01 - Traffic signal,01 - Functioning,2,0,0,0,,0,,,,,371017.6991,5033565.591,45.43888623,-75.65360204,2137
20--287,1/7/2020,7:12 PM,ST. LAURENT BLVD @ COVENTRY RD/OGILVIE RD (0002151),2151,03 - At intersection,03 - P.D. only,02 - Angle,01 - Clear,07 - Dark,04 - Slush,01 - Traffic signal,01 - Functioning,2,0,0,0,,0,,,,,372305.7154,5031951.568,45.42424085,-75.63736168,2138
20--2870,2/25/2020,4:00 PM,HIGHWAY 417 btwn HWY417 IC117 RAMP35 & HWY417 IC117 RAMP25 (__3ZA1QA),__3ZA1QA,01 - Non intersection,03 - P.D. only,03 - Rear end,01 - Clear,01 - Daylight,01 - Dry,10 - No control,,2,0,0,0,,0,,,,,371175.1792,5031352.307,45.41895714,-75.65188765,2139
20--2871,2/25/2020,4:10 PM,BASELINE RD/HWY 416 RICHMOND IC75R53 @ RICHMON (0000148),148,02 - Intersection related,03 - P.D. only,04 - Sideswipe,01 - Clear,01 - Daylight,01 - Dry,01 - Traffic signal,01 - Functioning,2,0,0,0,,0,,,,,358635.6611,5021821.491,45.33427631,-75.81313811,2140
20--2872,2/25/2020,4:17 PM,TERRY FOX DR @ 135 S OF HAZELDEAN RD/SOBEY'S S (0012468),12468,03 - At intersection,03 - P.D. only,02 - Angle,01 - Clear,01 - Daylight,01 - Dry,01 - Traffic signal,01 - Functioning,2,0,0,0,,0,,,,,352292.213,5017139.575,45.29260539,-75.89451489,2141
20--2873,2/25/2020,4:42 PM,REGIONAL ROAD 174 btwn EAST ST & EAST SHORE RD (__3ZA27Y),__3ZA27Y,01 - Non intersection,03 - P.D. only,03 - Rear end,01 - Clear,01 - Daylight,01 - Dry,10 - No control,,2,0,0,0,,0,,,,,390470.336,5042712.045,45.51906238,-75.40340276,2142
20--2874,2/25/2020,4:43 PM,CARLING AVE @ CHAMPAGNE AVE (0002024),2024,03 - At intersection,03 - P.D. only,05 - Turning movement,01 - Clear,01 - Daylight,01 - Dry,01 - Traffic signal,01 - Functioning,2,0,0,0,,0,,,,,366627.6973,5028810.542,45.39650368,-75.71030634,2143
20--2875,2/25/2020,4:45 PM,DALY AVE @ NICHOLAS ST (0011451),11451,03 - At intersection,03 - P.D. only,05 - Turning movement,01 - Clear,01 - Daylight,01 - Dry,01 - Traffic signal,01 - Functioning,2,0,0,0,,0,,,,,368227.7002,5032046.579,45.42547738,-75.68945595,2144