Anom_ID,Accident_Date,Accident_Time,Location,Geo_ID,Accident_Location,Classification_of_Accident,Initial_Impact_Type,Environment_Condition,Light,Road_Surface_Condition,Traffic_Control,Traffic_Control_Condition,No__of_Vehicles,No__of_Bicycles,No__of_Motorcycles,No__of_Pedestrians,Max_Injury,No__of_Injuries,No__of_Minimal,No__of_Minor,No__of_Major,No__of_Fatal,X,Y,Latitude,Longitude,ObjectId
20--2876,2/25/2020,5:15 PM,SOLANDT RD btwn LEGGET DR & END (__5GOPUS),__5GOPUS,04 - At/near private drive,03 - P.D. only,02 - Angle,01 - Clear,01 - Daylight,02 - Wet,10 - No control,,2,0,0,0,,0,,,,,350723.7571,5023045.87,45.34585596,-75.91396267,2145
20--2877,2/25/2020,5:20 PM,TERRY FOX DR N @ FLAMBOROUGH WAY/INNOVATION DR (0011795),11795,02 - Intersection related,03 - P.D. only,03 - Rear end,01 - Clear,05 - Dusk,02 - Wet,01 - Traffic signal,01 - Functioning,2,0,0,0,,0,,,,,349384.9804,5022955.857,45.34513238,-75.93105418,2146
20--2878,2/25/2020,5:45 PM,HOLLAND AVE/TUNNEY'S PASTURE @ SCOTT ST (0006494),6494,02 - Intersection related,03 - P.D. only,04 - Sideswipe,01 - Clear,05 - Dusk,01 - Dry,01 - Traffic signal,01 - Functioning,2,0,0,0,,0,,,,,364737.6955,5029595.55,45.40373136,-75.73434876,2147
20--2879,2/25/2020,5:56 PM,INNES RD @ STAR TOP RD/WINDMILL LANE (0008734),8734,02 - Intersection related,03 - P.D. only,02 - Angle,01 - Clear,05 - Dusk,01 - Dry,01 - Traffic signal,01 - Functioning,2,0,0,0,,0,,,,,374147.7248,5030666.565,45.41249887,-75.61400676,2148
20--288,1/7/2020,7:25 AM,JOHN QUINN RD btwn COOPER HILL RD & STONE SCHOOL RD (__3ZA64I),__3ZA64I,01 - Non intersection,03 - P.D. only,07 - SMV other,01 - Clear,03 - Dawn,02 - Wet,10 - No control,,1,0,0,0,,0,,,,,382569.4773,5013001.502,45.25267491,-75.50920049,2149
20--2880,2/25/2020,6:30 PM,BRIAN COBURN BLVD @ MER BLEUE RD (0014363),14363,03 - At intersection,03 - P.D. only,03 - Rear end,01 - Clear,07 - Dark,02 - Wet,11 - Roundabout,01 - Functioning,2,0,0,0,,0,,,,,383150.8189,5034441.164,45.44550953,-75.49839849,2150
20--2881,2/25/2020,6:45 AM,MEADOWLANDS DR/TALLWOOD DR @ WOODROFFE AVE (0000095),95,02 - Intersection related,03 - P.D. only,04 - Sideswipe,01 - Clear,03 - Dawn,01 - Dry,01 - Traffic signal,01 - Functioning,2,0,0,0,,0,,,,,363056.6936,5022730.486,45.34210227,-75.75662997,2151
20--2882,2/25/2020,6:45 PM,BAYSHORE DR @ WOODRIDGE CRES N (0001209),1209,02 - Intersection related,03 - P.D. only,03 - Rear end,01 - Clear,07 - Dark,01 - Dry,01 - Traffic signal,01 - Functioning,2,0,0,0,,0,,,,,359072.8719,5023875.077,45.35272085,-75.80733506,2152
20--2883,2/25/2020,7:04 AM,HERITAGE GLEN DR @ WOODROFFE AVE (0005312),5312,03 - At intersection,03 - P.D. only,05 - Turning movement,01 - Clear,03 - Dawn,02 - Wet,02 - Stop sign,01 - Functioning,2,0,0,0,,0,,,,,366011.8238,5015622.313,45.27789202,-75.71980322,2153
20--2884,2/25/2020,7:35 PM,DYNES RD @ PRINCE OF WALES DR (0003321),3321,02 - Intersection related,03 - P.D. only,03 - Rear end,01 - Clear,07 - Dark,01 - Dry,01 - Traffic signal,01 - Functioning,2,0,0,0,,0,,,,,367114.7241,5025923.544,45.37048402,-75.70445083,2154
20--2885,2/25/2020,7:40 AM,INNES RD @ PROVENCE AVE (0009244),9244,02 - Intersection related,03 - P.D. only,04 - Sideswipe,01 - Clear,01 - Daylight,01 - Dry,01 - Traffic signal,01 - Functioning,2,0,0,0,,0,,,,,386110.196,5037083.955,45.4689488,-75.46013631,2155
20--2886,2/25/2020,7:57 AM,BASELINE RD @ SANDCASTLE DR (0001122),1122,02 - Intersection related,03 - P.D. only,03 - Rear end,01 - Clear,01 - Daylight,02 - Wet,01 - Traffic signal,01 - Functioning,2,0,0,0,,0,,,,,359629.6667,5021987.49,45.33569301,-75.80043864,2156
20--2887,2/25/2020,8:19 AM,BRIAN COBURN BLVD @ ESPRIT DR (0013113),13113,02 - Intersection related,03 - P.D. only,04 - Sideswipe,01 - Clear,01 - Daylight,01 - Dry,02 - Stop sign,01 - Functioning,2,0,0,0,,0,,,,,385141.5765,5035343.547,45.45340235,-75.47280623,2157
20--2888,2/25/2020,8:40 AM,HIGHCROFT AVE btwn KENWOOD AVE & CLARE ST (__3ZA09Q),__3ZA09Q,01 - Non intersection,03 - P.D. only,06 - SMV unattended vehicle,01 - Clear,01 - Daylight,01 - Dry,10 - No control,,1,0,0,0,,0,,,,,363457.4834,5027959.614,45.38911993,-75.75089545,2158
20--2889,2/25/2020,9:22 AM,BASELINE RD @ WOODROFFE AVE (0002225),2225,02 - Intersection related,03 - P.D. only,99 - Other,01 - Clear,01 - Daylight,01 - Dry,01 - Traffic signal,01 - Functioning,2,0,0,0,,0,,,,,362549.6881,5023770.504,45.35150221,-75.76297751,2159
20--289,1/7/2020,8:00 AM,MARQUIS AVE btwn CARDINAL CRT & NASKAPI DR (__3ZA7YZ),__3ZA7YZ,01 - Non intersection,03 - P.D. only,06 - SMV unattended vehicle,01 - Clear,03 - Dawn,04 - Slush,10 - No control,,1,0,0,0,,0,,,,,375247.3768,5034529.704,45.44714737,-75.59940658,2160
20--2890,2/25/2020,9:27 AM,CUMBERLAND ST @ RIDEAU ST (0007759),7759,02 - Intersection related,03 - P.D. only,04 - Sideswipe,01 - Clear,01 - Daylight,01 - Dry,01 - Traffic signal,01 - Functioning,2,0,0,0,,0,,,,,368374.5089,5032329.973,45.42801393,-75.68754349,2161
20--2891,2/25/2020,9:44 PM,LAURIER AVE @ WALLER ST/TRANSITWAY (0002020),2020,02 - Intersection related,03 - P.D. only,03 - Rear end,02 - Rain,07 - Dark,02 - Wet,01 - Traffic signal,01 - Functioning,2,0,0,0,,0,,,,,368454.2781,5031858.943,45.42376852,-75.68658504,2162
20--2892,2/26/2020,1:30 PM,RIVERSIDE DR NB btwn BANK ST & RIVERSIDE DR NB RAMP FROM EB TO WB (__3ZBOEF),__3ZBOEF,01 - Non intersection,03 - P.D. only,04 - Sideswipe,03 - Snow,01 - Daylight,05 - Packed snow,10 - No control,,2,0,0,0,,0,,,,,369360.1308,5027975.356,45.38874235,-75.67551919,2163
20--2893,2/26/2020,1:34 PM,FITZGERALD RD @ ROBERTSON RD (0005301),5301,02 - Intersection related,03 - P.D. only,03 - Rear end,03 - Snow,01 - Daylight,02 - Wet,01 - Traffic signal,01 - Functioning,2,0,0,0,,0,,,,,356789.5676,5020289.294,45.32062865,-75.83685076,2164
20--2894,2/26/2020,1:58 PM,WHITBY AVE btwn WINSTON AVE & CHURCHILL AVE N (__3ZA0JF),__3ZA0JF,01 - Non intersection,03 - P.D. only,06 - SMV unattended vehicle,03 - Snow,01 - Daylight,04 - Slush,10 - No control,,1,0,0,0,,0,,,,,362971.1554,5028323.463,45.39243435,-75.75706284,2165
20--2895,2/26/2020,10:01 AM,RIVERDALE AVE btwn ECHO DR & GLENVIEW AVE (__3ZA9MY),__3ZA9MY,01 - Non intersection,03 - P.D. only,07 - SMV other,01 - Clear,01 - Daylight,01 - Dry,10 - No control,,1,0,0,0,,0,,,,,369191.0682,5029198.942,45.39976734,-75.67751833,2166
20--2896,2/26/2020,10:51 PM,LEITRIM RD @ LIMEBANK RD (0012318),12318,03 - At intersection,03 - P.D. only,07 - SMV other,02 - Rain,07 - Dark,04 - Slush,01 - Traffic signal,01 - Functioning,1,0,0,0,,0,,,,,369321.6239,5017960.099,45.2986311,-75.67731722,2167
20--2897,2/26/2020,11:00 AM,HIGHWAY 417 btwn HWY417 IC163 RAMP15 & HWY417 IC155 RAMP51 (__3ZAZNS),__3ZAZNS,01 - Non intersection,03 - P.D. only,07 - SMV other,01 - Clear,01 - Daylight,01 - Dry,10 - No control,,1,0,0,0,,0,,,,,336159.692,5020184.442,45.32090983,-76.09999175,2168
20--2898,2/26/2020,11:45 AM,BASELINE RD btwn FERGUSON ST & CORDOVA ST (__3ZA4HA),__3ZA4HA,01 - Non intersection,03 - P.D. only,04 - Sideswipe,01 - Clear,01 - Daylight,01 - Dry,10 - No control,,2,0,0,0,,0,,,,,363514.6176,5024360.924,45.35673462,-75.75059366,2169
20--2899,2/26/2020,Unknown,RIVERDALE AVE btwn ECHO DR & GLENVIEW AVE (__3ZA9MY),__3ZA9MY,01 - Non intersection,03 - P.D. only,06 - SMV unattended vehicle,03 - Snow,00 - Unknown,03 - Loose snow,10 - No control,,1,0,0,0,,0,,,,,369219.014,5029243.381,45.40016461,-75.6771556,2170
20--29,1/2/2020,12:01 PM,ISLAND PARK DR @ RICHMOND RD (0002125),2125,02 - Intersection related,03 - P.D. only,03 - Rear end,03 - Snow,01 - Daylight,03 - Loose snow,01 - Traffic signal,01 - Functioning,2,0,0,0,,0,,,,,364130.6848,5028867.56,45.39723276,-75.74218968,2171
20--290,1/7/2020,8:22 PM,ST. JOSEPH BLVD @ JEANNE D'ARC BLVD (0012421),12421,03 - At intersection,03 - P.D. only,04 - Sideswipe,01 - Clear,07 - Dark,02 - Wet,11 - Roundabout,01 - Functioning,2,0,0,0,,0,,,,,379860.7232,5036471.577,45.46413868,-75.54014163,2172
20--2900,2/26/2020,Unknown,BRANTHAVEN ST btwn ALLEGRO WAY & LAKERIDGE DR (__6REWPO),__6REWPO,01 - Non intersection,03 - P.D. only,06 - SMV unattended vehicle,03 - Snow,00 - Unknown,05 - Packed snow,10 - No control,,1,0,0,0,,0,,,,,384895.195,5034748.136,45.44807368,-75.47605274,2173
20--2901,2/26/2020,12:40 PM,MERIVALE RD btwn MEADOWLANDS DR & 210 S OF MEADOWLANDS DR/MERIVALE PL  (__3ZBPLPA),__3ZBPLPA,01 - Non intersection,03 - P.D. only,03 - Rear end,03 - Snow,01 - Daylight,02 - Wet,10 - No control,,2,0,0,0,,0,,,,,364889.5866,5023655.123,45.35026743,-75.73313153,2174
20--2902,2/26/2020,2:30 PM,ELM CRES S @ STITTSVILLE MAIN ST (0000071),71,02 - Intersection related,02 - Non-fatal injury,03 - Rear end,03 - Snow,01 - Daylight,06 - Ice,02 - Stop sign,01 - Functioning,2,0,0,0,01 - Minimal,1,1,,,,350869.5902,5012632.425,45.25214331,-75.91306934,2175
20--2903,2/26/2020,2:45 PM,MAIN ST btwn HERRIDGE ST & CLEGG ST (__3ZA3B6),__3ZA3B6,04 - At/near private drive,03 - P.D. only,99 - Other,01 - Clear,01 - Daylight,02 - Wet,10 - No control,,2,0,0,0,,0,,,,,369237.0109,5030004.721,45.40701323,-75.67682626,2176
20--2904,2/26/2020,3:10 PM,HIGHWAY 417 btwn HWY417 IC122 RAMP16 & HWY417 IC122 RAMP61 (__3ZA2RA),__3ZA2RA,01 - Non intersection,03 - P.D. only,03 - Rear end,03 - Snow,01 - Daylight,02 - Wet,10 - No control,,2,0,0,0,,0,,,,,365358.2339,5028912.543,45.39753241,-75.72650652,2177
20--2905,2/26/2020,3:22 PM,MERIVALE RD @ ANNA AVE/LAPERRIERE AVE (0006316),6316,03 - At intersection,03 - P.D. only,07 - SMV other,03 - Snow,01 - Daylight,02 - Wet,01 - Traffic signal,01 - Functioning,1,0,0,0,,0,,,,,364859.7062,5027164.55,45.38184726,-75.73308624,2178
20--2906,2/26/2020,3:27 PM,MERIVALE RD @ SLACK RD (0000110),110,02 - Intersection related,03 - P.D. only,04 - Sideswipe,01 - Clear,01 - Daylight,01 - Dry,01 - Traffic signal,01 - Functioning,2,0,0,0,,0,,,,,366019.6944,5020955.502,45.3258789,-75.71904433,2179
20--2907,2/26/2020,3:30 PM,HIGHWAY 417 btwn HWY417 IC129 RAMP25 & TRANSIT (__3ZA2SH),__3ZA2SH,01 - Non intersection,03 - P.D. only,04 - Sideswipe,03 - Snow,01 - Daylight,04 - Slush,10 - No control,,2,0,0,0,,0,,,,,361841.2403,5024603.399,45.35905452,-75.77192214,2180
20--2908,2/26/2020,3:35 PM,ALBERT ST @ BOOTH ST (0002162),2162,03 - At intersection,03 - P.D. only,05 - Turning movement,03 - Snow,01 - Daylight,02 - Wet,01 - Traffic signal,01 - Functioning,2,0,0,0,,0,,,,,366428.7072,5030626.563,45.4128613,-75.71262072,2181
20--2909,2/26/2020,3:44 PM,FALLOWFIELD RD @ WOODROFFE AVE (0010372),10372,02 - Intersection related,02 - Non-fatal injury,03 - Rear end,03 - Snow,01 - Daylight,04 - Slush,01 - Traffic signal,01 - Functioning,2,0,0,0,01 - Minimal,1,1,,,,365085.1442,5017903.187,45.2984953,-75.7313363,2182
20--291,1/7/2020,8:25 AM,FRANK KENNY RD btwn RUSSELL RD & DEVINE RD (__3ZA6HE),__3ZA6HE,04 - At/near private drive,02 - Non-fatal injury,02 - Angle,01 - Clear,01 - Daylight,02 - Wet,10 - No control,,2,0,0,0,02 - Minor,3,1,2,,,392575.0695,5026334.305,45.37145345,-75.37938841,2183
20--2910,2/26/2020,3:50 PM,O'CONNOR ST @ SLATER ST (0002230),2230,03 - At intersection,02 - Non-fatal injury,07 - SMV other,01 - Clear,01 - Daylight,01 - Dry,01 - Traffic signal,01 - Functioning,1,0,0,1,01 - Minimal,1,1,,,,367579.7171,5031450.575,45.42017319,-75.69781167,2184
20--2911,2/26/2020,3:52 PM,HAZEL ST @ MAIN ST (0007202),7202,02 - Intersection related,02 - Non-fatal injury,03 - Rear end,03 - Snow,01 - Daylight,02 - Wet,01 - Traffic signal,01 - Functioning,2,0,0,0,01 - Minimal,2,2,,,,369166.7041,5030173.548,45.40853875,-75.67770229,2185
20--2912,2/26/2020,4:00 PM,WEST HUNT CLUB RD @ WOODROFFE AVE (0000576),576,02 - Intersection related,03 - P.D. only,03 - Rear end,03 - Snow,01 - Daylight,02 - Wet,01 - Traffic signal,01 - Functioning,2,0,0,0,,0,,,,,363670.6799,5021246.476,45.32869801,-75.74897255,2186
20--2913,2/26/2020,4:45 PM,EMOND ST @ MONTREAL RD (0009802),9802,03 - At intersection,03 - P.D. only,02 - Angle,01 - Clear,01 - Daylight,01 - Dry,02 - Stop sign,01 - Functioning,2,0,0,0,,0,,,,,370194.715,5033134.586,45.43508569,-75.66417758,2187
20--2914,2/26/2020,5:12 PM,ALBION RD @ LESTER RD (0004175),4175,02 - Intersection related,03 - P.D. only,03 - Rear end,01 - Clear,01 - Daylight,01 - Dry,01 - Traffic signal,01 - Functioning,2,0,0,0,,0,,,,,372694.7415,5022332.496,45.33765472,-75.63371379,2188
20--2915,2/26/2020,5:41 AM,REGIONAL ROAD 174 btwn OR174 IC102 RAMP51 & REGIONAL ROAD 174 (__3ZA1I7),__3ZA1I7,01 - Non intersection,03 - P.D. only,07 - SMV other,03 - Snow,07 - Dark,02 - Wet,10 - No control,,1,0,0,0,,0,,,,,380986.0498,5037894.144,45.47681595,-75.52553275,2189
20--2916,2/26/2020,5:43 PM,LAURIER AVE   E btwn NELSON ST & SWEETLAND AVE (__3ZA3VS),__3ZA3VS,04 - At/near private drive,03 - P.D. only,02 - Angle,03 - Snow,07 - Dark,02 - Wet,10 - No control,,2,0,0,0,,0,,,,,368934.037,5032153.234,45.42637262,-75.68041669,2190
20--2917,2/26/2020,5:53 PM,HUNT CLUB RD @ UPLANDS DR (0010844),10844,03 - At intersection,03 - P.D. only,05 - Turning movement,03 - Snow,07 - Dark,02 - Wet,01 - Traffic signal,01 - Functioning,2,0,0,0,,0,,,,,370156.7247,5023121.489,45.34499487,-75.66598925,2191
20--2918,2/26/2020,6:04 PM,RENAUD RD @ NAVAN RD (0003685),3685,03 - At intersection,03 - P.D. only,02 - Angle,03 - Snow,07 - Dark,04 - Slush,01 - Traffic signal,01 - Functioning,2,0,0,0,,0,,,,,381816.7643,5032736.544,45.43032097,-75.51571659,2192
20--2919,2/26/2020,6:28 PM,LEMIEUX ST @ ST. LAURENT BLVD (0002021),2021,02 - Intersection related,03 - P.D. only,03 - Rear end,03 - Snow,07 - Dark,05 - Packed snow,01 - Traffic signal,01 - Functioning,2,0,0,0,,0,,,,,372391.7207,5031742.574,45.42235211,-75.63629144,2193
20--292,1/7/2020,8:35 AM,APPLEDALE DR btwn GATESBURY ST & CONLAN WAY (__3ZACEB),__3ZACEB,01 - Non intersection,03 - P.D. only,06 - SMV unattended vehicle,01 - Clear,01 - Daylight,04 - Slush,10 - No control,,1,0,0,0,,0,,,,,365323.2727,5015408.613,45.27602876,-75.72860464,2194
20--2920,2/26/2020,6:29 PM,WALKLEY RD @ HEATHERINGTON RD (0006928),6928,02 - Intersection related,02 - Non-fatal injury,03 - Rear end,03 - Snow,07 - Dark,02 - Wet,01 - Traffic signal,01 - Functioning,2,0,0,0,01 - Minimal,1,1,,,,371766.7211,5026794.518,45.37789165,-75.64494882,2195
20--2921,2/26/2020,6:59 PM,HERZBERG RD @ MARCH RD (0003170),3170,02 - Intersection related,03 - P.D. only,99 - Other,03 - Snow,07 - Dark,05 - Packed snow,01 - Traffic signal,01 - Functioning,2,0,0,0,,0,,,,,352323.6146,5021528.476,45.3320956,-75.89369361,2196
20--2922,2/26/2020,7:11 PM,BAY ST @ MACLAREN ST (0007815),7815,03 - At intersection,03 - P.D. only,02 - Angle,03 - Snow,07 - Dark,03 - Loose snow,02 - Stop sign,01 - Functioning,2,0,0,0,,0,,,,,367289.6968,5030575.579,45.41232621,-75.70162809,2197
20--2923,2/26/2020,7:24 PM,BANK ST @ KEMP DR (0009255),9255,02 - Intersection related,03 - P.D. only,07 - SMV other,05 - Drifting Snow,07 - Dark,03 - Loose snow,01 - Traffic signal,01 - Functioning,1,0,0,0,,0,,,,,375078.7449,5022204.395,45.33626737,-75.60331756,2198
20--2924,2/26/2020,7:24 PM,8TH LINE RD btwn MITCH OWENS RD & RODNEY FARM DR (__3ZA2TG),__3ZA2TG,01 - Non intersection,03 - P.D. only,07 - SMV other,04 - Freezing Rain,07 - Dark,03 - Loose snow,10 - No control,,1,0,0,0,,0,,,,,382836.1013,5017674.028,45.29468615,-75.50506977,2199
20--2925,2/26/2020,7:34 PM,CARLING AVE @ CLYDE AVE/COLE AVE (0006984),6984,03 - At intersection,02 - Non-fatal injury,05 - Turning movement,03 - Snow,07 - Dark,04 - Slush,01 - Traffic signal,01 - Functioning,2,0,0,0,02 - Minor,1,,1,,,363520.683,5026850.54,45.37913536,-75.75022034,2200
20--2926,2/26/2020,7:45 PM,JOCKVALE RD btwn WEYBRIDGE DR & TARTAN DR (__3ZAAA4),__3ZAAA4,01 - Non intersection,02 - Non-fatal injury,01 - Approaching,03 - Snow,07 - Dark,03 - Loose snow,10 - No control,,2,0,0,0,02 - Minor,1,,1,,,362558.2558,5015123.643,45.27369716,-75.76387614,2201
20--2927,2/26/2020,7:53 PM,RICHMOND RD btwn STINSON AVE & STAFFORD RD (__3ZBOCU),__3ZBOCU,04 - At/near private drive,03 - P.D. only,02 - Angle,03 - Snow,07 - Dark,04 - Slush,10 - No control,,2,0,0,0,,0,,,,,358078.6264,5021051.051,45.32738636,-75.82032745,2202
20--2928,2/26/2020,8:01 PM,HIGHWAY 417 btwn HWY417 IC110 RAMP55 & HWY417 IC104 RAMP51 (__3ZA2W8),__3ZA2W8,01 - Non intersection,02 - Non-fatal injury,07 - SMV other,03 - Snow,07 - Dark,03 - Loose snow,10 - No control,,1,0,0,0,02 - Minor,1,,1,,,376449.9251,5027572.234,45.38442587,-75.58504681,2203
20--2929,2/26/2020,8:06 PM,MONTREAL RD btwn ELMSMERE RD & BETHAMY LANE (__3ZA2DV),__3ZA2DV,01 - Non intersection,03 - P.D. only,99 - Other,03 - Snow,07 - Dark,04 - Slush,10 - No control,,2,0,0,0,,0,,,,,375131.0345,5034301.78,45.44510836,-75.60092629,2204
20--3380,3/6/2020,2:43 PM,BANK ST @ GILMOUR ST (0007270),7270,02 - Intersection related,03 - P.D. only,03 - Rear end,01 - Clear,01 - Daylight,01 - Dry,01 - Traffic signal,01 - Functioning,2,0,0,0,,0,,,,,367786.6873,5030774.561,45.41407203,-75.69525371,2205
20--3021,2/27/2020,7:45 AM,HIGHWAY 417 btwn HWY417 IC112 RAMP66 & HWY417 IC113 RAMP65 (__3ZA284),__3ZA284,01 - Non intersection,03 - P.D. only,03 - Rear end,03 - Snow,01 - Daylight,05 - Packed snow,10 - No control,,3,0,0,0,,0,,,,,374129.7333,5031598.609,45.42088671,-75.61410546,2206
20--3381,3/6/2020,2:47 PM,635 E OF HUNTMAR DR/IBER RD @ HAZELDEAN RD (0013519),13519,03 - At intersection,02 - Non-fatal injury,02 - Angle,03 - Snow,01 - Daylight,02 - Wet,01 - Traffic signal,01 - Functioning,2,0,0,0,03 - Major,1,,,1,,351410.32,5016506.602,45.28696877,-75.90581713,2207
20--3022,2/27/2020,7:46 AM,CHAPEL CRES @ LEES AVE (0002241),2241,02 - Intersection related,03 - P.D. only,03 - Rear end,03 - Snow,01 - Daylight,03 - Loose snow,02 - Stop sign,01 - Functioning,2,0,0,0,,0,,,,,369691.708,5031286.564,45.41850477,-75.67084942,2208
20--3023,2/27/2020,7:50 AM,CAMPEAU DR @ TERON RD/COLCHESTER SQ (0009033),9033,02 - Intersection related,03 - P.D. only,05 - Turning movement,03 - Snow,01 - Daylight,03 - Loose snow,01 - Traffic signal,01 - Functioning,2,0,0,0,,0,,,,,352563.7182,5020467.521,45.32253261,-75.8907329,2209
20--3024,2/27/2020,7:52 AM,OLD TENTH LINE RD/OR174 IC101 RAMP63 @ ST. JOS (0009233),9233,02 - Intersection related,03 - P.D. only,02 - Angle,03 - Snow,01 - Daylight,05 - Packed snow,01 - Traffic signal,01 - Functioning,2,0,0,0,,0,,,,,383119.7344,5038785.598,45.48460038,-75.49810358,2210
20--3025,2/27/2020,7:53 AM,GREENBANK RD @ LISA AVE (0002753),2753,02 - Intersection related,03 - P.D. only,03 - Rear end,03 - Snow,01 - Daylight,03 - Loose snow,01 - Traffic signal,01 - Functioning,4,0,0,0,,0,,,,,360554.6709,5022893.492,45.34377232,-75.7885355,2211
20--3026,2/27/2020,8:02 AM,BAYSHORE DR @ RICHMOND RD (0010407),10407,02 - Intersection related,03 - P.D. only,03 - Rear end,03 - Snow,01 - Daylight,04 - Slush,01 - Traffic signal,01 - Functioning,2,0,0,0,,0,,,,,359372.6897,5023368.519,45.34813957,-75.80356478,2212
20--3027,2/27/2020,8:05 AM,BELFAST RD @ ST. LAURENT BLVD (0007658),7658,02 - Intersection related,03 - P.D. only,99 - Other,03 - Snow,01 - Daylight,03 - Loose snow,01 - Traffic signal,01 - Functioning,2,0,0,0,,0,,,,,372860.725,5030578.575,45.41183353,-75.63045982,2213
20--3028,2/27/2020,8:05 AM,ANDERSON RD btwn RUSSELL RD & HWY417 IC104 RAMP61 (__3ZA2CK),__3ZA2CK,01 - Non intersection,03 - P.D. only,01 - Approaching,03 - Snow,01 - Daylight,03 - Loose snow,10 - No control,,2,0,0,0,,0,,,,,379782.8304,5026687.272,45.37611471,-75.54262661,2214
20--3029,2/27/2020,8:06 AM,REGIONAL ROAD 174 btwn TRANSIT & OR174 IC109 RAMP54 (__3ZAZ6V),__3ZAZ6V,01 - Non intersection,03 - P.D. only,04 - Sideswipe,03 - Snow,01 - Daylight,03 - Loose snow,10 - No control,,2,0,0,0,,0,,,,,376356.3766,5034732.651,45.44886071,-75.58520151,2215
20--303,1/8/2020,12:50 PM,FORTUNE DR @ ST. JOVITE RDG S (0004378),4378,03 - At intersection,02 - Non-fatal injury,02 - Angle,01 - Clear,01 - Daylight,03 - Loose snow,02 - Stop sign,01 - Functioning,2,0,0,0,01 - Minimal,1,1,,,,380007.7475,5037617.59,45.47443379,-75.5380864,2216
20--3030,2/27/2020,8:07 PM,BRONSON AVE @ THIRD AVE (0007716),7716,03 - At intersection,03 - P.D. only,02 - Angle,03 - Snow,07 - Dark,04 - Slush,02 - Stop sign,01 - Functioning,2,0,0,0,,0,,,,,367550.707,5029087.562,45.39891412,-75.69848311,2217
20--3031,2/27/2020,8:16 AM,HUNTER'S RUN DR @ JEANNE D'ARC BLVD (0012419),12419,03 - At intersection,03 - P.D. only,07 - SMV other,03 - Snow,01 - Daylight,03 - Loose snow,01 - Traffic signal,03 - Obscured,1,0,0,0,,0,,,,,380567.7516,5036174.571,45.46139013,-75.53114739,2218
20--3032,2/27/2020,8:16 AM,BLACKBURN BYPASS @ NAVAN RD (0004201),4201,03 - At intersection,03 - P.D. only,04 - Sideswipe,03 - Snow,01 - Daylight,03 - Loose snow,01 - Traffic signal,01 - Functioning,2,0,0,0,,0,,,,,379617.7459,5033274.563,45.43540039,-75.54373456,2219
20--3033,2/27/2020,8:20 AM,HWY417 IC118 RAMP43 btwn GREENFIELD AVE & HWY417 IC118 RAMP76 (__3ZAYAZ),__3ZAYAZ,01 - Non intersection,03 - P.D. only,03 - Rear end,03 - Snow,01 - Daylight,04 - Slush,10 - No control,,2,0,0,0,,0,,,,,369292.2715,5031183.462,45.41761403,-75.67596616,2220
20--3034,2/27/2020,8:30 AM,HWY 7 HAZELDEAN RD IC RAMP 24 btwn HIGHWAY 7 & HAZELDEAN RD (__7JQ7J5),__7JQ7J5,01 - Non intersection,03 - P.D. only,07 - SMV other,03 - Snow,01 - Daylight,04 - Slush,10 - No control,,1,0,0,0,,0,,,,,346287.7576,5011904.656,45.24587957,-75.97150039,2221
20--3035,2/27/2020,8:32 AM,WEST HUNT CLUB RD @ ANTARES DR/LASER ST (0000116),116,02 - Intersection related,02 - Non-fatal injury,03 - Rear end,03 - Snow,01 - Daylight,05 - Packed snow,01 - Traffic signal,01 - Functioning,2,0,0,0,01 - Minimal,2,2,,,,367107.7179,5022081.497,45.33591468,-75.70502444,2222
20--3036,2/27/2020,8:35 AM,HIGHWAY 417 btwn HWY417 IC129 RAMP25 & TRANSIT (__3ZA2SH),__3ZA2SH,01 - Non intersection,03 - P.D. only,04 - Sideswipe,03 - Snow,01 - Daylight,04 - Slush,10 - No control,,2,0,0,0,,0,,,,,361403.1679,5024259.485,45.35599551,-75.77755265,2223
20--3037,2/27/2020,8:45 AM,MERIVALE RD btwn CLEOPATRA DR & SLACK RD (__3ZBOG3),__3ZBOG3,01 - Non intersection,03 - P.D. only,04 - Sideswipe,03 - Snow,01 - Daylight,04 - Slush,10 - No control,,2,0,0,0,,0,,,,,365970.8768,5021075.209,45.32696026,-75.71965223,2224
20--3038,2/27/2020,8:46 AM,CARTIER ST @ SOMERSET ST (0007073),7073,02 - Intersection related,03 - P.D. only,03 - Rear end,03 - Snow,01 - Daylight,03 - Loose snow,02 - Stop sign,01 - Functioning,2,0,0,0,,0,,,,,368315.6999,5031289.581,45.41865819,-75.68842911,2225
20--3039,2/27/2020,8:52 AM,ROBERTSON RD @ WESTCLIFFE RD (0010387),10387,02 - Intersection related,03 - P.D. only,02 - Angle,03 - Snow,01 - Daylight,05 - Packed snow,01 - Traffic signal,01 - Functioning,2,0,0,0,,0,,,,,356395.6518,5020053.459,45.31853564,-75.84189956,2226
20--304,1/8/2020,2:33 AM,WOODROFFE AVE btwn SAVILLE ROW & FLOWER AVE (__3ZA4NN),__3ZA4NN,01 - Non intersection,03 - P.D. only,07 - SMV other,05 - Drifting Snow,07 - Dark,02 - Wet,10 - No control,,1,0,0,0,,0,,,,,361786.2516,5026170.864,45.37316292,-75.77244317,2227