Anom_ID,Accident_Date,Accident_Time,Location,Geo_ID,Accident_Location,Classification_of_Accident,Initial_Impact_Type,Environment_Condition,Light,Road_Surface_Condition,Traffic_Control,Traffic_Control_Condition,No__of_Vehicles,No__of_Bicycles,No__of_Motorcycles,No__of_Pedestrians,Max_Injury,No__of_Injuries,No__of_Minimal,No__of_Minor,No__of_Major,No__of_Fatal,X,Y,Latitude,Longitude,ObjectId
20--3040,2/27/2020,9:00 PM,HAWTHORNE RD btwn BLAIS RD & RIDEAU RD (__3ZA6GZ),__3ZA6GZ,01 - Non intersection,03 - P.D. only,07 - SMV other,03 - Snow,07 - Dark,06 - Ice,10 - No control,,1,0,0,0,,0,,,,,378602.5626,5018986.128,45.30694922,-75.55884292,2228
20--3041,2/27/2020,9:15 AM,INDUSTRIAL AVE @ RUSSELL RD (0007732),7732,02 - Intersection related,03 - P.D. only,03 - Rear end,03 - Snow,01 - Daylight,04 - Slush,01 - Traffic signal,01 - Functioning,2,0,0,0,,0,,,,,372465.7339,5030279.573,45.40918154,-75.63554667,2229
20--3042,2/27/2020,9:15 PM,PRINCE OF WALES DR btwn NATIONAL CAPITAL COMM DRWY & HARTWELL LOCKS/54 (__3ZA30ZA),__3ZA30ZA,01 - Non intersection,03 - P.D. only,01 - Approaching,03 - Snow,07 - Dark,06 - Ice,10 - No control,,2,0,0,0,,0,,,,,366994.6009,5027348.34,45.38331467,-75.7058048,2230
20--3043,2/27/2020,9:22 AM,BATHGATE DR btwn DEN HAAG DR & DES PIONNIERS PRIV (__3ZAZZQ),__3ZAZZQ,04 - At/near private drive,03 - P.D. only,02 - Angle,03 - Snow,01 - Daylight,04 - Slush,10 - No control,,2,0,0,0,,0,,,,,373458.6525,5033805.537,45.4408097,-75.62237179,2231
20--3044,2/27/2020,9:24 AM,PRINCE OF WALES DR btwn WATERBRIDGE DR & CRESTWAY DR (__3ZA294),__3ZA294,01 - Non intersection,03 - P.D. only,07 - SMV other,03 - Snow,01 - Daylight,03 - Loose snow,10 - No control,,1,0,0,0,,0,,,,,367319.7235,5015996.357,45.28114255,-75.70308741,2232
20--3045,2/27/2020,9:30 AM,PELHAM CRES btwn MEYNELL RD & MEYNELL RD (e___2J75),e___2J75,04 - At/near private drive,03 - P.D. only,07 - SMV other,03 - Snow,01 - Daylight,05 - Packed snow,10 - No control,,1,0,0,0,,0,,,,,356211.165,5005357.877,45.18631483,-75.84577256,2233
20--3046,2/27/2020,9:30 AM,HIGHWAY 417 btwn HWY417 IC131 RAMP53 & HWY417 IC131 RAMP51 (__3ZA1MU),__3ZA1MU,01 - Non intersection,03 - P.D. only,07 - SMV other,03 - Snow,01 - Daylight,04 - Slush,10 - No control,,1,0,0,0,,0,,,,,357657.7006,5022697.197,45.34223032,-75.82552099,2234
20--3047,2/27/2020,9:50 PM,LESTER RD btwn ALBION RD & UPLANDS DR (__3ZA2SC),__3ZA2SC,01 - Non intersection,03 - P.D. only,04 - Sideswipe,03 - Snow,07 - Dark,03 - Loose snow,10 - No control,,2,0,0,0,,0,,,,,371344.8925,5021358.048,45.32901624,-75.65106595,2235
20--3048,2/27/2020,9:52 AM,HIGHWAY 417 btwn HWY417 IC88 RAMP16 & HWY417 IC88 RAMP61 (__3ZAZE2),__3ZAZE2,01 - Non intersection,03 - P.D. only,07 - SMV other,03 - Snow,01 - Daylight,04 - Slush,10 - No control,,1,0,0,0,,0,,,,,395604.4493,5022503.023,45.33659813,-75.34142422,2236
20--3049,2/27/2020,9:53 AM,GRENFELL CRES @ WOODROFFE AVE (0001103),1103,03 - At intersection,03 - P.D. only,99 - Other,03 - Snow,01 - Daylight,04 - Slush,02 - Stop sign,01 - Functioning,2,0,0,0,,0,,,,,364543.6912,5019227.474,45.31045742,-75.73807986,2237
20--305,1/8/2020,3:28 PM,HIGHWAY 417 btwn HWY417 IC126 RAMP25 & HWY417 IC124 RAMP57 (__3ZA2R5),__3ZA2R5,01 - Non intersection,03 - P.D. only,03 - Rear end,01 - Clear,01 - Daylight,01 - Dry,10 - No control,,3,0,0,0,,0,,,,,363913.8578,5026827.533,45.37889528,-75.74520325,2238
20--3050,2/27/2020,9:55 AM,INNES RD @ TENTH LINE RD (0004633),4633,02 - Intersection related,03 - P.D. only,03 - Rear end,03 - Snow,01 - Daylight,03 - Loose snow,01 - Traffic signal,01 - Functioning,2,0,0,0,,0,,,,,383951.7719,5036159.563,45.4608799,-75.48788453,2239
20--3051,2/27/2020,9:58 AM,BRONSON AVE btwn BREWER WAY & RIVERSIDE DR RAMPS 34B & 42A-3 (__3ZA3BR),__3ZA3BR,01 - Non intersection,03 - P.D. only,04 - Sideswipe,03 - Snow,01 - Daylight,04 - Slush,10 - No control,,2,0,0,0,,0,,,,,368156.6007,5027679.291,45.38618834,-75.69092562,2240
20--3052,2/28/2020,1:00 PM,FABLE ST @ WHELAN DR (0001237),1237,02 - Intersection related,03 - P.D. only,07 - SMV other,01 - Clear,01 - Daylight,05 - Packed snow,02 - Stop sign,01 - Functioning,1,0,0,0,,0,,,,,362582.6762,5015423.436,45.27639271,-75.76353004,2241
20--3053,2/28/2020,1:00 PM,CASABELLA DR @ INNES RD (0012820),12820,03 - At intersection,03 - P.D. only,07 - SMV other,01 - Clear,01 - Daylight,02 - Wet,02 - Stop sign,01 - Functioning,1,0,0,0,,0,,,,,384628.9163,5036463.092,45.46353373,-75.47917796,2242
20--3054,2/28/2020,1:29 PM,CARLING AVE @ MAITLAND AVE/SHERBOURNE RD (0002641),2641,03 - At intersection,03 - P.D. only,05 - Turning movement,01 - Clear,01 - Daylight,01 - Dry,01 - Traffic signal,01 - Functioning,2,0,0,0,,0,,,,,362942.693,5026488.528,45.37592623,-75.75764245,2243
20--3055,2/28/2020,1:30 PM,OR174 IC109 RAMP55 btwn REGIONAL ROAD 174 & ST. JOSEPH BLVD (__3ZAY59),__3ZAY59,01 - Non intersection,03 - P.D. only,04 - Sideswipe,03 - Snow,01 - Daylight,02 - Wet,10 - No control,,2,0,0,0,,0,,,,,376458.5845,5034922.622,45.45055947,-75.58386735,2244
20--3056,2/28/2020,1:47 PM,CANOTEK RD @ SHEFFORD RD (0009369),9369,03 - At intersection,03 - P.D. only,04 - Sideswipe,01 - Clear,01 - Daylight,01 - Dry,01 - Traffic signal,01 - Functioning,2,0,0,0,,0,,,,,376029.73,5035093.597,45.45214164,-75.58932466,2245
20--3057,2/28/2020,1:50 PM,RICHMOND RD btwn ROBERTSON RD & STINSON AVE (__3ZA4YR),__3ZA4YR,04 - At/near private drive,02 - Non-fatal injury,02 - Angle,01 - Clear,01 - Daylight,02 - Wet,10 - No control,,2,0,0,0,02 - Minor,1,,1,,,357620.7876,5020775.728,45.32494358,-75.82619704,2246
20--3058,2/28/2020,10:00 AM,HERON RD @ JEFFERSON ST (0007192),7192,03 - At intersection,03 - P.D. only,02 - Angle,03 - Snow,01 - Daylight,04 - Slush,01 - Traffic signal,01 - Functioning,2,0,0,0,,0,,,,,371808.7213,5027052.543,45.38020924,-75.64437759,2247
20--3059,2/28/2020,10:18 AM,BRONSON AVE @ SUNNYSIDE AVE/UNIVERSITY RD - CA (0007209),7209,02 - Intersection related,03 - P.D. only,03 - Rear end,01 - Clear,01 - Daylight,06 - Ice,01 - Traffic signal,01 - Functioning,2,0,0,0,,0,,,,,367922.7053,5028091.549,45.38991884,-75.69385947,2248
20--306,1/8/2020,3:31 PM,DONALD ST @ VANIER PKWY (0007644),7644,02 - Intersection related,03 - P.D. only,03 - Rear end,04 - Freezing Rain,01 - Daylight,04 - Slush,01 - Traffic signal,01 - Functioning,2,0,0,0,,0,,,,,370311.7057,5032270.594,45.4273009,-75.66279741,2249
20--3060,2/28/2020,10:20 PM,HIGHWAY 417 btwn HWY417 IC118 RAMP67 & HWY417 IC117 RAMP36 (__3ZA2YO),__3ZA2YO,01 - Non intersection,02 - Non-fatal injury,07 - SMV other,01 - Clear,07 - Dark,01 - Dry,10 - No control,,1,0,0,0,01 - Minimal,1,1,,,,369752.0869,5031158.455,45.4173465,-75.6700949,2250
20--3061,2/28/2020,10:23 AM,LIMEBANK RD btwn EARL ARMSTRONG RD & RIDEAU RD (__3ZA6L5),__3ZA6L5,01 - Non intersection,03 - P.D. only,07 - SMV other,05 - Drifting Snow,01 - Daylight,06 - Ice,10 - No control,,1,0,0,0,,0,,,,,370851.2714,5014113.121,45.26387459,-75.65832753,2251
20--3062,2/28/2020,10:45 PM,BANK ST btwn RIVERSIDE DR & RIVERSIDE DR (__3ZA3NQ),__3ZA3NQ,04 - At/near private drive,03 - P.D. only,02 - Angle,01 - Clear,07 - Dark,02 - Wet,10 - No control,,2,0,0,0,,0,,,,,369272.1946,5027931.185,45.38835301,-75.67664786,2252
20--3063,2/28/2020,11:00 AM,MERIVALE RD @ EMERALD PLAZA SC (0005311),5311,03 - At intersection,03 - P.D. only,02 - Angle,01 - Clear,01 - Daylight,02 - Wet,01 - Traffic signal,01 - Functioning,2,0,0,0,,0,,,,,364737.132,5024005.446,45.35343264,-75.73503453,2253
20--3064,2/28/2020,11:00 PM,MONTREAL RD btwn BURMA RD & MONTREAL RD (__3ZA2D6),__3ZA2D6,01 - Non intersection,03 - P.D. only,04 - Sideswipe,01 - Clear,07 - Dark,01 - Dry,10 - No control,,2,0,0,0,,0,,,,,373909.8628,5034452.079,45.44658247,-75.61651409,2254
20--3065,2/28/2020,Unknown,RICHMOND RD btwn CHURCHILL AVE N & WINONA AVE (__3ZA4OX),__3ZA4OX,01 - Non intersection,03 - P.D. only,06 - SMV unattended vehicle,01 - Clear,00 - Unknown,04 - Slush,10 - No control,,1,0,0,0,,0,,,,,363258.4297,5028313.419,45.39232006,-75.7533954,2255
20--3066,2/28/2020,Unknown,MACLAREN ST btwn BANK ST & O'CONNOR ST (__3ZA9T0),__3ZA9T0,01 - Non intersection,03 - P.D. only,06 - SMV unattended vehicle,01 - Clear,00 - Unknown,03 - Loose snow,10 - No control,,1,0,0,0,,0,,,,,367891.2337,5030935.369,45.41550951,-75.69389753,2256
20--3067,2/28/2020,Unknown,RUSSELL AVE btwn LAURIER AVE E & OSGOODE ST (__3ZA8KN),__3ZA8KN,01 - Non intersection,03 - P.D. only,06 - SMV unattended vehicle,01 - Clear,00 - Unknown,05 - Packed snow,10 - No control,,1,0,0,0,,0,,,,,369111.6387,5032094.613,45.42582886,-75.67815497,2257
20--3068,2/28/2020,Unknown,ARISTA CRT btwn ALLANFORD AVE & END (__3ZAZQE),__3ZAZQE,01 - Non intersection,03 - P.D. only,06 - SMV unattended vehicle,01 - Clear,00 - Unknown,05 - Packed snow,10 - No control,,1,0,0,0,,0,,,,,373372.8556,5026153.837,45.37197172,-75.62453255,2258
20--3069,2/28/2020,12:00 PM,ALBERT ST @ BANK ST (0002115),2115,02 - Intersection related,03 - P.D. only,04 - Sideswipe,01 - Clear,01 - Daylight,02 - Wet,01 - Traffic signal,01 - Functioning,2,0,0,0,,0,,,,,367385.6894,5031423.572,45.41994761,-75.70029411,2259
20--307,1/8/2020,3:33 PM,BELMEADE RD btwn 5TH LINE RD & ACRES RD (__3ZA664),__3ZA664,01 - Non intersection,03 - P.D. only,07 - SMV other,05 - Drifting Snow,01 - Daylight,05 - Packed snow,10 - No control,,1,0,0,0,,0,,,,,383893.4172,4999070.196,45.12717994,-75.49454536,2260
20--3070,2/28/2020,12:00 PM,STONELEIGH ST btwn WOODROFFE AVE & SHADY GROVE ST (__44Z0H0),__44Z0H0,01 - Non intersection,03 - P.D. only,06 - SMV unattended vehicle,01 - Clear,01 - Daylight,02 - Wet,10 - No control,,1,0,0,0,,0,,,,,366499.6852,5014708.721,45.26962893,-75.71369913,2261
20--3071,2/28/2020,12:05 PM,POULIN AVE btwn PRISCILLA ST & MARIE ST (__3ZABXL),__3ZABXL,04 - At/near private drive,03 - P.D. only,02 - Angle,01 - Clear,01 - Daylight,02 - Wet,10 - No control,,2,0,0,0,,0,,,,,360283.1899,5024991.405,45.36267082,-75.79176408,2262
20--3072,2/28/2020,12:20 PM,KING EDWARD AVE @ RIDEAU ST (0002121),2121,02 - Intersection related,03 - P.D. only,03 - Rear end,01 - Clear,01 - Daylight,02 - Wet,01 - Traffic signal,01 - Functioning,2,0,0,0,,0,,,,,368511.7047,5032413.6,45.42875389,-75.68577954,2263
20--3073,2/28/2020,12:25 PM,MARIPOSA AVE btwn LISGAR RD & MINTO PL (__3ZA8EQ),__3ZA8EQ,01 - Non intersection,03 - P.D. only,06 - SMV unattended vehicle,01 - Clear,01 - Daylight,05 - Packed snow,10 - No control,,1,0,0,0,,0,,,,,368723.2204,5034515.636,45.44764791,-75.68280371,2264
20--3074,2/28/2020,12:31 PM,LAVERGNE ST @ DUFORD ST (0009145),9145,02 - Intersection related,03 - P.D. only,02 - Angle,01 - Clear,01 - Daylight,04 - Slush,10 - No control,,2,0,0,0,,0,,,,,370679.7093,5033945.597,45.44233728,-75.6578709,2265
20--3075,2/28/2020,12:39 PM,KING EDWARD AVE @ SUSSEX DR (0002653),2653,03 - At intersection,03 - P.D. only,05 - Turning movement,01 - Clear,01 - Daylight,01 - Dry,01 - Traffic signal,01 - Functioning,2,0,0,0,,0,,,,,367663.7006,5033503.596,45.43863803,-75.69647658,2266
20--3076,2/28/2020,2:00 PM,MERIVALE RD btwn KIRKWOOD AVE & CHATELAIN AVE (__3ZBODD),__3ZBODD,04 - At/near private drive,03 - P.D. only,05 - Turning movement,01 - Clear,01 - Daylight,02 - Wet,10 - No control,,2,0,0,0,,0,,,,,364845.8241,5026712.178,45.37777808,-75.7333185,2267
20--3077,2/28/2020,2:07 PM,CARLING AVE @ MAITLAND AVE/SHERBOURNE RD (0002641),2641,02 - Intersection related,03 - P.D. only,04 - Sideswipe,01 - Clear,01 - Daylight,01 - Dry,01 - Traffic signal,01 - Functioning,2,0,0,0,,0,,,,,362942.6975,5026488.532,45.37592626,-75.75764239,2268
20--3110,2/28/2020,8:00 AM,WOODROFFE AVE btwn 260 N OF FALLOWFIELD RD/TRANSITWAY & FALLOWFIELD RD (__3ZA3IOB),__3ZA3IOB,01 - Non intersection,03 - P.D. only,07 - SMV other,01 - Clear,01 - Daylight,01 - Dry,10 - No control,,1,0,0,0,,0,,,,,365082.2603,5017912.581,45.29858007,-75.73137193,2269
20--320,1/8/2020,6:10 PM,MERIVALE RD btwn SLACK RD & CAPITAL DR (__3ZA3IU),__3ZA3IU,01 - Non intersection,03 - P.D. only,03 - Rear end,03 - Snow,07 - Dark,03 - Loose snow,10 - No control,,2,0,0,0,,0,,,,,366063.8453,5020848.097,45.32490863,-75.71849446,2270
20--2930,2/26/2020,8:10 PM,MONTREAL RD btwn ST. LAURENT BLVD & HILLSIDE DR (__3ZA1MC),__3ZA1MC,01 - Non intersection,03 - P.D. only,03 - Rear end,03 - Snow,07 - Dark,03 - Loose snow,10 - No control,,2,0,0,0,,0,,,,,371683.1705,5033883.819,45.44168615,-75.64505365,2271
20--275,1/7/2020,4:27 PM,TENTH LINE RD @ TENTH LINE RD (0009412),9412,03 - At intersection,03 - P.D. only,05 - Turning movement,01 - Clear,01 - Daylight,01 - Dry,01 - Traffic signal,01 - Functioning,3,0,0,0,,0,,,,,383530.7012,5037154.956,45.46988313,-75.49310849,2272
20--3078,2/28/2020,2:15 PM,HWY417 IC118 RAMP35 btwn HWY417 IC118 RAMP45 & MANN AVE OVERPASS (__3ZAYAW),__3ZAYAW,01 - Non intersection,03 - P.D. only,04 - Sideswipe,01 - Clear,01 - Daylight,02 - Wet,10 - No control,,2,0,0,0,,0,,,,,369179.8631,5031257.506,45.41829061,-75.67739261,2273
20--3079,2/28/2020,2:30 PM,HWY417 IC130 RAMP61 btwn HWY417 IC130 RAMP66 & RAMP (__3ZAY7M),__3ZAY7M,01 - Non intersection,03 - P.D. only,99 - Other,01 - Clear,01 - Daylight,01 - Dry,10 - No control,,2,0,0,0,,0,,,,,359587.0372,5023144.305,45.34610538,-75.8008544,2274
20--308,1/8/2020,3:43 PM,HUNT CLUB RD btwn TURN LANE & TURN LANE (1) (__5AEE5B),__5AEE5B,01 - Non intersection,03 - P.D. only,03 - Rear end,01 - Clear,01 - Daylight,02 - Wet,10 - No control,,2,0,0,0,,0,,,,,371679.907,5024241.529,45.35492905,-75.64640273,2275
20--3080,2/28/2020,2:38 PM,FRONTIER RD btwn DEVINE RD & BURTON RD (__3ZA6VZ),__3ZA6VZ,01 - Non intersection,02 - Non-fatal injury,01 - Approaching,05 - Drifting Snow,01 - Daylight,03 - Loose snow,10 - No control,,2,0,0,0,01 - Minimal,1,1,,,,389782.277,5021591.195,45.32912365,-75.41585216,2276
20--3081,2/28/2020,2:40 PM,HIGHWAY 416 btwn HWY416 IC66 RAMP24 & HWY416 IC57 RAMP62 (__3ZA1OI),__3ZA1OI,01 - Non intersection,03 - P.D. only,07 - SMV other,03 - Snow,01 - Daylight,02 - Wet,10 - No control,,1,0,0,0,,0,,,,,362259.4465,5011957.6,45.24523333,-75.76805026,2277
20--3082,2/28/2020,3:00 PM,O'TOOLE RD btwn INNES RD & FRENCH HILL RD (__3ZA6J0),__3ZA6J0,04 - At/near private drive,02 - Non-fatal injury,02 - Angle,03 - Snow,01 - Daylight,06 - Ice,10 - No control,,2,0,0,0,01 - Minimal,1,1,,,,389336.2384,5037753.468,45.47458931,-75.41877102,2278
20--3083,2/28/2020,3:05 PM,TERRY FOX DR btwn 329 N OF CAMPEAU DR/SIGNATURE CENTRE & CAMPEAU DR (__49GU9G),__49GU9G,04 - At/near private drive,03 - P.D. only,02 - Angle,01 - Clear,01 - Daylight,02 - Wet,10 - No control,,2,0,0,0,,0,,,,,350384.4027,5019031.153,45.3097527,-75.91866263,2279
20--3084,2/28/2020,3:10 PM,REGIONAL RD 174 @ TRIM RD (0012835),12835,03 - At intersection,03 - P.D. only,04 - Sideswipe,01 - Clear,01 - Daylight,01 - Dry,01 - Traffic signal,01 - Functioning,2,0,0,0,,0,,,,,384351.8501,5039990.338,45.49530013,-75.48214913,2280
20--3085,2/28/2020,3:15 PM,HWY417 IC140 RAMP16 btwn TERRY FOX DR & HIGHWAY 417 (__3ZAY6R),__3ZAY6R,01 - Non intersection,03 - P.D. only,03 - Rear end,01 - Clear,01 - Daylight,02 - Wet,10 - No control,,2,0,0,0,,0,,,,,350999.6652,5018735.279,45.30705014,-75.91084419,2281
20--3086,2/28/2020,3:28 PM,OLD CARP RD btwn HUNTMAR DR & SECOND LINE RD (__3ZACVV),__3ZACVV,01 - Non intersection,03 - P.D. only,07 - SMV other,01 - Clear,01 - Daylight,06 - Ice,10 - No control,,1,0,0,0,,0,,,,,347382.1013,5023194.812,45.34740701,-75.95659102,2282
20--3087,2/28/2020,3:30 PM,BARRETTE ST @ ST. CHARLES ST (0010059),10059,03 - At intersection,03 - P.D. only,02 - Angle,03 - Snow,01 - Daylight,02 - Wet,02 - Stop sign,01 - Functioning,2,0,0,0,,0,,,,,369470.7083,5033730.607,45.44051578,-75.67335197,2283
20--3088,2/28/2020,3:33 PM,MAPLE GROVE RD @ TERRY FOX DR (0003177),3177,02 - Intersection related,03 - P.D. only,03 - Rear end,01 - Clear,01 - Daylight,01 - Dry,01 - Traffic signal,01 - Functioning,2,0,0,0,,0,,,,,351553.6021,5017864.469,45.29917771,-75.90386269,2284
20--3089,2/28/2020,3:40 PM,CARLING AVE @ CLYDE AVE/COLE AVE (0006984),6984,02 - Intersection related,03 - P.D. only,03 - Rear end,01 - Clear,01 - Daylight,01 - Dry,01 - Traffic signal,02 - Not functioning,2,0,0,0,,0,,,,,363520.6783,5026850.538,45.37913534,-75.7502204,2285
20--309,1/8/2020,3:45 PM,MEADOWLANDS DR btwn TURN LANE & SULLIVAN AVE (__3ZA3GE),__3ZA3GE,04 - At/near private drive,03 - P.D. only,99 - Other,01 - Clear,01 - Daylight,01 - Dry,10 - No control,,2,0,0,0,,0,,,,,363103.8001,5022757.01,45.34233702,-75.7560258,2286
20--3090,2/28/2020,3:45 PM,REGIONAL ROAD 174 EB btwn HWY417 IC113 RAMP65 & OR174 BLAIR IC112 RAMP51 (__3ZAZFJ),__3ZAZFJ,01 - Non intersection,03 - P.D. only,03 - Rear end,01 - Clear,01 - Daylight,01 - Dry,10 - No control,,2,0,0,0,,0,,,,,374624.0893,5032691.076,45.43066697,-75.60763448,2287
20--3091,2/28/2020,4:00 PM,BANK ST @ CECIL AVE (0002601),2601,03 - At intersection,03 - P.D. only,02 - Angle,03 - Snow,01 - Daylight,04 - Slush,02 - Stop sign,01 - Functioning,2,0,0,0,,0,,,,,369944.7095,5026989.55,45.37981826,-75.66818458,2288
20--3092,2/28/2020,4:45 PM,MAPLE GROVE RD @ TERRY FOX DR (0003177),3177,02 - Intersection related,03 - P.D. only,03 - Rear end,01 - Clear,01 - Daylight,02 - Wet,01 - Traffic signal,01 - Functioning,2,0,0,0,,0,,,,,351553.6066,5017864.465,45.29917767,-75.90386263,2289
20--3093,2/28/2020,5:15 AM,HIGHWAY 417 btwn HWY417 IC96 RAMP61 & HWY417 IC88 RAMP16 (__3ZA27Z),__3ZA27Z,01 - Non intersection,03 - P.D. only,07 - SMV other,03 - Snow,07 - Dark,06 - Ice,10 - No control,,1,0,0,0,,0,,,,,392137.7687,5022965.108,45.34119557,-75.38556553,2290
20--3094,2/28/2020,5:15 AM,HIGHWAY 417 btwn HWY417 IC96 RAMP61 & HWY417 IC88 RAMP16 (__3ZA27Z),__3ZA27Z,01 - Non intersection,03 - P.D. only,03 - Rear end,03 - Snow,07 - Dark,06 - Ice,10 - No control,,3,0,0,0,,0,,,,,392142.9005,5022963.975,45.34118473,-75.38550026,2291
20--3095,2/28/2020,5:27 PM,KIRKWOOD AVE btwn BUELL ST & DEVONSHIRE PL (__3ZA4OH),__3ZA4OH,01 - Non intersection,03 - P.D. only,03 - Rear end,01 - Clear,05 - Dusk,02 - Wet,10 - No control,,2,0,0,0,,0,,,,,364123.8438,5027841.294,45.38799918,-75.74240044,2292
20--3096,2/28/2020,5:30 PM,HINCKS LANE @ RIVERSIDE DR (0011354),11354,02 - Intersection related,03 - P.D. only,03 - Rear end,01 - Clear,05 - Dusk,01 - Dry,01 - Traffic signal,01 - Functioning,2,0,0,0,,0,,,,,370166.714,5030205.561,45.40873411,-75.66492407,2293
20--3097,2/28/2020,6:05 PM,DALY AVE @ WALLER ST (0008233),8233,02 - Intersection related,03 - P.D. only,04 - Sideswipe,03 - Snow,07 - Dark,05 - Packed snow,01 - Traffic signal,01 - Functioning,2,0,0,0,,0,,,,,368341.1823,5032120.452,45.42613176,-75.68799637,2294
20--3098,2/28/2020,6:10 AM,CONOVER ST @ CRAIG HENRY DR (0000703),703,03 - At intersection,03 - P.D. only,05 - Turning movement,01 - Clear,07 - Dark,05 - Packed snow,02 - Stop sign,01 - Functioning,2,0,0,0,,0,,,,,361896.6902,5021625.485,45.33225489,-75.77155818,2295
20--3099,2/28/2020,6:15 PM,NELSON ST @ RIDEAU ST (0007626),7626,02 - Intersection related,03 - P.D. only,04 - Sideswipe,01 - Clear,07 - Dark,01 - Dry,01 - Traffic signal,01 - Functioning,2,0,0,0,,0,,,,,368650.9805,5032498.949,45.42950913,-75.68398874,2296
20--31,1/2/2020,12:10 PM,BANK ST btwn BLAIS RD & RIDEAU RD (__3ZA29L),__3ZA29L,01 - Non intersection,03 - P.D. only,99 - Other,01 - Clear,01 - Daylight,02 - Wet,10 - No control,,2,0,0,0,,0,,,,,376558.7432,5018780.94,45.3053148,-75.58493276,2297
20--310,1/8/2020,3:59 PM,WOODRIDGE CRES btwn 220 W OF BAYSHORE DR/BAYSHORE SC & BAYSHORE DR (__3ZAA4NB),__3ZAA4NB,01 - Non intersection,03 - P.D. only,04 - Sideswipe,01 - Clear,01 - Daylight,01 - Dry,10 - No control,,2,0,0,0,,0,,,,,359080.45,5023401.45,45.34845856,-75.80729034,2298
20--3100,2/28/2020,6:30 PM,ALBION RD @ HUNT CLUB RD (0006974),6974,02 - Intersection related,03 - P.D. only,04 - Sideswipe,01 - Clear,07 - Dark,01 - Dry,01 - Traffic signal,01 - Functioning,2,0,0,0,,0,,,,,371867.7235,5024320.525,45.35562189,-75.64399516,2299
20--3101,2/28/2020,6:36 AM,RIVER RD btwn MULLIGAN ST & LEITRIM RD (__3ZA38K),__3ZA38K,01 - Non intersection,03 - P.D. only,03 - Rear end,01 - Clear,03 - Dawn,06 - Ice,10 - No control,,2,0,0,0,,0,,,,,367984.1097,5017374.254,45.2934813,-75.69444412,2300
20--3102,2/28/2020,6:36 PM,MOODIE DR btwn WEST HUNT CLUB RD & ALTI PL (__3ZBOCW),__3ZBOCW,01 - Non intersection,03 - P.D. only,07 - SMV other,01 - Clear,07 - Dark,02 - Wet,10 - No control,,1,0,0,0,,0,,,,,358215.4464,5017760.739,45.29776942,-75.81893688,2301
20--3103,2/28/2020,6:55 AM,MITCH OWENS RD @ OLD PRESCOTT RD (0009275),9275,02 - Intersection related,03 - P.D. only,03 - Rear end,03 - Snow,03 - Dawn,06 - Ice,01 - Traffic signal,01 - Functioning,2,0,0,0,,0,,,,,377088.7606,5015548.451,45.27617581,-75.57864592,2302
20--3104,2/28/2020,7:00 PM,BANK ST @ HUNT CLUB RD (0002119),2119,02 - Intersection related,03 - P.D. only,03 - Rear end,01 - Clear,07 - Dark,01 - Dry,01 - Traffic signal,01 - Functioning,2,0,0,0,,0,,,,,371608.7397,5024096.507,45.35363097,-75.64733055,2303
20--3105,2/28/2020,7:18 PM,CARP RD btwn THOMAS A. DOLAN PKWY & NORMA LANE (__3ZAZ54),__3ZAZ54,01 - Non intersection,03 - P.D. only,07 - SMV other,01 - Clear,07 - Dark,02 - Wet,10 - No control,,1,0,0,0,,0,,,,,337232.4297,5025360.961,45.36744172,-76.0859694,2304
20--3106,2/28/2020,7:19 AM,WILLIAM MCEWEN DR btwn CENTURY RD W & CEDARVIEW RD (__3ZABLE),__3ZABLE,01 - Non intersection,03 - P.D. only,07 - SMV other,01 - Clear,01 - Daylight,06 - Ice,10 - No control,,1,0,0,0,,0,,,,,364639.816,5007348.227,45.20355951,-75.73828457,2305
20--3107,2/28/2020,7:30 PM,TENTH LINE RD btwn HARVEST VALLEY AVE/SWEETVALLEY DR & WALL RD (__3ZA3Y2),__3ZA3Y2,01 - Non intersection,03 - P.D. only,07 - SMV other,01 - Clear,07 - Dark,06 - Ice,10 - No control,,1,0,0,0,,0,,,,,384851.4611,5034020.889,45.44153559,-75.47673006,2306
20--3108,2/28/2020,7:40 PM,CAMPEAU DR/HWY 417 MARCH IC138R63 @ MARCH RD (0009710),9710,02 - Intersection related,03 - P.D. only,03 - Rear end,01 - Clear,07 - Dark,02 - Wet,01 - Traffic signal,01 - Functioning,2,0,0,0,,0,,,,,352841.6214,5020476.469,45.32259416,-75.88718734,2307
20--3109,2/28/2020,7:55 AM,CYRVILLE RD @ ST. LAURENT BLVD (0002647),2647,02 - Intersection related,03 - P.D. only,03 - Rear end,01 - Clear,01 - Daylight,06 - Ice,01 - Traffic signal,01 - Functioning,3,0,0,0,,0,,,,,372241.723,5032111.582,45.42568675,-75.63815742,2308
20--3470,3/7/2020,4:05 PM,HAZELDEAN RD @ TERRY FOX DR (0003682),3682,02 - Intersection related,02 - Non-fatal injury,03 - Rear end,01 - Clear,01 - Daylight,01 - Dry,01 - Traffic signal,01 - Functioning,2,0,0,0,02 - Minor,1,,1,,,352207.6109,5017242.458,45.29353687,-75.8955836,2309
20--3471,3/7/2020,4:10 PM,REGIONAL RD 174 @ TRIM RD (0012835),12835,02 - Intersection related,02 - Non-fatal injury,03 - Rear end,01 - Clear,01 - Daylight,01 - Dry,01 - Traffic signal,01 - Functioning,2,0,0,0,01 - Minimal,1,1,,,,384351.8441,5039990.347,45.49530021,-75.4821492,2310