Anom_ID,Accident_Date,Accident_Time,Location,Geo_ID,Accident_Location,Classification_of_Accident,Initial_Impact_Type,Environment_Condition,Light,Road_Surface_Condition,Traffic_Control,Traffic_Control_Condition,No__of_Vehicles,No__of_Bicycles,No__of_Motorcycles,No__of_Pedestrians,Max_Injury,No__of_Injuries,No__of_Minimal,No__of_Minor,No__of_Major,No__of_Fatal,X,Y,Latitude,Longitude,ObjectId
20--3472,3/7/2020,4:30 PM,HIGHWAY 417 btwn RAMP & HWY417 IC145 RAMP55 (__3ZA2Q1),__3ZA2Q1,01 - Non intersection,03 - P.D. only,07 - SMV other,01 - Clear,01 - Daylight,01 - Dry,10 - No control,,1,0,0,0,,0,,,,,346589.7522,5015070.726,45.27435135,-75.96738724,2311
20--3382,3/6/2020,2:50 PM,SWEETNAM DR btwn ORCHARD DR & HARRY DOUGLAS DR (__3ZA2HY),__3ZA2HY,04 - At/near private drive,03 - P.D. only,02 - Angle,05 - Drifting Snow,01 - Daylight,02 - Wet,10 - No control,,2,0,0,0,,0,,,,,350655.3199,5015322.033,45.27635931,-75.91555073,2312
20--3200,3/2/2020,2:17 PM,BOWESVILLE RD btwn HIGH RD & EARL ARMSTRONG RD (__3ZA7ZY),__3ZA7ZY,01 - Non intersection,03 - P.D. only,07 - SMV other,01 - Clear,01 - Daylight,03 - Loose snow,10 - No control,,1,0,0,0,,0,,,,,372505.2508,5017574.823,45.2948649,-75.63678151,2313
20--3473,3/7/2020,5:45 PM,BANK ST @ RIVERSIDE DR N (0010778),10778,03 - At intersection,03 - P.D. only,07 - SMV other,01 - Clear,01 - Daylight,01 - Dry,01 - Traffic signal,01 - Functioning,1,0,0,0,,0,,,,,369225.7091,5027983.544,45.3888284,-75.67723461,2314
20--3383,3/6/2020,2:50 PM,JOHNSTON RD btwn ALLANFORD AVE & ROWALLEN PL (__4BQ6F7),__4BQ6F7,01 - Non intersection,03 - P.D. only,01 - Approaching,03 - Snow,01 - Daylight,04 - Slush,10 - No control,,2,0,0,0,,0,,,,,373088.0892,5025954.801,45.37020868,-75.62819524,2315
20--3201,3/2/2020,2:20 PM,CASTLEFRANK RD @ HAZELDEAN RD (0003608),3608,02 - Intersection related,03 - P.D. only,03 - Rear end,02 - Rain,01 - Daylight,02 - Wet,01 - Traffic signal,01 - Functioning,2,0,0,0,,0,,,,,352677.8853,5017676.76,45.29741294,-75.88954631,2316
20--3111,2/28/2020,8:04 AM,ST. LAURENT BLVD btwn BELFAST RD & INDUSTRIAL AVE (__3ZA3R8),__3ZA3R8,01 - Non intersection,03 - P.D. only,04 - Sideswipe,03 - Snow,01 - Daylight,03 - Loose snow,10 - No control,,2,0,0,0,,0,,,,,373099.5347,5030006.011,45.4066586,-75.62748848,2317
20--3474,3/7/2020,7:20 PM,CARLING AVE @ RICHMOND RD (0010847),10847,02 - Intersection related,03 - P.D. only,04 - Sideswipe,01 - Clear,07 - Dark,01 - Dry,01 - Traffic signal,01 - Functioning,2,0,0,0,,0,,,,,360245.6815,5024781.513,45.36078519,-75.79226638,2318
20--3202,3/2/2020,2:38 PM,EARL ARMSTRONG RD @ SPRATT RD (0013063),13063,02 - Intersection related,03 - P.D. only,03 - Rear end,02 - Rain,01 - Daylight,02 - Wet,01 - Traffic signal,01 - Functioning,2,0,0,0,,0,,,,,368396.725,5015009.843,45.2721694,-75.68948708,2319
20--3384,3/6/2020,3:18 PM,DATA CENTRE RD @ HERON RD (0007176),7176,02 - Intersection related,03 - P.D. only,03 - Rear end,01 - Clear,01 - Daylight,02 - Wet,02 - Stop sign,00 - Unknown,2,0,0,0,,0,,,,,368941.7164,5026732.535,45.37759826,-75.68102359,2320
20--2931,2/26/2020,8:15 AM,FALLOWFIELD RD @ VIA PARK PL/275 W OF WOODROFFE AVE (0010154),10154,02 - Intersection related,03 - P.D. only,04 - Sideswipe,01 - Clear,01 - Daylight,01 - Dry,01 - Traffic signal,01 - Functioning,3,0,0,0,,0,,,,,364847.238,5017766.012,45.29728138,-75.73438606,2321
20--3475,3/7/2020,7:39 AM,AVIATION PKWY btwn RAMP & MONTREAL RD (__3ZA2SR),__3ZA2SR,04 - At/near private drive,03 - P.D. only,02 - Angle,01 - Clear,01 - Daylight,01 - Dry,10 - No control,,2,0,0,0,,0,,,,,371947.2354,5034370.737,45.44604189,-75.64161213,2322
20--2932,2/26/2020,8:15 PM,HIGHWAY 417 btwn HWY417 IC122 RAMP15 & HWY417 IC121B RAMP51 (__3ZA2RB),__3ZA2RB,01 - Non intersection,03 - P.D. only,07 - SMV other,03 - Snow,07 - Dark,04 - Slush,10 - No control,,1,0,0,0,,0,,,,,365765.2769,5029160.69,45.39972985,-75.72127728,2323
20--2750,2/22/2020,2:44 PM,ROLAND MICHENER DR btwn EARL GREY DR & END (__3ZA1UP),__3ZA1UP,04 - At/near private drive,03 - P.D. only,05 - Turning movement,01 - Clear,01 - Daylight,01 - Dry,10 - No control,,2,0,0,0,,0,,,,,350872.3315,5018912.471,45.30865292,-75.91245144,2324
20--3112,2/28/2020,8:18 AM,MARCH RD btwn HALTON TERR/MAXWELL BRIDGE RD & MAXWELL RD (__3ZA2GD),__3ZA2GD,01 - Non intersection,03 - P.D. only,07 - SMV other,01 - Clear,01 - Daylight,05 - Packed snow,10 - No control,,1,0,0,0,,0,,,,,348594.3141,5024793.733,45.36171984,-75.94098053,2325
20--3203,3/2/2020,3:00 PM,MEADOWLANDS DR btwn CHESTERTON DR & TIVERTON DR (__3ZA4H3),__3ZA4H3,01 - Non intersection,02 - Non-fatal injury,03 - Rear end,01 - Clear,01 - Daylight,01 - Dry,10 - No control,,2,0,0,0,01 - Minimal,1,1,,,,365104.8757,5024018.862,45.35352183,-75.73033988,2326
20--3385,3/6/2020,3:26 PM,FRANK KENNY RD W @ INNES RD (0010153),10153,03 - At intersection,03 - P.D. only,04 - Sideswipe,01 - Clear,01 - Daylight,01 - Dry,02 - Stop sign,01 - Functioning,2,0,0,0,,0,,,,,387530.2776,5037629.871,45.47369361,-75.44188628,2327
20--3476,3/7/2020,8:47 AM,CARLING AVE @ EDGEWORTH AVE (0002718),2718,03 - At intersection,03 - P.D. only,05 - Turning movement,01 - Clear,01 - Daylight,01 - Dry,01 - Traffic signal,02 - Not functioning,2,0,0,0,,0,,,,,361262.6797,5025424.524,45.36648979,-75.77921251,2328
20--3113,2/28/2020,8:30 AM,ARGYLE AVE @ O'CONNOR ST (0007254),7254,03 - At intersection,03 - P.D. only,05 - Turning movement,01 - Clear,01 - Daylight,03 - Loose snow,01 - Traffic signal,01 - Functioning,2,0,0,0,,0,,,,,368184.7075,5030485.571,45.41143585,-75.6902061,2329
20--3204,3/2/2020,3:00 PM,REGIONAL ROAD 174 btwn HIGHWAY 417 & HWY417 IC113 RAMP65 (__3ZA2YL),__3ZA2YL,01 - Non intersection,03 - P.D. only,04 - Sideswipe,02 - Rain,01 - Daylight,02 - Wet,10 - No control,,2,0,0,0,,0,,,,,373344.8503,5031738.755,45.42222501,-75.624114,2330
20--3205,3/2/2020,3:01 PM,BRONSON AVE btwn NEPEAN ST & PRIMROSE AVE (__3ZA2G3),__3ZA2G3,01 - Non intersection,03 - P.D. only,03 - Rear end,02 - Rain,01 - Daylight,02 - Wet,10 - No control,,2,0,0,0,,0,,,,,366873.8952,5030697.442,45.4134597,-75.70692454,2331
20--3206,3/2/2020,3:58 PM,MONTREAL RD @ ST. LAURENT BLVD (0002604),2604,03 - At intersection,03 - P.D. only,04 - Sideswipe,02 - Rain,01 - Daylight,04 - Slush,01 - Traffic signal,01 - Functioning,2,0,0,0,,0,,,,,371545.706,5033817.607,45.44110354,-75.6468196,2332
20--3207,3/2/2020,4:00 PM,INDUSTRIAL AVE/INNES RD @ ST. LAURENT BLVD (0002203),2203,02 - Intersection related,03 - P.D. only,04 - Sideswipe,01 - Clear,01 - Daylight,01 - Dry,01 - Traffic signal,01 - Functioning,2,0,0,0,,0,,,,,373099.7151,5030005.57,45.40665461,-75.62748623,2333
20--3208,3/2/2020,4:26 PM,BARNSDALE RD @ PRINCE OF WALES DR (0001082),1082,03 - At intersection,03 - P.D. only,02 - Angle,02 - Rain,01 - Daylight,02 - Wet,02 - Stop sign,01 - Functioning,2,0,0,0,,0,,,,,366646.7034,5011532.419,45.24103574,-75.71222099,2334
20--3209,3/2/2020,4:30 AM,ROMINA ST btwn BRIGITTA ST & OPUS ST (__6OD78F),__6OD78F,04 - At/near private drive,03 - P.D. only,06 - SMV unattended vehicle,05 - Drifting Snow,07 - Dark,05 - Packed snow,10 - No control,,1,0,0,0,,0,,,,,354542.1907,5015195.384,45.27495545,-75.86602621,2335
20--321,1/8/2020,6:10 PM,BASELINE RD @ FISHER AVE (0002346),2346,02 - Intersection related,03 - P.D. only,03 - Rear end,03 - Snow,07 - Dark,06 - Ice,01 - Traffic signal,00 - Unknown,2,0,0,0,,0,,,,,366166.6983,5026028.533,45.37151235,-75.71653974,2336
20--3210,3/2/2020,4:30 PM,PRINCE OF WALES DR @ MERIVALE RD (0000564),564,03 - At intersection,02 - Non-fatal injury,02 - Angle,01 - Clear,01 - Daylight,02 - Wet,01 - Traffic signal,01 - Functioning,2,0,0,0,02 - Minor,1,,1,,,367449.7076,5017616.459,45.29570848,-75.70122613,2337
20--3211,3/2/2020,4:33 PM,GEORGE ST @ PRESTON ST (0006190),6190,02 - Intersection related,03 - P.D. only,03 - Rear end,01 - Clear,01 - Daylight,01 - Dry,01 - Traffic signal,01 - Functioning,2,0,0,0,,0,,,,,366618.7032,5029416.551,45.40195719,-75.71034525,2338
20--3212,3/2/2020,5:28 PM,HUNT CLUB RD @ DOWNPATRICK RD/MCCARTHY RD (0006931),6931,03 - At intersection,03 - P.D. only,05 - Turning movement,01 - Clear,05 - Dusk,01 - Dry,01 - Traffic signal,01 - Functioning,2,0,0,0,,0,,,,,370507.7379,5023400.507,45.3474726,-75.66147342,2339
20--3213,3/2/2020,5:50 PM,HIGHWAY 417 btwn HWY417 IC122 RAMP15 & HWY417 IC121B RAMP51 (__3ZA2RB),__3ZA2RB,01 - Non intersection,03 - P.D. only,03 - Rear end,02 - Rain,05 - Dusk,02 - Wet,10 - No control,,3,0,0,0,,0,,,,,366436.6004,5029471.103,45.40246409,-75.71266434,2340
20--3214,3/2/2020,6:20 AM,HIGHWAY 417 btwn HWY417 IC127 RAMP63 & HWY417 IC127 RAMP67 (__3ZA2RF),__3ZA2RF,01 - Non intersection,02 - Non-fatal injury,04 - Sideswipe,01 - Clear,03 - Dawn,04 - Slush,10 - No control,,2,0,0,0,02 - Minor,2,,2,,,362132.4861,5024858.893,45.36132968,-75.76817532,2341
20--3215,3/2/2020,6:35 AM,AVIATION PKWY btwn MONTREAL RD & LA CITE PRIV (2) (__3ZBPNZ),__3ZBPNZ,04 - At/near private drive,03 - P.D. only,02 - Angle,01 - Clear,01 - Daylight,02 - Wet,10 - No control,,2,0,0,0,,0,,,,,372323.0318,5033762.773,45.44053553,-75.63689204,2342
20--3216,3/2/2020,6:36 AM,BASELINE RD @ CLYDE AVE (0002343),2343,02 - Intersection related,03 - P.D. only,04 - Sideswipe,01 - Clear,03 - Dawn,04 - Slush,01 - Traffic signal,01 - Functioning,2,0,0,0,,0,,,,,364358.6962,5024890.513,45.3614286,-75.73975736,2343
20--3217,3/2/2020,6:40 AM,CARP RD btwn RICHARDSON SIDE RD & HWY417 IC144 RAMP62 (__3ZA3FS),__3ZA3FS,01 - Non intersection,03 - P.D. only,99 - Other,01 - Clear,01 - Daylight,01 - Dry,10 - No control,,2,0,0,0,,0,,,,,346713.295,5016585.407,45.28797368,-75.96568483,2344
20--2751,2/22/2020,2:45 AM,SABOURIN RD btwn CARLSBAD LANE & MILTON RD (__3ZA6VM),__3ZA6VM,01 - Non intersection,02 - Non-fatal injury,07 - SMV other,01 - Clear,07 - Dark,06 - Ice,10 - No control,,1,0,0,0,02 - Minor,1,,1,,,389752.6828,5025306.119,45.36255064,-75.4155916,2345
20--2933,2/26/2020,8:16 AM,SMYTH RD btwn MAIN ST & RAMP (__3ZA3OL),__3ZA3OL,01 - Non intersection,03 - P.D. only,04 - Sideswipe,01 - Clear,01 - Daylight,01 - Dry,10 - No control,,2,0,0,0,,0,,,,,369885.4411,5029124.921,45.39903711,-75.66865965,2346
20--3218,3/2/2020,7:00 AM,FRANKTOWN RD btwn DWYER HILL RD & MATILDA GT (__3ZA3E7),__3ZA3E7,01 - Non intersection,03 - P.D. only,07 - SMV other,01 - Clear,01 - Daylight,02 - Wet,10 - No control,,1,0,0,0,,0,,,,,348594.4322,4998899.806,45.12871563,-75.94325971,2347
20--3219,3/2/2020,7:45 AM,CHARKAY ST @ WALGATE AVE (0001026),1026,03 - At intersection,03 - P.D. only,02 - Angle,01 - Clear,01 - Daylight,04 - Slush,02 - Stop sign,01 - Functioning,2,0,0,0,,0,,,,,365485.7427,5024259.534,45.3556545,-75.72544985,2348
20--322,1/8/2020,6:30 PM,ST. JOSEPH BLVD/OLD MONTREAL RD @ TRIM RD (0004118),4118,03 - At intersection,03 - P.D. only,04 - Sideswipe,01 - Clear,07 - Dark,01 - Dry,11 - Roundabout,00 - Unknown,2,0,0,0,,0,,,,,384682.7469,5039285.583,45.48892164,-75.47803074,2349
20--3220,3/2/2020,7:45 PM,HWY 417 IS.PARK IC123R62 @ ISLAND PARK DR (0002605),2605,02 - Intersection related,03 - P.D. only,03 - Rear end,01 - Clear,07 - Dark,01 - Dry,03 - Yield sign,01 - Functioning,2,0,0,0,,0,,,,,364547.7002,5028049.548,45.38983698,-75.73696282,2350
20--3221,3/2/2020,7:49 AM,PRINCE OF WALES DR btwn BASELINE RD/HERON RD & GREEN VALLEY CRES (__3ZA3G7),__3ZA3G7,01 - Non intersection,03 - P.D. only,03 - Rear end,01 - Clear,01 - Daylight,02 - Wet,10 - No control,,2,0,0,0,,0,,,,,366934.3729,5026596.792,45.37655777,-75.70666839,2351
20--3222,3/2/2020,7:49 AM,HUNTMAR DR btwn OLD CARP RD & BRADLEY SIDE RD (__3ZACWD),__3ZACWD,01 - Non intersection,03 - P.D. only,07 - SMV other,01 - Clear,01 - Daylight,05 - Packed snow,10 - No control,,1,0,0,0,,0,,,,,347554.486,5019739.599,45.31630551,-75.9546897,2352
20--3223,3/2/2020,8:30 AM,LANCASTER RD btwn SHELBOURN LANE & DELRIDGE LANE (__3ZA78H),__3ZA78H,04 - At/near private drive,03 - P.D. only,05 - Turning movement,01 - Clear,01 - Daylight,02 - Wet,10 - No control,,2,0,0,0,,0,,,,,374224.6346,5029305.857,45.40024827,-75.61321586,2353
20--3224,3/2/2020,8:32 AM,STRANDHERD DR btwn LONGFIELDS DR & CLARIDGE DR (__4BRV9S),__4BRV9S,04 - At/near private drive,02 - Non-fatal injury,05 - Turning movement,01 - Clear,01 - Daylight,02 - Wet,10 - No control,,2,0,0,0,02 - Minor,1,,1,,,364688.4031,5015255.023,45.27470112,-75.73671413,2354
20--3225,3/2/2020,8:34 AM,SUSSEX DR @ 262 N OF KING EDWARD AVE (0008806),8806,02 - Intersection related,02 - Non-fatal injury,03 - Rear end,03 - Snow,01 - Daylight,04 - Slush,01 - Traffic signal,01 - Functioning,3,0,0,0,01 - Minimal,2,2,,,,367768.7074,5033733.918,45.44070094,-75.69510505,2355
20--3226,3/2/2020,8:48 AM,BANK ST @ JOHNSTON RD (0006967),6967,02 - Intersection related,03 - P.D. only,03 - Rear end,01 - Clear,01 - Daylight,01 - Dry,01 - Traffic signal,01 - Functioning,2,0,0,0,,0,,,,,370851.7291,5024839.515,45.36038804,-75.65689182,2356
20--3227,3/2/2020,9:00 PM,BLACKBURN BYPASS @ NAVAN RD (0004201),4201,02 - Intersection related,03 - P.D. only,03 - Rear end,01 - Clear,07 - Dark,02 - Wet,01 - Traffic signal,01 - Functioning,2,0,0,0,,0,,,,,379617.7373,5033274.568,45.43540043,-75.54373467,2357
20--3228,3/2/2020,9:01 PM,HUNTLEY RD @ PERTH ST (0010384),10384,03 - At intersection,03 - P.D. only,02 - Angle,01 - Clear,07 - Dark,02 - Wet,01 - Traffic signal,01 - Functioning,2,0,0,0,,0,,,,,356891.6252,5006389.336,45.1955463,-75.83700625,2358
20--3229,3/2/2020,9:05 AM,CARLING AVE @ WOODROFFE AVE W (0011470),11470,03 - At intersection,03 - P.D. only,04 - Sideswipe,01 - Clear,01 - Daylight,01 - Dry,01 - Traffic signal,01 - Functioning,2,0,0,0,,0,,,,,361767.682,5025725.517,45.36915724,-75.7727316,2359
20--323,1/8/2020,6:55 AM,FRANKTOWN RD @ DWYER HILL RD (0000087),87,03 - At intersection,03 - P.D. only,02 - Angle,01 - Clear,07 - Dark,01 - Dry,02 - Stop sign,01 - Functioning,2,0,0,0,,0,,,,,348404.5281,4998730.345,45.12720246,-75.94568854,2360
20--3230,3/3/2020,1:00 PM,BEECH ST btwn LORETTA AVE S & CHAMPAGNE AVE S (__3ZA04Q),__3ZA04Q,01 - Non intersection,03 - P.D. only,06 - SMV unattended vehicle,03 - Snow,01 - Daylight,04 - Slush,10 - No control,,1,0,0,0,,0,,,,,366430.5089,5029162.048,45.39968383,-75.71278076,2361
20--3231,3/3/2020,1:30 PM,METCALFE ST btwn SLATER ST & LAURIER AVE W (__3ZBOEQ),__3ZBOEQ,01 - Non intersection,03 - P.D. only,04 - Sideswipe,01 - Clear,01 - Daylight,02 - Wet,10 - No control,,2,0,0,0,,0,,,,,367753.6233,5031514.355,45.42073143,-75.6955816,2362
20--3232,3/3/2020,1:46 PM,KING EDWARD AVE btwn THOMAS MORE PRIV & MARIE CURIE PRIV (__3ZA3US),__3ZA3US,01 - Non intersection,03 - P.D. only,99 - Other,01 - Clear,01 - Daylight,01 - Dry,10 - No control,,2,0,0,0,,0,,,,,368862.4259,5031833.498,45.42350231,-75.68137331,2363
20--3233,3/3/2020,1:55 PM,FLEWELLYN RD btwn CONLEY RD & NO NAME (__5RG4JY),__5RG4JY,01 - Non intersection,03 - P.D. only,07 - SMV other,01 - Clear,01 - Daylight,01 - Dry,10 - No control,,1,0,0,0,,0,,,,,348515.2448,5008168.201,45.21212248,-75.94345466,2364
20--3234,3/3/2020,10:15 AM,ALBERT ST @ CITY CENTRE AVE (0006346),6346,02 - Intersection related,03 - P.D. only,03 - Rear end,01 - Clear,01 - Daylight,02 - Wet,01 - Traffic signal,01 - Functioning,2,0,0,0,,0,,,,,365955.6958,5030344.563,45.41036544,-75.71869842,2365
20--3235,3/3/2020,11:30 AM,SMYTH RD @ GENERAL HOSPITAL E (0008855),8855,02 - Intersection related,03 - P.D. only,03 - Rear end,01 - Clear,01 - Daylight,03 - Loose snow,01 - Traffic signal,01 - Functioning,2,0,0,0,,0,,,,,371516.7143,5029181.556,45.39939315,-75.64781792,2366
20--3236,3/3/2020,11:47 AM,BOOTHFIELD ST btwn COOKS MILL CRES & SPRATT RD (__78TO1Q),__78TO1Q,01 - Non intersection,03 - P.D. only,01 - Approaching,01 - Clear,01 - Daylight,01 - Dry,10 - No control,,2,0,0,0,,0,,,,,370218.372,5016818.913,45.28828,-75.66603496,2367
20--3237,3/3/2020,11:53 AM,RIVERSIDE DR @ SAN REMO PRIV (0011379),11379,02 - Intersection related,02 - Non-fatal injury,03 - Rear end,01 - Clear,01 - Daylight,01 - Dry,01 - Traffic signal,01 - Functioning,2,0,0,0,02 - Minor,1,,1,,,370385.9393,5030402.198,45.41048286,-75.66209755,2368
20--3238,3/3/2020,Unknown,ANDERSON ST btwn PRESTON ST & ROCHESTER ST (__3ZBOM1),__3ZBOM1,01 - Non intersection,03 - P.D. only,06 - SMV unattended vehicle,01 - Clear,00 - Unknown,03 - Loose snow,10 - No control,,1,0,0,0,,0,,,,,366453.1678,5030046.586,45.40764067,-75.71238077,2369
20--3239,3/3/2020,Unknown,DANFORTH AVE btwn ROOSEVELT AVE & CHURCHILL AVE N (__3ZA4A5),__3ZA4A5,01 - Non intersection,03 - P.D. only,06 - SMV unattended vehicle,02 - Rain,00 - Unknown,02 - Wet,10 - No control,,1,0,0,0,,0,,,,,363196.7448,5028178.283,45.39110927,-75.75419914,2370
20--324,1/8/2020,6:56 AM,HIGHWAY 416 btwn HWY416 IC66 RAMP62 & HWY416 IC72 RAMP24 (__3ZAZMZ),__3ZAZMZ,01 - Non intersection,03 - P.D. only,03 - Rear end,01 - Clear,07 - Dark,01 - Dry,10 - No control,,2,0,0,0,,0,,,,,359755.367,5019153.036,45.31017864,-75.79914953,2371
20--3240,3/3/2020,12:13 AM,HUNT CLUB RD @ PAUL ANKA DR (0008224),8224,03 - At intersection,03 - P.D. only,05 - Turning movement,01 - Clear,07 - Dark,02 - Wet,01 - Traffic signal,01 - Functioning,3,0,0,0,,0,,,,,369777.7142,5022897.495,45.34301464,-75.67085468,2372
20--3241,3/3/2020,12:45 AM,HIGHWAY 417 btwn HWY417 IC127 RAMP67 & HWY417 IC126 RAMP16 (__3ZA2X0),__3ZA2X0,01 - Non intersection,02 - Non-fatal injury,07 - SMV other,01 - Clear,07 - Dark,06 - Ice,10 - No control,,1,0,0,0,01 - Minimal,1,1,,,,362759.0188,5025351.045,45.3657065,-75.76012085,2373
20--3242,3/3/2020,2:23 AM,WALKLEY EXTENSION RD btwn HWY417 IC110 RAMP66 & RAMSAYVILLE RD (__3ZA2LZ),__3ZA2LZ,01 - Non intersection,02 - Non-fatal injury,07 - SMV other,01 - Clear,07 - Dark,02 - Wet,10 - No control,,1,0,0,0,02 - Minor,1,,1,,,376449.1595,5029423.192,45.40107986,-75.5847878,2374
20--3243,3/3/2020,3:00 PM,VICTORIA ST btwn BRENTWOOD AVE & GLEN ST (__3ZA208),__3ZA208,04 - At/near private drive,02 - Non-fatal injury,03 - Rear end,02 - Rain,01 - Daylight,02 - Wet,10 - No control,,2,0,0,0,02 - Minor,3,,3,,,384790.5916,5010771.88,45.2323651,-75.48126608,2375
20--3244,3/3/2020,3:08 PM,CUMMINGS AVE/LABELLE ST @ CYRVILLE RD (0008791),8791,02 - Intersection related,02 - Non-fatal injury,03 - Rear end,02 - Rain,01 - Daylight,02 - Wet,01 - Traffic signal,01 - Functioning,2,0,0,0,01 - Minimal,2,2,,,,372860.7177,5031871.574,45.42346732,-75.63028132,2376
20--3245,3/3/2020,3:40 PM,ALTA VISTA DR btwn PALEN AVE & WESMAR DR (__3ZBOUL),__3ZBOUL,01 - Non intersection,03 - P.D. only,03 - Rear end,02 - Rain,01 - Daylight,02 - Wet,10 - No control,,2,0,0,0,,0,,,,,370457.0249,5027096.517,45.38073289,-75.66162943,2377
20--3246,3/3/2020,4:15 PM,HIGHWAY 417 btwn HWY417 IC124 RAMP65 & HWY417 IC122 RAMP51 (__3ZA2R8),__3ZA2R8,01 - Non intersection,03 - P.D. only,04 - Sideswipe,02 - Rain,01 - Daylight,02 - Wet,10 - No control,,2,0,0,0,,0,,,,,364854.8432,5028178.068,45.39096711,-75.73302501,2378
20--3247,3/3/2020,4:20 PM,HAZELDEAN RD @ HUNTMAR DR/IBER RD (0000075),75,02 - Intersection related,03 - P.D. only,03 - Rear end,02 - Rain,01 - Daylight,02 - Wet,01 - Traffic signal,01 - Functioning,2,0,0,0,,0,,,,,350942.5973,5016079.431,45.28315582,-75.91181901,2379
20--3248,3/3/2020,4:25 PM,HIGHWAY 417 btwn HWY417 IC119B RAMP57 & HWY417 IC119A RAMP75 (__3ZA1QN),__3ZA1QN,01 - Non intersection,03 - P.D. only,03 - Rear end,02 - Rain,01 - Daylight,02 - Wet,10 - No control,,2,0,0,0,,0,,,,,368596.721,5030519.18,45.41170082,-75.68493846,2380
20--3249,3/3/2020,4:30 PM,CASTLEFRANK RD @ TERRY FOX DR (0011757),11757,02 - Intersection related,03 - P.D. only,03 - Rear end,02 - Rain,01 - Daylight,02 - Wet,01 - Traffic signal,01 - Functioning,2,0,0,0,,0,,,,,352994.0118,5016304.802,45.28504611,-75.88564916,2381
20--325,1/8/2020,7:20 AM,DORACK DR @ RIDEAU VALLEY DR (0003681),3681,02 - Intersection related,03 - P.D. only,02 - Angle,01 - Clear,03 - Dawn,02 - Wet,02 - Stop sign,01 - Functioning,2,0,0,0,,0,,,,,371747.693,5001875.594,45.15367781,-75.64855046,2382
20--3250,3/3/2020,4:48 PM,PAUL ANKA DR btwn UPLANDS DR & MCCARTHY RD (__3ZA9CH),__3ZA9CH,01 - Non intersection,03 - P.D. only,03 - Rear end,02 - Rain,01 - Daylight,02 - Wet,10 - No control,,2,0,0,0,,0,,,,,369687.1639,5023860.861,45.35169114,-75.67188363,2383
20--3251,3/3/2020,5:00 PM,HIGHWAY 417 btwn HWY417 IC118 RAMP35 & HWY417 IC117 RAMP51 (__3ZA2YP),__3ZA2YP,01 - Non intersection,03 - P.D. only,04 - Sideswipe,02 - Rain,01 - Daylight,02 - Wet,10 - No control,,2,0,0,0,,0,,,,,370434.7888,5031132.355,45.41704795,-75.6613763,2384
20--3252,3/3/2020,5:45 AM,DALHOUSIE ST @ RIDEAU ST (0007646),7646,03 - At intersection,02 - Non-fatal injury,05 - Turning movement,01 - Clear,03 - Dawn,02 - Wet,01 - Traffic signal,01 - Functioning,2,0,0,0,02 - Minor,2,,2,,,368206.7094,5032227.575,45.42710782,-75.68970086,2385
20--3253,3/3/2020,5:51 PM,RICHMOND RD @ STONEHAVEN DR (0010370),10370,03 - At intersection,03 - P.D. only,05 - Turning movement,02 - Rain,05 - Dusk,02 - Wet,01 - Traffic signal,01 - Functioning,2,0,0,0,,0,,,,,356781.6433,5015891.436,45.28105667,-75.83741294,2386
20--3254,3/3/2020,6:40 PM,DALY AVE @ NICHOLAS ST (0011451),11451,02 - Intersection related,03 - P.D. only,04 - Sideswipe,02 - Rain,05 - Dusk,02 - Wet,01 - Traffic signal,01 - Functioning,2,0,0,0,,0,,,,,368227.6986,5032046.572,45.42547732,-75.68945597,2387
20--3255,3/3/2020,6:54 AM,BARNSDALE RD N @ MOODIE DR (0000636),636,03 - At intersection,02 - Non-fatal injury,02 - Angle,"07 - Fog, mist, smoke, dust",01 - Daylight,06 - Ice,02 - Stop sign,01 - Functioning,2,0,0,0,02 - Minor,1,,1,,,361933.6641,5008863.373,45.21741759,-75.7725552,2388
20--3256,3/3/2020,7:00 AM,MACLAREN ST btwn CARTIER ST & MACDONALD ST (__3ZA9U4),__3ZA9U4,01 - Non intersection,03 - P.D. only,04 - Sideswipe,01 - Clear,01 - Daylight,01 - Dry,10 - No control,,2,0,0,0,,0,,,,,368370.6662,5031222.764,45.418052,-75.68773547,2389
20--3257,3/3/2020,7:03 PM,CASTLEFRANK RD @ HAZELDEAN RD (0003608),3608,03 - At intersection,03 - P.D. only,05 - Turning movement,02 - Rain,07 - Dark,02 - Wet,01 - Traffic signal,01 - Functioning,2,0,0,0,,0,,,,,352677.8616,5017676.747,45.29741283,-75.88954662,2390
20--3258,3/3/2020,7:07 AM,SWEETVALLEY DR btwn BROADLEAF ST & TENTH LINE RD (e___2IN3),e___2IN3,01 - Non intersection,02 - Non-fatal injury,01 - Approaching,01 - Clear,01 - Daylight,06 - Ice,10 - No control,,2,0,0,0,02 - Minor,1,,1,,,384517.583,5034338.322,45.44442971,-75.48094581,2391
20--3259,3/3/2020,7:08 AM,SCOTT ST btwn WINONA AVE & ATHLONE AVE (__3ZA4OF),__3ZA4OF,01 - Non intersection,03 - P.D. only,04 - Sideswipe,01 - Clear,01 - Daylight,02 - Wet,10 - No control,,2,0,0,0,,0,,,,,363178.5513,5028638.98,45.39525607,-75.75437696,2392
20--326,1/8/2020,7:30 PM,COLONNADE RD @ MERIVALE RD (0004569),4569,02 - Intersection related,03 - P.D. only,03 - Rear end,01 - Clear,07 - Dark,01 - Dry,01 - Traffic signal,01 - Functioning,2,0,0,0,,0,,,,,365363.7039,5022544.489,45.34023332,-75.72721734,2393