Anom_ID,Accident_Date,Accident_Time,Location,Geo_ID,Accident_Location,Classification_of_Accident,Initial_Impact_Type,Environment_Condition,Light,Road_Surface_Condition,Traffic_Control,Traffic_Control_Condition,No__of_Vehicles,No__of_Bicycles,No__of_Motorcycles,No__of_Pedestrians,Max_Injury,No__of_Injuries,No__of_Minimal,No__of_Minor,No__of_Major,No__of_Fatal,X,Y,Latitude,Longitude,ObjectId
20--3260,3/3/2020,7:13 AM,HELMSDALE DR @ TERRY FOX DR (0009117),9117,03 - At intersection,03 - P.D. only,02 - Angle,01 - Clear,01 - Daylight,02 - Wet,02 - Stop sign,01 - Functioning,2,0,0,0,,0,,,,,350581.8479,5023785.795,45.35252323,-75.91570499,2394
20--3261,3/3/2020,7:17 AM,BASELINE RD @ CEDARVIEW RD (0010259),10259,02 - Intersection related,03 - P.D. only,03 - Rear end,01 - Clear,01 - Daylight,06 - Ice,01 - Traffic signal,01 - Functioning,2,0,0,0,,0,,,,,358967.6668,5021674.509,45.33292821,-75.80891861,2395
20--3262,3/3/2020,7:23 AM,MOODIE DR @ TIMM DR (0001106),1106,02 - Intersection related,03 - P.D. only,07 - SMV other,01 - Clear,01 - Daylight,06 - Ice,01 - Traffic signal,01 - Functioning,1,0,0,0,,0,,,,,356815.6565,5021082.51,45.32776416,-75.83643468,2396
20--3263,3/3/2020,7:28 AM,CARLING AVE @ FAIRMONT AVE (0006303),6303,03 - At intersection,02 - Non-fatal injury,07 - SMV other,01 - Clear,01 - Daylight,02 - Wet,02 - Stop sign,01 - Functioning,1,0,0,1,01 - Minimal,1,1,,,,366115.7093,5028486.546,45.39363347,-75.71688535,2397
20--3264,3/3/2020,7:45 AM,HIGHWAY 417 btwn HWY417 IC127 RAMP35 & HWY417 IC127 RAMP25 (__3ZA2RE),__3ZA2RE,01 - Non intersection,03 - P.D. only,03 - Rear end,01 - Clear,01 - Daylight,01 - Dry,10 - No control,,2,0,0,0,,0,,,,,362329.69,5024986.788,45.36246432,-75.76564342,2398
20--3265,3/3/2020,7:50 AM,BASELINE RD btwn CONSTELLATION CRES & WOODROFFE AVE (__3ZA34J),__3ZA34J,01 - Non intersection,03 - P.D. only,03 - Rear end,01 - Clear,01 - Daylight,02 - Wet,10 - No control,,2,0,0,0,,0,,,,,362464.8757,5023716.966,45.35102745,-75.76406607,2399
20--3266,3/3/2020,7:50 PM,BAY ST @ WELLINGTON ST (0010737),10737,03 - At intersection,03 - P.D. only,02 - Angle,02 - Rain,07 - Dark,02 - Wet,01 - Traffic signal,01 - Functioning,2,0,0,0,,0,,,,,366814.6988,5031351.555,45.41935047,-75.70759846,2400
20--3267,3/3/2020,7:53 AM,GREENBANK RD btwn BERRIGAN DR/WESSEX RD & 220 N OF STRANDHERD DR (__3ZA4JFA),__3ZA4JFA,04 - At/near private drive,03 - P.D. only,02 - Angle,"07 - Fog, mist, smoke, dust",01 - Daylight,06 - Ice,10 - No control,,2,0,0,0,,0,,,,,363768.4789,5015169.351,45.27400799,-75.74844785,2401
20--3268,3/3/2020,7:55 AM,RICHMOND RD @ STONEHAVEN DR (0010370),10370,02 - Intersection related,03 - P.D. only,04 - Sideswipe,01 - Clear,01 - Daylight,02 - Wet,01 - Traffic signal,01 - Functioning,2,0,0,0,,0,,,,,356781.6264,5015891.452,45.28105681,-75.83741315,2402
20--3269,3/3/2020,7:56 AM,SHORELINE DR btwn ROLLING RIVER CRES & COVEHEAD CRES (__3ZA1J8),__3ZA1J8,01 - Non intersection,03 - P.D. only,03 - Rear end,01 - Clear,01 - Daylight,06 - Ice,10 - No control,,3,0,0,0,,0,,,,,368070.4333,5015522.966,45.27681586,-75.69357972,2403
20--327,1/8/2020,7:40 AM,KENT ST btwn MCLEOD ST & FLORA ST (__3ZA3PX),__3ZA3PX,01 - Non intersection,03 - P.D. only,04 - Sideswipe,01 - Clear,03 - Dawn,01 - Dry,10 - No control,,3,0,0,0,,0,,,,,367817.1274,5030342.035,45.41017756,-75.69492013,2404
20--3270,3/3/2020,7:56 AM,LAURIER AVE @ NICHOLAS ST (0010711),10711,02 - Intersection related,03 - P.D. only,04 - Sideswipe,01 - Clear,01 - Daylight,02 - Wet,01 - Traffic signal,01 - Functioning,2,0,0,0,,0,,,,,368373.6362,5031798.271,45.42322994,-75.68762326,2405
20--3271,3/3/2020,8:05 AM,BLAIR RD btwn OR174 IC112 RAMP15 & MEADOWBROOK RD (__3ZA2E1),__3ZA2E1,01 - Non intersection,02 - Non-fatal injury,03 - Rear end,01 - Clear,01 - Daylight,01 - Dry,10 - No control,,2,0,0,0,01 - Minimal,1,1,,,,375162.4224,5032350.961,45.42755285,-75.60080393,2406
20--3272,3/3/2020,8:11 AM,ROCKY HILL DR @ PRINCE OF WALES DR (0010328),10328,02 - Intersection related,03 - P.D. only,03 - Rear end,01 - Clear,01 - Daylight,02 - Wet,01 - Traffic signal,01 - Functioning,2,0,0,0,,0,,,,,366968.7763,5014403.418,45.26684052,-75.70775982,2407
20--3273,3/3/2020,8:15 AM,GARFIELD AVE @ MAITLAND AVE (0002031),2031,02 - Intersection related,03 - P.D. only,03 - Rear end,01 - Clear,01 - Daylight,02 - Wet,01 - Traffic signal,01 - Functioning,2,0,0,0,,0,,,,,363342.6945,5025562.527,45.36756088,-75.75264548,2408
20--3274,3/3/2020,8:43 AM,REGIONAL ROAD 174 btwn OR174 IC105 RAMP63 & OR174 IC102 RAMP36 (__3ZA27F),__3ZA27F,01 - Non intersection,02 - Non-fatal injury,03 - Rear end,01 - Clear,01 - Daylight,06 - Ice,10 - No control,,3,0,0,0,01 - Minimal,1,1,,,,380696.2431,5037760.124,45.47564171,-75.52925973,2409
20--3275,3/3/2020,8:45 AM,HWY 417 WALKLEY IC110R64 @ WALKLEY EXTENSION R (0004205),4205,03 - At intersection,03 - P.D. only,07 - SMV other,01 - Clear,01 - Daylight,02 - Wet,02 - Stop sign,01 - Functioning,1,0,0,0,,0,,,,,375988.741,5029175.519,45.3988984,-75.59070397,2410
20--3276,3/3/2020,8:53 AM,SMIRLE AVE @ WELLINGTON ST (0006104),6104,03 - At intersection,02 - Non-fatal injury,02 - Angle,01 - Clear,01 - Daylight,01 - Dry,02 - Stop sign,01 - Functioning,2,0,0,0,02 - Minor,1,,1,,,364670.7062,5029066.559,45.39897734,-75.73526864,2411
20--3277,3/3/2020,8:57 AM,MARIER AVE @ MONTREAL RD (0009346),9346,02 - Intersection related,02 - Non-fatal injury,07 - SMV other,01 - Clear,01 - Daylight,02 - Wet,01 - Traffic signal,01 - Functioning,1,0,0,1,02 - Minor,2,,2,,,370419.6942,5033261.575,45.43620721,-75.66128546,2412
20--3278,3/3/2020,9:00 PM,HIGHWAY 417 btwn HWY417 IC180 RAMP61 & HWY417 IC169 RAMP36 (__5DVYB1),__5DVYB1,01 - Non intersection,03 - P.D. only,07 - SMV other,03 - Snow,07 - Dark,06 - Ice,10 - No control,,1,0,0,0,,0,,,,,319485.5976,5030921.374,45.41807395,-76.31235701,2413
20--3279,3/3/2020,9:08 AM,HIGHWAY 417 btwn HWY417 IC129 RAMP25 & TRANSIT (__3ZA2SH),__3ZA2SH,01 - Non intersection,03 - P.D. only,03 - Rear end,01 - Clear,01 - Daylight,01 - Dry,10 - No control,,2,0,0,0,,0,,,,,361386.1312,5024246.647,45.35588137,-75.77777155,2414
20--328,1/8/2020,8:09 PM,FLEWELLYN RD btwn ORMROD RD & DWYER HILL RD (__3ZAC6N),__3ZAC6N,01 - Non intersection,03 - P.D. only,07 - SMV other,05 - Drifting Snow,07 - Dark,03 - Loose snow,10 - No control,,1,0,0,0,,0,,,,,343168.0278,5003409.826,45.16961522,-76.01189437,2415
20--3280,3/3/2020,9:35 AM,HIGHWAY 417 btwn HWY417 IC112 RAMP66 & HWY417 IC112 RAMP56 (__3ZA283),__3ZA283,01 - Non intersection,03 - P.D. only,03 - Rear end,01 - Clear,01 - Daylight,01 - Dry,10 - No control,,2,0,0,0,,0,,,,,374472.1475,5030853.472,45.41414834,-75.60983598,2416
20--3281,3/3/2020,9:38 AM,INDUSTRIAL AVE/INNES RD @ ST. LAURENT BLVD (0002203),2203,02 - Intersection related,03 - P.D. only,03 - Rear end,01 - Clear,01 - Daylight,02 - Wet,01 - Traffic signal,01 - Functioning,2,0,0,0,,0,,,,,373099.7271,5030005.564,45.40665456,-75.62748608,2417
20--3282,3/3/2020,9:51 AM,MONTREAL RD @ VANIER PKWY (0004630),4630,02 - Intersection related,03 - P.D. only,02 - Angle,01 - Clear,01 - Daylight,01 - Dry,01 - Traffic signal,01 - Functioning,2,0,0,0,,0,,,,,370072.7174,5033065.586,45.43447625,-75.66574584,2418
20--3283,3/3/2020,9:52 AM,ADIRONDACK DR @ WOODROFFE AVE (0005644),5644,03 - At intersection,03 - P.D. only,05 - Turning movement,01 - Clear,01 - Daylight,02 - Wet,02 - Stop sign,00 - Unknown,2,0,0,0,,0,,,,,362457.6856,5024005.525,45.35362448,-75.76412417,2419
20--3284,3/3/2020,9:55 AM,PINECREST RD btwn HWY417 IC129 RAMP26 & GREENBANK RD (__3ZA4MX),__3ZA4MX,01 - Non intersection,03 - P.D. only,04 - Sideswipe,01 - Clear,01 - Daylight,01 - Dry,10 - No control,,2,0,0,0,,0,,,,,360435.5375,5023556.524,45.34974773,-75.78998102,2420
20--3285,3/4/2020,1:18 PM,GREENBANK RD @ HIGHBURY PARK DR (0005310),5310,03 - At intersection,03 - P.D. only,02 - Angle,01 - Clear,01 - Daylight,02 - Wet,01 - Traffic signal,01 - Functioning,2,0,0,0,,0,,,,,363615.9174,5015523.941,45.27721138,-75.75035006,2421
20--3286,3/4/2020,10:40 AM,ARGYLE AVE btwn BANK ST & O'CONNOR ST (__3ZA8F6),__3ZA8F6,01 - Non intersection,03 - P.D. only,04 - Sideswipe,01 - Clear,01 - Daylight,01 - Dry,10 - No control,,2,0,0,0,,0,,,,,368144.1059,5030461.281,45.41122098,-75.69072789,2422
20--3287,3/4/2020,10:45 AM,DEN HAAG DR btwn CARSON'S RD & BATHGATE DR (__3ZA7W2),__3ZA7W2,01 - Non intersection,03 - P.D. only,99 - Other,01 - Clear,01 - Daylight,01 - Dry,10 - No control,,2,0,0,0,,0,,,,,373317.527,5033888.996,45.44157446,-75.6241639,2423
20--3288,3/4/2020,11:00 AM,COBOURG ST @ STEWART ST (0008411),8411,03 - At intersection,03 - P.D. only,02 - Angle,01 - Clear,01 - Daylight,01 - Dry,02 - Stop sign,01 - Functioning,2,0,0,0,,0,,,,,369254.7103,5032584.594,45.43022435,-75.6762627,2424
20--3289,3/4/2020,11:46 PM,FALLOWFIELD RD btwn MUNSTER RD & CONLEY RD (__3ZA3EQ),__3ZA3EQ,01 - Non intersection,03 - P.D. only,07 - SMV other,03 - Snow,07 - Dark,03 - Loose snow,10 - No control,,1,0,0,0,,0,,,,,347248.1961,5005110.926,45.18468902,-75.95984528,2425
20--329,1/8/2020,8:23 AM,ROGER STEVENS DR btwn SECOND LINE RD S & DORACK DR (__3ZA39U),__3ZA39U,04 - At/near private drive,03 - P.D. only,02 - Angle,01 - Clear,01 - Daylight,02 - Wet,10 - No control,,2,0,0,0,,0,,,,,370971.6926,5002112.622,45.15588374,-75.65838726,2426
20--3386,3/6/2020,3:33 PM,CONROY RD @ HUNT CLUB RD (0002257),2257,02 - Intersection related,02 - Non-fatal injury,03 - Rear end,03 - Snow,01 - Daylight,02 - Wet,01 - Traffic signal,00 - Unknown,2,0,0,0,01 - Minimal,1,1,,,,373763.7361,5025404.523,45.36519135,-75.61964738,2427
20--3477,3/7/2020,9:15 PM,HWY 417 ST.LAURE IC115R51 @ ST. LAURENT BLVD (0002712),2712,02 - Intersection related,03 - P.D. only,99 - Other,01 - Clear,07 - Dark,01 - Dry,01 - Traffic signal,00 - Unknown,2,0,0,0,,0,,,,,372530.7232,5031410.578,45.41935152,-75.63456107,2428
20--3114,2/28/2020,8:38 AM,CYRVILLE RD @ ST. LAURENT BLVD (0002647),2647,02 - Intersection related,03 - P.D. only,03 - Rear end,01 - Clear,01 - Daylight,06 - Ice,01 - Traffic signal,01 - Functioning,2,0,0,0,,0,,,,,372241.7163,5032111.578,45.42568672,-75.63815751,2429
20--3387,3/6/2020,4:19 PM,WILBROD ST btwn KING EDWARD AVE & CORNWALL ST (__3ZA4F5),__3ZA4F5,01 - Non intersection,03 - P.D. only,03 - Rear end,01 - Clear,01 - Daylight,02 - Wet,10 - No control,,2,0,0,0,,0,,,,,368679.6521,5032141.978,45.42629462,-75.68366866,2430
20--2752,2/22/2020,3:00 PM,ROBERTSON RD @ VANIER RD (0000640),640,02 - Intersection related,03 - P.D. only,04 - Sideswipe,01 - Clear,01 - Daylight,01 - Dry,01 - Traffic signal,01 - Functioning,2,0,0,0,,0,,,,,357395.6531,5020645.483,45.32378853,-75.82908258,2431
20--2934,2/26/2020,8:17 PM,EARL MULLIGAN DR @ WOODROFFE AVE (0000591),591,02 - Intersection related,03 - P.D. only,02 - Angle,03 - Snow,07 - Dark,03 - Loose snow,01 - Traffic signal,01 - Functioning,2,0,0,0,,0,,,,,365250.707,5017506.453,45.29491128,-75.72927386,2432
20--3115,2/28/2020,8:41 AM,RIVER RD btwn LOWEN DR & BALMORAL DR (__3ZA38M),__3ZA38M,01 - Non intersection,02 - Non-fatal injury,01 - Approaching,01 - Clear,01 - Daylight,06 - Ice,10 - No control,,3,0,0,0,02 - Minor,1,,1,,,368009.7127,5018673.191,45.30516665,-75.69395214,2433
20--3388,3/6/2020,4:20 PM,CARLING AVE @ MAITLAND AVE/SHERBOURNE RD (0002641),2641,03 - At intersection,03 - P.D. only,02 - Angle,01 - Clear,01 - Daylight,01 - Dry,01 - Traffic signal,01 - Functioning,2,0,0,0,,0,,,,,362942.696,5026488.525,45.3759262,-75.75764241,2434
20--3478,3/7/2020,9:29 PM,GRENON AVE @ RICHMOND RD (0002741),2741,03 - At intersection,03 - P.D. only,05 - Turning movement,01 - Clear,07 - Dark,01 - Dry,01 - Traffic signal,02 - Not functioning,2,0,0,0,,0,,,,,359806.6755,5024033.503,45.35408919,-75.79795286,2435
20--2935,2/26/2020,8:30 AM,NICHOLAS ST SB btwn Continuation of WALLER ST & HWY417 IC118 RAMP35 (__6KCDVW),__6KCDVW,01 - Non intersection,03 - P.D. only,04 - Sideswipe,01 - Clear,01 - Daylight,01 - Dry,10 - No control,,2,0,0,0,,0,,,,,368807.4284,5031465.588,45.42019703,-75.68212383,2436
20--2753,2/22/2020,3:17 PM,CARLING AVE @ WOODROFFE AVE W (0011470),11470,02 - Intersection related,03 - P.D. only,03 - Rear end,01 - Clear,01 - Daylight,01 - Dry,01 - Traffic signal,01 - Functioning,2,0,0,0,,0,,,,,361767.6929,5025725.514,45.36915721,-75.77273146,2437
20--3116,2/28/2020,8:45 AM,TENTH LINE RD btwn HARVEST VALLEY AVE/SWEETVALLEY DR & WALL RD (__3ZA3Y2),__3ZA3Y2,04 - At/near private drive,03 - P.D. only,03 - Rear end,03 - Snow,01 - Daylight,06 - Ice,10 - No control,,2,0,0,0,,0,,,,,384896.6311,5033913.946,45.44056824,-75.47617017,2438
20--3389,3/6/2020,5:00 PM,BASELINE RD @ FISHER AVE (0002346),2346,02 - Intersection related,03 - P.D. only,03 - Rear end,01 - Clear,01 - Daylight,02 - Wet,01 - Traffic signal,01 - Functioning,2,0,0,0,,0,,,,,366166.6843,5026028.527,45.37151229,-75.71653992,2439
20--3479,3/7/2020,9:30 PM,BANK ST @ COLLINS AVE/WILDWOOD AVE (0006959),6959,03 - At intersection,03 - P.D. only,02 - Angle,01 - Clear,07 - Dark,06 - Ice,02 - Stop sign,01 - Functioning,2,0,0,0,,0,,,,,370050.7075,5026697.541,45.37718099,-75.66686985,2440
20--2936,2/26/2020,8:34 PM,HIGHWAY 417 btwn HWY417 IC144 RAMP25 & HWY417 IC142 RAMP51 (__3ZA20J),__3ZA20J,01 - Non intersection,02 - Non-fatal injury,04 - Sideswipe,03 - Snow,07 - Dark,03 - Loose snow,10 - No control,,2,0,0,0,02 - Minor,1,,1,,,348306.0995,5016634.434,45.28831805,-75.94537623,2441
20--2937,2/26/2020,9:00 PM,HIGHWAY 417 btwn HWY417 IC122 RAMP15 & HWY417 IC121B RAMP51 (__3ZA2RB),__3ZA2RB,01 - Non intersection,03 - P.D. only,07 - SMV other,03 - Snow,07 - Dark,04 - Slush,10 - No control,,1,0,0,0,,0,,,,,365802.2115,5029181.723,45.39991589,-75.72080295,2442
20--2938,2/26/2020,9:04 PM,HIGHWAY 417 btwn HWY417 IC122 RAMP61 & HWY417 IC121B RAMP16 (__3ZA2Y4),__3ZA2Y4,01 - Non intersection,03 - P.D. only,07 - SMV other,03 - Snow,07 - Dark,04 - Slush,10 - No control,,1,0,0,0,,0,,,,,365688.4864,5029135.606,45.39951084,-75.72226115,2443
20--2939,2/26/2020,9:05 PM,TERRY FOX DR @ HALKIRK AVE/WINCHESTER DR (0012574),12574,02 - Intersection related,03 - P.D. only,03 - Rear end,01 - Clear,07 - Dark,03 - Loose snow,01 - Traffic signal,01 - Functioning,2,0,0,0,,0,,,,,352511.8851,5016870.002,45.29016482,-75.89174034,2444
20--294,1/7/2020,9:26 PM,ELGIN ST @ SLATER ST (0002228),2228,02 - Intersection related,03 - P.D. only,04 - Sideswipe,01 - Clear,07 - Dark,01 - Dry,01 - Traffic signal,01 - Functioning,2,0,0,0,,0,,,,,367890.7176,5031646.572,45.42190873,-75.69381306,2445
20--2940,2/26/2020,9:15 AM,LAURIER AVE @ O'CONNOR ST (0002224),2224,02 - Intersection related,03 - P.D. only,04 - Sideswipe,01 - Clear,01 - Daylight,01 - Dry,01 - Traffic signal,01 - Functioning,2,0,0,0,,0,,,,,367636.6918,5031358.58,45.41934033,-75.69709546,2446
20--2941,2/26/2020,9:28 AM,GEORGE ST @ SUSSEX DR (0002109),2109,03 - At intersection,02 - Non-fatal injury,07 - SMV other,03 - Snow,01 - Daylight,02 - Wet,01 - Traffic signal,01 - Functioning,1,0,0,1,02 - Minor,1,,1,,,367869.2183,5032130.687,45.42626657,-75.69402577,2447
20--2942,2/26/2020,9:28 PM,HIGHWAY 417 btwn HWY417 IC124 RAMP65 & HWY417 IC122 RAMP51 (__3ZA2R8),__3ZA2R8,01 - Non intersection,03 - P.D. only,07 - SMV other,03 - Snow,07 - Dark,04 - Slush,10 - No control,,1,0,0,0,,0,,,,,365003.6386,5028452.432,45.39342301,-75.73109141,2448
20--2943,2/26/2020,9:28 PM,HIGHWAY 417 btwn HWY417 IC124 RAMP65 & HWY417 IC122 RAMP51 (__3ZA2R8),__3ZA2R8,01 - Non intersection,02 - Non-fatal injury,07 - SMV other,03 - Snow,07 - Dark,04 - Slush,10 - No control,,1,0,0,0,02 - Minor,1,,1,,,364980.6236,5028410.95,45.39305174,-75.73139038,2449
20--2944,2/26/2020,9:28 PM,HIGHWAY 417 btwn HWY417 IC124 RAMP65 & HWY417 IC122 RAMP51 (__3ZA2R8),__3ZA2R8,01 - Non intersection,03 - P.D. only,99 - Other,03 - Snow,07 - Dark,04 - Slush,10 - No control,,2,0,0,0,,0,,,,,364985.4581,5028419.661,45.3931297,-75.73132758,2450
20--2945,2/26/2020,9:37 PM,VIEWMOUNT DR @ MERIVALE RD (0001528),1528,02 - Intersection related,03 - P.D. only,99 - Other,03 - Snow,07 - Dark,03 - Loose snow,01 - Traffic signal,01 - Functioning,2,0,0,0,,0,,,,,365193.7048,5022948.497,45.34388319,-75.72933699,2451
20--2946,2/26/2020,9:41 PM,BRONSON AVE btwn FINDLAY AVE & BRONSON AVE SB OFF RAMP 34 (__3ZA3N5),__3ZA3N5,07 - Overpass or bridge,03 - P.D. only,07 - SMV other,03 - Snow,07 - Dark,04 - Slush,10 - No control,,1,0,0,0,,0,,,,,367748.0581,5028486.016,45.39348387,-75.69603935,2452
20--2947,2/27/2020,1:15 PM,BANK ST @ WALKLEY RD (0011423),11423,02 - Intersection related,03 - P.D. only,07 - SMV other,03 - Snow,01 - Daylight,05 - Packed snow,01 - Traffic signal,01 - Functioning,1,0,0,0,,0,,,,,370337.8575,5025947.723,45.37040758,-75.66330337,2453
20--2948,2/27/2020,1:21 PM,MAITLAND AVE/HWY 417 MAITLAND IC126R53 @ HWY 4 (0008229),8229,03 - At intersection,03 - P.D. only,05 - Turning movement,03 - Snow,01 - Daylight,02 - Wet,01 - Traffic signal,01 - Functioning,2,0,0,0,,0,,,,,363229.6847,5025774.515,45.36947776,-75.75406296,2454
20--2949,2/27/2020,1:38 PM,HIGHWAY 417 btwn HWY417 IC110 RAMP55 & HWY417 IC104 RAMP51 (__3ZA2W8),__3ZA2W8,01 - Non intersection,02 - Non-fatal injury,07 - SMV other,03 - Snow,01 - Daylight,04 - Slush,10 - No control,,1,0,0,0,02 - Minor,1,,1,,,377557.9632,5026489.759,45.37457215,-75.57105878,2455
20--295,1/7/2020,9:40 AM,HIGHLAND AVE btwn PRINCETON AVE & AVONDALE AVE (__3ZBOO4),__3ZBOO4,01 - Non intersection,03 - P.D. only,07 - SMV other,01 - Clear,01 - Daylight,05 - Packed snow,10 - No control,,1,0,0,0,,0,,,,,362958.3701,5027406.605,45.38418566,-75.75733416,2456
20--2950,2/27/2020,1:40 PM,LAURIER AVE   W btwn LYON ST N & KENT ST (__3ZA3CQ),__3ZA3CQ,04 - At/near private drive,02 - Non-fatal injury,02 - Angle,03 - Snow,01 - Daylight,05 - Packed snow,10 - No control,,2,0,0,0,01 - Minimal,1,1,,,,367263.6025,5031133.721,45.41735053,-75.7018907,2457
20--2951,2/27/2020,1:44 PM,REGIONAL ROAD 174 btwn OR174 IC105 RAMP16 & OR174 IC105 RAMP26 (__3ZA1PU),__3ZA1PU,01 - Non intersection,03 - P.D. only,99 - Other,03 - Snow,01 - Daylight,03 - Loose snow,10 - No control,,2,0,0,0,,0,,,,,379133.7776,5036878.626,45.46787874,-75.54937478,2458
20--2952,2/27/2020,1:49 PM,BASELINE RD @ MERIVALE RD (0002342),2342,02 - Intersection related,03 - P.D. only,03 - Rear end,03 - Snow,01 - Daylight,04 - Slush,01 - Traffic signal,01 - Functioning,2,0,0,0,,0,,,,,365054.693,5025325.519,45.36528324,-75.730821,2459
20--2953,2/27/2020,10:00 AM,HIGHWAY 417 btwn RAMP & HWY417 IC145 RAMP55 (__3ZA2Q1),__3ZA2Q1,01 - Non intersection,03 - P.D. only,07 - SMV other,01 - Clear,01 - Daylight,05 - Packed snow,10 - No control,,1,0,0,0,,0,,,,,346057.0759,5014780.769,45.27177365,-75.97420004,2460
20--2954,2/27/2020,10:08 AM,HUNT CLUB RD @ BRIDLE PATH DR/DAZE ST (0008214),8214,03 - At intersection,03 - P.D. only,01 - Approaching,03 - Snow,01 - Daylight,03 - Loose snow,01 - Traffic signal,01 - Functioning,2,0,0,0,,0,,,,,371291.7239,5023864.501,45.35157359,-75.65140732,2461
20--2955,2/27/2020,10:26 AM,HUNT CLUB RD btwn RIVERSIDE DR & LINDBERGH PRIV (__4B3PLN),__4B3PLN,01 - Non intersection,03 - P.D. only,99 - Other,03 - Snow,01 - Daylight,03 - Loose snow,10 - No control,,2,0,0,0,,0,,,,,368247.3035,5022063.174,45.33564769,-75.69048842,2462
20--2956,2/27/2020,10:38 AM,BRONSON AVE @ FINDLAY AVE (0007220),7220,03 - At intersection,02 - Non-fatal injury,07 - SMV other,03 - Snow,01 - Daylight,03 - Loose snow,02 - Stop sign,01 - Functioning,1,0,0,0,01 - Minimal,1,1,,,,367728.705,5028661.556,45.39506506,-75.69626411,2463
20--2957,2/27/2020,10:40 AM,635 E OF HUNTMAR DR/IBER RD @ HAZELDEAN RD (0013519),13519,03 - At intersection,03 - P.D. only,04 - Sideswipe,01 - Clear,01 - Daylight,03 - Loose snow,01 - Traffic signal,01 - Functioning,2,0,0,0,,0,,,,,351410.32,5016506.602,45.28696877,-75.90581713,2464
20--2958,2/27/2020,10:45 AM,CRESTWAY DR @ LEIKIN DR (0009767),9767,02 - Intersection related,03 - P.D. only,04 - Sideswipe,03 - Snow,01 - Daylight,08 - Loose sand or gravel,02 - Stop sign,01 - Functioning,2,0,0,0,,0,,,,,366939.3961,5016514.562,45.28583903,-75.70786993,2465
20--2959,2/27/2020,10:45 PM,HWY417 IC140 RAMP25 btwn TERRY FOX DR & HIGHWAY 417 (__3ZAYB5),__3ZAYB5,01 - Non intersection,03 - P.D. only,07 - SMV other,03 - Snow,07 - Dark,06 - Ice,10 - No control,,1,0,0,0,,0,,,,,351117.6563,5018642.955,45.30621161,-75.90934823,2466
20--296,1/8/2020,1:16 PM,RICHMOND RD btwn PERTH ST & CAMBRIAN RD (__3ZAB98),__3ZAB98,01 - Non intersection,03 - P.D. only,07 - SMV other,05 - Drifting Snow,01 - Daylight,03 - Loose snow,10 - No control,,1,0,0,0,,0,,,,,359062.0163,5009229.15,45.22093595,-75.80907537,2467
20--2960,2/27/2020,10:51 AM,RIVER RD btwn NICOLLS ISLAND RD & RIDEAU RD (__3ZA3H5),__3ZA3H5,01 - Non intersection,03 - P.D. only,99 - Other,03 - Snow,01 - Daylight,03 - Loose snow,10 - No control,,2,0,0,0,,0,,,,,367990.0032,5012488.793,45.24952185,-75.6949907,2468
20--2961,2/27/2020,11:00 AM,BANK ST btwn PARK LANE & LYNCH ST (__3ZBPHM),__3ZBPHM,01 - Non intersection,03 - P.D. only,01 - Approaching,03 - Snow,01 - Daylight,03 - Loose snow,10 - No control,,2,0,0,0,,0,,,,,374546.5727,5022488.316,45.33887508,-75.61006667,2469
20--2962,2/27/2020,11:00 AM,ALTA VISTA DR @ BANK ST (0011318),11318,02 - Intersection related,03 - P.D. only,03 - Rear end,03 - Snow,01 - Daylight,05 - Packed snow,01 - Traffic signal,01 - Functioning,2,0,0,0,,0,,,,,370248.0703,5026200.731,45.37269245,-75.664416,2470
20--2963,2/27/2020,11:00 PM,HUNTMAR DR btwn PALLADIUM DR & MAPLE GROVE RD (__3ZA1EH),__3ZA1EH,01 - Non intersection,03 - P.D. only,99 - Other,01 - Clear,07 - Dark,03 - Loose snow,10 - No control,,2,0,0,0,,0,,,,,350218.5129,5016767.622,45.28939553,-75.92098546,2471
20--2964,2/27/2020,11:10 AM,REGIONAL ROAD 174 btwn OR174 IC102 RAMP26 & REGIONAL ROAD 174 (__3ZA1SH),__3ZA1SH,06 - Underpass or tunnel,03 - P.D. only,07 - SMV other,03 - Snow,01 - Daylight,03 - Loose snow,10 - No control,,1,0,0,0,,0,,,,,381570.0443,5038249.26,45.47994702,-75.51800869,2472
20--2965,2/27/2020,11:20 PM,HIGHWAY 417 btwn RAMP & HWY417 IC88 RAMP51 (__3ZA2W2),__3ZA2W2,01 - Non intersection,02 - Non-fatal injury,04 - Sideswipe,05 - Drifting Snow,07 - Dark,06 - Ice,10 - No control,,3,0,0,0,01 - Minimal,1,1,,,,391433.7453,5023081.841,45.34233311,-75.39452678,2473
20--2966,2/27/2020,11:27 PM,QUEEN ELIZABETH DRWY @ SECOND AVE (0006911),6911,03 - At intersection,03 - P.D. only,02 - Angle,03 - Snow,07 - Dark,05 - Packed snow,02 - Stop sign,00 - Unknown,2,0,0,0,,0,,,,,368819.2825,5029924.918,45.40633352,-75.6821725,2474
20--2967,2/27/2020,11:30 PM,LIMEBANK RD btwn EARL ARMSTRONG RD & RIDEAU RD (__3ZA6L5),__3ZA6L5,01 - Non intersection,03 - P.D. only,07 - SMV other,03 - Snow,07 - Dark,06 - Ice,10 - No control,,1,0,0,0,,0,,,,,370806.7493,5014235.658,45.26498133,-75.65887852,2475