Anom_ID,Accident_Date,Accident_Time,Location,Geo_ID,Accident_Location,Classification_of_Accident,Initial_Impact_Type,Environment_Condition,Light,Road_Surface_Condition,Traffic_Control,Traffic_Control_Condition,No__of_Vehicles,No__of_Bicycles,No__of_Motorcycles,No__of_Pedestrians,Max_Injury,No__of_Injuries,No__of_Minimal,No__of_Minor,No__of_Major,No__of_Fatal,X,Y,Latitude,Longitude,ObjectId
20--2968,2/27/2020,11:39 AM,INNES RD @ STAR TOP RD/WINDMILL LANE (0008734),8734,02 - Intersection related,03 - P.D. only,03 - Rear end,03 - Snow,01 - Daylight,03 - Loose snow,01 - Traffic signal,01 - Functioning,2,0,0,0,,0,,,,,374147.715,5030666.552,45.41249875,-75.61400688,2476
20--2969,2/27/2020,11:53 PM,HUNT CLUB RD @ BRIDLE PATH DR/DAZE ST (0008214),8214,03 - At intersection,03 - P.D. only,02 - Angle,03 - Snow,07 - Dark,05 - Packed snow,01 - Traffic signal,01 - Functioning,2,0,0,0,,0,,,,,371291.7265,5023864.513,45.3515737,-75.65140729,2477
20--297,1/8/2020,1:25 PM,ST. LAURENT BLVD btwn HWY417 IC115 RAMP26 & HWY417 IC115 RAMP51 (__3ZAZEC),__3ZAZEC,01 - Non intersection,03 - P.D. only,04 - Sideswipe,01 - Clear,01 - Daylight,01 - Dry,10 - No control,,2,0,0,0,,0,,,,,372508.0472,5031466.662,45.41985834,-75.63484307,2478
20--2970,2/27/2020,Unknown,WELLINGTON ST    W btwn HAMILTON AVE N & PARKDALE AVE (__3ZA4QX),__3ZA4QX,01 - Non intersection,03 - P.D. only,06 - SMV unattended vehicle,01 - Clear,00 - Unknown,01 - Dry,10 - No control,,1,0,0,0,,0,,,,,365096.6609,5029241.835,45.40051788,-75.72980696,2479
20--2971,2/27/2020,12:00 PM,REGIONAL ROAD 174 btwn OR174 IC102 RAMP26 & REGIONAL ROAD 174 (__3ZA1SH),__3ZA1SH,01 - Non intersection,03 - P.D. only,04 - Sideswipe,03 - Snow,01 - Daylight,04 - Slush,10 - No control,,2,0,0,0,,0,,,,,381526.1884,5038224.758,45.47973139,-75.51857341,2480
20--2972,2/27/2020,12:07 AM,LAVERGNE ST W @ MICHEL CIRC W (0009970),9970,03 - At intersection,03 - P.D. only,02 - Angle,03 - Snow,07 - Dark,03 - Loose snow,02 - Stop sign,01 - Functioning,2,0,0,0,,0,,,,,370014.7235,5034058.607,45.44341645,-75.66635542,2481
20--2973,2/27/2020,12:24 PM,RICHMOND RD @ HOLLY ACRES RD/NANAIMO DR (0001068),1068,02 - Intersection related,02 - Non-fatal injury,03 - Rear end,03 - Snow,01 - Daylight,03 - Loose snow,01 - Traffic signal,01 - Functioning,2,0,0,0,01 - Minimal,2,2,,,,359058.6683,5022748.493,45.34258493,-75.80763992,2482
20--2974,2/27/2020,12:38 PM,COLONEL BY DR btwn HAWTHORNE AVE & MAIN ST (__3ZA218),__3ZA218,01 - Non intersection,02 - Non-fatal injury,04 - Sideswipe,03 - Snow,01 - Daylight,04 - Slush,10 - No control,,2,0,0,1,02 - Minor,1,,1,,,368753.7198,5030627.269,45.41265904,-75.68291884,2483
20--2975,2/27/2020,2:27 PM,HAZELDEAN RD @ SPRINGBROOK DR (0005279),5279,03 - At intersection,03 - P.D. only,05 - Turning movement,03 - Snow,01 - Daylight,02 - Wet,01 - Traffic signal,01 - Functioning,2,0,0,0,,0,,,,,349870.5931,5015110.431,45.27450598,-75.92557117,2484
20--2976,2/27/2020,2:30 AM,BOOTH ST @ SIR JOHN A. MACDONALD PKWY/WELLINGTON ST (0012252),12252,02 - Intersection related,03 - P.D. only,04 - Sideswipe,03 - Snow,07 - Dark,03 - Loose snow,01 - Traffic signal,01 - Functioning,2,0,0,0,,0,,,,,366264.2511,5031006.692,45.41629606,-75.71467423,2485
20--2977,2/27/2020,2:43 PM,KING EDWARD AVE @ ST. PATRICK ST (0002714),2714,03 - At intersection,03 - P.D. only,05 - Turning movement,03 - Snow,01 - Daylight,03 - Loose snow,01 - Traffic signal,01 - Functioning,2,0,0,0,,0,,,,,368248.7114,5032823.585,45.4324667,-75.68908736,2486
20--2978,2/27/2020,2:56 PM,GREENBANK RD btwn WEST HUNT CLUB RD & FALLOWFIELD RD (__3ZA1NE),__3ZA1NE,01 - Non intersection,03 - P.D. only,07 - SMV other,03 - Snow,01 - Daylight,05 - Packed snow,10 - No control,,1,0,0,0,,0,,,,,362798.7771,5017383.937,45.29401555,-75.76054679,2487
20--2979,2/27/2020,3:00 PM,BASELINE RD @ GREENBANK RD (0002357),2357,02 - Intersection related,03 - P.D. only,04 - Sideswipe,03 - Snow,01 - Daylight,03 - Loose snow,01 - Traffic signal,01 - Functioning,2,0,0,0,,0,,,,,360597.6877,5022584.487,45.34098848,-75.78802148,2488
20--298,1/8/2020,1:26 PM,HIGHWAY 417 btwn HWY417 IC126 RAMP61 & HWY417 IC124 RAMP76 (__3ZA2Y2),__3ZA2Y2,01 - Non intersection,03 - P.D. only,03 - Rear end,01 - Clear,01 - Daylight,01 - Dry,10 - No control,,2,0,0,0,,0,,,,,363731.38,5026611.663,45.37696829,-75.74755878,2489
20--2980,2/27/2020,3:00 PM,JOHNSTON RD @ ZAIDAN DR (0008978),8978,02 - Intersection related,03 - P.D. only,03 - Rear end,03 - Snow,01 - Daylight,05 - Packed snow,02 - Stop sign,01 - Functioning,2,0,0,0,,0,,,,,372796.5604,5025722.023,45.36814258,-75.63194867,2490
20--2981,2/27/2020,3:01 PM,ALBERT ST @ ELGIN ST/MACKENZIE KING BRIDGE (0002226),2226,03 - At intersection,03 - P.D. only,05 - Turning movement,03 - Snow,01 - Daylight,03 - Loose snow,01 - Traffic signal,01 - Functioning,2,0,0,0,,0,,,,,367850.7066,5031711.579,45.42249725,-75.69431596,2491
20--2982,2/27/2020,3:10 PM,BANK ST @ WALKLEY RD (0011423),11423,02 - Intersection related,03 - P.D. only,03 - Rear end,03 - Snow,01 - Daylight,03 - Loose snow,01 - Traffic signal,01 - Functioning,2,0,0,0,,0,,,,,370337.8459,5025947.735,45.37040769,-75.66330351,2492
20--2983,2/27/2020,3:20 PM,FALK AVE btwn KNOLLSBROOK DR & FOXFIELD DR (__3ZABLQ),__3ZABLQ,01 - Non intersection,03 - P.D. only,06 - SMV unattended vehicle,03 - Snow,01 - Daylight,03 - Loose snow,10 - No control,,1,0,0,0,,0,,,,,363432.4085,5016280.968,45.28403845,-75.75259938,2493
20--2984,2/27/2020,3:45 PM,LESTER RD btwn ALBION RD & UPLANDS DR (__3ZA2SC),__3ZA2SC,01 - Non intersection,03 - P.D. only,07 - SMV other,03 - Snow,01 - Daylight,05 - Packed snow,10 - No control,,1,0,0,0,,0,,,,,372609.1949,5022282.356,45.33721185,-75.63481205,2494
20--2985,2/27/2020,3:50 PM,CONDUCTOR AVE btwn HOBIN ST & BEVERLY ST (__3ZACOC),__3ZACOC,01 - Non intersection,03 - P.D. only,06 - SMV unattended vehicle,01 - Clear,01 - Daylight,03 - Loose snow,10 - No control,,1,0,0,0,,0,,,,,349457.2877,5013733.357,45.26214095,-75.93096235,2495
20--2986,2/27/2020,3:55 PM,CEDARVIEW RD btwn CAMBRIAN RD & BARNSDALE RD (__3ZA1T5),__3ZA1T5,01 - Non intersection,03 - P.D. only,01 - Approaching,03 - Snow,01 - Daylight,04 - Slush,10 - No control,,2,0,0,0,,0,,,,,364023.1757,5010060.084,45.22801316,-75.74581075,2496
20--2987,2/27/2020,4:00 PM,KENNEVALE DR @ STRANDHERD DR (0010896),10896,02 - Intersection related,03 - P.D. only,03 - Rear end,03 - Snow,01 - Daylight,04 - Slush,01 - Traffic signal,01 - Functioning,2,0,0,0,,0,,,,,361491.8564,5014099.545,45.26456903,-75.77758312,2497
20--2988,2/27/2020,4:10 PM,AGATHA ST btwn PENELOPE ST & LISBON ST (__4NBCGR),__4NBCGR,04 - At/near private drive,03 - P.D. only,06 - SMV unattended vehicle,03 - Snow,01 - Daylight,04 - Slush,10 - No control,,1,0,0,0,,0,,,,,385494.96,5038079.48,45.4779769,-75.46783968,2498
20--2989,2/27/2020,4:13 AM,HIGHWAY 417 btwn HWY417 IC163 RAMP15 & HWY417 IC155 RAMP51 (__3ZAZNS),__3ZAZNS,01 - Non intersection,03 - P.D. only,03 - Rear end,03 - Snow,07 - Dark,03 - Loose snow,10 - No control,,3,0,0,0,,0,,,,,335525.5835,5020348.924,45.32241796,-76.10806972,2499
20--299,1/8/2020,1:45 PM,HIGHWAY 416 btwn HWY416 IC66 RAMP53 & HWY416 IC57 RAMP34 (__3ZAZLC),__3ZAZLC,01 - Non intersection,02 - Non-fatal injury,07 - SMV other,01 - Clear,01 - Daylight,01 - Dry,10 - No control,,1,0,0,0,02 - Minor,1,,1,,,362614.7687,5011841.158,45.24415648,-75.76353789,2500
20--2990,2/27/2020,4:15 PM,BLACKBURN BYPASS EB btwn 1700 W OF NAVAN RD & NAVAN RD (__3ZA3J6B),__3ZA3J6B,01 - Non intersection,03 - P.D. only,07 - SMV other,03 - Snow,01 - Daylight,04 - Slush,10 - No control,,1,0,0,0,,0,,,,,378506.0339,5032571.663,45.42919423,-75.55804691,2501
20--2991,2/27/2020,4:26 PM,ANDERSON RD @ RIDGE RD (0003631),3631,03 - At intersection,02 - Non-fatal injury,02 - Angle,03 - Snow,01 - Daylight,03 - Loose snow,02 - Stop sign,01 - Functioning,2,0,0,0,02 - Minor,1,,1,,,379029.7687,5028508.527,45.39258142,-75.55196643,2502
20--2992,2/27/2020,4:57 AM,HWY417 IC142 RAMP25 btwn PALLADIUM DR & HIGHWAY 417 (__3ZAY5D),__3ZAY5D,01 - Non intersection,03 - P.D. only,04 - Sideswipe,03 - Snow,07 - Dark,03 - Loose snow,10 - No control,,2,0,0,0,,0,,,,,349382.9878,5017612.205,45.29704886,-75.93156064,2503
20--2993,2/27/2020,4:58 PM,ROCKDALE RD @ RUSSLAND RD/HIGHWAY LANE (0012437),12437,02 - Intersection related,03 - P.D. only,03 - Rear end,03 - Snow,01 - Daylight,05 - Packed snow,02 - Stop sign,01 - Functioning,2,0,0,0,,0,,,,,395330.877,5022984.435,45.34096467,-75.34482594,2504
20--2994,2/27/2020,5:08 PM,HUNTMAR DR btwn PALLADIUM DR & MAPLE GROVE RD (__3ZA1EH),__3ZA1EH,01 - Non intersection,02 - Non-fatal injury,03 - Rear end,03 - Snow,01 - Daylight,03 - Loose snow,10 - No control,,3,0,0,0,01 - Minimal,3,3,,,,350011.1848,5016996.045,45.29146432,-75.92360761,2505
20--2995,2/27/2020,5:15 PM,CHECKERS RD btwn CALDER AVE & FIELD ST (__3ZBOMJ),__3ZBOMJ,04 - At/near private drive,03 - P.D. only,06 - SMV unattended vehicle,03 - Snow,01 - Daylight,03 - Loose snow,10 - No control,,1,0,0,0,,0,,,,,362408.4998,5024391.111,45.35709799,-75.76470694,2506
20--2996,2/27/2020,5:15 PM,HUNTMAR DR btwn PALLADIUM DR & MAPLE GROVE RD (__3ZA1EH),__3ZA1EH,01 - Non intersection,03 - P.D. only,07 - SMV other,03 - Snow,05 - Dusk,03 - Loose snow,10 - No control,,1,0,0,0,,0,,,,,349758.4759,5017273.804,45.2939799,-75.92680403,2507
20--2997,2/27/2020,5:21 AM,VIEWMOUNT DR @ MERIVALE RD (0001528),1528,02 - Intersection related,03 - P.D. only,07 - SMV other,03 - Snow,07 - Dark,03 - Loose snow,01 - Traffic signal,01 - Functioning,1,0,0,0,,0,,,,,365193.6899,5022948.493,45.34388315,-75.72933718,2508
20--2998,2/27/2020,5:30 AM,HIGHWAY 417 btwn HWY417 IC126 RAMP61 & HWY417 IC124 RAMP76 (__3ZA2Y2),__3ZA2Y2,01 - Non intersection,03 - P.D. only,99 - Other,03 - Snow,07 - Dark,06 - Ice,10 - No control,,2,0,0,0,,0,,,,,364080.5052,5027084.67,45.38119488,-75.74304472,2509
20--2999,2/27/2020,5:48 PM,GREENBANK RD @ STRANDHERD DR (0005563),5563,02 - Intersection related,03 - P.D. only,03 - Rear end,03 - Snow,07 - Dark,04 - Slush,01 - Traffic signal,01 - Functioning,2,0,0,0,,0,,,,,363933.6887,5014784.42,45.27053051,-75.74638828,2510
20--30,1/2/2020,12:01 PM,GREENFIELD AVE btwn HAVELOCK ST & MONTCALM ST (__3ZA3CI),__3ZA3CI,01 - Non intersection,03 - P.D. only,06 - SMV unattended vehicle,01 - Clear,01 - Daylight,03 - Loose snow,10 - No control,,1,0,0,0,,0,,,,,368973.6943,5030907.44,45.41515978,-75.68007222,2511
20--300,1/8/2020,11:30 AM,CYRVILLE RD @ LABRIE AVE (0012383),12383,03 - At intersection,02 - Non-fatal injury,02 - Angle,01 - Clear,01 - Daylight,01 - Dry,02 - Stop sign,01 - Functioning,2,0,0,0,02 - Minor,3,2,1,,,373401.7352,5031681.55,45.42170473,-75.62339516,2512
20--3000,2/27/2020,6:05 AM,HIGHWAY 417 btwn HWY417 IC127 RAMP67 & HWY417 IC126 RAMP16 (__3ZA2X0),__3ZA2X0,01 - Non intersection,03 - P.D. only,04 - Sideswipe,03 - Snow,07 - Dark,03 - Loose snow,10 - No control,,2,0,0,0,,0,,,,,362334.3205,5025015.658,45.36272371,-75.76558096,2513
20--3001,2/27/2020,6:25 AM,HIGHWAY 417 btwn HWY417 IC127 RAMP63 & HWY417 IC127 RAMP67 (__3ZA2RF),__3ZA2RF,01 - Non intersection,03 - P.D. only,03 - Rear end,03 - Snow,03 - Dawn,03 - Loose snow,10 - No control,,2,0,0,0,,0,,,,,362126.7034,5024854.407,45.36128979,-75.76824965,2514
20--3002,2/27/2020,6:45 PM,WILLOWBARK DR btwn SANSONNET ST & DES TREFLIERES GDN (__3ZBO3T),__3ZBO3T,01 - Non intersection,03 - P.D. only,06 - SMV unattended vehicle,03 - Snow,07 - Dark,05 - Packed snow,10 - No control,,1,0,0,0,,0,,,,,379954.5242,5034684.368,45.44804865,-75.53921542,2515
20--3003,2/27/2020,6:50 AM,SMYTH RD @ RIVERSIDE HOSPITAL (0009069),9069,02 - Intersection related,03 - P.D. only,03 - Rear end,04 - Freezing Rain,03 - Dawn,06 - Ice,01 - Traffic signal,01 - Functioning,3,0,0,0,,0,,,,,369987.8742,5029120.142,45.39898459,-75.66735203,2516
20--3004,2/27/2020,6:53 AM,HOCHELAGA ST @ MONTREAL RD (0007649),7649,02 - Intersection related,03 - P.D. only,04 - Sideswipe,03 - Snow,03 - Dawn,03 - Loose snow,02 - Stop sign,00 - Unknown,2,0,0,0,,0,,,,,372970.7165,5034467.598,45.44681433,-75.62851638,2517
20--3005,2/27/2020,6:57 AM,CONROY RD @ JOHNSTON RD (0011908),11908,02 - Intersection related,03 - P.D. only,07 - SMV other,03 - Snow,03 - Dawn,03 - Loose snow,01 - Traffic signal,01 - Functioning,1,0,0,0,,0,,,,,373396.8056,5026308.459,45.3733606,-75.62420534,2518
20--3006,2/27/2020,7:00 AM,MAITLAND AVE btwn GARFIELD AVE & AGINCOURT RD (__3ZA4IG),__3ZA4IG,01 - Non intersection,03 - P.D. only,04 - Sideswipe,03 - Snow,03 - Dawn,03 - Loose snow,10 - No control,,2,0,0,0,,0,,,,,363389.7574,5025510.989,45.36709322,-75.75205083,2519
20--3007,2/27/2020,7:00 AM,INNOVATION DR btwn FLAMBOROUGH WAY & FLAMBOROUGH WAY (__3G5TW2),__3G5TW2,04 - At/near private drive,03 - P.D. only,02 - Angle,03 - Snow,03 - Dawn,03 - Loose snow,10 - No control,,2,0,0,0,,0,,,,,349547.3689,5022474.995,45.34079513,-75.92902555,2520
20--3008,2/27/2020,7:00 PM,DES SOLDATS-RIENDEAU ST btwn LAMPREY ST & RIVER MIST RD (e___2HJX),e___2HJX,04 - At/near private drive,03 - P.D. only,06 - SMV unattended vehicle,03 - Snow,07 - Dark,05 - Packed snow,10 - No control,,1,0,0,0,,0,,,,,364830.94,5011722.625,45.2429044,-75.73532441,2521
20--3009,2/27/2020,7:09 AM,BANK ST @ DALMENY RD/MARVELVILLE RD (0001081),1081,02 - Intersection related,03 - P.D. only,07 - SMV other,03 - Snow,03 - Dawn,03 - Loose snow,02 - Stop sign,01 - Functioning,1,0,0,0,,0,,,,,385828.7728,5004368.337,45.17463089,-75.46908749,2522
20--301,1/8/2020,Unknown,CONROY RD S @ DAVIDSON RD (0013695),13695,02 - Intersection related,03 - P.D. only,03 - Rear end,04 - Freezing Rain,07 - Dark,06 - Ice,02 - Stop sign,00 - Unknown,2,0,0,0,,0,,,,,374593.746,5023467.508,45.34768076,-75.60932669,2523
20--3010,2/27/2020,7:10 PM,BRIAN COBURN BLVD @ TRIM RD (0015655),15655,03 - At intersection,03 - P.D. only,02 - Angle,03 - Snow,07 - Dark,06 - Ice,11 - Roundabout,01 - Functioning,2,0,0,0,,0,,,,,387159.8738,5035824.92,45.45749831,-75.44692535,2524
20--3011,2/27/2020,7:25 AM,ROCKCLIFFE PKWY btwn GL/OT BOUNDARY & ST. JOSEPH BLVD (__3ZA21V),__3ZA21V,01 - Non intersection,03 - P.D. only,01 - Approaching,03 - Snow,01 - Daylight,03 - Loose snow,10 - No control,,2,0,0,0,,0,,,,,377121.859,5037175.033,45.47075682,-75.57505737,2525
20--3012,2/27/2020,7:26 AM,CARLING AVE EB btwn MERIVALE RD EXTENSION & VISCOUNT AVE (__3ZA26Q),__3ZA26Q,01 - Non intersection,03 - P.D. only,03 - Rear end,03 - Snow,03 - Dawn,05 - Packed snow,10 - No control,,2,0,0,0,,0,,,,,364994.1547,5027762.449,45.3872155,-75.73129669,2526
20--3013,2/27/2020,7:30 AM,WEST HUNT CLUB RD @ CLEOPATRA DR/LANCELOT DR (0000114),114,02 - Intersection related,03 - P.D. only,03 - Rear end,03 - Snow,01 - Daylight,03 - Loose snow,01 - Traffic signal,01 - Functioning,2,0,0,0,,0,,,,,365235.7006,5021732.492,45.33293811,-75.72894966,2527
20--3014,2/27/2020,7:36 AM,LEITRIM RD btwn FARMERS WAY & FOUBERT CRT (__3ZA2BE),__3ZA2BE,07 - Overpass or bridge,02 - Non-fatal injury,07 - SMV other,03 - Snow,01 - Daylight,03 - Loose snow,10 - No control,,1,0,0,0,02 - Minor,1,,1,,,381490.7678,5025620.431,45.36633114,-75.52098863,2528
20--3015,2/27/2020,7:40 AM,CARP RD btwn RICHARDSON SIDE RD & HWY417 IC144 RAMP62 (__3ZA3FS),__3ZA3FS,01 - Non intersection,03 - P.D. only,01 - Approaching,03 - Snow,01 - Daylight,04 - Slush,10 - No control,,2,0,0,0,,0,,,,,346717.7078,5016580.316,45.28792761,-75.96562901,2529
20--3016,2/27/2020,7:40 AM,INDUSTRIAL AVE @ RIVERSIDE DR (0011905),11905,02 - Intersection related,03 - P.D. only,03 - Rear end,03 - Snow,01 - Daylight,04 - Slush,01 - Traffic signal,01 - Functioning,2,0,0,0,,0,,,,,370684.7175,5030592.547,45.41216749,-75.65825544,2530
20--3017,2/27/2020,7:40 AM,KING EDWARD AVE @ RIDEAU ST (0002121),2121,02 - Intersection related,03 - P.D. only,03 - Rear end,03 - Snow,01 - Daylight,04 - Slush,01 - Traffic signal,01 - Functioning,2,0,0,0,,0,,,,,368511.6989,5032413.594,45.42875384,-75.68577961,2531
20--3018,2/27/2020,7:40 AM,CARLING AVE EB btwn TAVISTOCK RD & CONNAUGHT AVE (__3ZA4V6),__3ZA4V6,01 - Non intersection,03 - P.D. only,03 - Rear end,03 - Snow,01 - Daylight,03 - Loose snow,10 - No control,,2,0,0,0,,0,,,,,360745.2014,5025079.327,45.36342522,-75.78585707,2532
20--3019,2/27/2020,7:45 AM,CEDARVIEW RD @ WEST HUNT CLUB RD (0010267),10267,02 - Intersection related,02 - Non-fatal injury,03 - Rear end,03 - Snow,01 - Daylight,03 - Loose snow,01 - Traffic signal,01 - Functioning,2,0,0,0,01 - Minimal,1,1,,,,359718.6755,5019554.475,45.31379369,-75.79957293,2533
20--3560,3/10/2020,3:30 PM,WELLINGTON ST    W btwn PARKDALE AVE & MCCORMICK ST (__3ZA3ZR),__3ZA3ZR,01 - Non intersection,03 - P.D. only,04 - Sideswipe,01 - Clear,01 - Daylight,01 - Dry,10 - No control,,2,0,0,0,,0,,,,,365157.746,5029275.075,45.4008117,-75.7290227,2534
20--3117,2/28/2020,8:47 AM,PRINCE OF WALES DR btwn FALLOWFIELD RD & AMBERWOOD CRES (__3ZA27I),__3ZA27I,01 - Non intersection,03 - P.D. only,01 - Approaching,03 - Snow,01 - Daylight,06 - Ice,10 - No control,,2,0,0,0,,0,,,,,367362.1949,5019671.234,45.31420488,-75.70208245,2535
20--339,1/9/2020,10:34 PM,RIVERSIDE DR @ TREMBLAY RD/HWY417 IC117 RAMP52 (0010790),10790,02 - Intersection related,03 - P.D. only,03 - Rear end,01 - Clear,07 - Dark,01 - Dry,01 - Traffic signal,01 - Functioning,2,0,0,0,,0,,,,,370802.0705,5031015.923,45.41596579,-75.6566996,2536
20--3561,3/10/2020,3:30 PM,HIGHWAY 417 btwn HWY417 IC124 RAMP55 & HWY417 IC124 RAMP65 (__3ZAZPV),__3ZAZPV,01 - Non intersection,03 - P.D. only,03 - Rear end,01 - Clear,01 - Daylight,01 - Dry,10 - No control,,3,0,0,0,,0,,,,,364550.3375,5027667.93,45.38640303,-75.73697535,2537
20--348,1/9/2020,2:42 PM,FLEWELLYN RD btwn FAULKNER TR & EAGLESON RD (__3ZABGQ),__3ZABGQ,01 - Non intersection,03 - P.D. only,07 - SMV other,03 - Snow,01 - Daylight,03 - Loose snow,10 - No control,,1,0,0,0,,0,,,,,354054.3848,5013126.148,45.25637026,-75.8724482,2538
20--3390,3/6/2020,5:15 PM,BANK ST @ LAURIER AVE (0002221),2221,02 - Intersection related,03 - P.D. only,04 - Sideswipe,03 - Snow,01 - Daylight,02 - Wet,01 - Traffic signal,01 - Functioning,2,0,0,0,,0,,,,,367480.6957,5031265.598,45.4185177,-75.69910036,2539
20--3118,2/28/2020,8:58 AM,BLAIR RD @ OGILVIE RD (0004120),4120,02 - Intersection related,03 - P.D. only,03 - Rear end,01 - Clear,01 - Daylight,06 - Ice,01 - Traffic signal,01 - Functioning,2,0,0,0,,0,,,,,374507.7177,5033198.573,45.43524476,-75.60904971,2540
20--3562,3/10/2020,3:45 PM,DWYER HILL RD btwn FRANKTOWN RD & JOCK TR (__3ZBOB8),__3ZBOB8,01 - Non intersection,03 - P.D. only,07 - SMV other,01 - Clear,01 - Daylight,02 - Wet,10 - No control,,1,0,0,0,,0,,,,,349042.0109,4997973.693,45.12035404,-75.93765199,2541
20--3391,3/6/2020,5:57 AM,PARKDALE AVE @ HWY 417 PARKDAL IC122R15/HWY 41 (0002363),2363,03 - At intersection,03 - P.D. only,05 - Turning movement,03 - Snow,03 - Dawn,02 - Wet,01 - Traffic signal,01 - Functioning,2,0,0,0,,0,,,,,365336.704,5028845.559,45.39693156,-75.72678971,2542
20--3480,3/7/2020,9:34 PM,STRANDHERD DR @ LONGFIELDS DR (0010935),10935,03 - At intersection,03 - P.D. only,04 - Sideswipe,01 - Clear,07 - Dark,01 - Dry,01 - Traffic signal,01 - Functioning,2,0,0,0,,0,,,,,364548.8088,5015173.323,45.27397786,-75.73850295,2543
20--3119,2/28/2020,9:15 AM,ALBION RD btwn HIGH RD/EARL ARMSTRONG RD & 210 S OF HIGH RD/EARL ARMST (__3ZA3S0A),__3ZA3S0A,04 - At/near private drive,03 - P.D. only,02 - Angle,01 - Clear,01 - Daylight,01 - Dry,10 - No control,,2,0,0,0,,0,,,,,374677.4514,5017630.038,45.29514905,-75.60908224,2544
20--2754,2/22/2020,3:23 PM,HWY 417 INNES IC112R58 @ INNES RD (0012295),12295,02 - Intersection related,03 - P.D. only,03 - Rear end,01 - Clear,01 - Daylight,01 - Dry,03 - Yield sign,01 - Functioning,2,0,0,0,,0,,,,,374225.6866,5030711.018,45.4128911,-75.61300457,2545
20--3392,3/6/2020,6:29 PM,MARCH RD btwn TALL FOREST DR & HUNTMAR DR (__3ZA3FN),__3ZA3FN,01 - Non intersection,03 - P.D. only,07 - SMV other,01 - Clear,07 - Dark,01 - Dry,10 - No control,,1,0,0,0,,0,,,,,343995.1897,5023412.565,45.34956388,-75.99979391,2546
20--3481,3/8/2020,1:04 AM,BYWARD MARKET @ CLARENCE ST (0008510),8510,03 - At intersection,02 - Non-fatal injury,07 - SMV other,01 - Clear,07 - Dark,01 - Dry,02 - Stop sign,01 - Functioning,1,0,0,1,03 - Major,1,,,1,,367888.7013,5032406.607,45.42874745,-75.69374147,2547
20--312,1/8/2020,4:20 PM,CONROY RD btwn LYNCH ST & BRADDISH ST (__3ZA3SV),__3ZA3SV,01 - Non intersection,03 - P.D. only,07 - SMV other,01 - Clear,01 - Daylight,01 - Dry,10 - No control,,1,0,0,0,,0,,,,,374949.8342,5022614.552,45.3399707,-75.60490398,2548
20--3563,3/10/2020,3:52 PM,STRANDHERD DR @ 210 W OF WOODROFFE AVE (0010890),10890,03 - At intersection,02 - Non-fatal injury,07 - SMV other,02 - Rain,01 - Daylight,02 - Wet,01 - Traffic signal,01 - Functioning,1,0,0,1,01 - Minimal,1,1,,,,365924.3402,5015321.482,45.27519277,-75.72095521,2549
20--2755,2/22/2020,3:30 PM,RIVERSIDE DR RAMP 34 @ RIVERSIDE DR (0010857),10857,02 - Intersection related,03 - P.D. only,03 - Rear end,01 - Clear,01 - Daylight,02 - Wet,03 - Yield sign,00 - Unknown,3,0,0,0,,0,,,,,368340.0928,5027182.893,45.38170527,-75.68864652,2550
20--3393,3/6/2020,6:31 AM,HERZBERG RD @ CARLING AVE (0003193),3193,02 - Intersection related,03 - P.D. only,04 - Sideswipe,03 - Snow,01 - Daylight,06 - Ice,01 - Traffic signal,01 - Functioning,2,0,0,0,,0,,,,,352037.6095,5022300.499,45.33906172,-75.89726857,2551
20--3564,3/10/2020,3:55 PM,WOODROFFE AVE btwn GEORGINA DR & HWY417 IC127 RAMP36 (__3ZA4L6),__3ZA4L6,04 - At/near private drive,03 - P.D. only,02 - Angle,01 - Clear,01 - Daylight,01 - Dry,10 - No control,,2,0,0,0,,0,,,,,362005.8618,5025131.241,45.36379059,-75.76975997,2552
20--3120,2/28/2020,9:22 AM,CYRVILLE RD @ ST. LAURENT BLVD (0002647),2647,02 - Intersection related,03 - P.D. only,03 - Rear end,03 - Snow,01 - Daylight,06 - Ice,01 - Traffic signal,01 - Functioning,2,0,0,0,,0,,,,,372241.7266,5032111.578,45.42568672,-75.63815738,2553
20--3482,3/8/2020,1:44 AM,STRANDHERD DR @ WOODROFFE AVE (0009688),9688,03 - At intersection,02 - Non-fatal injury,02 - Angle,01 - Clear,07 - Dark,01 - Dry,01 - Traffic signal,01 - Functioning,3,0,0,0,02 - Minor,1,,1,,,366106.1533,5015395.144,45.27583974,-75.71862908,2554
20--3121,2/28/2020,9:39 AM,BRONSON AVE @ SUNNYSIDE AVE/UNIVERSITY RD - CA (0007209),7209,03 - At intersection,02 - Non-fatal injury,05 - Turning movement,01 - Clear,01 - Daylight,04 - Slush,01 - Traffic signal,01 - Functioning,3,0,0,0,01 - Minimal,2,2,,,,367922.7066,5028091.564,45.38991898,-75.69385945,2555
20--3565,3/10/2020,4:00 PM,LIARD ST btwn STITTSVILLE MAIN ST & BASSWOOD AVE (__3ZACN9),__3ZACN9,01 - Non intersection,02 - Non-fatal injury,07 - SMV other,01 - Clear,01 - Daylight,02 - Wet,10 - No control,,1,0,0,1,02 - Minor,1,,1,,,350832.0412,5012748.672,45.2531918,-75.91353692,2556
20--3394,3/6/2020,6:44 PM,HUNT CLUB RD btwn MCCARTHY RD & RAMP (__3ZA36L),__3ZA36L,01 - Non intersection,03 - P.D. only,03 - Rear end,01 - Clear,05 - Dusk,02 - Wet,10 - No control,,2,0,0,0,,0,,,,,370679.3498,5023501.995,45.34836966,-75.65927012,2557