Anom_ID,Accident_Date,Accident_Time,Location,Geo_ID,Accident_Location,Classification_of_Accident,Initial_Impact_Type,Environment_Condition,Light,Road_Surface_Condition,Traffic_Control,Traffic_Control_Condition,No__of_Vehicles,No__of_Bicycles,No__of_Motorcycles,No__of_Pedestrians,Max_Injury,No__of_Injuries,No__of_Minimal,No__of_Minor,No__of_Major,No__of_Fatal,X,Y,Latitude,Longitude,ObjectId
20--2756,2/22/2020,3:37 PM,RIVERSIDE DR NB btwn RIVERSIDE DR SPLIT & DATA CENTRE RD (__5FDUZU),__5FDUZU,04 - At/near private drive,03 - P.D. only,02 - Angle,01 - Clear,01 - Daylight,04 - Slush,10 - No control,,2,0,0,0,,0,,,,,368568.7682,5027370.699,45.38337432,-75.68570257,2558
20--3483,3/8/2020,1:44 PM,BOYER RD btwn NOTRE DAME ST & LOIRE DR (__3ZA6EP),__3ZA6EP,04 - At/near private drive,03 - P.D. only,06 - SMV unattended vehicle,01 - Clear,01 - Daylight,01 - Dry,10 - No control,,1,0,0,0,,0,,,,,380484.6802,5036651.688,45.46569185,-75.53213603,2559
20--3566,3/10/2020,4:00 PM,HIGHWAY 417 btwn HWY417 IC121B RAMP51 & HWY417 IC121A RAMP51 (__3ZA2YW),__3ZA2YW,01 - Non intersection,03 - P.D. only,03 - Rear end,01 - Clear,01 - Daylight,01 - Dry,10 - No control,,2,0,0,0,,0,,,,,366981.8516,5029635.569,45.40389569,-75.70567932,2560
20--3122,2/28/2020,9:44 AM,HERON RD RAMP 24 @ HERON RD RAMP 42 (0002520),2520,02 - Intersection related,02 - Non-fatal injury,03 - Rear end,01 - Clear,01 - Daylight,06 - Ice,03 - Yield sign,00 - Unknown,2,0,0,0,01 - Minimal,1,1,,,,368628.6883,5026936.445,45.37946157,-75.68499364,2561
20--3395,3/6/2020,6:50 AM,RIVERSIDE DR btwn GARDENVIEW PRIV & WALKLEY RD (__3ZA2FG),__3ZA2FG,01 - Non intersection,03 - P.D. only,04 - Sideswipe,03 - Snow,01 - Daylight,02 - Wet,10 - No control,,2,0,0,0,,0,,,,,368360.0002,5024697.226,45.35933809,-75.68871218,2562
20--3567,3/10/2020,4:15 PM,PRINCE OF WALES DR btwn BASELINE RD/HERON RD & GREEN VALLEY CRES (__3ZA3G7),__3ZA3G7,01 - Non intersection,03 - P.D. only,04 - Sideswipe,01 - Clear,01 - Daylight,02 - Wet,10 - No control,,2,0,0,0,,0,,,,,366977.5502,5026675.52,45.37726231,-75.70610724,2563
20--3484,3/8/2020,1:51 PM,PINECREST RD @ QUEENSVIEW DR (0002739),2739,02 - Intersection related,03 - P.D. only,04 - Sideswipe,01 - Clear,01 - Daylight,01 - Dry,01 - Traffic signal,01 - Functioning,2,0,0,0,,0,,,,,360346.6719,5023783.494,45.35179705,-75.79108953,2564
20--2757,2/22/2020,4:01 PM,CEDARVIEW RD @ FALLOWFIELD RD (0001603),1603,02 - Intersection related,02 - Non-fatal injury,03 - Rear end,01 - Clear,01 - Daylight,01 - Dry,01 - Traffic signal,01 - Functioning,2,0,0,0,01 - Minimal,1,1,,,,361294.6652,5015664.441,45.27866596,-75.77991766,2565
20--3123,2/29/2020,1:14 PM,LYON ST @ WELLINGTON ST (0002388),2388,03 - At intersection,03 - P.D. only,03 - Rear end,01 - Clear,01 - Daylight,01 - Dry,01 - Traffic signal,01 - Functioning,2,0,0,0,,0,,,,,366935.2668,5031426.158,45.42001102,-75.70604863,2566
20--3396,3/6/2020,6:53 AM,MOODIE DR btwn MCKENNA CASEY DR & CAMBRIAN RD (__3ZA4YZ),__3ZA4YZ,01 - Non intersection,02 - Non-fatal injury,07 - SMV other,03 - Snow,01 - Daylight,04 - Slush,10 - No control,,1,0,0,0,02 - Minor,1,,1,,,360371.0045,5012612.995,45.2512823,-75.79203113,2567
20--3568,3/10/2020,4:20 PM,MOODIE DR @ CORKSTOWN RD (0000577),577,03 - At intersection,03 - P.D. only,05 - Turning movement,02 - Rain,01 - Daylight,02 - Wet,01 - Traffic signal,01 - Functioning,2,0,0,0,,0,,,,,356345.6561,5022761.496,45.34290653,-75.84225522,2568
20--3485,3/8/2020,10:00 PM,DONALD ST @ VANIER PKWY (0007644),7644,02 - Intersection related,03 - P.D. only,99 - Other,01 - Clear,07 - Dark,01 - Dry,01 - Traffic signal,01 - Functioning,2,0,0,0,,0,,,,,370311.7144,5032270.581,45.42730078,-75.6627973,2569
20--3486,3/8/2020,10:17 PM,HAZELDEAN RD btwn SPRINGBROOK DR & HARTIN ST (__3ZA3EN),__3ZA3EN,01 - Non intersection,03 - P.D. only,04 - Sideswipe,01 - Clear,07 - Dark,01 - Dry,10 - No control,,2,0,0,0,,0,,,,,350067.7526,5015288.343,45.27609423,-75.92304226,2570
20--3487,3/8/2020,10:29 AM,FALLOWFIELD RD @ STRANDHERD DR (0005238),5238,02 - Intersection related,03 - P.D. only,03 - Rear end,01 - Clear,01 - Daylight,01 - Dry,01 - Traffic signal,01 - Functioning,2,0,0,0,,0,,,,,360752.216,5014962.165,45.27239019,-75.78691034,2571
20--3488,3/8/2020,Unknown,SPRUCE RIDGE RD btwn MCGEE SIDE RD & MIDVALE DR (__3ZACB4),__3ZACB4,01 - Non intersection,03 - P.D. only,06 - SMV unattended vehicle,01 - Clear,00 - Unknown,05 - Packed snow,10 - No control,,1,0,0,0,,0,,,,,341199.3216,5016653.375,45.28889249,-76.03597008,2572
20--3489,3/8/2020,Unknown,RICHMOND RD btwn WINSTON AVE & CHURCHILL AVE N (__3ZA4OS),__3ZA4OS,01 - Non intersection,03 - P.D. only,06 - SMV unattended vehicle,01 - Clear,00 - Unknown,01 - Dry,10 - No control,,1,0,0,0,,0,,,,,363185.7464,5028264.241,45.39188362,-75.75432942,2573
20--349,1/9/2020,3:05 PM,BLOHM DR btwn JOHNSTON RD & SAI CRES (__3ZA464),__3ZA464,01 - Non intersection,02 - Non-fatal injury,07 - SMV other,01 - Clear,01 - Daylight,01 - Dry,10 - No control,,1,0,0,1,02 - Minor,1,,1,,,374765.7828,5026540.758,45.37531537,-75.60669643,2574
20--3490,3/8/2020,12:04 AM,BANK ST @ HERON RD (0002155),2155,02 - Intersection related,03 - P.D. only,03 - Rear end,01 - Clear,07 - Dark,01 - Dry,01 - Traffic signal,01 - Functioning,2,0,0,0,,0,,,,,369996.1875,5026851.337,45.37856988,-75.66754559,2575
20--3491,3/8/2020,12:08 PM,BASELINE RD @ CENTREPOINTE DR E/HIGHGATE RD (0011468),11468,02 - Intersection related,03 - P.D. only,03 - Rear end,01 - Clear,01 - Daylight,01 - Dry,01 - Traffic signal,01 - Functioning,2,0,0,0,,0,,,,,362061.6869,5023465.507,45.34879788,-75.76924036,2576
20--3492,3/8/2020,12:17 PM,WOODROFFE AVE @ DEERFOX DR/STONEWAY DR (0004601),4601,02 - Intersection related,02 - Non-fatal injury,03 - Rear end,01 - Clear,01 - Daylight,01 - Dry,01 - Traffic signal,01 - Functioning,2,0,0,0,02 - Minor,1,,1,,,365885.6979,5015940.436,45.28076544,-75.7213715,2577
20--3493,3/8/2020,2:50 PM,STRANDHERD DR @ WOODROFFE AVE (0009688),9688,02 - Intersection related,03 - P.D. only,02 - Angle,01 - Clear,01 - Daylight,01 - Dry,01 - Traffic signal,01 - Functioning,2,0,0,0,,0,,,,,366106.1505,5015395.145,45.27583975,-75.71862911,2578
20--3494,3/8/2020,3:48 PM,WELLINGTON ST    W btwn HAMPTON AVE & ROSS AVE (__3ZA4P7),__3ZA4P7,01 - Non intersection,03 - P.D. only,06 - SMV unattended vehicle,01 - Clear,01 - Daylight,02 - Wet,10 - No control,,1,0,0,0,,0,,,,,364494.757,5029013.567,45.39851555,-75.73752226,2579
20--3495,3/8/2020,4:01 AM,HOLLAND AVE @ WELLINGTON ST (0002364),2364,03 - At intersection,02 - Non-fatal injury,02 - Angle,01 - Clear,07 - Dark,01 - Dry,01 - Traffic signal,01 - Functioning,2,0,0,0,02 - Minor,2,,2,,,364929.6992,5029153.555,45.39973792,-75.7319502,2580
20--3496,3/8/2020,4:40 PM,LEITRIM RD btwn 810 W OF HAWTHORNE & BANK ST (__3ZA3SPA),__3ZA3SPA,04 - At/near private drive,03 - P.D. only,05 - Turning movement,01 - Clear,01 - Daylight,01 - Dry,10 - No control,,2,0,0,0,,0,,,,,375393.363,5021641.03,45.33116686,-75.59938422,2581
20--3497,3/8/2020,4:45 PM,CARLING AVE @ RICHMOND RD (0010847),10847,03 - At intersection,03 - P.D. only,05 - Turning movement,01 - Clear,01 - Daylight,01 - Dry,01 - Traffic signal,01 - Functioning,2,0,0,0,,0,,,,,360245.6787,5024781.517,45.36078522,-75.79226642,2582
20--3498,3/8/2020,5:12 PM,BLACKBURN BYPASS EB btwn 1700 W OF NAVAN RD & NAVAN RD (__3ZA3J6B),__3ZA3J6B,01 - Non intersection,03 - P.D. only,99 - Other,01 - Clear,01 - Daylight,01 - Dry,10 - No control,,2,0,0,0,,0,,,,,379391.0796,5033091.289,45.43377563,-75.546659,2583
20--3499,3/8/2020,6:12 PM,BRIAN COBURN BLVD @ FERN CASEY ST (0017234),17234,03 - At intersection,03 - P.D. only,02 - Angle,01 - Clear,05 - Dusk,01 - Dry,11 - Roundabout,01 - Functioning,2,0,0,0,,0,,,,,382289.8384,5033944.239,45.44113458,-75.50948146,2584
20--35,1/2/2020,2:23 AM,SUSSEX DR/PRINCESS AVE @ RIDEAU GATE (0007141),7141,03 - At intersection,03 - P.D. only,07 - SMV other,01 - Clear,07 - Dark,04 - Slush,11 - Roundabout,00 - Unknown,1,0,0,0,,0,,,,,367956.7022,5034163.603,45.44455013,-75.69264711,2585
20--350,1/9/2020,3:46 PM,GREENBANK RD @ MALVERN DR/FOXFIELD DR (0009821),9821,02 - Intersection related,03 - P.D. only,07 - SMV other,01 - Clear,01 - Daylight,06 - Ice,01 - Traffic signal,00 - Unknown,1,0,0,0,,0,,,,,363311.6951,5016194.442,45.28326994,-75.75414821,2586
20--3500,3/8/2020,8:03 PM,ATHANS AVE @ BANK ST (0013005),13005,03 - At intersection,03 - P.D. only,03 - Rear end,01 - Clear,07 - Dark,01 - Dry,02 - Stop sign,00 - Unknown,2,0,0,0,,0,,,,,372795.734,5023866.512,45.35144747,-75.63221449,2587
20--3501,3/8/2020,8:56 AM,ALBERT ST @ KENT ST (OTTAWA) (0003136),3136,03 - At intersection,03 - P.D. only,02 - Angle,01 - Clear,01 - Daylight,01 - Dry,01 - Traffic signal,01 - Functioning,2,0,0,0,,0,,,,,367221.6942,5031319.581,45.41902658,-75.70240258,2588
20--3502,3/9/2020,1:21 PM,WOODROFFE AVE @ KNOXDALE RD/MEDHURST DR (0000519),519,02 - Intersection related,02 - Non-fatal injury,03 - Rear end,01 - Clear,01 - Daylight,01 - Dry,01 - Traffic signal,01 - Functioning,2,0,0,0,02 - Minor,1,,1,,,363419.6967,5021826.493,45.33393798,-75.75210544,2589
20--3503,3/9/2020,11:00 PM,SLACK RD @ VAAN DR (0000203),203,03 - At intersection,03 - P.D. only,02 - Angle,02 - Rain,07 - Dark,02 - Wet,02 - Stop sign,01 - Functioning,2,0,0,0,,0,,,,,364943.6956,5020368.473,45.32068989,-75.73284048,2590
20--3504,3/9/2020,11:09 AM,GREENBANK RD @ JOCKVALE RD (0010360),10360,02 - Intersection related,02 - Non-fatal injury,03 - Rear end,01 - Clear,01 - Daylight,07 - Mud,01 - Traffic signal,01 - Functioning,4,0,0,0,02 - Minor,1,,1,,,364121.6831,5014330.414,45.26642952,-75.74404688,2591
20--3505,3/9/2020,11:51 AM,GLOUCESTER ST btwn O'CONNOR ST & METCALFE ST (__3ZA9UC),__3ZA9UC,01 - Non intersection,03 - P.D. only,06 - SMV unattended vehicle,01 - Clear,01 - Daylight,01 - Dry,10 - No control,,1,0,0,0,,0,,,,,367695.8675,5031302.982,45.41883476,-75.69634651,2592
20--3506,3/9/2020,11:55 AM,CARLING AVE @ SCRIVENS ST (0002720),2720,02 - Intersection related,03 - P.D. only,04 - Sideswipe,01 - Clear,01 - Daylight,01 - Dry,01 - Traffic signal,01 - Functioning,2,0,0,0,,0,,,,,359423.6685,5024258.509,45.35614373,-75.80281593,2593
20--3507,3/9/2020,Unknown,PICKWICK DR btwn KENNEVALE DR & WHEELER ST (__3ZBOJQ),__3ZBOJQ,01 - Non intersection,03 - P.D. only,06 - SMV unattended vehicle,01 - Clear,00 - Unknown,02 - Wet,10 - No control,,1,0,0,0,,0,,,,,362575.8331,5014456.799,45.26769542,-75.76372973,2594
20--3508,3/9/2020,Unknown,OLD INNES RD @ BANTREE ST (0007674),7674,03 - At intersection,03 - P.D. only,05 - Turning movement,01 - Clear,00 - Unknown,01 - Dry,02 - Stop sign,01 - Functioning,2,0,0,0,,0,,,,,373727.7295,5030352.559,45.40971509,-75.61941592,2595
20--3509,3/9/2020,Unknown,FIFTH AVE btwn RALPH ST & MONK ST (__3ZBN6F),__3ZBN6F,01 - Non intersection,03 - P.D. only,06 - SMV unattended vehicle,01 - Clear,00 - Unknown,01 - Dry,10 - No control,,1,0,0,0,,0,,,,,368269.2032,5029322.69,45.40096496,-75.6892764,2596
20--351,1/9/2020,4:10 PM,BANK ST @ BLAIS RD (0009264),9264,02 - Intersection related,03 - P.D. only,04 - Sideswipe,01 - Clear,01 - Daylight,01 - Dry,02 - Stop sign,01 - Functioning,2,0,0,0,,0,,,,,376154.7694,5019727.452,45.31387229,-75.58994729,2597
20--3510,3/9/2020,Unknown,WOODMOUNT CRES btwn CHESTERTON DR & CHESTERTON DR (__3ZAAV0),__3ZAAV0,01 - Non intersection,03 - P.D. only,06 - SMV unattended vehicle,01 - Clear,00 - Unknown,01 - Dry,10 - No control,,1,0,0,0,,0,,,,,365573.9758,5023943.255,45.35280103,-75.72436268,2598
20--3511,3/9/2020,Unknown,PARENT AVE btwn BRUYERE ST & ST. ANDREW ST (__3ZA7BW),__3ZA7BW,01 - Non intersection,03 - P.D. only,06 - SMV unattended vehicle,01 - Clear,00 - Unknown,01 - Dry,10 - No control,,1,0,0,0,,0,,,,,367704.8359,5032740.322,45.43176666,-75.69604837,2599
20--3512,3/9/2020,12:00 PM,METCALFE ST btwn LEWIS ST & WAVERLEY ST (__3ZA3RN),__3ZA3RN,01 - Non intersection,03 - P.D. only,06 - SMV unattended vehicle,01 - Clear,01 - Daylight,01 - Dry,10 - No control,,1,0,0,0,,0,,,,,368141.2322,5030891.037,45.41508804,-75.69070937,2600
20--3513,3/9/2020,12:00 PM,SHOREHAM AVE btwn BENTWORTH CRES & BENTWORTH CRES (__3ZABTY),__3ZABTY,01 - Non intersection,03 - P.D. only,06 - SMV unattended vehicle,01 - Clear,01 - Daylight,01 - Dry,10 - No control,,1,0,0,0,,0,,,,,361505.5764,5021465.565,45.33084764,-75.77656595,2601
20--3514,3/9/2020,12:15 PM,STONEHAVEN DR @ FURLONG CRES E/PINE HILL DR (0002778),2778,03 - At intersection,03 - P.D. only,02 - Angle,01 - Clear,01 - Daylight,01 - Dry,02 - Stop sign,01 - Functioning,2,0,0,0,,0,,,,,355714.4974,5016889.309,45.29011382,-75.85091209,2602
20--3515,3/9/2020,12:30 PM,ST. JOSEPH BLVD @ JEANNE D'ARC BLVD (0012421),12421,03 - At intersection,03 - P.D. only,03 - Rear end,01 - Clear,01 - Daylight,01 - Dry,11 - Roundabout,01 - Functioning,2,0,0,0,,0,,,,,379860.7413,5036471.576,45.46413867,-75.5401414,2603
20--3516,3/9/2020,12:32 PM,INNES RD @ JEANNE D'ARC BLVD/MER BLEUE RD (0012475),12475,03 - At intersection,02 - Non-fatal injury,05 - Turning movement,01 - Clear,01 - Daylight,01 - Dry,01 - Traffic signal,01 - Functioning,2,0,0,0,01 - Minimal,1,1,,,,382637.7663,5035567.558,45.45570119,-75.50477789,2604
20--3517,3/9/2020,2:00 PM,KIRKWOOD AVE @ MERIVALE RD (0002243),2243,02 - Intersection related,03 - P.D. only,04 - Sideswipe,01 - Clear,01 - Daylight,01 - Dry,01 - Traffic signal,01 - Functioning,2,0,0,0,,0,,,,,364853.6994,5026646.54,45.37718681,-75.73322594,2605
20--3518,3/9/2020,2:15 PM,WALKLEY RD btwn BANK ST & BANFF AVE (__3ZA375),__3ZA375,04 - At/near private drive,03 - P.D. only,02 - Angle,01 - Clear,01 - Daylight,01 - Dry,10 - No control,,2,0,0,0,,0,,,,,370396.123,5025981.639,45.37070729,-75.66255509,2606
20--3519,3/9/2020,2:15 PM,HIGHWAY 417 btwn HWY417 IC139 RAMP15 & HWY417 IC138 RAMP51 (__3ZA2QR),__3ZA2QR,01 - Non intersection,03 - P.D. only,07 - SMV other,01 - Clear,01 - Daylight,01 - Dry,10 - No control,,1,0,0,0,,0,,,,,352213.2428,5019634.061,45.31505671,-75.89528304,2607
20--352,1/9/2020,4:22 PM,VANIER PKWY/CRICHTON ST @ BEECHWOOD AVE/ST. PA (0001604),1604,02 - Intersection related,03 - P.D. only,04 - Sideswipe,01 - Clear,05 - Dusk,01 - Dry,01 - Traffic signal,01 - Functioning,2,0,0,0,,0,,,,,369127.8037,5033487.125,45.43835666,-75.67776649,2608
20--3520,3/9/2020,3:00 PM,BRONSON AVE @ CATHERINE ST/RAYMOND ST (0007198),7198,03 - At intersection,03 - P.D. only,02 - Angle,01 - Clear,01 - Daylight,02 - Wet,01 - Traffic signal,01 - Functioning,2,0,0,0,,0,,,,,367252.698,5029796.552,45.40532006,-75.70219944,2609
20--3521,3/9/2020,3:20 PM,HIGHWAY 417 btwn HWY417 IC119A RAMP75 & HWY417 IC118 RAMP57 (__3ZA2R2),__3ZA2R2,01 - Non intersection,03 - P.D. only,03 - Rear end,01 - Clear,01 - Daylight,01 - Dry,10 - No control,,3,0,0,0,,0,,,,,369054.5788,5030765.4,45.41387433,-75.67905741,2610
20--3522,3/9/2020,3:38 PM,GREENBANK RD @ WEST HUNT CLUB RD (0005167),5167,02 - Intersection related,02 - Non-fatal injury,03 - Rear end,01 - Clear,01 - Daylight,01 - Dry,01 - Traffic signal,01 - Functioning,2,0,0,0,01 - Minimal,1,1,,,,361479.6715,5020502.471,45.32218383,-75.77700666,2611
20--3523,3/9/2020,3:45 PM,PINECREST RD btwn HARWOOD AVE & ST. STEPHEN'S ST (__3ZA4M4),__3ZA4M4,01 - Non intersection,03 - P.D. only,04 - Sideswipe,01 - Clear,01 - Daylight,01 - Dry,10 - No control,,2,0,0,0,,0,,,,,360212.9877,5024111.463,45.35475868,-75.79275878,2612
20--3524,3/9/2020,3:49 PM,AIRPORT PARKWAY PRIV btwn Continuation of AIRPORT PARKWAY PRIV & TRACK (__4B3IY6),__4B3IY6,01 - Non intersection,03 - P.D. only,04 - Sideswipe,01 - Clear,01 - Daylight,01 - Dry,10 - No control,,2,0,0,0,,0,,,,,370093.5602,5020667.038,45.32291623,-75.667119,2613
20--3525,3/9/2020,4:09 PM,HIGHWAY 416 btwn HWY416 IC57 RAMP24 & HWY416 IC49 RAMP42 (__3ZAZGI),__3ZAZGI,01 - Non intersection,03 - P.D. only,07 - SMV other,01 - Clear,01 - Daylight,01 - Dry,10 - No control,,1,0,0,0,,0,,,,,367338.3896,5004299.154,45.17588953,-75.70431941,2614
20--3526,3/9/2020,4:30 PM,OTTAWA RIVER PKWY EB btwn TRANSIT & TURN LANE (1) (__3ZA232),__3ZA232,01 - Non intersection,03 - P.D. only,04 - Sideswipe,01 - Clear,01 - Daylight,02 - Wet,10 - No control,,2,0,0,0,,0,,,,,362996.1175,5029219.362,45.40049344,-75.75663837,2615
20--3527,3/9/2020,4:45 PM,BASELINE RD @ GREENBANK RD (0002357),2357,02 - Intersection related,03 - P.D. only,03 - Rear end,01 - Clear,01 - Daylight,02 - Wet,01 - Traffic signal,01 - Functioning,2,0,0,0,,0,,,,,360597.6758,5022584.49,45.3409885,-75.78802163,2616
20--3528,3/9/2020,4:51 PM,CARP RD @ HAZELDEAN RD (0000086),86,02 - Intersection related,03 - P.D. only,03 - Rear end,01 - Clear,01 - Daylight,01 - Dry,01 - Traffic signal,01 - Functioning,2,0,0,0,,0,,,,,348804.5762,5014360.437,45.26782479,-75.93922346,2617
20--3529,3/9/2020,5:00 PM,KATIMAVIK RD @ MCGIBBON DR/SEWELL WAY (0003484),3484,03 - At intersection,02 - Non-fatal injury,07 - SMV other,01 - Clear,01 - Daylight,01 - Dry,02 - Stop sign,01 - Functioning,1,0,0,1,02 - Minor,1,,1,,,351725.6101,5018738.457,45.30703061,-75.90158687,2618
20--353,1/9/2020,4:30 PM,CYRVILLE RD @ INNES RD (0009352),9352,03 - At intersection,02 - Non-fatal injury,02 - Angle,01 - Clear,01 - Daylight,01 - Dry,01 - Traffic signal,01 - Functioning,5,0,0,0,01 - Minimal,2,2,,,,375047.7255,5031119.559,45.4164849,-75.6024451,2619
20--3530,3/9/2020,5:39 PM,GREENBANK RD @ MALVERN DR/FOXFIELD DR (0009821),9821,02 - Intersection related,02 - Non-fatal injury,03 - Rear end,01 - Clear,01 - Daylight,01 - Dry,01 - Traffic signal,01 - Functioning,2,0,0,0,02 - Minor,1,,1,,,363311.6838,5016194.425,45.28326979,-75.75414836,2620
20--3531,3/9/2020,5:54 AM,BANK ST btwn KENNEDY RD & BELMEADE RD (__3ZBPHO),__3ZBPHO,01 - Non intersection,02 - Non-fatal injury,01 - Approaching,01 - Clear,07 - Dark,01 - Dry,10 - No control,,2,0,0,0,01 - Minimal,2,2,,,,387977.0258,5001190.318,45.14578691,-75.44228956,2621
20--3532,3/9/2020,6:40 AM,HIGHWAY 417 btwn HWY417 IC122 RAMP61 & HWY417 IC121B RAMP16 (__3ZA2Y4),__3ZA2Y4,01 - Non intersection,03 - P.D. only,03 - Rear end,01 - Clear,01 - Daylight,01 - Dry,10 - No control,,2,0,0,0,,0,,,,,365714.2042,5029151.734,45.39965371,-75.72193069,2622
20--3533,3/9/2020,7:25 PM,KING EDWARD AVE @ ST. PATRICK ST (0002714),2714,02 - Intersection related,03 - P.D. only,04 - Sideswipe,01 - Clear,07 - Dark,01 - Dry,01 - Traffic signal,01 - Functioning,2,0,0,0,,0,,,,,368248.6992,5032823.589,45.43246674,-75.68908752,2623
20--3534,3/9/2020,8:12 AM,GREENBANK RD @ 207 S OF BELLMAN DR/GREENBANK S (0004604),4604,02 - Intersection related,02 - Non-fatal injury,03 - Rear end,01 - Clear,01 - Daylight,01 - Dry,01 - Traffic signal,01 - Functioning,3,0,0,0,02 - Minor,3,1,2,,,361337.6664,5020827.464,45.32511956,-75.7787808,2624
20--3535,3/9/2020,8:16 PM,BALMORAL DR @ LIMEBANK RD (0008668),8668,02 - Intersection related,03 - P.D. only,07 - SMV other,02 - Rain,07 - Dark,02 - Wet,02 - Stop sign,00 - Unknown,1,0,0,0,,0,,,,,368566.731,5019860.464,45.31579918,-75.686697,2625
20--3536,3/9/2020,8:30 PM,INNES RD @ STAR TOP RD/WINDMILL LANE (0008734),8734,03 - At intersection,03 - P.D. only,02 - Angle,02 - Rain,07 - Dark,02 - Wet,01 - Traffic signal,01 - Functioning,2,0,0,0,,0,,,,,374147.7231,5030666.568,45.4124989,-75.61400678,2626
20--3537,3/9/2020,8:36 PM,FISHER AVE btwn MCCOOEY LANE & BASELINE RD (__3ZA4JS),__3ZA4JS,01 - Non intersection,03 - P.D. only,01 - Approaching,01 - Clear,07 - Dark,01 - Dry,10 - No control,,2,0,0,0,,0,,,,,366146.4906,5026079.024,45.37196842,-75.71679143,2627
20--3538,3/9/2020,8:39 PM,FISHER AVE btwn KINTYRE PRIV & FOREST PARK AVE (__3ZA4IZ),__3ZA4IZ,01 - Non intersection,02 - Non-fatal injury,03 - Rear end,01 - Clear,07 - Dark,01 - Dry,10 - No control,,2,0,0,0,02 - Minor,1,,1,,,366517.5223,5025187.287,45.36391218,-75.71216633,2628
20--3539,3/9/2020,8:45 PM,DORIMA ST @ INNES RD (0012920),12920,03 - At intersection,02 - Non-fatal injury,07 - SMV other,02 - Rain,07 - Dark,02 - Wet,02 - Stop sign,01 - Functioning,1,0,0,2,02 - Minor,2,,2,,,384312.7633,5036322.566,45.46230546,-75.48324289,2629
20--354,1/9/2020,4:46 PM,BANK ST @ FINDLAY CREEK SC/310 S OF FINDLAY CREEK DR (0013532),13532,02 - Intersection related,02 - Non-fatal injury,03 - Rear end,01 - Clear,05 - Dusk,01 - Dry,01 - Traffic signal,01 - Functioning,2,0,0,0,01 - Minimal,1,1,,,,375967.5345,5020175.263,45.31792052,-75.59227064,2630
20--3540,3/9/2020,8:46 AM,ST. LAURENT BLVD btwn DWELLINGHAM PRIV & TAWNEY RD (__3ZA76V),__3ZA76V,01 - Non intersection,03 - P.D. only,04 - Sideswipe,01 - Clear,01 - Daylight,01 - Dry,10 - No control,,2,0,0,0,,0,,,,,373553.8328,5028907.181,45.39672736,-75.62183879,2631
20--3541,3/9/2020,9:02 AM,BESSERER ST @ NICHOLAS ST (0007614),7614,02 - Intersection related,03 - P.D. only,04 - Sideswipe,01 - Clear,01 - Daylight,01 - Dry,01 - Traffic signal,01 - Functioning,2,0,0,0,,0,,,,,368185.7158,5032111.562,45.42606588,-75.68998405,2632
20--3542,3/9/2020,9:45 PM,BANK ST btwn ALTA VISTA DR & WALKLEY RD (__3ZA4TX),__3ZA4TX,01 - Non intersection,03 - P.D. only,04 - Sideswipe,02 - Rain,07 - Dark,02 - Wet,10 - No control,,2,0,0,0,,0,,,,,370308.9374,5026034.237,45.37118871,-75.66366107,2633
20--3543,3/9/2020,9:50 AM,CUMMINGS AVE/LABELLE ST @ CYRVILLE RD (0008791),8791,03 - At intersection,03 - P.D. only,02 - Angle,01 - Clear,01 - Daylight,01 - Dry,01 - Traffic signal,01 - Functioning,2,0,0,0,,0,,,,,372860.7116,5031871.55,45.42346711,-75.6302814,2634
20--3544,3/10/2020,10:00 AM,HIGHWAY 417 btwn HWY417 IC131 RAMP66 & HWY417 IC130 RAMP26 (__3ZA29A),__3ZA29A,01 - Non intersection,03 - P.D. only,04 - Sideswipe,02 - Rain,01 - Daylight,02 - Wet,10 - No control,,2,0,0,0,,0,,,,,358965.0605,5023047.135,45.34527935,-75.8088016,2635
20--3545,3/10/2020,10:20 PM,BROOKFIELD RD btwn 200 W OF FLANNERY DR & BROOKFIELD RAMP 36 (__3ZA225B),__3ZA225B,01 - Non intersection,03 - P.D. only,06 - SMV unattended vehicle,02 - Rain,07 - Dark,06 - Ice,10 - No control,,1,0,0,0,,0,,,,,368554.9898,5026262.411,45.37340351,-75.68602159,2636
20--3546,3/10/2020,10:22 PM,BASELINE RD btwn MORLEY BLVD & PRINCE OF WALES DR (__3ZA4JU),__3ZA4JU,01 - Non intersection,03 - P.D. only,07 - SMV other,01 - Clear,07 - Dark,06 - Ice,10 - No control,,1,0,0,0,,0,,,,,366781.173,5026410.109,45.3748916,-75.70864769,2637
20--3547,3/10/2020,10:30 AM,OLD SECOND LINE RD @ TERRY FOX DR (0013616),13616,02 - Intersection related,03 - P.D. only,03 - Rear end,01 - Clear,01 - Daylight,01 - Dry,01 - Traffic signal,01 - Functioning,2,0,0,0,,0,,,,,348795.2,5022408.413,45.34024358,-75.93862864,2638
20--3548,3/10/2020,10:54 PM,RIVERSIDE DR @ BROOKFIELD RD/HOG'S BACK RD (0001627),1627,02 - Intersection related,03 - P.D. only,03 - Rear end,01 - Clear,07 - Dark,06 - Ice,01 - Traffic signal,01 - Functioning,2,0,0,0,,0,,,,,368167.6999,5026222.506,45.37307959,-75.69097086,2639