Anom_ID,Accident_Date,Accident_Time,Location,Geo_ID,Accident_Location,Classification_of_Accident,Initial_Impact_Type,Environment_Condition,Light,Road_Surface_Condition,Traffic_Control,Traffic_Control_Condition,No__of_Vehicles,No__of_Bicycles,No__of_Motorcycles,No__of_Pedestrians,Max_Injury,No__of_Injuries,No__of_Minimal,No__of_Minor,No__of_Major,No__of_Fatal,X,Y,Latitude,Longitude,ObjectId
20--3183,3/1/2020,8:10 AM,INNES RD @ 215 W OF CYRVILLE RD/HOME DEPOT W (0012457),12457,02 - Intersection related,03 - P.D. only,03 - Rear end,01 - Clear,01 - Daylight,06 - Ice,01 - Traffic signal,01 - Functioning,2,0,0,0,,0,,,,,374863.8952,5031000.781,45.41543463,-75.6048105,2723
20--3184,3/1/2020,9:07 PM,GLADSTONE AVE @ LEBRETON ST (0005746),5746,03 - At intersection,02 - Non-fatal injury,02 - Angle,01 - Clear,07 - Dark,02 - Wet,02 - Stop sign,01 - Functioning,2,0,0,0,02 - Minor,1,,1,,,366855.7056,5029922.559,45.40648914,-75.70725446,2724
20--3185,3/1/2020,9:15 PM,SPRINGLAND DR btwn MOONEY'S BAY PL & FLANNERY DR (__3ZA9G1),__3ZA9G1,04 - At/near private drive,03 - P.D. only,02 - Angle,01 - Clear,07 - Dark,02 - Wet,10 - No control,,2,0,0,0,,0,,,,,368668.7977,5025278.257,45.364538,-75.68469596,2725
20--3186,3/1/2020,9:36 PM,ELGIN ST @ LISGAR ST (0006935),6935,02 - Intersection related,03 - P.D. only,03 - Rear end,01 - Clear,07 - Dark,05 - Packed snow,01 - Traffic signal,01 - Functioning,2,0,0,0,,0,,,,,368074.711,5031345.587,45.41918395,-75.69150084,2726
20--3187,3/1/2020,9:44 AM,MONTREAL RD @ ST. LAURENT BLVD (0002604),2604,03 - At intersection,02 - Non-fatal injury,07 - SMV other,01 - Clear,01 - Daylight,01 - Dry,01 - Traffic signal,01 - Functioning,1,0,0,2,01 - Minimal,2,2,,,,371545.6986,5033817.59,45.44110339,-75.6468197,2727
20--3188,3/2/2020,1:45 PM,KLONDIKE RD @ SECOND LINE RD (0003546),3546,03 - At intersection,03 - P.D. only,02 - Angle,02 - Rain,01 - Daylight,02 - Wet,02 - Stop sign,01 - Functioning,2,0,0,0,,0,,,,,348189.0805,5023075.764,45.34628633,-75.94630373,2728
20--3189,3/2/2020,10:18 PM,HIGHWAY 417 btwn HWY417 IC129 RAMP25 & TRANSIT (__3ZA2SH),__3ZA2SH,01 - Non intersection,03 - P.D. only,03 - Rear end,01 - Clear,07 - Dark,01 - Dry,10 - No control,,2,0,0,0,,0,,,,,361833.8428,5024597.608,45.35900302,-75.77201722,2729
20--319,1/8/2020,6:10 AM,RENAUD RD @ NAVAN RD (0003685),3685,03 - At intersection,03 - P.D. only,02 - Angle,02 - Rain,07 - Dark,04 - Slush,01 - Traffic signal,01 - Functioning,2,0,0,0,,0,,,,,381816.7578,5032736.554,45.43032106,-75.51571667,2730
20--3190,3/2/2020,10:41 PM,LAURIER AVE   W btwn LYON ST N & KENT ST (__3ZA3CQ),__3ZA3CQ,01 - Non intersection,03 - P.D. only,06 - SMV unattended vehicle,01 - Clear,07 - Dark,02 - Wet,10 - No control,,1,0,0,0,,0,,,,,367157.7644,5031071.029,45.41679589,-75.70325082,2731
20--3191,3/2/2020,10:55 AM,SACKVILLE ST @ CONNAUGHT AVE (0002719),2719,03 - At intersection,03 - P.D. only,02 - Angle,02 - Rain,01 - Daylight,06 - Ice,02 - Stop sign,01 - Functioning,2,0,0,0,,0,,,,,360839.6871,5024929.516,45.36206968,-75.78466803,2732
20--3192,3/2/2020,11:10 AM,HUNT CLUB RD @ RIVERSIDE DR (0002237),2237,02 - Intersection related,03 - P.D. only,07 - SMV other,01 - Clear,01 - Daylight,06 - Ice,01 - Traffic signal,01 - Functioning,1,0,0,0,,0,,,,,368036.7052,5021945.495,45.33460785,-75.69319017,2733
20--3193,3/2/2020,11:15 AM,CONROY RD @ HUNT CLUB RD (0002257),2257,02 - Intersection related,03 - P.D. only,03 - Rear end,01 - Clear,01 - Daylight,02 - Wet,01 - Traffic signal,01 - Functioning,2,0,0,0,,0,,,,,373763.7372,5025404.51,45.36519123,-75.61964736,2734
20--3194,3/2/2020,11:15 AM,INNES RD btwn ANDERSON RD & INNES RD (__3ZA3J2),__3ZA3J2,01 - Non intersection,02 - Non-fatal injury,03 - Rear end,01 - Clear,01 - Daylight,02 - Wet,10 - No control,,2,0,0,0,02 - Minor,1,,1,,,376325.4669,5031865.798,45.42306968,-75.58601315,2735
20--3195,3/2/2020,Unknown,BELL ST    S btwn MACLEAN ST & CARLING AVE (__3ZBOU3),__3ZBOU3,01 - Non intersection,03 - P.D. only,06 - SMV unattended vehicle,01 - Clear,00 - Unknown,01 - Dry,10 - No control,,1,0,0,0,,0,,,,,367227.1163,5029324.735,45.40107706,-75.70258593,2736
20--3196,3/2/2020,Unknown,O'CONNOR ST btwn COOPER ST & SOMERSET ST W (__3ZA34V),__3ZA34V,01 - Non intersection,03 - P.D. only,06 - SMV unattended vehicle,01 - Clear,00 - Unknown,01 - Dry,10 - No control,,1,0,0,0,,0,,,,,367819.9663,5031068.1,45.4167102,-75.69479103,2737
20--3197,3/2/2020,Unknown,DE DARVOY PL btwn DE L'ARGONAUT CIRC & DE LARMARCHE AVE (e___2K3M),e___2K3M,04 - At/near private drive,03 - P.D. only,06 - SMV unattended vehicle,03 - Snow,00 - Unknown,04 - Slush,10 - No control,,1,0,0,0,,0,,,,,381183.896,5034210.586,45.44365267,-75.52357481,2738
20--3198,3/2/2020,Unknown,CHAPMAN MILLS DR btwn LEAMINGTON WAY & TEMAGAMI DR (__61W6PK),__61W6PK,01 - Non intersection,03 - P.D. only,06 - SMV unattended vehicle,00 - Unknown,00 - Unknown,02 - Wet,10 - No control,,1,0,0,0,,0,,,,,365260.8356,5014795.879,45.27052077,-75.72947497,2739
20--3199,3/2/2020,Unknown,BELMONT AVE btwn BRISTOL AVE & RIDEAU RIVER DR (__3ZA9KI),__3ZA9KI,01 - Non intersection,03 - P.D. only,06 - SMV unattended vehicle,03 - Snow,00 - Unknown,03 - Loose snow,10 - No control,,1,0,0,0,,0,,,,,369428.0849,5028763.757,45.39582985,-75.67454819,2740
20--32,1/2/2020,12:24 PM,BASELINE RD btwn LOBLAWS SC & MERIVALE RD (__3ZA4ISC),__3ZA4ISC,01 - Non intersection,03 - P.D. only,03 - Rear end,01 - Clear,01 - Daylight,02 - Wet,10 - No control,,2,0,0,0,,0,,,,,364813.4284,5025174.405,45.36394423,-75.73391893,2741
20--2758,2/22/2020,4:14 PM,HIGHWAY 417 btwn HIGHWAY 417 & HWY417 IC115 RAMP61 (__3ZA2YH),__3ZA2YH,01 - Non intersection,03 - P.D. only,04 - Sideswipe,01 - Clear,01 - Daylight,01 - Dry,10 - No control,,2,0,0,0,,0,,,,,372588.8597,5031534.579,45.4204616,-75.63380125,2742
20--3399,3/6/2020,7:10 AM,HIGHWAY 416 btwn HWY416 IC57 RAMP24 & HWY416 IC49 RAMP42 (__3ZAZGI),__3ZAZGI,01 - Non intersection,03 - P.D. only,04 - Sideswipe,03 - Snow,01 - Daylight,03 - Loose snow,10 - No control,,2,0,0,0,,0,,,,,365554.2521,5006686.261,45.19752486,-75.72672624,2743
20--3571,3/10/2020,5:55 PM,FALLOWFIELD RD btwn ASHDALE AVE & PRINCE OF WALES DR (__3ZA3IQ),__3ZA3IQ,01 - Non intersection,03 - P.D. only,03 - Rear end,01 - Clear,01 - Daylight,01 - Dry,10 - No control,,2,0,0,0,,0,,,,,366991.7893,5018908.039,45.30737065,-75.70690193,2744
20--34,1/2/2020,12:57 PM,CAMPEAU DR @ HERLIHEY WAY (0012766),12766,02 - Intersection related,03 - P.D. only,03 - Rear end,01 - Clear,01 - Daylight,02 - Wet,01 - Traffic signal,01 - Functioning,3,0,0,0,,0,,,,,350508.5708,5019177.487,45.31106138,-75.9170657,2745
20--340,1/9/2020,10:54 AM,O'CONNOR ST @ SOMERSET ST (0002690),2690,03 - At intersection,02 - Non-fatal injury,07 - SMV other,01 - Clear,01 - Daylight,01 - Dry,01 - Traffic signal,01 - Functioning,1,0,0,1,01 - Minimal,1,1,,,,367855.6964,5031012.558,45.41620724,-75.69434166,2746
20--3400,3/6/2020,7:15 AM,ROCKCLIFFE PKWY btwn PRINCESS AVE & BUENA VISTA RD (__3ZA8D1),__3ZA8D1,01 - Non intersection,02 - Non-fatal injury,07 - SMV other,03 - Snow,01 - Daylight,04 - Slush,10 - No control,,1,0,0,0,01 - Minimal,1,1,,,,368481.9634,5034756.641,45.4498384,-75.68585644,2747
20--3572,3/10/2020,7:00 AM,BANK ST @ LEITRIM RD (0004125),4125,03 - At intersection,03 - P.D. only,05 - Turning movement,02 - Rain,01 - Daylight,02 - Wet,01 - Traffic signal,01 - Functioning,2,0,0,0,,0,,,,,375357.7533,5021619.495,45.33097668,-75.59984153,2748
20--3401,3/6/2020,7:15 PM,WELLINGTON ST    W btwn HOLLAND AVE & HINTON AVE N (__3ZA4QR),__3ZA4QR,01 - Non intersection,03 - P.D. only,04 - Sideswipe,01 - Clear,07 - Dark,01 - Dry,10 - No control,,2,0,0,0,,0,,,,,364956.7868,5029168.002,45.39986558,-75.73160247,2749
20--3402,3/6/2020,7:17 PM,GRAND MANAN CIR btwn GRAND MANAN CIR & HUNTSVILLE DR (__8JUUI1),__8JUUI1,01 - Non intersection,03 - P.D. only,99 - Other,01 - Clear,07 - Dark,02 - Wet,10 - No control,,2,0,0,0,,0,,,,,348793.282,5019920.517,45.31785693,-75.93887421,2750
20--3573,3/10/2020,7:02 PM,BRIDLE PATH DR btwn TRAPPER'S RD & CAROUSEL CRES (__3ZA9BD),__3ZA9BD,01 - Non intersection,03 - P.D. only,06 - SMV unattended vehicle,01 - Clear,07 - Dark,01 - Dry,10 - No control,,1,0,0,0,,0,,,,,371777.88,5023570.512,45.34888211,-75.64524332,2751
20--3403,3/6/2020,7:18 AM,PRESTONE DR btwn ST. JOSEPH BLVD & RIVER RIDGE CRES (__3ZA6YV),__3ZA6YV,01 - Non intersection,03 - P.D. only,01 - Approaching,03 - Snow,01 - Daylight,03 - Loose snow,10 - No control,,2,0,0,0,,0,,,,,382457.6997,5038181.203,45.47923653,-75.50666686,2752
20--3574,3/10/2020,7:15 PM,BASELINE RD @ CLYDE AVE (0002343),2343,02 - Intersection related,02 - Non-fatal injury,02 - Angle,01 - Clear,07 - Dark,02 - Wet,01 - Traffic signal,01 - Functioning,2,0,0,0,02 - Minor,2,1,1,,,364358.7027,5024890.509,45.36142856,-75.73975728,2753
20--3575,3/10/2020,8:03 AM,RIVERSIDE DR @ TREMBLAY RD/HWY417 IC117 RAMP52 (0010790),10790,02 - Intersection related,03 - P.D. only,03 - Rear end,02 - Rain,01 - Daylight,02 - Wet,01 - Traffic signal,01 - Functioning,2,0,0,0,,0,,,,,370802.0787,5031015.911,45.41596568,-75.65669949,2754
20--3576,3/10/2020,8:15 AM,BASELINE RD btwn CLYDE AVE & 207 E OF CLYDE AVE (__3ZA4ISA),__3ZA4ISA,01 - Non intersection,03 - P.D. only,03 - Rear end,01 - Clear,01 - Daylight,01 - Dry,10 - No control,,2,0,0,0,,0,,,,,364435.1611,5024939.332,45.36186136,-75.73877551,2755
20--3577,3/10/2020,8:37 AM,ISLAND PARK CRES @ ISLAND PARK DR (0002123),2123,02 - Intersection related,03 - P.D. only,99 - Other,02 - Rain,01 - Daylight,02 - Wet,02 - Stop sign,01 - Functioning,2,0,0,0,,0,,,,,364465.703,5028109.554,45.3903839,-75.73800266,2756
20--3578,3/10/2020,9:00 PM,CHURCHILL AVE   N btwn TILLBURY AVE & CARLING AVE (__3ZBOD9),__3ZBOD9,04 - At/near private drive,03 - P.D. only,03 - Rear end,01 - Clear,07 - Dark,01 - Dry,10 - No control,,2,0,0,0,,0,,,,,363771.1141,5027036.454,45.38078715,-75.74700076,2757
20--3579,3/10/2020,9:10 AM,SMYTH RD @ GENERAL HOSPITAL E (0008855),8855,03 - At intersection,03 - P.D. only,04 - Sideswipe,02 - Rain,01 - Daylight,02 - Wet,01 - Traffic signal,01 - Functioning,2,0,0,0,,0,,,,,371516.7024,5029181.551,45.3993931,-75.64781808,2758
20--358,1/9/2020,5:30 PM,BRONSON AVE @ FIFTH AVE/MADAWASKA DR (0006977),6977,02 - Intersection related,03 - P.D. only,04 - Sideswipe,01 - Clear,05 - Dusk,01 - Dry,01 - Traffic signal,01 - Functioning,2,0,0,0,,0,,,,,367613.7039,5028938.55,45.3975677,-75.69769751,2759
20--3580,3/10/2020,9:44 AM,LEWIS ST @ METCALFE ST (0007288),7288,03 - At intersection,03 - P.D. only,05 - Turning movement,02 - Rain,01 - Daylight,02 - Wet,02 - Stop sign,01 - Functioning,2,0,0,0,,0,,,,,368120.7089,5030923.575,45.41538266,-75.69096739,2760
20--3581,3/11/2020,1:26 PM,GARDENPOST TERR btwn GUPPY GROVE & GUPPY GROVE (e___2KNT),e___2KNT,01 - Non intersection,03 - P.D. only,99 - Other,01 - Clear,01 - Daylight,08 - Loose sand or gravel,10 - No control,,2,0,0,0,,0,,,,,383707.601,5034001.071,45.44148732,-75.49135251,2761
20--3582,3/11/2020,10:38 PM,CARLING AVE @ PRESTON ST (0002161),2161,03 - At intersection,03 - P.D. only,02 - Angle,01 - Clear,07 - Dark,01 - Dry,01 - Traffic signal,01 - Functioning,2,0,0,0,,0,,,,,366829.695,5028935.546,45.39761057,-75.70771085,2762
20--3583,3/11/2020,10:50 AM,BERRIGAN DR btwn CLARIDGE DR & PLUMAS GT (__4O3JPL),__4O3JPL,01 - Non intersection,03 - P.D. only,06 - SMV unattended vehicle,01 - Clear,01 - Daylight,01 - Dry,10 - No control,,1,0,0,0,,0,,,,,364683.1271,5015864.585,45.2801864,-75.73670783,2763
20--3584,3/11/2020,10:52 PM,LAURIER AVE @ NICHOLAS ST (0010711),10711,02 - Intersection related,03 - P.D. only,03 - Rear end,01 - Clear,07 - Dark,01 - Dry,01 - Traffic signal,01 - Functioning,2,0,0,0,,0,,,,,368373.642,5031798.264,45.42322988,-75.68762319,2764
20--3585,3/11/2020,Unknown,O'CONNOR ST btwn SPARKS ST & QUEEN ST (__3ZA1Z9),__3ZA1Z9,01 - Non intersection,03 - P.D. only,06 - SMV unattended vehicle,01 - Clear,00 - Unknown,01 - Dry,10 - No control,,1,0,0,0,,0,,,,,367464.4519,5031639.922,45.42188721,-75.69926028,2765
20--3586,3/11/2020,Unknown,KING EDWARD AVE btwn MANN AVE & TEMPLETON ST (__3ZA3CB),__3ZA3CB,01 - Non intersection,03 - P.D. only,03 - Rear end,01 - Clear,00 - Unknown,01 - Dry,10 - No control,,2,0,0,0,,0,,,,,369108.2679,5031428.133,45.41983243,-75.67828504,2766
20--3587,3/11/2020,12:04 PM,CYRVILLE RD @ ST. LAURENT BLVD (0002647),2647,02 - Intersection related,03 - P.D. only,04 - Sideswipe,01 - Clear,01 - Daylight,01 - Dry,01 - Traffic signal,01 - Functioning,2,0,0,0,,0,,,,,372241.7132,5032111.583,45.42568676,-75.63815755,2767
20--2759,2/22/2020,5:04 PM,GRANT CARMAN DR @ VIEWMOUNT DR (0001527),1527,03 - At intersection,03 - P.D. only,02 - Angle,01 - Clear,01 - Daylight,01 - Dry,02 - Stop sign,01 - Functioning,2,0,0,0,,0,,,,,365434.7025,5023081.515,45.34505927,-75.72624567,2768
20--3588,3/11/2020,12:30 PM,BENTGRASS GR btwn SILVERTHORN CRT & GOLFLINKS DR (__33D6QN),__33D6QN,04 - At/near private drive,03 - P.D. only,02 - Angle,01 - Clear,01 - Daylight,01 - Dry,10 - No control,,2,0,0,0,,0,,,,,365649.3136,5013442.995,45.25831403,-75.72469031,2769
20--3589,3/11/2020,12:40 PM,COLONEL BY DR/MACKENZIE AVE @ DALY AVE (0008541),8541,02 - Intersection related,03 - P.D. only,03 - Rear end,01 - Clear,01 - Daylight,01 - Dry,01 - Traffic signal,01 - Functioning,2,0,0,0,,0,,,,,368002.7096,5031904.582,45.42422011,-75.69234904,2770
20--359,1/9/2020,6:35 PM,O'CONNOR ST btwn WELLINGTON ST & SPARKS ST (__3ZA35T),__3ZA35T,01 - Non intersection,03 - P.D. only,99 - Other,01 - Clear,07 - Dark,01 - Dry,10 - No control,,2,0,0,0,,0,,,,,367439.564,5031680.478,45.42225434,-75.69957312,2771
20--3590,3/11/2020,2:20 PM,CHAPEL ST @ RIDEAU ST (0011918),11918,02 - Intersection related,03 - P.D. only,02 - Angle,01 - Clear,01 - Daylight,01 - Dry,01 - Traffic signal,01 - Functioning,2,0,0,0,,0,,,,,368892.4171,5032643.269,45.43078558,-75.68088473,2772
20--3591,3/11/2020,2:30 PM,INNES RD btwn FRANK KENNY RD & O'TOOLE RD (__3ZA3MX),__3ZA3MX,01 - Non intersection,03 - P.D. only,04 - Sideswipe,01 - Clear,01 - Daylight,01 - Dry,10 - No control,,2,0,0,0,,0,,,,,388914.2397,5038225.407,45.47888625,-75.42408666,2773
20--3592,3/11/2020,2:35 PM,BOOTH ST @ NORMAN ST (0006159),6159,03 - At intersection,03 - P.D. only,02 - Angle,01 - Clear,01 - Daylight,01 - Dry,01 - Traffic signal,01 - Functioning,2,0,0,0,,0,,,,,366999.7127,5029319.563,45.40105077,-75.70549104,2774
20--3593,3/11/2020,3:12 PM,REGIONAL ROAD 174 EB btwn OR174 IC109 RAMP55 & TRANSIT (__3ZA28V),__3ZA28V,01 - Non intersection,02 - Non-fatal injury,03 - Rear end,01 - Clear,01 - Daylight,01 - Dry,10 - No control,,7,0,0,0,02 - Minor,2,,2,,,376489.2069,5035019.638,45.45142922,-75.58346176,2775
20--3594,3/11/2020,4:30 PM,ARLINGTON AVE @ KENT ST (0007259),7259,02 - Intersection related,03 - P.D. only,04 - Sideswipe,01 - Clear,01 - Daylight,01 - Dry,01 - Traffic signal,01 - Functioning,2,0,0,0,,0,,,,,367868.6985,5030257.554,45.40941278,-75.69427216,2776
20--3595,3/11/2020,4:49 PM,ALBERT ST @ BANK ST (0002115),2115,02 - Intersection related,03 - P.D. only,04 - Sideswipe,01 - Clear,01 - Daylight,01 - Dry,01 - Traffic signal,01 - Functioning,2,0,0,0,,0,,,,,367385.6976,5031423.582,45.4199477,-75.70029401,2777
20--3596,3/11/2020,5:42 PM,HIGHWAY 417 btwn HWY417 IC118 RAMP35 & HWY417 IC117 RAMP51 (__3ZA2YP),__3ZA2YP,01 - Non intersection,03 - P.D. only,04 - Sideswipe,01 - Clear,01 - Daylight,01 - Dry,10 - No control,,2,0,0,0,,0,,,,,370385.9846,5031125.768,45.41699326,-75.66200068,2778
20--3597,3/11/2020,5:54 PM,CARTIER ST @ SOMERSET ST (0007073),7073,03 - At intersection,03 - P.D. only,02 - Angle,01 - Clear,01 - Daylight,01 - Dry,02 - Stop sign,01 - Functioning,2,0,0,0,,0,,,,,368315.7047,5031289.581,45.41865819,-75.68842905,2779
20--3598,3/11/2020,6:24 AM,HIGHWAY 417 btwn HIGHWAY 417 & HWY417 IC140 RAMP36 (__3ZA20M),__3ZA20M,01 - Non intersection,03 - P.D. only,07 - SMV other,01 - Clear,03 - Dawn,01 - Dry,10 - No control,,1,0,0,0,,0,,,,,350153.8179,5018156.267,45.30189515,-75.92168318,2780
20--3599,3/11/2020,6:40 PM,REGIONAL ROAD 174 EB btwn OR174 IC109 RAMP55 & TRANSIT (__3ZA28V),__3ZA28V,01 - Non intersection,03 - P.D. only,04 - Sideswipe,01 - Clear,07 - Dark,01 - Dry,10 - No control,,2,0,0,0,,0,,,,,376479.0843,5034999.288,45.45124716,-75.58359412,2781
20--36,1/2/2020,2:43 PM,HAZELDEAN RD btwn CASTLEFRANK RD & 246 E OF CASTLEFRANK RD (__3ZA41NA),__3ZA41NA,04 - At/near private drive,03 - P.D. only,02 - Angle,01 - Clear,01 - Daylight,02 - Wet,10 - No control,,2,0,0,0,,0,,,,,352754.6522,5017747.309,45.29804252,-75.88856075,2782
20--360,1/9/2020,6:45 AM,HIGHWAY 417 btwn HWY417 IC110 RAMP64 & HWY417 IC104 RAMP16 (__3ZA2W9),__3ZA2W9,01 - Non intersection,03 - P.D. only,03 - Rear end,01 - Clear,07 - Dark,01 - Dry,10 - No control,,4,0,0,0,,0,,,,,377196.0661,5027007.506,45.37926804,-75.57560281,2783
20--3600,3/11/2020,6:50 AM,HIGHCROFT DR @ MANOTICK MAIN ST (0008830),8830,03 - At intersection,03 - P.D. only,03 - Rear end,01 - Clear,01 - Daylight,01 - Dry,02 - Stop sign,00 - Unknown,2,0,0,0,,0,,,,,368614.6361,5009988.463,45.22696766,-75.68735476,2784
20--3601,3/11/2020,7:00 PM,RICHARDSON SIDE RD @ TERRY FOX DR (0013651),13651,03 - At intersection,02 - Non-fatal injury,05 - Turning movement,01 - Clear,07 - Dark,01 - Dry,01 - Traffic signal,01 - Functioning,2,0,0,0,01 - Minimal,1,1,,,,348803.086,5019506.072,45.31412702,-75.93878598,2785
20--3602,3/11/2020,7:25 PM,BASELINE RD @ ROCKWAY CRES (0002187),2187,02 - Intersection related,03 - P.D. only,02 - Angle,01 - Clear,07 - Dark,01 - Dry,02 - Stop sign,01 - Functioning,2,0,0,0,,0,,,,,361184.6686,5022932.503,45.34407298,-75.78049252,2786
20--3603,3/11/2020,7:40 PM,HIGHWAY 417 btwn HWY417 IC127 RAMP67 & HWY417 IC126 RAMP16 (__3ZA2X0),__3ZA2X0,01 - Non intersection,03 - P.D. only,03 - Rear end,01 - Clear,07 - Dark,01 - Dry,10 - No control,,2,0,0,0,,0,,,,,362367.9161,5025042.191,45.36295969,-75.76514906,2787
20--3604,3/11/2020,7:49 PM,WEST HUNT CLUB RD EB btwn KNOXDALE RD & WOODROFFE AVE (__3ZA17C),__3ZA17C,01 - Non intersection,02 - Non-fatal injury,07 - SMV other,01 - Clear,07 - Dark,06 - Ice,10 - No control,,1,0,0,0,01 - Minimal,1,1,,,,362165.4097,5020567.712,45.32271516,-75.76825269,2788
20--3605,3/11/2020,8:15 AM,HIGHWAY 417 btwn HIGHWAY 417 & HWY417 IC129 RAMP51 (__3ZA290),__3ZA290,01 - Non intersection,03 - P.D. only,04 - Sideswipe,01 - Clear,01 - Daylight,01 - Dry,10 - No control,,2,0,0,0,,0,,,,,359879.0694,5023156.571,45.34619288,-75.79712665,2789
20--3606,3/11/2020,8:20 AM,WALKLEY RD btwn BANK ST & BANFF AVE (__3ZA375),__3ZA375,01 - Non intersection,03 - P.D. only,05 - Turning movement,01 - Clear,01 - Daylight,01 - Dry,10 - No control,,2,0,0,0,,0,,,,,370443.8091,5026009.128,45.37095016,-75.66194271,2790
20--3607,3/11/2020,8:30 AM,BANK ST @ WALKLEY RD (0011423),11423,02 - Intersection related,03 - P.D. only,02 - Angle,01 - Clear,01 - Daylight,01 - Dry,01 - Traffic signal,01 - Functioning,2,0,0,0,,0,,,,,370337.8436,5025947.744,45.37040777,-75.66330354,2791
20--3608,3/11/2020,8:43 AM,FISHER AVE @ MEADOWLANDS DR (0002120),2120,03 - At intersection,02 - Non-fatal injury,07 - SMV other,01 - Clear,01 - Daylight,01 - Dry,01 - Traffic signal,01 - Functioning,1,0,0,1,02 - Minor,1,,1,,,366575.0596,5025045.444,45.36263084,-75.71144966,2792
20--3609,3/11/2020,9:00 PM,MEADOWLANDS DR @ MERIVALE RD (0000625),625,02 - Intersection related,03 - P.D. only,04 - Sideswipe,01 - Clear,07 - Dark,01 - Dry,01 - Traffic signal,01 - Functioning,2,0,0,0,,0,,,,,364858.7096,5023725.506,45.35090337,-75.733517,2793
20--361,1/9/2020,6:55 AM,BASELINE RD btwn ST. HELEN'S PL & CLYDE AVE (__3ZA4IN),__3ZA4IN,01 - Non intersection,03 - P.D. only,03 - Rear end,01 - Clear,03 - Dawn,01 - Dry,10 - No control,,2,0,0,0,,0,,,,,364185.5315,5024782.976,45.36047569,-75.74198047,2794
20--3610,3/11/2020,9:10 AM,ST. JOSEPH BLVD @ JEANNE D'ARC BLVD (0012421),12421,02 - Intersection related,03 - P.D. only,03 - Rear end,01 - Clear,01 - Daylight,01 - Dry,11 - Roundabout,00 - Unknown,2,0,0,0,,0,,,,,379860.7402,5036471.588,45.46413878,-75.54014141,2795
20--3611,3/11/2020,9:18 AM,PINECREST RD btwn HWY417 IC129 RAMP26 & GREENBANK RD (__3ZA4MX),__3ZA4MX,07 - Overpass or bridge,03 - P.D. only,03 - Rear end,01 - Clear,01 - Daylight,01 - Dry,10 - No control,,2,0,0,0,,0,,,,,360446.0997,5023530.858,45.34951595,-75.78984912,2796
20--3612,3/11/2020,9:27 AM,BASELINE RD @ 180 E OF CEDARVIEW RD (0005416),5416,02 - Intersection related,03 - P.D. only,04 - Sideswipe,01 - Clear,01 - Daylight,06 - Ice,13 - MPS,01 - Functioning,2,0,0,0,,0,,,,,359144.5866,5021689.312,45.33304773,-75.80665997,2797
20--3613,3/11/2020,9:33 AM,ARGYLE AVE E @ METCALFE ST (0007280),7280,02 - Intersection related,03 - P.D. only,05 - Turning movement,01 - Clear,01 - Daylight,01 - Dry,10 - No control,,2,0,0,0,,0,,,,,368442.7008,5030641.578,45.41281614,-75.68689021,2798
20--3614,3/11/2020,9:54 PM,BANNER RD @ GREENBANK RD (0000644),644,02 - Intersection related,02 - Non-fatal injury,03 - Rear end,01 - Clear,07 - Dark,01 - Dry,01 - Traffic signal,02 - Not functioning,2,0,0,0,01 - Minimal,1,1,,,,361021.6822,5021566.472,45.33179454,-75.78272739,2799
20--3615,3/12/2020,1:20 PM,HWY 417 WOODROFF IC127R62 @ WOODROFFE AVE (0002349),2349,02 - Intersection related,03 - P.D. only,03 - Rear end,01 - Clear,01 - Daylight,01 - Dry,03 - Yield sign,01 - Functioning,2,0,0,0,,0,,,,,362050.6856,5025019.532,45.36278179,-75.76920078,2800
20--3616,3/12/2020,10:00 AM,LAURIER AVE   W btwn BANK ST & O'CONNOR ST (__3ZA34B),__3ZA34B,01 - Non intersection,03 - P.D. only,03 - Rear end,01 - Clear,01 - Daylight,01 - Dry,10 - No control,,2,0,0,0,,0,,,,,367489.233,5031270.661,45.41856249,-75.69899064,2801
20--3617,3/12/2020,10:45 AM,BANK ST @ RIDEAU RD (0009263),9263,03 - At intersection,03 - P.D. only,02 - Angle,01 - Clear,01 - Daylight,01 - Dry,01 - Traffic signal,01 - Functioning,2,0,0,0,,0,,,,,376954.7557,5017844.464,45.29684821,-75.58001975,2802
20--3618,3/12/2020,11:06 AM,DONALD ST @ VANIER PKWY (0007644),7644,02 - Intersection related,03 - P.D. only,04 - Sideswipe,01 - Clear,01 - Daylight,01 - Dry,01 - Traffic signal,01 - Functioning,2,0,0,0,,0,,,,,370311.7082,5032270.578,45.42730076,-75.66279738,2803
20--3619,3/12/2020,11:15 AM,KIRKWOOD AVE @ RICHMOND RD (0002080),2080,03 - At intersection,03 - P.D. only,05 - Turning movement,01 - Clear,01 - Daylight,01 - Dry,01 - Traffic signal,01 - Functioning,2,0,0,0,,0,,,,,363778.6876,5028641.546,45.39522886,-75.74671225,2804
20--362,1/9/2020,7:07 PM,HERZBERG RD @ CARLING AVE (0003193),3193,02 - Intersection related,03 - P.D. only,03 - Rear end,01 - Clear,07 - Dark,01 - Dry,01 - Traffic signal,01 - Functioning,2,0,0,0,,0,,,,,352037.5189,5022300.42,45.33906102,-75.89726973,2805