Anom_ID,Accident_Date,Accident_Time,Location,Geo_ID,Accident_Location,Classification_of_Accident,Initial_Impact_Type,Environment_Condition,Light,Road_Surface_Condition,Traffic_Control,Traffic_Control_Condition,No__of_Vehicles,No__of_Bicycles,No__of_Motorcycles,No__of_Pedestrians,Max_Injury,No__of_Injuries,No__of_Minimal,No__of_Minor,No__of_Major,No__of_Fatal,X,Y,Latitude,Longitude,ObjectId
20--3620,3/12/2020,11:48 AM,NEPETA CRES btwn BARRETT FARM DR & BARRETT FARM DR (e___2HNJ),e___2HNJ,04 - At/near private drive,03 - P.D. only,06 - SMV unattended vehicle,01 - Clear,01 - Daylight,01 - Dry,10 - No control,,1,0,0,0,,0,,,,,374581.89,5020912.591,45.32469381,-75.60983824,2806
20--3621,3/12/2020,Unknown,TRAPPER'S RD btwn BRIDLE PATH DR & MOZART CRT (__3ZA9B7),__3ZA9B7,01 - Non intersection,03 - P.D. only,06 - SMV unattended vehicle,01 - Clear,00 - Unknown,01 - Dry,10 - No control,,1,0,0,0,,0,,,,,371772.9241,5023563.915,45.34882323,-75.64530746,2807
20--3622,3/12/2020,12:00 PM,CARLING AVE @ CLYDE AVE/COLE AVE (0006984),6984,02 - Intersection related,03 - P.D. only,99 - Other,01 - Clear,01 - Daylight,01 - Dry,01 - Traffic signal,01 - Functioning,2,0,0,0,,0,,,,,363520.6817,5026850.543,45.37913539,-75.75022036,2808
20--3623,3/12/2020,12:45 AM,OLD ALMONTE RD btwn UPPER DWYER HILL RD & CORKERY RD (__3ZBNAS),__3ZBNAS,01 - Non intersection,03 - P.D. only,07 - SMV other,01 - Clear,07 - Dark,01 - Dry,10 - No control,,1,0,0,0,,0,,,,,338885.3715,5013023.677,45.25634656,-76.06571733,2809
20--3624,3/12/2020,12:51 PM,GLADSTONE AVE btwn PERCY ST & BAY ST (__3ZA3PR),__3ZA3PR,04 - At/near private drive,03 - P.D. only,06 - SMV unattended vehicle,01 - Clear,01 - Daylight,01 - Dry,10 - No control,,1,0,0,0,,0,,,,,367394.0059,5030246.521,45.40935612,-75.70033735,2810
20--3625,3/12/2020,2:00 PM,CAMPEAU DR @ TERON RD/COLCHESTER SQ (0009033),9033,02 - Intersection related,03 - P.D. only,03 - Rear end,01 - Clear,01 - Daylight,01 - Dry,01 - Traffic signal,01 - Functioning,2,0,0,0,,0,,,,,352563.7127,5020467.523,45.32253263,-75.89073296,2811
20--3626,3/12/2020,3:30 PM,OLD MONTREAL RD btwn TO BE DETERMINED & BECKETT'S CREEK RD (__3ZA5F8),__3ZA5F8,01 - Non intersection,02 - Non-fatal injury,03 - Rear end,01 - Clear,01 - Daylight,01 - Dry,10 - No control,,2,0,0,0,01 - Minimal,2,2,,,,393110.5149,5042502.422,45.51684708,-75.36965224,2812
20--3627,3/12/2020,3:30 PM,INNES RD @ STAR TOP RD/WINDMILL LANE (0008734),8734,02 - Intersection related,03 - P.D. only,03 - Rear end,01 - Clear,01 - Daylight,01 - Dry,01 - Traffic signal,01 - Functioning,3,0,0,0,,0,,,,,374147.7187,5030666.567,45.41249889,-75.61400683,2813
20--3628,3/12/2020,4:33 PM,DYNES RD @ PRINCE OF WALES DR (0003321),3321,03 - At intersection,02 - Non-fatal injury,07 - SMV other,01 - Clear,01 - Daylight,01 - Dry,01 - Traffic signal,01 - Functioning,1,0,0,1,02 - Minor,1,,1,,,367114.7191,5025923.538,45.37048397,-75.70445089,2814
20--3629,3/12/2020,5:08 PM,HAWTHORNE RD/RUSSELL RD @ WALKLEY RD (0002618),2618,02 - Intersection related,03 - P.D. only,03 - Rear end,01 - Clear,01 - Daylight,01 - Dry,01 - Traffic signal,01 - Functioning,2,0,0,0,,0,,,,,374674.7395,5028499.555,45.39294878,-75.60758143,2815
20--363,1/9/2020,7:14 AM,HWY417 IC122 RAMP15 btwn HWY417 IC122 RAMP51 & HIGHWAY 417 (__3ZAY93),__3ZAY93,01 - Non intersection,03 - P.D. only,03 - Rear end,01 - Clear,03 - Dawn,01 - Dry,10 - No control,,2,0,0,0,,0,,,,,365591.7737,5029040.901,45.39866711,-75.72350804,2816
20--3630,3/12/2020,5:20 PM,CARLING AVE @ IROQUOIS RD (0003145),3145,03 - At intersection,03 - P.D. only,05 - Turning movement,01 - Clear,01 - Daylight,01 - Dry,01 - Traffic signal,01 - Functioning,2,0,0,0,,0,,,,,362213.6867,5026025.533,45.37182036,-75.76700335,2817
20--3631,3/12/2020,6:19 AM,JEANNE D'ARC BLVD  N btwn VINEYARD DR & VOYAGEUR DR (__3ZA68P),__3ZA68P,01 - Non intersection,03 - P.D. only,05 - Turning movement,01 - Clear,03 - Dawn,01 - Dry,10 - No control,,2,0,0,0,,0,,,,,379237.8262,5037378.901,45.47236875,-75.54796855,2818
20--3632,3/12/2020,6:20 PM,TENTH LINE RD @ VANGUARD DR (0004632),4632,02 - Intersection related,03 - P.D. only,03 - Rear end,01 - Clear,07 - Dark,01 - Dry,01 - Traffic signal,01 - Functioning,2,0,0,0,,0,,,,,384072.7537,5035874.562,45.45830201,-75.48638372,2819
20--3633,3/12/2020,6:30 AM,MITCH OWENS RD btwn SALE BARN RD & HAWTHORNE RD (__3ZA2CT),__3ZA2CT,01 - Non intersection,03 - P.D. only,07 - SMV other,01 - Clear,03 - Dawn,01 - Dry,10 - No control,,1,0,0,0,,0,,,,,378837.8454,5016634.501,45.28576561,-75.556194,2820
20--3634,3/12/2020,6:30 PM,STITTSVILLE MAIN ST @ HAZELDEAN RD (0000050),50,02 - Intersection related,03 - P.D. only,03 - Rear end,01 - Clear,05 - Dusk,01 - Dry,01 - Traffic signal,01 - Functioning,2,0,0,0,,0,,,,,349558.3935,5014878.721,45.27244092,-75.92957087,2821
20--3635,3/12/2020,6:35 PM,DYNES RD @ PRINCE OF WALES DR (0003321),3321,03 - At intersection,02 - Non-fatal injury,05 - Turning movement,01 - Clear,07 - Dark,01 - Dry,01 - Traffic signal,01 - Functioning,2,0,0,0,01 - Minimal,2,2,,,,367114.7052,5025923.538,45.37048397,-75.70445107,2822
20--3636,3/12/2020,7:05 PM,BLAIR RD @ OGILVIE RD (0004120),4120,02 - Intersection related,03 - P.D. only,03 - Rear end,01 - Clear,07 - Dark,01 - Dry,01 - Traffic signal,01 - Functioning,2,0,0,0,,0,,,,,374507.722,5033198.574,45.43524477,-75.60904965,2823
20--3637,3/12/2020,7:49 PM,ROOSEVELT AVE btwn GREENWOOD AVE & COLE AVE (__3ZA4BK),__3ZA4BK,01 - Non intersection,03 - P.D. only,06 - SMV unattended vehicle,01 - Clear,07 - Dark,01 - Dry,10 - No control,,1,0,0,0,,0,,,,,363429.6316,5027165.718,45.38197891,-75.75134541,2824
20--3638,3/12/2020,7:53 PM,O'CONNOR ST @ WELLINGTON ST (0002234),2234,02 - Intersection related,03 - P.D. only,05 - Turning movement,01 - Clear,07 - Dark,01 - Dry,01 - Traffic signal,01 - Functioning,2,0,0,0,,0,,,,,367413.6978,5031722.577,45.42263545,-75.69989826,2825
20--3639,3/12/2020,8:00 AM,PRINCE OF WALES DR @ WEST HUNT CLUB RD (0000567),567,02 - Intersection related,02 - Non-fatal injury,03 - Rear end,01 - Clear,01 - Daylight,01 - Dry,01 - Traffic signal,01 - Functioning,2,0,0,0,01 - Minimal,1,1,,,,367458.7109,5021891.508,45.33417393,-75.70057066,2826
20--364,1/9/2020,7:40 AM,HIGHWAY 417 btwn HWY417 IC124 RAMP65 & HWY417 IC122 RAMP51 (__3ZA2R8),__3ZA2R8,01 - Non intersection,03 - P.D. only,03 - Rear end,01 - Clear,03 - Dawn,01 - Dry,10 - No control,,2,0,0,0,,0,,,,,365171.1469,5028726.705,45.39587644,-75.72891866,2827
20--3640,3/12/2020,8:10 AM,OGILVIE RD btwn CYRVILLE RD & MURDOCK GT (__3ZA13S),__3ZA13S,01 - Non intersection,03 - P.D. only,04 - Sideswipe,01 - Clear,01 - Daylight,01 - Dry,10 - No control,,2,0,0,0,,0,,,,,372540.0369,5032056.751,45.42516458,-75.63435322,2828
20--3641,3/12/2020,8:11 AM,BRONSON AVE @ RAMP 34/42A (0011430),11430,02 - Intersection related,03 - P.D. only,03 - Rear end,01 - Clear,01 - Daylight,01 - Dry,10 - No control,,2,0,0,0,,0,,,,,368416.0761,5027186.453,45.38173041,-75.68767592,2829
20--3642,3/13/2020,1:20 PM,TERRY FOX DR @ PALLADIUM DR/KATIMAVIK RD (0011858),11858,02 - Intersection related,03 - P.D. only,03 - Rear end,01 - Clear,01 - Daylight,01 - Dry,01 - Traffic signal,01 - Functioning,2,0,0,0,,0,,,,,351269.7104,5018181.772,45.30205172,-75.90745255,2830
20--3643,3/13/2020,1:40 PM,ST. JOSEPH BLVD @ JEANNE D'ARC BLVD (0012421),12421,03 - At intersection,03 - P.D. only,02 - Angle,01 - Clear,01 - Daylight,02 - Wet,11 - Roundabout,01 - Functioning,2,0,0,0,,0,,,,,379860.7443,5036471.569,45.46413861,-75.54014136,2831
20--3644,3/13/2020,10:02 AM,INNES RD @ STONEHENGE CRES W (0009354),9354,02 - Intersection related,03 - P.D. only,03 - Rear end,02 - Rain,01 - Daylight,02 - Wet,01 - Traffic signal,01 - Functioning,2,0,0,0,,0,,,,,375199.7392,5031216.561,45.41734239,-75.60048921,2832
20--3645,3/13/2020,10:40 AM,SHILLINGTON AVE btwn SPROULE ST & SHERIDAN AVE (__3ZA0RL),__3ZA0RL,01 - Non intersection,03 - P.D. only,07 - SMV other,01 - Clear,01 - Daylight,02 - Wet,10 - No control,,1,0,0,0,,0,,,,,365348.7261,5027125.33,45.38145227,-75.72684723,2833
20--3646,3/13/2020,11:00 AM,CITIPLACE DR btwn Continuation of CITIPLACE DR & Continuation of CITIP (__5Z1V7E),__5Z1V7E,01 - Non intersection,03 - P.D. only,03 - Rear end,01 - Clear,01 - Daylight,01 - Dry,10 - No control,,2,0,0,0,,0,,,,,366876.115,5023528.886,45.34895855,-75.70779753,2834
20--3647,3/13/2020,11:32 AM,COOPER ST @ O'CONNOR ST (0006954),6954,02 - Intersection related,03 - P.D. only,04 - Sideswipe,01 - Clear,01 - Daylight,01 - Dry,02 - Stop sign,00 - Unknown,2,0,0,0,,0,,,,,367808.7018,5031085.566,45.41686837,-75.69493271,2835
20--3648,3/13/2020,11:53 AM,CARLING AVE @ MAITLAND AVE/SHERBOURNE RD (0002641),2641,02 - Intersection related,03 - P.D. only,04 - Sideswipe,01 - Clear,01 - Daylight,01 - Dry,01 - Traffic signal,01 - Functioning,2,0,0,0,,0,,,,,362942.6958,5026488.514,45.3759261,-75.75764242,2836
20--3649,3/13/2020,12:04 PM,EARL ARMSTRONG RD @ SPRATT RD (0013063),13063,02 - Intersection related,03 - P.D. only,03 - Rear end,01 - Clear,01 - Daylight,01 - Dry,01 - Traffic signal,01 - Functioning,2,0,0,0,,0,,,,,368396.698,5015011.436,45.27218374,-75.68948722,2837
20--365,1/9/2020,8:00 PM,WELLINGTON ST    W btwn HURON AVE N & HOLLAND AVE (__3ZA4QO),__3ZA4QO,01 - Non intersection,03 - P.D. only,06 - SMV unattended vehicle,01 - Clear,07 - Dark,01 - Dry,10 - No control,,1,0,0,0,,0,,,,,364901.1545,5029142.36,45.39963964,-75.73231614,2838
20--3404,3/6/2020,7:25 AM,COLONEL BY DR btwn ROSEDALE AVE & ECHO DR (__3ZA21I),__3ZA21I,01 - Non intersection,03 - P.D. only,03 - Rear end,03 - Snow,01 - Daylight,03 - Loose snow,10 - No control,,2,0,0,0,,0,,,,,368329.3556,5028685.197,45.39522354,-75.68859023,2839
20--3405,3/6/2020,7:25 PM,HIGHWAY 417 btwn RAMP & HWY417 IC88 RAMP51 (__3ZA2W2),__3ZA2W2,01 - Non intersection,03 - P.D. only,07 - SMV other,01 - Clear,07 - Dark,01 - Dry,10 - No control,,1,0,0,0,,0,,,,,390001.284,5023396.217,45.345337,-75.41274794,2840
20--3406,3/6/2020,7:28 AM,DONALD ST @ 110 E OF ST. LAURENT BLVD  (0013077),13077,03 - At intersection,02 - Non-fatal injury,02 - Angle,03 - Snow,01 - Daylight,03 - Loose snow,01 - Traffic signal,01 - Functioning,2,0,0,0,02 - Minor,2,,2,,,372203.9003,5032483.824,45.42903966,-75.63858976,2841
20--3407,3/6/2020,7:30 AM,HOPE SIDE RD btwn CROWNRIDGE DR & RICHMOND RD (__3ZA2TR),__3ZA2TR,01 - Non intersection,02 - Non-fatal injury,01 - Approaching,03 - Snow,01 - Daylight,04 - Slush,10 - No control,,3,0,0,0,03 - Major,2,,1,1,,356103.3017,5014997.556,45.27306319,-75.84615127,2842
20--3408,3/6/2020,7:32 AM,GLADSTONE AVE @ PRESTON ST (0002212),2212,02 - Intersection related,02 - Non-fatal injury,03 - Rear end,03 - Snow,01 - Daylight,04 - Slush,01 - Traffic signal,01 - Functioning,2,0,0,0,01 - Minimal,1,1,,,,366489.7092,5029712.551,45.4046319,-75.7119558,2843
20--3409,3/6/2020,7:38 AM,CUMMINGS AVE @ OGILVIE RD (0009923),9923,02 - Intersection related,03 - P.D. only,03 - Rear end,03 - Snow,01 - Daylight,02 - Wet,01 - Traffic signal,01 - Functioning,2,0,0,0,,0,,,,,372748.7121,5032170.582,45.42616854,-75.63167118,2844
20--341,1/9/2020,Unknown,CHURCHILL AVE   N btwn CARLING AVE & END (__3ZA0OP),__3ZA0OP,01 - Non intersection,03 - P.D. only,06 - SMV unattended vehicle,01 - Clear,00 - Unknown,01 - Dry,10 - No control,,1,0,0,0,,0,,,,,363797.6664,5026929.998,45.37982704,-75.74667447,2845
20--3410,3/6/2020,7:46 AM,MARVELVILLE RD btwn YORKS CORNERS RD & LARRY ROBINSON RD (__3ZA2ZU),__3ZA2ZU,01 - Non intersection,03 - P.D. only,07 - SMV other,03 - Snow,01 - Daylight,03 - Loose snow,10 - No control,,1,0,0,0,,0,,,,,392829.7743,5008657.735,45.21238478,-75.37927428,2846
20--3411,3/6/2020,8:00 AM,TERRY FOX DR btwn CASTLEFRANK RD & TRANS CANADA TRAIL (__355BDZA),__355BDZA,01 - Non intersection,03 - P.D. only,01 - Approaching,03 - Snow,01 - Daylight,04 - Slush,10 - No control,,2,0,0,0,,0,,,,,353156.9802,5016113.764,45.28331591,-75.88359047,2847
20--3412,3/6/2020,8:00 AM,WELLINGTON ST    W btwn IRVING AVE & GARLAND ST (__3ZA311),__3ZA311,01 - Non intersection,03 - P.D. only,07 - SMV other,03 - Snow,01 - Daylight,04 - Slush,10 - No control,,1,0,0,0,,0,,,,,365642.097,5029828.907,45.40575303,-75.7227681,2848
20--3413,3/6/2020,8:00 AM,HWY417 IC118 RAMP45 btwn HWY417 IC118 RAMP35 & LEES AVE (__3ZAY9P),__3ZAY9P,01 - Non intersection,03 - P.D. only,07 - SMV other,03 - Snow,01 - Daylight,04 - Slush,10 - No control,,1,0,0,0,,0,,,,,369514.2425,5031002.344,45.41596391,-75.67315406,2849
20--3414,3/6/2020,8:00 PM,ST. JOSEPH BLVD btwn HART RD & R.C.M.P. COMPLEX (__3ZA2BHA),__3ZA2BHA,01 - Non intersection,03 - P.D. only,07 - SMV other,03 - Snow,07 - Dark,02 - Wet,10 - No control,,1,0,0,0,,0,,,,,377839.7784,5035753.575,45.45789283,-75.56608815,2850
20--3415,3/6/2020,8:02 AM,JASPER AVE @ NOTTING HILL AVE (0011315),11315,02 - Intersection related,03 - P.D. only,02 - Angle,03 - Snow,01 - Daylight,06 - Ice,02 - Stop sign,01 - Functioning,2,0,0,0,,0,,,,,370957.7204,5026064.417,45.37139931,-75.65537505,2851
20--3416,3/6/2020,8:05 AM,RENAUD RD btwn IDA ST & Continuation of RENAUD RD (__3ZA6FE),__3ZA6FE,01 - Non intersection,03 - P.D. only,07 - SMV other,03 - Snow,01 - Daylight,03 - Loose snow,10 - No control,,1,0,0,0,,0,,,,,378542.4328,5031707.997,45.4214197,-75.5577111,2852
20--3417,3/6/2020,8:09 AM,BRIAN COBURN BLVD @ MER BLEUE RD (0014363),14363,03 - At intersection,03 - P.D. only,02 - Angle,03 - Snow,01 - Daylight,02 - Wet,11 - Roundabout,01 - Functioning,2,0,0,0,,0,,,,,383150.8189,5034441.164,45.44550953,-75.49839849,2853
20--3418,3/6/2020,8:10 AM,GILLIGAN RD @ LEITRIM RD (0013707),13707,02 - Intersection related,03 - P.D. only,03 - Rear end,03 - Snow,01 - Daylight,04 - Slush,01 - Traffic signal,01 - Functioning,2,0,0,0,,0,,,,,372980.2,5020083.566,45.31739191,-75.63038168,2854
20--3419,3/6/2020,8:12 AM,TED KELLY LANE btwn FIESTA AVE & OLD MONTREAL RD (__3ZA5CR),__3ZA5CR,01 - Non intersection,03 - P.D. only,07 - SMV other,03 - Snow,01 - Daylight,06 - Ice,10 - No control,,1,0,0,0,,0,,,,,386373.1386,5040888.652,45.50314885,-75.45614204,2855
20--342,1/9/2020,Unknown,PETERSON PL btwn ROBARTS CRES & END (__3ZA5RW),__3ZA5RW,01 - Non intersection,03 - P.D. only,06 - SMV unattended vehicle,01 - Clear,00 - Unknown,05 - Packed snow,10 - No control,,1,0,0,0,,0,,,,,351528.7359,5018655.59,45.30629808,-75.90410516,2856
20--3420,3/6/2020,8:13 AM,DECOEUR DR/SOUTHFIELD WAY @ TENTH LINE RD (0013515),13515,02 - Intersection related,03 - P.D. only,03 - Rear end,03 - Snow,01 - Daylight,03 - Loose snow,01 - Traffic signal,01 - Functioning,2,0,0,0,,0,,,,,384551.517,5034726.576,45.447919,-75.48044916,2857
20--3421,3/6/2020,8:13 AM,BANK ST btwn BLAIS RD & RIDEAU RD (__3ZA29L),__3ZA29L,01 - Non intersection,03 - P.D. only,03 - Rear end,03 - Snow,01 - Daylight,03 - Loose snow,10 - No control,,2,0,0,0,,0,,,,,376644.5377,5018575.728,45.30345962,-75.58386859,2858
20--276,1/7/2020,4:27 PM,ISLAND PARK DR @ RICHMOND RD (0002125),2125,02 - Intersection related,02 - Non-fatal injury,04 - Sideswipe,01 - Clear,05 - Dusk,02 - Wet,01 - Traffic signal,01 - Functioning,2,0,0,0,01 - Minimal,1,1,,,,364130.6841,5028867.829,45.39723518,-75.74218966,2859
20--3422,3/6/2020,8:20 AM,BRIAN COBURN BLVD @ TENTH LINE RD (0013966),13966,02 - Intersection related,03 - P.D. only,03 - Rear end,03 - Snow,01 - Daylight,03 - Loose snow,01 - Traffic signal,01 - Functioning,2,0,0,0,,0,,,,,384428.3389,5035022.308,45.45059377,-75.48197576,2860
20--3423,3/6/2020,8:29 AM,ROCKCLIFFE PKWY btwn LISGAR RD & ACACIA AVE (__3ZBPHK),__3ZBPHK,01 - Non intersection,03 - P.D. only,03 - Rear end,03 - Snow,01 - Daylight,04 - Slush,10 - No control,,2,0,0,0,,0,,,,,368612.1503,5035489.521,45.45642068,-75.68409714,2861
20--3424,3/6/2020,8:30 AM,LEITRIM RD btwn HIGH RD & ALBION RD (__4B2G24),__4B2G24,01 - Non intersection,03 - P.D. only,07 - SMV other,03 - Snow,01 - Daylight,03 - Loose snow,10 - No control,,1,0,0,0,,0,,,,,372000.7243,5019512.464,45.31234772,-75.64295065,2862
20--3425,3/6/2020,8:30 AM,HWY417 IC138 RAMP61 btwn HWY417 IC138 RAMP62 & HIGHWAY 417 (__3ZAYB2),__3ZAYB2,01 - Non intersection,03 - P.D. only,03 - Rear end,03 - Snow,01 - Daylight,02 - Wet,10 - No control,,2,0,0,0,,0,,,,,353075.1883,5020490.365,45.32270318,-75.88420681,2863
20--3426,3/6/2020,8:39 AM,FITZGERALD RD btwn ROBERTSON RD & MOODIE DR (__3ZA5ZV),__3ZA5ZV,01 - Non intersection,02 - Non-fatal injury,04 - Sideswipe,03 - Snow,01 - Daylight,03 - Loose snow,10 - No control,,2,0,0,0,01 - Minimal,1,1,,,,356827.7168,5020773.533,45.32498306,-75.83631331,2864
20--3427,3/6/2020,8:40 AM,HIGHWAY 417 btwn HWY417 IC144 RAMP16 & HWY417 IC144 RAMP61 (__3ZA2QU),__3ZA2QU,01 - Non intersection,03 - P.D. only,07 - SMV other,05 - Drifting Snow,01 - Daylight,03 - Loose snow,10 - No control,,1,0,0,0,,0,,,,,347424.0536,5015886.672,45.28164346,-75.95668443,2865
20--3428,3/6/2020,8:48 AM,COMMODORE DR @ RIDEAU ST (0008160),8160,03 - At intersection,03 - P.D. only,07 - SMV other,04 - Freezing Rain,01 - Daylight,06 - Ice,02 - Stop sign,01 - Functioning,1,0,0,0,,0,,,,,371975.6973,5001912.313,45.15398655,-75.64564605,2866
20--3429,3/6/2020,9:00 AM,HIGHWAY 417 btwn HWY417 IC117 RAMP61 & HWY417 IC115 RAMP36 (__3ZA2RZ),__3ZA2RZ,01 - Non intersection,03 - P.D. only,03 - Rear end,03 - Snow,01 - Daylight,03 - Loose snow,10 - No control,,2,0,0,0,,0,,,,,371864.6344,5031455.89,45.41982339,-75.64306498,2867
20--343,1/9/2020,Unknown,CRAIG HENRY DR btwn BERTONA ST & SOVEREIGN AVE (__3ZAAYX),__3ZAAYX,01 - Non intersection,03 - P.D. only,06 - SMV unattended vehicle,01 - Clear,00 - Unknown,01 - Dry,10 - No control,,1,0,0,0,,0,,,,,362682.5854,5021887.887,45.33455159,-75.76150185,2868
20--3430,3/6/2020,9:02 PM,ANDERSON RD btwn INNES RD & DESJARDINS ST (__3ZBOG0),__3ZBOG0,01 - Non intersection,03 - P.D. only,07 - SMV other,01 - Clear,07 - Dark,01 - Dry,10 - No control,,1,0,0,0,,0,,,,,376405.222,5031757.178,45.42208422,-75.58500992,2869
20--3431,3/6/2020,9:10 AM,FERNSIDE ST @ TEASEL WAY (0016068),16068,03 - At intersection,03 - P.D. only,02 - Angle,03 - Snow,01 - Daylight,05 - Packed snow,02 - Stop sign,01 - Functioning,2,0,0,0,,0,,,,,376089.92,5021201.901,45.32714536,-75.59056204,2870
20--3432,3/6/2020,9:12 AM,CARP RD btwn JOHN CAVANAUGH DR & MCGEE SIDE RD (__3ZA3FY),__3ZA3FY,01 - Non intersection,03 - P.D. only,03 - Rear end,03 - Snow,01 - Daylight,06 - Ice,10 - No control,,2,0,0,0,,0,,,,,344079.5438,5019574.326,45.31502132,-75.99902203,2871
20--3433,3/6/2020,9:18 AM,ESCARPMENT CRES btwn BRECCIA┬á HTS  & BRECCIA┬á HTS  (__8JUTGS),__8JUTGS,01 - Non intersection,03 - P.D. only,01 - Approaching,02 - Rain,01 - Daylight,04 - Slush,10 - No control,,2,0,0,0,,0,,,,,348729.907,5020395.33,45.32213341,-75.93964039,2872
20--3434,3/6/2020,9:20 AM,REGIONAL ROAD 174 btwn MORIN RD & OLD MONTREAL RD (__3ZA27P),__3ZA27P,01 - Non intersection,02 - Non-fatal injury,03 - Rear end,03 - Snow,01 - Daylight,02 - Wet,10 - No control,,2,0,0,0,02 - Minor,1,,1,,,392518.1949,5042742.795,45.5190844,-75.37718927,2873
20--3435,3/6/2020,9:20 AM,HIGHWAY 417 btwn HWY417 IC117 RAMP26 & HWY417 IC117 RAMP61 (__3ZA2YM),__3ZA2YM,01 - Non intersection,03 - P.D. only,04 - Sideswipe,03 - Snow,01 - Daylight,02 - Wet,10 - No control,,2,0,0,0,,0,,,,,370975.2593,5031291.09,45.41842527,-75.65445007,2874
20--3436,3/6/2020,9:30 AM,ACACIA AVE @ ROCKCLIFFE PKWY (0002628),2628,02 - Intersection related,03 - P.D. only,03 - Rear end,03 - Snow,01 - Daylight,06 - Ice,02 - Stop sign,00 - Unknown,2,0,0,0,,0,,,,,368702.7272,5035534.255,45.4568149,-75.68293333,2875
20--3437,3/6/2020,9:40 AM,LAROUCHE ST btwn MCARTHUR AVE & STEVENS AVE (__3ZA822),__3ZA822,01 - Non intersection,03 - P.D. only,06 - SMV unattended vehicle,03 - Snow,01 - Daylight,03 - Loose snow,10 - No control,,1,0,0,0,,0,,,,,370392.0434,5032661.405,45.43080973,-75.6617188,2876
20--3438,3/6/2020,9:53 AM,"325 E OF HUNTMAR RD/IBER RD,TRANSITWAY @ HAZELDEAN RD (0014359)",14359,03 - At intersection,02 - Non-fatal injury,05 - Turning movement,03 - Snow,01 - Daylight,02 - Wet,01 - Traffic signal,01 - Functioning,3,0,0,0,02 - Minor,2,1,1,,,351183.5138,5016299.5,45.28512021,-75.90872763,2877
20--3439,3/6/2020,9:53 AM,SHEFFIELD RD @ WALKLEY RD (0005156),5156,02 - Intersection related,03 - P.D. only,03 - Rear end,03 - Snow,01 - Daylight,04 - Slush,01 - Traffic signal,01 - Functioning,2,0,0,0,,0,,,,,375257.7331,5028784.53,45.39545443,-75.60009584,2878
20--344,1/9/2020,Unknown,WELLINGTON ST    W btwn HOLLAND AVE & HINTON AVE N (__3ZA4QR),__3ZA4QR,01 - Non intersection,03 - P.D. only,06 - SMV unattended vehicle,01 - Clear,00 - Unknown,01 - Dry,10 - No control,,1,0,0,0,,0,,,,,364962.4933,5029171.049,45.39989251,-75.73152922,2879
20--3440,3/7/2020,1:13 PM,VANGUARD DR btwn LANTHIER DR & VANTAGE DR (__5SPC1L),__5SPC1L,04 - At/near private drive,03 - P.D. only,02 - Angle,01 - Clear,01 - Daylight,01 - Dry,10 - No control,,2,0,0,0,,0,,,,,383739.0427,5035655.876,45.45637225,-75.49068514,2880
20--3441,3/7/2020,1:27 PM,ST. JOSEPH BLVD @ JEANNE D'ARC BLVD (0012421),12421,03 - At intersection,03 - P.D. only,04 - Sideswipe,01 - Clear,01 - Daylight,01 - Dry,11 - Roundabout,01 - Functioning,2,0,0,0,,0,,,,,379860.7316,5036471.592,45.46413882,-75.54014152,2881
20--3442,3/7/2020,1:33 PM,JEANNE D'ARC BLVD @ ORLEANS BLVD S (0004154),4154,02 - Intersection related,03 - P.D. only,04 - Sideswipe,01 - Clear,01 - Daylight,01 - Dry,01 - Traffic signal,01 - Functioning,3,0,0,0,,0,,,,,380940.722,5036250.579,45.46203344,-75.52636709,2882
20--3443,3/7/2020,1:35 PM,HIGHWAY 417 btwn HWY417 IC112 RAMP66 & HWY417 IC113 RAMP65 (__3ZA284),__3ZA284,01 - Non intersection,03 - P.D. only,07 - SMV other,01 - Clear,01 - Daylight,01 - Dry,10 - No control,,1,0,0,0,,0,,,,,374202.2652,5031286.667,45.41807282,-75.6132227,2883
20--3444,3/7/2020,1:50 PM,STITTSVILLE MAIN ST @ HAZELDEAN RD (0000050),50,02 - Intersection related,03 - P.D. only,03 - Rear end,01 - Clear,01 - Daylight,01 - Dry,01 - Traffic signal,01 - Functioning,2,0,0,0,,0,,,,,349558.3988,5014878.692,45.27244066,-75.92957081,2884
20--3445,3/7/2020,10:26 AM,QUEEN ST btwn KENT ST & BANK ST (__3ZA2FR),__3ZA2FR,01 - Non intersection,03 - P.D. only,06 - SMV unattended vehicle,01 - Clear,01 - Daylight,01 - Dry,10 - No control,,1,0,0,0,,0,,,,,367184.1689,5031389.382,45.41965798,-75.70287317,2885
20--3446,3/7/2020,10:29 AM,BRIAN COBURN BLVD @ MER BLEUE RD (0014363),14363,03 - At intersection,03 - P.D. only,02 - Angle,01 - Clear,01 - Daylight,01 - Dry,11 - Roundabout,01 - Functioning,2,0,0,0,,0,,,,,383150.8189,5034441.164,45.44550953,-75.49839849,2886
20--3447,3/7/2020,10:30 AM,WELLINGTON ST    W btwn FAIRMONT AVE & IRVING AVE (__3ZA31T),__3ZA31T,01 - Non intersection,03 - P.D. only,06 - SMV unattended vehicle,01 - Clear,01 - Daylight,01 - Dry,10 - No control,,1,0,0,0,,0,,,,,365606.8844,5029775.238,45.40527318,-75.7232245,2887
20--3448,3/7/2020,10:30 AM,TILLSONBURG ST btwn GUELPH PRIV & WALLACEBURG CRT (__6FWUGT),__6FWUGT,04 - At/near private drive,03 - P.D. only,06 - SMV unattended vehicle,01 - Clear,01 - Daylight,01 - Dry,10 - No control,,1,0,0,0,,0,,,,,349050.57,5019520.238,45.31423894,-75.93562846,2888