Anom_ID,Accident_Date,Accident_Time,Location,Geo_ID,Accident_Location,Classification_of_Accident,Initial_Impact_Type,Environment_Condition,Light,Road_Surface_Condition,Traffic_Control,Traffic_Control_Condition,No__of_Vehicles,No__of_Bicycles,No__of_Motorcycles,No__of_Pedestrians,Max_Injury,No__of_Injuries,No__of_Minimal,No__of_Minor,No__of_Major,No__of_Fatal,X,Y,Latitude,Longitude,ObjectId
20--3449,3/7/2020,10:35 AM,MOODIE DR @ HWY 417 MOODIE IC134R63 (0000649),649,03 - At intersection,03 - P.D. only,02 - Angle,01 - Clear,01 - Daylight,01 - Dry,01 - Traffic signal,01 - Functioning,2,0,0,0,,0,,,,,356389.6483,5022479.504,45.3403659,-75.8417233,2889
20--345,1/9/2020,Unknown,THARE CRES btwn CARHIDEL CRT & CROSSING PL (__3ZBN8F),__3ZBN8F,01 - Non intersection,03 - P.D. only,06 - SMV unattended vehicle,01 - Clear,00 - Unknown,01 - Dry,10 - No control,,1,0,0,0,,0,,,,,364114.9738,5017140.262,45.2917131,-75.74379659,2890
20--3450,3/7/2020,10:45 AM,O'CONNOR ST @ WELLINGTON ST (0002234),2234,02 - Intersection related,03 - P.D. only,03 - Rear end,01 - Clear,01 - Daylight,01 - Dry,01 - Traffic signal,01 - Functioning,2,0,0,0,,0,,,,,367413.7014,5031722.58,45.42263548,-75.69989821,2891
20--3451,3/7/2020,11:24 AM,CHAMPAGNE AVE   S btwn YOUNG ST & BEECH ST (__3ZBONO),__3ZBONO,01 - Non intersection,03 - P.D. only,06 - SMV unattended vehicle,01 - Clear,01 - Daylight,05 - Packed snow,10 - No control,,1,0,0,0,,0,,,,,366458.4262,5029196.216,45.39998881,-75.71241993,2892
20--3452,3/7/2020,11:48 AM,BELANGER AVE btwn CLEMENTINE BLVD & BANK ST (__3ZBOUA),__3ZBOUA,01 - Non intersection,03 - P.D. only,04 - Sideswipe,01 - Clear,01 - Daylight,01 - Dry,10 - No control,,2,0,0,0,,0,,,,,369605.16,5027418.82,45.38371219,-75.67246339,2893
20--3453,3/7/2020,Unknown,CLEGG ST btwn GLENORA ST & MAIN ST (__3ZA95M),__3ZA95M,01 - Non intersection,03 - P.D. only,06 - SMV unattended vehicle,01 - Clear,00 - Unknown,01 - Dry,10 - No control,,1,0,0,0,,0,,,,,369235.3034,5029897.46,45.40604829,-75.67686209,2894
20--3454,3/7/2020,Unknown,CLYDE AVE btwn BONNIE CRES & MAITLAND AVE (__3ZAAO0),__3ZAAO0,01 - Non intersection,03 - P.D. only,06 - SMV unattended vehicle,01 - Clear,00 - Unknown,02 - Wet,10 - No control,,1,0,0,0,,0,,,,,364170.8151,5025330.975,45.36540775,-75.74210246,2895
20--3455,3/7/2020,Unknown,GERRY LALONDE DR btwn BRIAN COBURN BLVD & CHINIAN ST/TRIGORIA CRES (__86L66A),__86L66A,01 - Non intersection,03 - P.D. only,06 - SMV unattended vehicle,01 - Clear,00 - Unknown,01 - Dry,10 - No control,,1,0,0,0,,0,,,,,383482.036,5034714.866,45.44793486,-75.49412124,2896
20--3456,3/7/2020,Unknown,SECOND AVE btwn BANK ST & O'CONNOR ST (__3ZA93V),__3ZA93V,01 - Non intersection,03 - P.D. only,06 - SMV unattended vehicle,01 - Clear,00 - Unknown,01 - Dry,10 - No control,,1,0,0,0,,0,,,,,368582.6201,5029792.405,45.40516282,-75.68521262,2897
20--3457,3/7/2020,Unknown,BANK ST btwn GLEBE AVE & FIRST AVE (__3ZA3O8),__3ZA3O8,01 - Non intersection,03 - P.D. only,06 - SMV unattended vehicle,01 - Clear,00 - Unknown,01 - Dry,10 - No control,,1,0,0,0,,0,,,,,368250.4939,5029760.916,45.40490968,-75.68945897,2898
20--3458,3/7/2020,Unknown,FINCH PRIV btwn PINSON PRIV & END (__3ZA2M0),__3ZA2M0,01 - Non intersection,03 - P.D. only,06 - SMV unattended vehicle,01 - Clear,00 - Unknown,01 - Dry,10 - No control,,1,0,0,0,,0,,,,,369785.6181,5023448.44,45.34797117,-75.67068145,2899
20--3459,3/7/2020,Unknown,SHADOW HILL CRES btwn Continuation of SHADOW HILL CRES & Continuation  (__3ZAZUH),__3ZAZUH,01 - Non intersection,03 - P.D. only,06 - SMV unattended vehicle,01 - Clear,00 - Unknown,01 - Dry,10 - No control,,1,0,0,0,,0,,,,,372610.9653,5024090.37,45.35347956,-75.6345416,2900
20--346,1/9/2020,Unknown,ARLINGTON AVE btwn KENT ST & BANK ST (__3ZA977),__3ZA977,01 - Non intersection,03 - P.D. only,06 - SMV unattended vehicle,01 - Clear,00 - Unknown,01 - Dry,10 - No control,,1,0,0,0,,0,,,,,367879.9786,5030264.749,45.4094765,-75.69412714,2901
20--3460,3/7/2020,12:09 PM,RAMSAYVILLE RD btwn LEITRIM RD & EIGHTH LINE RD (__3ZBO27),__3ZBO27,01 - Non intersection,02 - Non-fatal injury,07 - SMV other,01 - Clear,01 - Daylight,01 - Dry,10 - No control,,1,0,0,0,02 - Minor,1,,1,,,378895.2283,5023462.667,45.34719599,-75.55444132,2902
20--3461,3/7/2020,12:15 PM,HIGHWAY 417 btwn HWY417 IC140 RAMP16 & HWY417 IC140 RAMP61 (__3ZA2QQ),__3ZA2QQ,01 - Non intersection,03 - P.D. only,07 - SMV other,01 - Clear,01 - Daylight,01 - Dry,10 - No control,,1,0,0,0,,0,,,,,351122.1112,5018750.02,45.30717472,-75.90928142,2903
20--3462,3/7/2020,12:20 PM,CASTLEFRANK RD btwn HAZELDEAN RD & TO BE DETERMINED (__3ZA1Z2),__3ZA1Z2,01 - Non intersection,02 - Non-fatal injury,03 - Rear end,01 - Clear,01 - Daylight,01 - Dry,10 - No control,,2,0,0,0,01 - Minimal,2,2,,,,352686.3386,5017667.366,45.29732784,-75.88943945,2904
20--3463,3/7/2020,12:30 AM,STONEWAY DR btwn LEWISTON AVE & WINDHURST DR (__3ZA1A4),__3ZA1A4,01 - Non intersection,03 - P.D. only,07 - SMV other,01 - Clear,07 - Dark,01 - Dry,10 - No control,,1,0,0,0,,0,,,,,366276.23,5016147.525,45.28259478,-75.7163684,2905
20--3464,3/7/2020,12:30 PM,FRANKTOWN RD @ DWYER HILL RD (0000087),87,03 - At intersection,03 - P.D. only,02 - Angle,01 - Clear,01 - Daylight,01 - Dry,02 - Stop sign,01 - Functioning,2,0,0,0,,0,,,,,348404.5242,4998730.341,45.12720243,-75.94568859,2906
20--3465,3/7/2020,12:45 PM,MCRAE AVE @ RICHMOND RD (0006867),6867,02 - Intersection related,03 - P.D. only,04 - Sideswipe,01 - Clear,01 - Daylight,01 - Dry,01 - Traffic signal,01 - Functioning,2,0,0,0,,0,,,,,363609.6987,5028538.555,45.39431638,-75.7488827,2907
20--3466,3/7/2020,12:46 PM,GREENBANK RD btwn HWY417 IC129 RAMP35 & HWY417 IC129 RAMP25 (__3ZA4MU),__3ZA4MU,01 - Non intersection,03 - P.D. only,04 - Sideswipe,01 - Clear,01 - Daylight,01 - Dry,10 - No control,,2,0,0,0,,0,,,,,360509.9757,5023370.609,45.34806896,-75.78905206,2908
20--3467,3/7/2020,2:10 PM,MCCOOEY LANE @ FISHER AVE (0003055),3055,02 - Intersection related,02 - Non-fatal injury,03 - Rear end,01 - Clear,01 - Daylight,01 - Dry,01 - Traffic signal,01 - Functioning,3,0,0,0,01 - Minimal,1,1,,,,365997.6988,5026425.531,45.37509923,-75.71864794,2909
20--3468,3/7/2020,2:30 PM,INDUSTRIAL AVE btwn RIVERSIDE DR & SANDFORD FLEMING AVE (__3ZA3PG),__3ZA3PG,01 - Non intersection,02 - Non-fatal injury,03 - Rear end,01 - Clear,01 - Daylight,01 - Dry,10 - No control,,2,0,0,0,02 - Minor,1,,1,,,370874.6997,5030559.321,45.41185062,-75.65583294,2910
20--3469,3/7/2020,3:55 PM,BELFAST RD @ ST. LAURENT BLVD (0007658),7658,02 - Intersection related,03 - P.D. only,02 - Angle,01 - Clear,01 - Daylight,01 - Dry,01 - Traffic signal,01 - Functioning,2,0,0,0,,0,,,,,372860.7316,5030578.561,45.4118334,-75.63045973,2911
20--347,1/9/2020,12:51 PM,HWY 417 VANIER IC117R63 @ VANIER PKWY (0002101),2101,02 - Intersection related,02 - Non-fatal injury,03 - Rear end,01 - Clear,01 - Daylight,01 - Dry,01 - Traffic signal,01 - Functioning,2,0,0,0,02 - Minor,1,,1,,,370799.7288,5031397.566,45.41939988,-75.6566784,2912
20--2760,2/22/2020,5:15 PM,PARKDALE AVE btwn INGLEWOOD PL & CARLING AVE (__3ZA4OR),__3ZA4OR,01 - Non intersection,03 - P.D. only,06 - SMV unattended vehicle,01 - Clear,01 - Daylight,01 - Dry,10 - No control,,1,0,0,0,,0,,,,,365602.0227,5028231.416,45.39138265,-75.7234769,2913
20--2761,2/22/2020,5:47 AM,INNES RD @ TAUVETTE ST/GLEN PARK DR W (0003683),3683,02 - Intersection related,02 - Non-fatal injury,07 - SMV other,01 - Clear,07 - Dark,01 - Dry,02 - Stop sign,01 - Functioning,1,0,0,0,02 - Minor,1,,1,,,377346.7449,5032465.563,45.42836082,-75.57287613,2914
20--2762,2/22/2020,6:00 PM,BEATRICE DR @ STRANDHERD DR (0005447),5447,02 - Intersection related,03 - P.D. only,05 - Turning movement,01 - Clear,05 - Dusk,01 - Dry,01 - Traffic signal,01 - Functioning,2,0,0,0,,0,,,,,365527.3728,5015321.468,45.27522704,-75.72601419,2915
20--2763,2/22/2020,6:12 PM,BANK ST @ RIVERSIDE DR S (0002704),2704,02 - Intersection related,03 - P.D. only,03 - Rear end,01 - Clear,07 - Dark,01 - Dry,01 - Traffic signal,00 - Unknown,2,0,0,0,,0,,,,,369304.7163,5027894.536,45.38802026,-75.67623737,2916
20--2764,2/22/2020,6:25 PM,DUNROBIN RD btwn KILMAURS SIDE RD & CONSTANCE BAY RD (__3ZA4EA),__3ZA4EA,01 - Non intersection,02 - Non-fatal injury,07 - SMV other,01 - Clear,07 - Dark,01 - Dry,10 - No control,,1,0,0,0,02 - Minor,1,,1,,,336142.1944,5037858.779,45.47995088,-76.09909173,2917
20--2765,2/22/2020,6:59 PM,TERRY FOX DR btwn HWY417 IC140 RAMP61 & HWY417 IC140 RAMP16 (__3ZA2XO),__3ZA2XO,01 - Non intersection,03 - P.D. only,03 - Rear end,01 - Clear,07 - Dark,02 - Wet,10 - No control,,3,0,0,0,,0,,,,,350822.1521,5018695.155,45.30670075,-75.91311151,2918
20--2766,2/22/2020,7:16 PM,BOOTH ST @ POPLAR ST (0006506),6506,03 - At intersection,03 - P.D. only,02 - Angle,01 - Clear,07 - Dark,01 - Dry,02 - Stop sign,01 - Functioning,2,0,0,0,,0,,,,,366679.6886,5030058.569,45.4077285,-75.70948574,2919
20--2767,2/22/2020,8:35 PM,HIGHWAY 417 btwn HWY417 IC124 RAMP76 & HWY417 IC124 RAMP67 (__3ZA2R7),__3ZA2R7,01 - Non intersection,03 - P.D. only,04 - Sideswipe,01 - Clear,07 - Dark,01 - Dry,10 - No control,,2,0,0,0,,0,,,,,364456.9341,5027571.736,45.38554546,-75.73817965,2920
20--2768,2/22/2020,8:45 AM,ST. GEORGES ST btwn MARCOUX DR & GALLOWAY DR (__3ZA6S5),__3ZA6S5,04 - At/near private drive,03 - P.D. only,07 - SMV other,01 - Clear,01 - Daylight,01 - Dry,10 - No control,,1,0,0,0,,0,,,,,382840.5735,5036965.42,45.46825531,-75.50196332,2921
20--2769,2/22/2020,9:13 AM,CRAIG HENRY DR @ IVYLEA ST/WOODVALE GR (0004600),4600,02 - Intersection related,03 - P.D. only,99 - Other,01 - Clear,01 - Daylight,01 - Dry,02 - Stop sign,01 - Functioning,2,0,0,0,,0,,,,,363035.6859,5021802.48,45.33375388,-75.75700722,2922
20--277,1/7/2020,4:30 PM,MERIVALE RD btwn KIMWAY CRES & LOBLAWS SC (__3ZA4IOB),__3ZA4IOB,01 - Non intersection,03 - P.D. only,05 - Turning movement,01 - Clear,01 - Daylight,02 - Wet,10 - No control,,2,0,0,0,,0,,,,,364779.4742,5024890.882,45.36139604,-75.73438674,2923
20--2770,2/22/2020,9:22 AM,TENTH LINE RD @ OR174 IC101 RAMP26 (0009164),9164,02 - Intersection related,03 - P.D. only,03 - Rear end,01 - Clear,01 - Daylight,01 - Dry,10 - No control,,2,0,0,0,,0,,,,,382761.7965,5038939.736,45.48602724,-75.50265728,2924
20--2771,2/22/2020,9:30 PM,MERIVALE RD btwn SLACK RD & CAPITAL DR (__3ZA3IU),__3ZA3IU,04 - At/near private drive,03 - P.D. only,05 - Turning movement,01 - Clear,07 - Dark,06 - Ice,10 - No control,,2,0,0,0,,0,,,,,366055.3047,5020868.179,45.32509007,-75.71860091,2925
20--2772,2/22/2020,9:45 AM,ATHLONE AVE @ RICHMOND RD (0006293),6293,02 - Intersection related,03 - P.D. only,03 - Rear end,01 - Clear,01 - Daylight,01 - Dry,12 - IPS,01 - Functioning,2,0,0,0,,0,,,,,363453.6926,5028441.553,45.39345666,-75.75088657,2926
20--2773,2/23/2020,1:10 PM,MONTREAL RD btwn MONTGOMERY ST & PALACE ST (__3ZA3KD),__3ZA3KD,04 - At/near private drive,02 - Non-fatal injury,02 - Angle,01 - Clear,01 - Daylight,01 - Dry,10 - No control,,2,0,0,0,01 - Minimal,1,1,,,,369892.8116,5032964.039,45.43357935,-75.66805841,2927
20--2774,2/23/2020,1:30 AM,HIGHWAY 417 btwn HWY417 IC110 RAMP66 & HWY417 IC110 RAMP56 (__3ZA2XR),__3ZA2XR,01 - Non intersection,03 - P.D. only,07 - SMV other,01 - Clear,07 - Dark,02 - Wet,10 - No control,,1,0,0,0,,0,,,,,375732.1549,5029481.576,45.40167818,-75.59393692,2928
20--2775,2/23/2020,10:22 PM,MONTREAL RD @ SHEFFORD RD (0012423),12423,02 - Intersection related,03 - P.D. only,03 - Rear end,01 - Clear,07 - Dark,01 - Dry,01 - Traffic signal,01 - Functioning,2,0,0,0,,0,,,,,376125.731,5034853.578,45.44997231,-75.58813224,2929
20--2776,2/23/2020,11:14 AM,CAMPEAU DR @ KANATA AVE (0012003),12003,03 - At intersection,03 - P.D. only,02 - Angle,01 - Clear,01 - Daylight,01 - Dry,01 - Traffic signal,01 - Functioning,2,0,0,0,,0,,,,,350594.8652,5019401.945,45.31307549,-75.91594447,2930
20--2777,2/23/2020,Unknown,HAMILTON AVE   N btwn ARMSTRONG ST & WELLINGTON ST W (__3ZA05N),__3ZA05N,01 - Non intersection,03 - P.D. only,06 - SMV unattended vehicle,01 - Clear,00 - Unknown,04 - Slush,10 - No control,,1,0,0,0,,0,,,,,365021.936,5029358.364,45.40157282,-75.73074714,2931
20--2778,2/23/2020,12:15 AM,BLAIR RD @ OGILVIE RD (0004120),4120,03 - At intersection,03 - P.D. only,04 - Sideswipe,01 - Clear,07 - Dark,01 - Dry,01 - Traffic signal,01 - Functioning,2,0,0,0,,0,,,,,374507.7093,5033198.574,45.43524477,-75.60904981,2932
20--2779,2/23/2020,12:16 PM,BROMLEY RD btwn CARLING AVE & MCKELLAR AVE (__3ZA0D2),__3ZA0D2,04 - At/near private drive,03 - P.D. only,02 - Angle,01 - Clear,01 - Daylight,01 - Dry,10 - No control,,2,0,0,0,,0,,,,,362586.8476,5026368.805,45.37487841,-75.76219946,2933
20--278,1/7/2020,4:40 PM,OR174 IC109 RAMP66 @ MONTREAL RD (0012426),12426,02 - Intersection related,02 - Non-fatal injury,03 - Rear end,03 - Snow,05 - Dusk,04 - Slush,03 - Yield sign,01 - Functioning,2,0,0,0,01 - Minimal,1,1,,,,376297.7298,5034935.581,45.45069254,-75.58592168,2934
20--2780,2/23/2020,12:26 PM,GLADSTONE AVE btwn ROCHESTER ST & BOOTH ST (__3ZA31X),__3ZA31X,01 - Non intersection,03 - P.D. only,07 - SMV other,01 - Clear,01 - Daylight,01 - Dry,10 - No control,,1,0,0,0,,0,,,,,366707.8267,5029808.756,45.40547827,-75.70915768,2935
20--2781,2/23/2020,2:09 PM,GLADSTONE AVE @ LEBRETON ST (0005746),5746,03 - At intersection,03 - P.D. only,02 - Angle,01 - Clear,01 - Daylight,02 - Wet,02 - Stop sign,01 - Functioning,2,0,0,0,,0,,,,,366855.6988,5029922.562,45.40648917,-75.70725454,2936
20--2782,2/23/2020,2:15 PM,HIGHWAY 417 btwn HWY417 IC121A RAMP16 & HWY417 IC121A RAMP61 (__3ZA2YY),__3ZA2YY,01 - Non intersection,03 - P.D. only,03 - Rear end,01 - Clear,01 - Daylight,01 - Dry,10 - No control,,2,0,0,0,,0,,,,,367167.2138,5029721.554,45.40465287,-75.70330083,2937
20--2783,2/23/2020,2:26 PM,MONTREAL RD @ 46 E OF HILLSIDE DR/MONTREAL SQU (0008215),8215,03 - At intersection,02 - Non-fatal injury,07 - SMV other,01 - Clear,01 - Daylight,01 - Dry,01 - Traffic signal,01 - Functioning,1,0,0,1,01 - Minimal,1,1,,,,371749.9623,5033916.685,45.44197547,-75.6441955,2938
20--2784,2/23/2020,2:45 PM,MCKENNA CASEY DR @ STRANDHERD DR (0009659),9659,02 - Intersection related,03 - P.D. only,03 - Rear end,01 - Clear,01 - Daylight,01 - Dry,02 - Stop sign,01 - Functioning,2,0,0,0,,0,,,,,361911.8082,5013611.337,45.26014212,-75.77228829,2939
20--2785,2/23/2020,2:49 AM,ROSSLAND AVE btwn PENDER ST & ST. HELEN'S PL (__3ZAAWJ),__3ZAAWJ,01 - Non intersection,03 - P.D. only,06 - SMV unattended vehicle,01 - Clear,07 - Dark,05 - Packed snow,10 - No control,,1,0,0,0,,0,,,,,364464.8082,5024024.991,45.35363173,-75.73850748,2940
20--2786,2/23/2020,3:15 PM,VANIER PKWY SB btwn PRESLAND RD & COVENTRY RD (__3ZA4S5B),__3ZA4S5B,01 - Non intersection,03 - P.D. only,03 - Rear end,01 - Clear,01 - Daylight,01 - Dry,10 - No control,,3,0,0,0,,0,,,,,370571.3983,5031653.35,45.42172282,-75.65956146,2941
20--2787,2/23/2020,3:19 PM,HUNT CLUB RD @ DOWNPATRICK RD/MCCARTHY RD (0006931),6931,02 - Intersection related,03 - P.D. only,03 - Rear end,01 - Clear,01 - Daylight,01 - Dry,01 - Traffic signal,01 - Functioning,2,0,0,0,,0,,,,,370507.7292,5023400.504,45.34747258,-75.66147353,2942
20--2788,2/23/2020,3:35 PM,BANK ST @ KILBORN AVE/BELANGER AVE (0007208),7208,02 - Intersection related,03 - P.D. only,04 - Sideswipe,01 - Clear,01 - Daylight,01 - Dry,01 - Traffic signal,01 - Functioning,2,0,0,0,,0,,,,,369653.715,5027427.546,45.38378621,-75.67184228,2943
20--2789,2/23/2020,4:30 PM,STRANDHERD DR btwn CEDARVIEW RD & MADRID AVE (__6O5O8S),__6O5O8S,01 - Non intersection,03 - P.D. only,03 - Rear end,01 - Clear,01 - Daylight,01 - Dry,10 - No control,,2,0,0,0,,0,,,,,363002.369,5014050.801,45.26400706,-75.75834217,2944
20--279,1/7/2020,4:40 PM,INNES RD @ WILDFLOWER DR (0012871),12871,03 - At intersection,03 - P.D. only,03 - Rear end,01 - Clear,05 - Dusk,02 - Wet,01 - Traffic signal,01 - Functioning,2,0,0,0,,0,,,,,382936.7566,5035690.553,45.45677442,-75.50093608,2945
20--2790,2/23/2020,4:45 PM,HIGHWAY 417 btwn HWY417 IC124 RAMP67 & HWY417 IC123 RAMP62 (__3ZA2YZ),__3ZA2YZ,01 - Non intersection,03 - P.D. only,03 - Rear end,01 - Clear,01 - Daylight,01 - Dry,10 - No control,,3,0,0,0,,0,,,,,364679.8561,5027893.647,45.38842293,-75.73529413,2946
20--2791,2/23/2020,4:58 PM,ST. JOSEPH BLVD @ JEANNE D'ARC BLVD (0012421),12421,03 - At intersection,03 - P.D. only,04 - Sideswipe,01 - Clear,01 - Daylight,01 - Dry,11 - Roundabout,01 - Functioning,2,0,0,0,,0,,,,,379860.7478,5036471.584,45.46413874,-75.54014131,2947
20--2792,2/23/2020,6:15 PM,JINKINSON RD btwn FERNBANK RD & HAZELDEAN RD (__7JQ7K3),__7JQ7K3,01 - Non intersection,03 - P.D. only,07 - SMV other,01 - Clear,07 - Dark,03 - Loose snow,10 - No control,,1,0,0,0,,0,,,,,345221.643,5009681.441,45.22593603,-75.98526139,2948
20--2793,2/23/2020,7:08 PM,LYON ST    N btwn NEPEAN ST & LISGAR ST (__3ZA3CL),__3ZA3CL,01 - Non intersection,03 - P.D. only,04 - Sideswipe,03 - Snow,07 - Dark,03 - Loose snow,10 - No control,,2,0,0,0,,0,,,,,367270.1152,5030874.972,45.4150218,-75.7018403,2949
20--2794,2/23/2020,7:37 PM,CATHERINE ST @ METCALFE ST (0011239),11239,03 - At intersection,03 - P.D. only,02 - Angle,01 - Clear,07 - Dark,01 - Dry,01 - Traffic signal,01 - Functioning,2,0,0,0,,0,,,,,368393.7016,5030486.551,45.41142571,-75.68753617,2950
20--2795,2/23/2020,8:25 PM,WALKLEY EXTENSION RD btwn HWY417 IC110 RAMP66 & RAMSAYVILLE RD (__3ZA2LZ),__3ZA2LZ,01 - Non intersection,03 - P.D. only,01 - Approaching,01 - Clear,07 - Dark,02 - Wet,10 - No control,,3,0,0,0,,0,,,,,376455.2239,5029424.147,45.40108783,-75.58471021,2951
20--2796,2/23/2020,9:00 PM,CHARKAY ST @ CHESTERTON DR (0001033),1033,02 - Intersection related,03 - P.D. only,03 - Rear end,01 - Clear,07 - Dark,06 - Ice,02 - Stop sign,01 - Functioning,2,0,0,0,,0,,,,,365666.7086,5023925.501,45.35263324,-75.72318146,2952
20--2797,2/23/2020,9:05 AM,CROYDON AVE btwn RICHMOND RD & BOND ST (__3ZABX1),__3ZABX1,04 - At/near private drive,03 - P.D. only,02 - Angle,01 - Clear,01 - Daylight,01 - Dry,10 - No control,,2,0,0,0,,0,,,,,360608.4062,5025148.349,45.36405718,-75.78759533,2953
20--2798,2/23/2020,9:20 AM,WOODROFFE AVE btwn HWY417 IC127 RAMP52 & HWY417 IC127 RAMP53 (__3ZA4L3),__3ZA4L3,01 - Non intersection,02 - Non-fatal injury,03 - Rear end,01 - Clear,01 - Daylight,01 - Dry,10 - No control,,2,0,0,0,01 - Minimal,1,1,,,,362196.6264,5024651.875,45.3594617,-75.76738071,2954
20--2799,2/24/2020,1:00 PM,GREENBANK RD @ WEST HUNT CLUB RD (0005167),5167,02 - Intersection related,03 - P.D. only,03 - Rear end,01 - Clear,01 - Daylight,02 - Wet,01 - Traffic signal,01 - Functioning,2,0,0,0,,0,,,,,361479.6676,5020502.475,45.32218386,-75.77700671,2955
20--28,1/2/2020,Unknown,MEADOWLANDS DR btwn VIEWMOUNT DR & INDIAN RD (__3ZA4HJ),__3ZA4HJ,01 - Non intersection,03 - P.D. only,06 - SMV unattended vehicle,01 - Clear,00 - Unknown,02 - Wet,10 - No control,,1,0,0,0,,0,,,,,363935.2893,5023213.787,45.34637746,-75.74536206,2956
20--280,1/7/2020,5:13 PM,HIGHWAY 417 btwn HWY417 IC110 RAMP55 & HWY417 IC104 RAMP51 (__3ZA2W8),__3ZA2W8,01 - Non intersection,03 - P.D. only,03 - Rear end,01 - Clear,05 - Dusk,02 - Wet,10 - No control,,3,0,0,0,,0,,,,,377244.7538,5026744.525,45.37689685,-75.5750198,2957
20--2800,2/24/2020,1:40 PM,BESSERER ST @ DALHOUSIE ST (0011452),11452,03 - At intersection,03 - P.D. only,04 - Sideswipe,01 - Clear,01 - Daylight,01 - Dry,01 - Traffic signal,01 - Functioning,2,0,0,0,,0,,,,,368252.6953,5032157.586,45.42647392,-75.68912227,2958
20--2801,2/24/2020,1:55 PM,ANDERSON RD @ INNES RD (0004200),4200,02 - Intersection related,02 - Non-fatal injury,03 - Rear end,01 - Clear,01 - Daylight,02 - Wet,01 - Traffic signal,01 - Functioning,2,0,0,0,02 - Minor,2,,2,,,376280.7205,5031841.562,45.42285619,-75.58658838,2959
20--2802,2/24/2020,10:00 AM,BLACKBURN BYPASS EB btwn NAVAN RD & INNES RD E (__3ZA3JA),__3ZA3JA,01 - Non intersection,03 - P.D. only,03 - Rear end,01 - Clear,01 - Daylight,01 - Dry,10 - No control,,2,0,0,0,,0,,,,,379780.9895,5033669.696,45.43893802,-75.5415882,2960
20--2803,2/24/2020,10:20 AM,RIVERSIDE DR @ TRANSITWAY - RIVERSIDE H (0008880),8880,03 - At intersection,03 - P.D. only,05 - Turning movement,01 - Clear,01 - Daylight,01 - Dry,01 - Traffic signal,01 - Functioning,2,0,0,0,,0,,,,,369770.3606,5028800.704,45.39613061,-75.67017213,2961
20--2804,2/24/2020,11:00 PM,HIGHWAY 416 btwn HWY416 IC66 RAMP62 & HWY416 IC72 RAMP24 (__3ZAZMZ),__3ZAZMZ,01 - Non intersection,03 - P.D. only,07 - SMV other,01 - Clear,07 - Dark,01 - Dry,10 - No control,,1,0,0,0,,0,,,,,359658.0785,5019318.621,45.3116762,-75.80037183,2962
20--2805,2/24/2020,11:30 AM,ISABELLA ST/HWY417 IC119AR75 @ METCALFE ST (0011380),11380,02 - Intersection related,03 - P.D. only,03 - Rear end,01 - Clear,01 - Daylight,02 - Wet,01 - Traffic signal,01 - Functioning,2,0,0,0,,0,,,,,368448.7,5030399.565,45.41063804,-75.68684482,2963
20--2806,2/24/2020,11:34 AM,CARLING AVE @ HOLLAND AVE (0002146),2146,03 - At intersection,03 - P.D. only,05 - Turning movement,01 - Clear,01 - Daylight,01 - Dry,01 - Traffic signal,01 - Functioning,2,0,0,0,,0,,,,,365416.7078,5028038.552,45.38966337,-75.7258671,2964
20--2807,2/24/2020,11:40 AM,CONOVER ST @ CRAIG HENRY DR (0000703),703,03 - At intersection,03 - P.D. only,05 - Turning movement,01 - Clear,01 - Daylight,01 - Dry,02 - Stop sign,01 - Functioning,2,0,0,0,,0,,,,,361896.6767,5021625.482,45.33225486,-75.77155836,2965
20--2808,2/24/2020,Unknown,BELLAMY ST btwn EIFFEL AVE & DEBRA AVE (__3ZAAQI),__3ZAAQI,01 - Non intersection,03 - P.D. only,06 - SMV unattended vehicle,01 - Clear,00 - Unknown,01 - Dry,10 - No control,,1,0,0,0,,0,,,,,366878.1611,5025568.462,45.36731007,-75.70751527,2966
20--2809,2/24/2020,Unknown,COLUMBUS AVE btwn EDITH AVE & LOLA ST (__3ZA8ZM),__3ZA8ZM,01 - Non intersection,03 - P.D. only,06 - SMV unattended vehicle,01 - Clear,00 - Unknown,02 - Wet,10 - No control,,1,0,0,0,,0,,,,,371013.5638,5032256.172,45.42710505,-75.65383098,2967
20--281,1/7/2020,5:45 PM,HIGHWAY 417 btwn HWY417 IC124 RAMP65 & HWY417 IC122 RAMP51 (__3ZA2R8),__3ZA2R8,01 - Non intersection,03 - P.D. only,03 - Rear end,01 - Clear,07 - Dark,01 - Dry,10 - No control,,3,0,0,0,,0,,,,,365007.8432,5028460.005,45.39349079,-75.73103679,2968
20--2810,2/24/2020,Unknown,ROSEHILL AVE btwn BURNABY DR & ETESIAN ST (__67PTQ1),__67PTQ1,01 - Non intersection,03 - P.D. only,06 - SMV unattended vehicle,03 - Snow,00 - Unknown,02 - Wet,10 - No control,,1,0,0,0,,0,,,,,350341.9428,5016313.716,45.28530316,-75.91945367,2969
20--2811,2/24/2020,12:00 PM,STITTSVILLE MAIN ST @ WEST RIDGE DR/PARADE DR (0014816),14816,02 - Intersection related,03 - P.D. only,03 - Rear end,01 - Clear,01 - Daylight,01 - Dry,01 - Traffic signal,01 - Functioning,2,0,0,0,,0,,,,,350901.8066,5011480.048,45.24177169,-75.91276577,2970