Anom_ID,Accident_Date,Accident_Time,Location,Geo_ID,Accident_Location,Classification_of_Accident,Initial_Impact_Type,Environment_Condition,Light,Road_Surface_Condition,Traffic_Control,Traffic_Control_Condition,No__of_Vehicles,No__of_Bicycles,No__of_Motorcycles,No__of_Pedestrians,Max_Injury,No__of_Injuries,No__of_Minimal,No__of_Minor,No__of_Major,No__of_Fatal,X,Y,Latitude,Longitude,ObjectId
20--2812,2/24/2020,12:09 PM,ALESTHER ST @ QUEEN MARY ST (0008476),8476,03 - At intersection,03 - P.D. only,02 - Angle,01 - Clear,01 - Daylight,01 - Dry,02 - Stop sign,01 - Functioning,2,0,0,0,,0,,,,,372120.7417,5032152.584,45.42606732,-75.63969767,2971
20--2813,2/24/2020,12:17 AM,CHAPEL ST btwn STEWART ST & WILBROD ST (__3ZA812),__3ZA812,01 - Non intersection,03 - P.D. only,07 - SMV other,01 - Clear,07 - Dark,01 - Dry,10 - No control,,1,0,0,0,,0,,,,,369040.8052,5032392.52,45.42851583,-75.6790212,2972
20--2814,2/24/2020,12:22 AM,PRINCE OF WALES DR @ WEST HUNT CLUB RD (0000567),567,03 - At intersection,03 - P.D. only,02 - Angle,01 - Clear,07 - Dark,01 - Dry,01 - Traffic signal,01 - Functioning,2,0,0,0,,0,,,,,367458.7078,5021891.489,45.33417376,-75.7005707,2973
20--2815,2/24/2020,12:58 PM,QUEEN ST @ LYON ST (0002159),2159,02 - Intersection related,03 - P.D. only,04 - Sideswipe,01 - Clear,01 - Daylight,01 - Dry,01 - Traffic signal,01 - Functioning,2,0,0,0,,0,,,,,367018.6951,5031287.566,45.4187566,-75.7050002,2974
20--2816,2/24/2020,2:02 PM,TERRY FOX DR @ EDGEWATER ST/WALTER BAKER PL (0002699),2699,03 - At intersection,02 - Non-fatal injury,02 - Angle,01 - Clear,01 - Daylight,01 - Dry,01 - Traffic signal,01 - Functioning,2,0,0,0,02 - Minor,1,,1,,,351777.6198,5017613.459,45.29690411,-75.90103026,2975
20--2817,2/24/2020,2:09 PM,BANK ST @ SURREY AVE (0011314),11314,03 - At intersection,03 - P.D. only,02 - Angle,01 - Clear,01 - Daylight,01 - Dry,02 - Stop sign,01 - Functioning,2,0,0,0,,0,,,,,370383.2687,5025810.324,45.36916706,-75.66274192,2976
20--2818,2/24/2020,2:41 PM,HIGHWAY 417 btwn HWY417 IC124 RAMP76 & HWY417 IC124 RAMP67 (__3ZA2R7),__3ZA2R7,01 - Non intersection,02 - Non-fatal injury,03 - Rear end,01 - Clear,01 - Daylight,02 - Wet,10 - No control,,4,0,0,0,02 - Minor,1,,1,,,364313.8695,5027383.838,45.38386695,-75.74002908,2977
20--2819,2/24/2020,3:45 PM,ORLEANS BLVD btwn LUMBERMAN WAY & ST. JOSEPH BLVD (__3ZA66D),__3ZA66D,04 - At/near private drive,03 - P.D. only,02 - Angle,01 - Clear,01 - Daylight,01 - Dry,10 - No control,,2,0,0,0,,0,,,,,380588.1098,5037044.649,45.46921619,-75.53075295,2978
20--282,1/7/2020,5:49 PM,RIDEAU ST btwn SUSSEX DR & 88 W OF WILLIAM ST/FREIMAN MALL (__3ZA25UA),__3ZA25UA,01 - Non intersection,03 - P.D. only,04 - Sideswipe,01 - Clear,07 - Dark,02 - Wet,10 - No control,,2,0,0,0,,0,,,,,367938.6193,5032055.459,45.42558343,-75.69314861,2979
20--2820,2/24/2020,3:46 PM,INNES RD @ VISENEAU DR (0012442),12442,03 - At intersection,03 - P.D. only,02 - Angle,01 - Clear,01 - Daylight,01 - Dry,01 - Traffic signal,01 - Functioning,2,0,0,0,,0,,,,,381798.7494,5035073.543,45.4513494,-75.51558117,2980
20--2821,2/24/2020,3:52 PM,PRINCE OF WALES DR btwn WATERBEND LANE & TURN LANE (__3ZA1H4),__3ZA1H4,01 - Non intersection,03 - P.D. only,03 - Rear end,01 - Clear,01 - Daylight,01 - Dry,10 - No control,,2,0,0,0,,0,,,,,367428.0456,5021696.768,45.33242444,-75.70098651,2981
20--2822,2/24/2020,4:00 PM,REGIONAL ROAD 174 btwn OR174 IC109 RAMP54 & OR174 IC109 RAMP55 (__3ZA28X),__3ZA28X,01 - Non intersection,03 - P.D. only,03 - Rear end,01 - Clear,01 - Daylight,01 - Dry,10 - No control,,2,0,0,0,,0,,,,,376443.785,5034925.529,45.45058714,-75.58405611,2982
20--2823,2/24/2020,4:00 PM,HIGHWAY 417 btwn HWY417 IC127 RAMP25 & HWY417 IC126 RAMP51 (__3ZA2XA),__3ZA2XA,01 - Non intersection,03 - P.D. only,04 - Sideswipe,01 - Clear,01 - Daylight,01 - Dry,10 - No control,,2,0,0,0,,0,,,,,363145.944,5025801.273,45.3697255,-75.75512878,2983
20--2824,2/24/2020,4:11 PM,CUMMINGS AVE btwn WELDON DR & OGILVIE RD (__3ZA7UQ),__3ZA7UQ,04 - At/near private drive,03 - P.D. only,02 - Angle,01 - Clear,01 - Daylight,02 - Wet,10 - No control,,3,0,0,0,,0,,,,,372732.8863,5032204.587,45.42647604,-75.63186871,2984
20--2825,2/24/2020,4:15 PM,ST. LAURENT BLVD @ WALKLEY RD (0007653),7653,02 - Intersection related,03 - P.D. only,03 - Rear end,01 - Clear,01 - Daylight,01 - Dry,01 - Traffic signal,01 - Functioning,2,0,0,0,,0,,,,,373902.74,5028046.846,45.38895212,-75.61750338,2985
20--2826,2/24/2020,4:20 PM,TERRY FOX DR @ PALLADIUM DR/KATIMAVIK RD (0011858),11858,02 - Intersection related,03 - P.D. only,03 - Rear end,01 - Clear,01 - Daylight,01 - Dry,01 - Traffic signal,01 - Functioning,2,0,0,0,,0,,,,,351269.7137,5018181.771,45.30205171,-75.9074525,2986
20--2827,2/24/2020,4:42 PM,RIVERSIDE DR @ HERON RD (0002236),2236,02 - Intersection related,03 - P.D. only,05 - Turning movement,01 - Clear,01 - Daylight,01 - Dry,01 - Traffic signal,01 - Functioning,2,0,0,0,,0,,,,,368121.1056,5026647.229,45.37690534,-75.69151122,2987
20--2828,2/24/2020,5:00 PM,DUNNING RD @ RUSSLAND RD (0004702),4702,02 - Intersection related,03 - P.D. only,03 - Rear end,01 - Clear,01 - Daylight,01 - Dry,02 - Stop sign,01 - Functioning,2,0,0,0,,0,,,,,398072.8976,5023377.433,45.34414118,-75.30977114,2988
20--2829,2/24/2020,5:15 PM,UPPER DWYER HILL RD btwn GRAINGER PARK RD & PANMURE RD (__3ZBOBX),__3ZBOBX,01 - Non intersection,03 - P.D. only,01 - Approaching,01 - Clear,01 - Daylight,01 - Dry,10 - No control,,2,0,0,0,,0,,,,,329177.8786,5019993.488,45.31946869,-76.1890561,2989
20--283,1/7/2020,6:00 PM,WOODROFFE AVE btwn KNOXDALE RD/MEDHURST DR & MAJESTIC DR (__3ZA3JL),__3ZA3JL,01 - Non intersection,02 - Non-fatal injury,03 - Rear end,01 - Clear,07 - Dark,02 - Wet,10 - No control,,2,0,0,0,01 - Minimal,1,1,,,,363434.9188,5021789,45.33359934,-75.75191569,2990
20--2830,2/24/2020,5:43 PM,BRONSON AVE @ GLADSTONE AVE (0002110),2110,03 - At intersection,02 - Non-fatal injury,07 - SMV other,01 - Clear,05 - Dusk,01 - Dry,01 - Traffic signal,01 - Functioning,1,0,0,1,02 - Minor,1,,1,,,367133.696,5030081.558,45.40789506,-75.70368344,2991
20--2831,2/24/2020,5:50 PM,OR174 IC112 RAMP51 btwn REGIONAL ROAD 174 & OR174 IC112 RAMP52 (__3ZAY62),__3ZAY62,01 - Non intersection,03 - P.D. only,03 - Rear end,01 - Clear,07 - Dark,01 - Dry,10 - No control,,2,0,0,0,,0,,,,,374908.4576,5032880.702,45.43234467,-75.60397365,2992
20--2832,2/24/2020,5:54 PM,BASELINE RD @ JOHN SUTHERLAND DR/VALLEY STREAM (0000011),11,03 - At intersection,02 - Non-fatal injury,05 - Turning movement,01 - Clear,07 - Dark,02 - Wet,01 - Traffic signal,01 - Functioning,2,0,0,0,02 - Minor,1,,1,,,359310.6612,5021789.49,45.33393626,-75.80453028,2993
20--2833,2/24/2020,6:10 PM,LACASSE AVE @ MONTREAL RD (0009797),9797,03 - At intersection,02 - Non-fatal injury,07 - SMV other,01 - Clear,05 - Dusk,02 - Wet,01 - Traffic signal,01 - Functioning,1,0,0,1,01 - Minimal,1,1,,,,370686.7059,5033406.595,45.43748692,-75.65785363,2994
20--2834,2/24/2020,6:58 PM,CANON SMITH DR btwn OLD BIRCH RD & AYLWIN RD (__3ZACAP),__3ZACAP,01 - Non intersection,03 - P.D. only,07 - SMV other,01 - Clear,07 - Dark,01 - Dry,10 - No control,,1,0,0,0,,0,,,,,327258.1188,5038493.393,45.48600367,-76.21270011,2995
20--2835,2/24/2020,7:05 AM,BASELINE RD btwn CLYDE AVE & 207 E OF CLYDE AVE (__3ZA4ISA),__3ZA4ISA,01 - Non intersection,03 - P.D. only,03 - Rear end,01 - Clear,03 - Dawn,01 - Dry,10 - No control,,2,0,0,0,,0,,,,,364396.2506,5024914.487,45.36164112,-75.73927515,2996
20--2836,2/24/2020,7:25 PM,240 S OF CHARLEMAGNE BLVD/DES EPINETTES AVE @ TENTH LINE RD (0014362),14362,02 - Intersection related,03 - P.D. only,03 - Rear end,01 - Clear,07 - Dark,02 - Wet,01 - Traffic signal,01 - Functioning,2,0,0,0,,0,,,,,383736.1826,5036677.455,45.46556382,-75.49055768,2997
20--2837,2/24/2020,8:00 PM,BANK ST @ WALKLEY RD (0011423),11423,02 - Intersection related,03 - P.D. only,03 - Rear end,01 - Clear,07 - Dark,01 - Dry,01 - Traffic signal,01 - Functioning,2,0,0,0,,0,,,,,370337.8516,5025947.729,45.37040763,-75.66330344,2998
20--2838,2/24/2020,8:12 AM,PRINCE OF WALES DR @ MERIVALE RD (0000564),564,02 - Intersection related,03 - P.D. only,03 - Rear end,01 - Clear,01 - Daylight,02 - Wet,01 - Traffic signal,01 - Functioning,2,0,0,0,,0,,,,,367449.7108,5017616.465,45.29570854,-75.70122609,2999
20--2839,2/24/2020,8:14 PM,INDUSTRIAL AVE btwn NEIGHBORHOOD WAY & TRAINYARDS DR (__6N4VKM),__6N4VKM,04 - At/near private drive,03 - P.D. only,03 - Rear end,01 - Clear,07 - Dark,01 - Dry,10 - No control,,2,0,0,0,,0,,,,,371472.0845,5030556.558,45.4117691,-75.648202,3000
20--4010,4/14/2020,1:13 PM,EAGLESON RD @ KAKULU RD (0003188),3188,03 - At intersection,03 - P.D. only,05 - Turning movement,01 - Clear,01 - Daylight,01 - Dry,01 - Traffic signal,01 - Functioning,2,0,0,0,,0,,,,,353381.6085,5019151.474,45.31063443,-75.88042968,3001
20--4011,4/14/2020,11:29 AM,COLONNADE RD @ MERIVALE RD (0004569),4569,02 - Intersection related,03 - P.D. only,03 - Rear end,01 - Clear,01 - Daylight,01 - Dry,01 - Traffic signal,01 - Functioning,2,0,0,0,,0,,,,,365363.6962,5022544.501,45.34023343,-75.72721744,3002
20--4012,4/14/2020,2:04 PM,MCNEELY RD btwn WHISPERING WILLOW DR & GOLF COURSE RD (__3ZA6H8),__3ZA6H8,01 - Non intersection,03 - P.D. only,07 - SMV other,01 - Clear,01 - Daylight,01 - Dry,10 - No control,,1,0,0,0,,0,,,,,393912.6705,5028550.463,45.39122308,-75.36191481,3003
20--4013,4/14/2020,6:08 AM,HWY 417 INNES IC112R68 @ INNES RD (0012300),12300,03 - At intersection,03 - P.D. only,02 - Angle,01 - Clear,03 - Dawn,01 - Dry,01 - Traffic signal,01 - Functioning,2,0,0,0,,0,,,,,374641.8253,5030921.534,45.41474381,-75.60765872,3004
20--4014,4/14/2020,7:00 PM,GREENBANK RD @ BERRIGAN DR/WESSEX RD (0004726),4726,02 - Intersection related,03 - P.D. only,99 - Other,01 - Clear,01 - Daylight,01 - Dry,01 - Traffic signal,01 - Functioning,2,0,0,0,,0,,,,,363723.6796,5015276.42,45.27497516,-75.74900606,3005
20--4015,4/15/2020,1:26 PM,MERIVALE RD/LOTTA AVE @ CLYDE AVE (0001112),1112,02 - Intersection related,03 - P.D. only,03 - Rear end,01 - Clear,01 - Daylight,01 - Dry,01 - Traffic signal,01 - Functioning,2,0,0,0,,0,,,,,364521.7049,5024507.53,45.3579687,-75.73772308,3006
20--4016,4/15/2020,11:01 AM,STRANDHERD DR @ LONGFIELDS DR (0010935),10935,03 - At intersection,03 - P.D. only,02 - Angle,01 - Clear,01 - Daylight,01 - Dry,01 - Traffic signal,01 - Functioning,2,0,0,0,,0,,,,,364548.8,5015173.321,45.27397785,-75.73850307,3007
20--4017,4/15/2020,12:04 AM,MARVELVILLE RD btwn 8TH LINE RD & 9TH LINE RD (__3ZA3YM),__3ZA3YM,01 - Non intersection,02 - Non-fatal injury,07 - SMV other,03 - Snow,07 - Dark,02 - Wet,10 - No control,,1,0,0,0,01 - Minimal,1,1,,,,389123.7418,5006327.362,45.19187087,-75.42684237,3008
20--4018,4/15/2020,12:20 PM,DUNROBIN RD btwn KINBURN SIDE RD & VANCES SIDE RD (__3ZA3FG),__3ZA3FG,01 - Non intersection,03 - P.D. only,07 - SMV other,01 - Clear,01 - Daylight,01 - Dry,10 - No control,,1,0,0,0,,0,,,,,338364.5174,5035554.787,45.45911573,-76.07082342,3009
20--4019,4/15/2020,12:39 PM,GREENBANK RD btwn WEST HUNT CLUB RD & FALLOWFIELD RD (__3ZA1NE),__3ZA1NE,01 - Non intersection,02 - Non-fatal injury,07 - SMV other,01 - Clear,01 - Daylight,01 - Dry,10 - No control,,1,0,0,0,01 - Minimal,1,1,,,,362881.1413,5017195.295,45.29231134,-75.75951887,3010
20--402,1/10/2020,4:50 PM,HIGHWAY 417 btwn HWY417 IC124 RAMP67 & HWY417 IC123 RAMP62 (__3ZA2YZ),__3ZA2YZ,01 - Non intersection,03 - P.D. only,03 - Rear end,01 - Clear,05 - Dusk,01 - Dry,10 - No control,,2,0,0,0,,0,,,,,364702.3517,5027931.638,45.38876284,-75.73500226,3011
20--4020,4/15/2020,12:45 PM,FRANK ST btwn ELGIN ST & CARTIER ST (__3ZA9TD),__3ZA9TD,01 - Non intersection,03 - P.D. only,01 - Approaching,01 - Clear,01 - Daylight,01 - Dry,10 - No control,,2,0,0,0,,0,,,,,368487.8493,5030965.971,45.41573081,-75.68627152,3012
20--4021,4/15/2020,5:47 PM,BANK ST btwn ARENA PL & WHITE ALDER AVE (__3ZA29N),__3ZA29N,01 - Non intersection,02 - Non-fatal injury,03 - Rear end,01 - Clear,01 - Daylight,01 - Dry,10 - No control,,2,0,0,0,02 - Minor,1,,1,,,375476.8183,5021337.413,45.32842664,-75.59836299,3013
20--4022,4/15/2020,7:48 AM,HARTHILL WAY btwn BROXBURN CRES & KIPPEN PL (__67PTP3),__67PTP3,01 - Non intersection,03 - P.D. only,06 - SMV unattended vehicle,01 - Clear,01 - Daylight,01 - Dry,10 - No control,,1,0,0,0,,0,,,,,362663.2662,5013944.874,45.2630819,-75.76267525,3014
20--4191,5/1/2020,Unknown,FORWARD AVE btwn LYNDALE AVE & END (__3ZAAJX),__3ZAAJX,01 - Non intersection,03 - P.D. only,06 - SMV unattended vehicle,01 - Clear,00 - Unknown,01 - Dry,10 - No control,,1,0,0,0,,0,,,,,364959.2309,5029912.685,45.40656586,-75.73148041,3015
20--4023,4/15/2020,8:30 AM,JEANNE D'ARC BLVD @ MONTCERF CRT (0004155),4155,03 - At intersection,03 - P.D. only,02 - Angle,01 - Clear,01 - Daylight,01 - Dry,01 - Traffic signal,01 - Functioning,2,0,0,0,,0,,,,,381117.742,5036286.575,45.46233799,-75.52409822,3016
20--4024,4/15/2020,8:46 PM,MCCARTHY RD @ WALKLEY RD (0006969),6969,02 - Intersection related,02 - Non-fatal injury,02 - Angle,01 - Clear,07 - Dark,01 - Dry,01 - Traffic signal,01 - Functioning,2,1,0,0,02 - Minor,1,,1,,,369249.7069,5025300.53,45.36468523,-75.67727834,3017
20--4025,4/16/2020,1:30 PM,HIGHWAY 417 btwn HWY417 IC96 RAMP61 & HWY417 IC88 RAMP16 (__3ZA27Z),__3ZA27Z,01 - Non intersection,03 - P.D. only,07 - SMV other,01 - Clear,01 - Daylight,01 - Dry,10 - No control,,1,0,0,0,,0,,,,,395222.2981,5022483.382,45.33647077,-75.34630269,3018
20--4026,4/16/2020,10:12 PM,HUNT CLUB RD @ RIVERSIDE DR (0002237),2237,02 - Intersection related,03 - P.D. only,03 - Rear end,01 - Clear,07 - Dark,01 - Dry,01 - Traffic signal,01 - Functioning,2,0,0,0,,0,,,,,368036.6959,5021945.494,45.33460784,-75.69319029,3019
20--4027,4/16/2020,2:00 PM,HIGHWAY 417 btwn HWY417 IC126 RAMP61 & HWY417 IC124 RAMP76 (__3ZA2Y2),__3ZA2Y2,01 - Non intersection,03 - P.D. only,04 - Sideswipe,01 - Clear,01 - Daylight,01 - Dry,10 - No control,,2,0,0,0,,0,,,,,363656.9283,5026512.577,45.37608298,-75.74852112,3020
20--4028,4/16/2020,3:39 PM,BRONSON AVE btwn MCLEOD ST & FLORA ST (__3ZA300),__3ZA300,04 - At/near private drive,02 - Non-fatal injury,99 - Other,01 - Clear,01 - Daylight,01 - Dry,10 - No control,,2,0,0,1,03 - Major,1,,,1,,367174.623,5029981.918,45.40699489,-75.70317326,3021
20--4029,4/16/2020,4:05 PM,CARLETON AVE @ SCOTT ST (0006124),6124,03 - At intersection,02 - Non-fatal injury,02 - Angle,01 - Clear,01 - Daylight,01 - Dry,01 - Traffic signal,01 - Functioning,2,1,0,0,01 - Minimal,1,1,,,,364114.6946,5029214.554,45.4003563,-75.74235217,3022
20--403,1/10/2020,5:15 PM,GLOUCESTER ST @ O'CONNOR ST (0006943),6943,03 - At intersection,02 - Non-fatal injury,07 - SMV other,01 - Clear,05 - Dusk,02 - Wet,01 - Traffic signal,02 - Not functioning,1,0,0,1,01 - Minimal,1,1,,,,367678.7093,5031292.592,45.41874282,-75.69656705,3023
20--4030,4/16/2020,4:56 PM,WEST HUNT CLUB RD btwn PRINCE OF WALES DR & HUNT CLUB RD (__3ZA2T4),__3ZA2T4,01 - Non intersection,02 - Non-fatal injury,04 - Sideswipe,01 - Clear,01 - Daylight,01 - Dry,10 - No control,,2,1,0,0,03 - Major,1,,,1,,367743.6901,5021882.783,45.33406992,-75.69693623,3024
20--4031,4/16/2020,5:00 PM,CYRVILLE RD @ ST. LAURENT BLVD (0002647),2647,02 - Intersection related,03 - P.D. only,03 - Rear end,01 - Clear,01 - Daylight,01 - Dry,01 - Traffic signal,01 - Functioning,2,0,0,0,,0,,,,,372241.7171,5032111.585,45.42568678,-75.6381575,3025
20--4032,4/16/2020,5:28 PM,CARLING AVE @ ROSEVIEW AVE (0002644),2644,03 - At intersection,03 - P.D. only,02 - Angle,01 - Clear,01 - Daylight,01 - Dry,02 - Stop sign,01 - Functioning,2,0,0,0,,0,,,,,359358.6689,5024199.508,45.3556179,-75.803652,3026
20--4033,4/16/2020,5:51 PM,CARLING AVE @ PRESTON ST (0002161),2161,03 - At intersection,02 - Non-fatal injury,02 - Angle,01 - Clear,01 - Daylight,01 - Dry,01 - Traffic signal,01 - Functioning,2,0,0,0,02 - Minor,1,,1,,,366829.7113,5028935.561,45.3976107,-75.70771064,3027
20--4034,4/16/2020,7:20 AM,CHAPEL ST btwn RIDEAU ST & END (__3ZA7AF),__3ZA7AF,01 - Non intersection,03 - P.D. only,06 - SMV unattended vehicle,01 - Clear,01 - Daylight,01 - Dry,10 - No control,,1,0,0,0,,0,,,,,368885.001,5032661.456,45.4309499,-75.68097713,3028
20--4035,4/16/2020,8:04 AM,MARCH RD btwn GREY FOX DR & HOWIE RD (__3ZA2QF),__3ZA2QF,01 - Non intersection,03 - P.D. only,07 - SMV other,01 - Clear,01 - Daylight,01 - Dry,10 - No control,,1,0,0,0,,0,,,,,336724.4269,5016806.962,45.29049207,-76.093006,3029
20--4036,4/16/2020,8:41 PM,MARCH RD btwn HALTON TERR/MAXWELL BRIDGE RD & MAXWELL RD (__3ZA2GD),__3ZA2GD,01 - Non intersection,03 - P.D. only,07 - SMV other,01 - Clear,07 - Dark,01 - Dry,10 - No control,,1,0,0,0,,0,,,,,348397.6132,5025008.71,45.36366651,-75.94347226,3030
20--4037,4/17/2020,10:30 PM,LADY LOCHEAD LANE @ GOURLAY LANE (0010688),10688,02 - Intersection related,03 - P.D. only,07 - SMV other,01 - Clear,07 - Dark,06 - Ice,02 - Stop sign,01 - Functioning,1,0,0,0,,0,,,,,345003.9497,5022052.322,45.33726687,-75.98703125,3031
20--4038,4/17/2020,11:30 AM,DALEWOOD CRES btwn WEST RIDGE DR & BARRACKS WAY (__6R1U1F),__6R1U1F,04 - At/near private drive,03 - P.D. only,99 - Other,01 - Clear,01 - Daylight,01 - Dry,10 - No control,,2,0,0,0,,0,,,,,350561.1371,5011648.15,45.24330657,-75.91708945,3032
20--4039,4/17/2020,Unknown,LYON ST    S btwn FOURTH AVE & END (__4VCD8Q),__4VCD8Q,01 - Non intersection,03 - P.D. only,06 - SMV unattended vehicle,01 - Clear,00 - Unknown,01 - Dry,10 - No control,,1,0,0,0,,0,,,,,368183.1708,5029361.554,45.40132244,-75.69037023,3033
20--404,1/10/2020,5:15 PM,ANDERSON RD @ LEITRIM RD (0004148),4148,03 - At intersection,03 - P.D. only,05 - Turning movement,01 - Clear,05 - Dusk,01 - Dry,02 - Stop sign,01 - Functioning,2,0,0,0,,0,,,,,380473.7742,5024908.51,45.36003626,-75.53407842,3034
20--4040,4/17/2020,4:50 PM,EAGLESON RD @ FLEWELLYN RD (0000121),121,02 - Intersection related,03 - P.D. only,03 - Rear end,01 - Clear,01 - Daylight,01 - Dry,02 - Stop sign,01 - Functioning,2,0,0,0,,0,,,,,355333.6322,5014247.437,45.26636918,-75.85603624,3035
20--4041,4/17/2020,5:10 PM,EAGLESON RD @ KATIMAVIK RD/TIMM DR (0011925),11925,03 - At intersection,03 - P.D. only,02 - Angle,01 - Clear,01 - Daylight,01 - Dry,01 - Traffic signal,01 - Functioning,2,0,0,0,,0,,,,,353214.6217,5019565.469,45.31437118,-75.88251871,3036
20--4042,4/17/2020,5:51 PM,HAIG DR @ SMYTH RD (0007736),7736,03 - At intersection,02 - Non-fatal injury,05 - Turning movement,01 - Clear,01 - Daylight,01 - Dry,01 - Traffic signal,01 - Functioning,2,0,0,0,02 - Minor,1,,1,,,372564.7205,5029298.558,45.40034523,-75.63441704,3037
20--4043,4/17/2020,6:03 PM,CONROY RD @ HUNT CLUB RD (0002257),2257,03 - At intersection,03 - P.D. only,03 - Rear end,01 - Clear,01 - Daylight,01 - Dry,01 - Traffic signal,01 - Functioning,2,0,0,0,,0,,,,,373763.7514,5025404.522,45.36519134,-75.61964718,3038
20--4044,4/17/2020,6:08 AM,RIVERSIDE DR @ PLEASANT PARK RD (0007296),7296,03 - At intersection,03 - P.D. only,07 - SMV other,01 - Clear,01 - Daylight,01 - Dry,01 - Traffic signal,01 - Functioning,1,0,0,0,,0,,,,,369561.2577,5028415.007,45.39267961,-75.67289322,3039
20--4045,4/17/2020,6:57 AM,DONNELLY DR btwn HARNETT RD & MALAKOFF RD (__3ZA4KC),__3ZA4KC,01 - Non intersection,03 - P.D. only,07 - SMV other,01 - Clear,01 - Daylight,01 - Dry,10 - No control,,1,0,0,0,,0,,,,,366892.4355,4988771.442,45.0362074,-75.71191773,3040
20--4046,4/17/2020,7:28 PM,HERON RD @ ALTA VISTA DR (0007188),7188,02 - Intersection related,03 - P.D. only,07 - SMV other,01 - Clear,01 - Daylight,01 - Dry,01 - Traffic signal,01 - Functioning,1,0,0,0,,0,,,,,370492.7208,5026902.542,45.37898422,-75.66119949,3041
20--4047,4/17/2020,8:44 PM,MONTREAL RD btwn AVIATION PKWY & DEN HAAG DR (1) (__3ZA2CGA),__3ZA2CGA,01 - Non intersection,02 - Non-fatal injury,03 - Rear end,01 - Clear,07 - Dark,01 - Dry,10 - No control,,2,0,0,0,01 - Minimal,1,1,,,,372155.8105,5034112.879,45.44370174,-75.63898138,3042
20--4048,4/18/2020,1:12 AM,REMEMBRANCE CRES btwn GREAT OAK PRIV & GREAT OAK PRIV (__4TZRQL),__4TZRQL,01 - Non intersection,03 - P.D. only,07 - SMV other,01 - Clear,07 - Dark,01 - Dry,10 - No control,,1,0,0,0,,0,,,,,370745.1978,5029147.239,45.39915747,-75.65767612,3043
20--4049,4/18/2020,12:11 AM,CASSELS ST btwn BRITANNIA RD & END (__3ZA1GI),__3ZA1GI,01 - Non intersection,03 - P.D. only,07 - SMV other,01 - Clear,07 - Dark,01 - Dry,10 - No control,,1,0,0,0,,0,,,,,359991.5456,5026232.874,45.37386454,-75.79534791,3044
20--405,1/10/2020,5:16 PM,CAMBRIAN RD @ CEDARVIEW RD (0001571),1571,03 - At intersection,02 - Non-fatal injury,02 - Angle,02 - Rain,05 - Dusk,02 - Wet,02 - Stop sign,01 - Functioning,2,0,0,0,02 - Minor,1,,1,,,363002.6694,5011834.408,45.24406378,-75.7585979,3045
20--4050,4/18/2020,12:51 AM,STAGECOACH RD btwn GREELY WEST DR & PARKWAY RD (__3ZA3TJ),__3ZA3TJ,01 - Non intersection,03 - P.D. only,07 - SMV other,01 - Clear,07 - Dark,01 - Dry,10 - No control,,1,0,0,0,,0,,,,,376202.9477,5012684.122,45.25049403,-75.59034628,3046
20--4051,4/18/2020,2:19 AM,MARIER AVE btwn DESCHAMPS AVE & MONTREAL RD (__3ZA8UW),__3ZA8UW,01 - Non intersection,03 - P.D. only,07 - SMV other,01 - Clear,07 - Dark,01 - Dry,10 - No control,,1,0,0,0,,0,,,,,370409.8391,5033279.011,45.43636501,-75.66140909,3047
20--4052,4/18/2020,2:48 AM,COLONIAL RD btwn BIRCHGROVE RD & CANAAN RD (__3ZA2UL),__3ZA2UL,01 - Non intersection,03 - P.D. only,07 - SMV other,01 - Clear,07 - Dark,01 - Dry,10 - No control,,1,0,0,0,,0,,,,,398436.9658,5035556.886,45.45366673,-75.30281434,3048
20--4053,4/18/2020,3:12 PM,ST. JOSEPH BLVD @ TENTH LINE RD (0009163),9163,03 - At intersection,03 - P.D. only,02 - Angle,01 - Clear,01 - Daylight,01 - Dry,01 - Traffic signal,01 - Functioning,3,0,0,0,,0,,,,,382890.7966,5038666.443,45.48355397,-75.50105074,3049
20--4054,4/18/2020,4:00 PM,HIGHWAY 417 btwn HIGHWAY 417 & HIGHWAY 417 (2) (__3ZA2UZ),__3ZA2UZ,01 - Non intersection,03 - P.D. only,03 - Rear end,01 - Clear,01 - Daylight,01 - Dry,10 - No control,,2,0,0,0,,0,,,,,375433.5618,5030062.089,45.40693152,-75.59766742,3050
20--4055,4/18/2020,4:09 PM,MAITLAND AVE btwn CAMEO DR & CLYDE AVE (__3ZA4I2),__3ZA4I2,01 - Non intersection,03 - P.D. only,04 - Sideswipe,01 - Clear,01 - Daylight,01 - Dry,10 - No control,,2,0,0,0,,0,,,,,364232.6184,5025153.347,45.36380424,-75.74133494,3051
20--4056,4/18/2020,4:34 PM,ROCKCLIFFE PKWY btwn GL/OT BOUNDARY & ST. JOSEPH BLVD (__3ZA21V),__3ZA21V,01 - Non intersection,03 - P.D. only,04 - Sideswipe,01 - Clear,01 - Daylight,01 - Dry,10 - No control,,2,0,0,0,,0,,,,,376544.3743,5036796.742,45.46741277,-75.58249723,3052
20--4057,4/18/2020,5:08 PM,PORTOBELLO BLVD btwn SCALA AVE & CHAREST WAY (__3ZAYG3),__3ZAYG3,01 - Non intersection,02 - Non-fatal injury,07 - SMV other,01 - Clear,01 - Daylight,01 - Dry,10 - No control,,1,0,1,0,02 - Minor,1,,1,,,385616.9898,5036518.626,45.46391976,-75.46653577,3053