Anom_ID,Accident_Date,Accident_Time,Location,Geo_ID,Accident_Location,Classification_of_Accident,Initial_Impact_Type,Environment_Condition,Light,Road_Surface_Condition,Traffic_Control,Traffic_Control_Condition,No__of_Vehicles,No__of_Bicycles,No__of_Motorcycles,No__of_Pedestrians,Max_Injury,No__of_Injuries,No__of_Minimal,No__of_Minor,No__of_Major,No__of_Fatal,X,Y,Latitude,Longitude,ObjectId
20--4058,4/18/2020,6:49 AM,INDUSTRIAL AVE btwn TRAINYARDS DR & RUSSELL RD (__3ZA3R9),__3ZA3R9,04 - At/near private drive,03 - P.D. only,02 - Angle,01 - Clear,01 - Daylight,01 - Dry,10 - No control,,2,0,0,0,,0,,,,,372001.3337,5030464.875,45.41089356,-75.64145361,3054
20--4059,4/19/2020,10:15 AM,WOODROFFE AVE btwn ANTHONY AVE & SAVILLE ROW (__3ZA4NP),__3ZA4NP,01 - Non intersection,03 - P.D. only,07 - SMV other,02 - Rain,01 - Daylight,02 - Wet,10 - No control,,1,0,0,0,,0,,,,,361681.0044,5026421.46,45.37542631,-75.77375792,3055
20--406,1/10/2020,5:30 PM,TILLBURY AVE btwn WAVELL AVE & GAINSBOROUGH AVE (__3ZA0N9),__3ZA0N9,01 - Non intersection,03 - P.D. only,06 - SMV unattended vehicle,01 - Clear,05 - Dusk,04 - Slush,10 - No control,,1,0,0,0,,0,,,,,362512.6033,5026705.883,45.37791752,-75.76310791,3056
20--4060,4/19/2020,12:22 PM,HERON RD @ 155 W OF BANK ST/CANADIAN TIRE SC (0008219),8219,03 - At intersection,03 - P.D. only,02 - Angle,02 - Rain,01 - Daylight,02 - Wet,01 - Traffic signal,01 - Functioning,2,0,0,0,,0,,,,,369847.8254,5026831.489,45.37840508,-75.66944236,3057
20--4061,4/19/2020,4:32 AM,HIGHWAY 417 btwn HWY417 IC117 RAMP36 & HWY417 IC117 RAMP26 (__3ZAZE0),__3ZAZE0,01 - Non intersection,03 - P.D. only,07 - SMV other,01 - Clear,07 - Dark,01 - Dry,10 - No control,,1,0,0,0,,0,,,,,370467.3373,5031151.926,45.41722099,-75.66095786,3058
20--4062,4/19/2020,6:49 PM,BANK ST @ CATHERINE ST (0002708),2708,03 - At intersection,02 - Non-fatal injury,02 - Angle,01 - Clear,05 - Dusk,01 - Dry,01 - Traffic signal,01 - Functioning,2,0,0,0,02 - Minor,1,,1,,,368039.706,5030267.578,45.40948754,-75.6920864,3059
20--4063,4/19/2020,6:59 PM,DAVIDSON RD @ HAWTHORNE RD (0009547),9547,02 - Intersection related,03 - P.D. only,03 - Rear end,02 - Rain,01 - Daylight,02 - Wet,02 - Stop sign,01 - Functioning,2,0,0,0,,0,,,,,376282.7544,5024509.515,45.35688614,-75.58762447,3060
20--4064,4/19/2020,9:11 PM,DONALD ST @ VANIER PKWY (0007644),7644,03 - At intersection,02 - Non-fatal injury,05 - Turning movement,01 - Clear,07 - Dark,02 - Wet,01 - Traffic signal,01 - Functioning,2,0,0,0,03 - Major,4,1,2,1,,370311.6967,5032270.59,45.42730086,-75.66279753,3061
20--4065,4/20/2020,1:05 PM,CARLING AVE @ RICHMOND RD (0010847),10847,02 - Intersection related,03 - P.D. only,03 - Rear end,01 - Clear,01 - Daylight,01 - Dry,01 - Traffic signal,00 - Unknown,2,0,0,0,,0,,,,,360245.6718,5024781.506,45.36078513,-75.79226651,3062
20--4066,4/20/2020,10:10 AM,DONALD ST @ ST. LAURENT BLVD (0008630),8630,02 - Intersection related,03 - P.D. only,04 - Sideswipe,01 - Clear,01 - Daylight,01 - Dry,01 - Traffic signal,01 - Functioning,2,0,0,0,,0,,,,,372093.7089,5032472.579,45.42894909,-75.63999937,3063
20--4067,4/20/2020,11:18 AM,CARSONBY RD    W btwn FOURTH LINE RD & THIRD LINE RD N (__3ZABMU),__3ZABMU,01 - Non intersection,02 - Non-fatal injury,07 - SMV other,01 - Clear,01 - Daylight,01 - Dry,10 - No control,,1,0,0,0,02 - Minor,1,,1,,,365313.7393,5003482.29,45.16871582,-75.73017585,3064
20--4068,4/20/2020,Unknown,SCHUBERT CIRC btwn Continuation of SCHUBERT CIRC & AQUAVIEW DR (__4V3I7O),__4V3I7O,01 - Non intersection,03 - P.D. only,06 - SMV unattended vehicle,00 - Unknown,00 - Unknown,99 - Other,10 - No control,,1,0,0,0,,0,,,,,385374.7089,5035922.862,45.45858764,-75.46973112,3065
20--4069,4/20/2020,3:04 PM,KIRKWOOD AVE @ LAPERRIERE AVE (0006742),6742,02 - Intersection related,03 - P.D. only,07 - SMV other,01 - Clear,01 - Daylight,01 - Dry,01 - Traffic signal,01 - Functioning,1,0,0,0,,0,,,,,364519.6823,5026958.546,45.38002274,-75.7374526,3066
20--407,1/10/2020,5:32 PM,ROGER STEVENS DR btwn MCKENNA RD & DWYER HILL RD (__3ZA428),__3ZA428,01 - Non intersection,03 - P.D. only,07 - SMV other,01 - Clear,05 - Dusk,02 - Wet,10 - No control,,1,0,0,0,,0,,,,,353400.6328,4988508.431,45.0348939,-75.88317091,3067
20--4070,4/20/2020,3:56 PM,EAGLESON RD @ HAZELDEAN RD/ROBERTSON RD (0002715),2715,02 - Intersection related,02 - Non-fatal injury,03 - Rear end,01 - Clear,01 - Daylight,01 - Dry,01 - Traffic signal,01 - Functioning,2,0,0,0,01 - Minimal,1,1,,,,353673.6176,5018424.458,45.30407233,-75.87677755,3068
20--4071,4/20/2020,5:26 PM,HIGHWAY 417 btwn HWY417 IC110 RAMP55 & HWY417 IC104 RAMP51 (__3ZA2W8),__3ZA2W8,01 - Non intersection,03 - P.D. only,04 - Sideswipe,01 - Clear,01 - Daylight,01 - Dry,10 - No control,,2,0,0,0,,0,,,,,378791.753,5026183.377,45.37168631,-75.55535434,3069
20--4072,4/20/2020,6:34 PM,MEADOWBROOK RD @ BORTOLOTTI CRES N/CEDARCROFT  (0009443),9443,03 - At intersection,03 - P.D. only,05 - Turning movement,01 - Clear,01 - Daylight,01 - Dry,02 - Stop sign,00 - Unknown,2,0,0,0,,0,,,,,374423.7403,5031988.573,45.4243662,-75.61029398,3070
20--4073,4/20/2020,6:38 AM,ALBION RD @ HUNT CLUB RD (0006974),6974,02 - Intersection related,03 - P.D. only,07 - SMV other,01 - Clear,01 - Daylight,01 - Dry,01 - Traffic signal,01 - Functioning,1,0,0,0,,0,,,,,371867.726,5024320.516,45.35562181,-75.64399513,3071
20--4074,4/20/2020,7:04 PM,BANK ST @ DAVIDSON RD/LESTER RD (0008797),8797,02 - Intersection related,03 - P.D. only,07 - SMV other,01 - Clear,01 - Daylight,01 - Dry,01 - Traffic signal,01 - Functioning,1,0,0,0,,0,,,,,373672.733,5022923.513,45.34287715,-75.62115455,3072
20--4075,4/20/2020,7:45 AM,KNOXDALE RD btwn BERTONA ST & MILLFORD AVE (__3ZA3JI),__3ZA3JI,01 - Non intersection,03 - P.D. only,04 - Sideswipe,01 - Clear,01 - Daylight,01 - Dry,10 - No control,,2,0,0,0,,0,,,,,362796.9261,5021471.789,45.33079812,-75.7600919,3073
20--4076,4/20/2020,7:59 PM,INNES RD btwn PAGE RD & 473 E OF PAGE RD/BUILDERS' WAREHOUSE SC (__3ZAYFDA),__3ZAYFDA,01 - Non intersection,03 - P.D. only,03 - Rear end,01 - Clear,05 - Dusk,01 - Dry,10 - No control,,2,0,0,0,,0,,,,,381209.8483,5034728.946,45.44831363,-75.52316261,3074
20--4077,4/20/2020,8:35 AM,HWY416 IC66 RAMP34 btwn HIGHWAY 416 & FALLOWFIELD RD (__3ZAY40),__3ZAY40,01 - Non intersection,02 - Non-fatal injury,07 - SMV other,01 - Clear,01 - Daylight,01 - Dry,10 - No control,,1,0,0,0,02 - Minor,1,,1,,,359846.1562,5014999.951,45.27280171,-75.79845266,3075
20--4078,4/21/2020,10:04 PM,KING EDWARD AVE NB btwn CLARENCE ST & YORK ST (__3ZA3WR),__3ZA3WR,01 - Non intersection,03 - P.D. only,06 - SMV unattended vehicle,01 - Clear,07 - Dark,01 - Dry,10 - No control,,1,0,0,0,,0,,,,,368355.6591,5032689.397,45.43124961,-75.68773797,3076
20--4079,4/21/2020,10:30 AM,HUNTER'S RUN DR @ JEANNE D'ARC BLVD (0012419),12419,02 - Intersection related,03 - P.D. only,03 - Rear end,04 - Freezing Rain,01 - Daylight,02 - Wet,01 - Traffic signal,01 - Functioning,2,0,0,0,,0,,,,,380567.7452,5036174.574,45.46139016,-75.53114747,3077
20--408,1/10/2020,5:35 PM,WEST HUNT CLUB RD @ CLEOPATRA DR/LANCELOT DR (0000114),114,03 - At intersection,03 - P.D. only,03 - Rear end,01 - Clear,05 - Dusk,02 - Wet,01 - Traffic signal,01 - Functioning,4,0,0,0,,0,,,,,365235.6891,5021732.499,45.33293817,-75.72894981,3078
20--4080,4/21/2020,10:59 PM,KANATA AVE btwn TERRY FOX DR & RICHARDSON SIDE RD (__4WKBJF),__4WKBJF,01 - Non intersection,03 - P.D. only,07 - SMV other,01 - Clear,07 - Dark,06 - Ice,10 - No control,,1,0,0,0,,0,,,,,349363.5644,5019515.522,45.31417671,-75.93163715,3079
20--4081,4/21/2020,Unknown,MEADOWBREEZE DR btwn ACCEPTANCE PL & HAWKBIRCH ST (e___2KSI),e___2KSI,01 - Non intersection,03 - P.D. only,06 - SMV unattended vehicle,00 - Unknown,00 - Unknown,02 - Wet,10 - No control,,1,0,0,0,,0,,,,,356373.79,5015338.671,45.27611282,-75.84266875,3080
20--4082,4/21/2020,Unknown,BARRETT FARM DR btwn KELLY FARM DR & NEPETA CRES (e___2HNZ),e___2HNZ,01 - Non intersection,03 - P.D. only,06 - SMV unattended vehicle,01 - Clear,00 - Unknown,01 - Dry,10 - No control,,1,0,0,0,,0,,,,,374514.788,5020798.311,45.32367222,-75.6107102,3081
20--4083,4/21/2020,12:00 PM,GALATINA WAY btwn ABBEYDALE CIRC & HUNTERBROOK ST N (__5GN1PV),__5GN1PV,04 - At/near private drive,03 - P.D. only,06 - SMV unattended vehicle,01 - Clear,01 - Daylight,01 - Dry,10 - No control,,1,0,0,0,,0,,,,,348422.0034,5022901.237,45.34470144,-75.94334689,3082
20--4084,4/21/2020,12:31 PM,CARLING AVE @ CLYDE AVE/COLE AVE (0006984),6984,03 - At intersection,03 - P.D. only,02 - Angle,03 - Snow,01 - Daylight,02 - Wet,01 - Traffic signal,01 - Functioning,2,0,0,0,,0,,,,,363520.6835,5026850.539,45.37913535,-75.75022033,3083
20--4085,4/21/2020,2:06 PM,ISLAND PARK DR @ SCOTT ST (0002126),2126,03 - At intersection,02 - Non-fatal injury,07 - SMV other,03 - Snow,01 - Daylight,02 - Wet,01 - Traffic signal,01 - Functioning,1,0,0,1,03 - Major,1,,,1,,363833.6843,5029040.545,45.39881435,-75.74596213,3084
20--4086,4/21/2020,3:17 PM,HIGHWAY 417 btwn HWY417 IC124 RAMP76 & HWY417 IC124 RAMP67 (__3ZA2R7),__3ZA2R7,01 - Non intersection,03 - P.D. only,03 - Rear end,02 - Rain,01 - Daylight,02 - Wet,10 - No control,,3,0,0,0,,0,,,,,364222.2393,5027269.478,45.38284574,-75.74121283,3085
20--4087,4/21/2020,3:31 PM,PRINCE OF WALES DR @ WEST HUNT CLUB RD (0000567),567,02 - Intersection related,03 - P.D. only,03 - Rear end,01 - Clear,01 - Daylight,01 - Dry,01 - Traffic signal,01 - Functioning,2,0,0,0,,0,,,,,367458.7057,5021891.506,45.33417392,-75.70057073,3086
20--4088,4/21/2020,4:25 PM,HIGHWAY 417 btwn HWY417 IC180 RAMP26 & HWY417 IC180 RAMP61 (__5SO7L5),__5SO7L5,01 - Non intersection,03 - P.D. only,04 - Sideswipe,06 - Strong wind,01 - Daylight,01 - Dry,10 - No control,,2,0,0,0,,0,,,,,318516.5251,5031005.553,45.41885111,-76.32473678,3087
20--4089,4/21/2020,5:59 PM,GREENBANK RD btwn WEST HUNT CLUB RD & FALLOWFIELD RD (__3ZA1NE),__3ZA1NE,01 - Non intersection,03 - P.D. only,07 - SMV other,01 - Clear,01 - Daylight,02 - Wet,10 - No control,,1,0,0,0,,0,,,,,362882.5271,5017192.128,45.29228273,-75.75950158,3088
20--409,1/10/2020,5:45 PM,BRIDGE ST @ DICKINSON ST (0009326),9326,03 - At intersection,03 - P.D. only,05 - Turning movement,01 - Clear,07 - Dark,02 - Wet,01 - Traffic signal,01 - Functioning,2,0,0,0,,0,,,,,368855.7026,5010077.407,45.2277461,-75.68427377,3089
20--4090,4/21/2020,9:30 AM,DUNNING RD btwn FRENCH HILL RD & INNES RD (__3ZBOGY),__3ZBOGY,01 - Non intersection,03 - P.D. only,07 - SMV other,03 - Snow,01 - Daylight,04 - Slush,10 - No control,,1,0,0,0,,0,,,,,392080.0526,5038323.084,45.47937647,-75.38358269,3090
20--4091,4/22/2020,1:15 PM,MCLEOD ST @ PERCY ST (0007818),7818,03 - At intersection,03 - P.D. only,02 - Angle,01 - Clear,01 - Daylight,01 - Dry,02 - Stop sign,01 - Functioning,2,0,0,0,,0,,,,,367369.7235,5030140.559,45.40840488,-75.70066099,3091
20--4092,4/22/2020,1:16 PM,FOREST ST @ RICHMOND RD (0002750),2750,02 - Intersection related,03 - P.D. only,04 - Sideswipe,01 - Clear,01 - Daylight,01 - Dry,02 - Stop sign,01 - Functioning,2,0,0,0,,0,,,,,360466.6729,5025138.517,45.36397998,-75.78940555,3092
20--4093,4/22/2020,10:10 AM,PLACE D'ORLEANS DR btwn CENTRUM BLVD & ST. JOSEPH BLVD (__3ZA2FM),__3ZA2FM,04 - At/near private drive,03 - P.D. only,02 - Angle,01 - Clear,01 - Daylight,01 - Dry,10 - No control,,2,0,0,0,,0,,,,,381979.8237,5038051.058,45.47811859,-75.51279899,3093
20--4094,4/22/2020,11:55 AM,HUNT CLUB RD @ HWY417 HUNT CLUB IC109 RAMP52 (0017210),17210,03 - At intersection,03 - P.D. only,02 - Angle,01 - Clear,01 - Daylight,01 - Dry,02 - Stop sign,01 - Functioning,2,0,0,0,,0,,,,,376416.5641,5027444.644,45.38328129,-75.58549128,3094
20--4095,4/22/2020,12:45 PM,BRADWELL WAY @ KELLY FARM DR (0014130),14130,02 - Intersection related,03 - P.D. only,02 - Angle,01 - Clear,01 - Daylight,01 - Dry,02 - Stop sign,01 - Functioning,2,0,0,0,,0,,,,,375002.1679,5020197.833,45.31822078,-75.604579,3095
20--4096,4/22/2020,2:06 AM,BASELINE RD btwn MERIVALE RD & FARLANE BLVD (__3ZA4ID),__3ZA4ID,01 - Non intersection,03 - P.D. only,07 - SMV other,01 - Clear,07 - Dark,01 - Dry,10 - No control,,1,0,0,0,,0,,,,,365272.8161,5025463.279,45.36650399,-75.72801995,3096
20--4097,4/22/2020,2:52 PM,PRESLAND RD @ VANIER PKWY (0012076),12076,02 - Intersection related,03 - P.D. only,03 - Rear end,01 - Clear,01 - Daylight,01 - Dry,01 - Traffic signal,01 - Functioning,2,0,0,0,,0,,,,,370433.1187,5031751.632,45.42262011,-75.66131514,3097
20--4098,4/22/2020,3:46 PM,BRONSON AVE btwn FLORENCE ST & GLADSTONE AVE (__3ZA1WP),__3ZA1WP,01 - Non intersection,03 - P.D. only,04 - Sideswipe,01 - Clear,01 - Daylight,01 - Dry,10 - No control,,3,0,0,0,,0,,,,,367106.0692,5030147.862,45.40849411,-75.70402796,3098
20--4099,4/22/2020,7:13 AM,PERTH ST btwn FRANKTOWN RD & ROCHELLE DR (__3ZA42R),__3ZA42R,01 - Non intersection,03 - P.D. only,07 - SMV other,01 - Clear,01 - Daylight,01 - Dry,10 - No control,,1,0,0,0,,0,,,,,355845.3902,5005437,45.18705338,-75.85041879,3099
20--41,1/2/2020,4:08 PM,PRINCE OF WALES DR @ WEST HUNT CLUB RD (0000567),567,02 - Intersection related,03 - P.D. only,03 - Rear end,01 - Clear,01 - Daylight,01 - Dry,01 - Traffic signal,01 - Functioning,2,0,0,0,,0,,,,,367458.719,5021891.511,45.33417396,-75.70057056,3100
20--410,1/10/2020,6:00 PM,OGILVIE RD btwn MURDOCK GT & CUMMINGS AVE (__3ZBN9A),__3ZBN9A,01 - Non intersection,03 - P.D. only,04 - Sideswipe,01 - Clear,07 - Dark,01 - Dry,10 - No control,,2,0,0,0,,0,,,,,372719.2396,5032155.362,45.42603446,-75.63204987,3101
20--3650,3/13/2020,12:17 PM,CYRVILLE RD @ INNES RD (0009352),9352,02 - Intersection related,03 - P.D. only,04 - Sideswipe,01 - Clear,01 - Daylight,01 - Dry,01 - Traffic signal,01 - Functioning,2,0,0,0,,0,,,,,375047.7249,5031119.561,45.41648492,-75.60244511,3102
20--3651,3/13/2020,2:11 PM,WOODROFFE AVE btwn IRIS ST & MIRAMICHI ST (__3ZA4L1),__3ZA4L1,01 - Non intersection,03 - P.D. only,03 - Rear end,01 - Clear,01 - Daylight,01 - Dry,10 - No control,,2,0,0,0,,0,,,,,362327.1494,5024329.879,45.35655371,-75.76575231,3103
20--3652,3/13/2020,2:35 PM,BARNSDALE RD @ PRINCE OF WALES DR (0001082),1082,03 - At intersection,03 - P.D. only,02 - Angle,01 - Clear,01 - Daylight,01 - Dry,02 - Stop sign,01 - Functioning,3,0,0,0,,0,,,,,366646.692,5011532.401,45.24103558,-75.71222114,3104
20--3653,3/13/2020,2:58 PM,BANK ST @ RIVERSIDE DR N (0010778),10778,02 - Intersection related,03 - P.D. only,03 - Rear end,01 - Clear,01 - Daylight,02 - Wet,01 - Traffic signal,01 - Functioning,2,0,0,0,,0,,,,,369225.709,5027983.557,45.38882851,-75.67723461,3105
20--3654,3/13/2020,3:09 PM,ROGER GUINDON AVE @ SMYTH RD (0006971),6971,02 - Intersection related,03 - P.D. only,99 - Other,01 - Clear,01 - Daylight,01 - Dry,01 - Traffic signal,01 - Functioning,2,0,0,0,,0,,,,,371933.9081,5029226.161,45.39975461,-75.64248358,3106
20--3655,3/13/2020,3:16 PM,PETER MORAND CRES btwn ROGER GUINDON AVE & ROGER GUINDON AVE (__3ZAZAK),__3ZAZAK,04 - At/near private drive,03 - P.D. only,02 - Angle,01 - Clear,01 - Daylight,02 - Wet,10 - No control,,2,0,0,0,,0,,,,,372137.3988,5029661.154,45.40364895,-75.63982524,3107
20--3656,3/13/2020,3:58 PM,FALLOWFIELD RD @ GREENBANK RD (0000549),549,02 - Intersection related,03 - P.D. only,03 - Rear end,01 - Clear,01 - Daylight,01 - Dry,01 - Traffic signal,01 - Functioning,2,0,0,0,,0,,,,,363080.6708,5016732.454,45.28813018,-75.75702965,3108
20--3657,3/13/2020,4:08 PM,HWY 417 TERRYFO IC140R53 @ TERRY FOX DR (0003179),3179,02 - Intersection related,03 - P.D. only,03 - Rear end,01 - Clear,01 - Daylight,01 - Dry,10 - No control,,2,0,0,0,,0,,,,,351081.6157,5018401.47,45.30404104,-75.90983035,3109
20--3658,3/13/2020,4:24 PM,FALLOWFIELD RD @ RICHMOND RD (0000634),634,03 - At intersection,02 - Non-fatal injury,05 - Turning movement,01 - Clear,01 - Daylight,01 - Dry,01 - Traffic signal,01 - Functioning,2,0,0,0,02 - Minor,1,,1,,,357721.6415,5013529.426,45.25973276,-75.82568375,3110
20--3659,3/13/2020,4:39 PM,HIGHWAY 417 btwn HWY417 IC122 RAMP61 & HWY417 IC121B RAMP16 (__3ZA2Y4),__3ZA2Y4,01 - Non intersection,03 - P.D. only,03 - Rear end,01 - Clear,01 - Daylight,01 - Dry,10 - No control,,3,0,0,0,,0,,,,,365672.6847,5029125.712,45.39942319,-75.72246419,3111
20--366,1/9/2020,8:15 AM,GLADWIN CRES @ LANCASTER RD (0008281),8281,03 - At intersection,03 - P.D. only,02 - Angle,01 - Clear,01 - Daylight,04 - Slush,02 - Stop sign,01 - Functioning,2,0,0,0,,0,,,,,373459.74,5029475.562,45.40185063,-75.62296133,3112
20--3660,3/13/2020,4:45 PM,EARL ARMSTRONG RD @ SPRATT RD (0013063),13063,03 - At intersection,03 - P.D. only,05 - Turning movement,01 - Clear,01 - Daylight,01 - Dry,01 - Traffic signal,01 - Functioning,2,0,0,0,,0,,,,,368396.6926,5015011.423,45.27218362,-75.68948729,3113
20--3661,3/13/2020,4:45 PM,VIEWMOUNT DR @ MERIVALE RD (0001528),1528,02 - Intersection related,03 - P.D. only,04 - Sideswipe,01 - Clear,01 - Daylight,01 - Dry,01 - Traffic signal,01 - Functioning,2,0,0,0,,0,,,,,365193.6983,5022948.489,45.34388312,-75.72933707,3114
20--3662,3/13/2020,4:58 PM,HWY 417 VANIER IC117R63 @ VANIER PKWY (0002101),2101,02 - Intersection related,03 - P.D. only,03 - Rear end,01 - Clear,01 - Daylight,01 - Dry,01 - Traffic signal,01 - Functioning,2,0,0,0,,0,,,,,370799.7246,5031397.561,45.41939984,-75.65667845,3115
20--3663,3/13/2020,5:00 PM,HIGHWAY 417 btwn HWY417 IC122 RAMP61 & HWY417 IC121B RAMP16 (__3ZA2Y4),__3ZA2Y4,01 - Non intersection,03 - P.D. only,04 - Sideswipe,01 - Clear,01 - Daylight,01 - Dry,10 - No control,,2,0,0,0,,0,,,,,365699.6419,5029142.595,45.39957275,-75.72211781,3116
20--3664,3/13/2020,5:16 AM,ST. JOSEPH BLVD @ JEANNE D'ARC BLVD (0012421),12421,03 - At intersection,03 - P.D. only,02 - Angle,01 - Clear,07 - Dark,01 - Dry,11 - Roundabout,01 - Functioning,2,0,0,0,,0,,,,,379860.7422,5036471.574,45.46413865,-75.54014139,3117
20--3665,3/13/2020,6:20 PM,MARAVISTA DR @ STRANDHERD DR (0013565),13565,03 - At intersection,03 - P.D. only,02 - Angle,01 - Clear,07 - Dark,01 - Dry,01 - Traffic signal,01 - Functioning,2,0,0,0,,0,,,,,361288.4381,5014584.958,45.26895318,-75.78011984,3118
20--3666,3/13/2020,7:26 PM,MOODIE DR @ ROBERTSON RD (0010545),10545,03 - At intersection,02 - Non-fatal injury,05 - Turning movement,01 - Clear,07 - Dark,01 - Dry,01 - Traffic signal,01 - Functioning,2,0,0,0,02 - Minor,2,1,1,,,357066.6609,5020455.475,45.32210339,-75.83329902,3119
20--3667,3/13/2020,7:40 AM,WOODROFFE AVE btwn NAVAHO DR & Continuation of WOODROFFE AVE (__3ZBOCC),__3ZBOCC,01 - Non intersection,02 - Non-fatal injury,03 - Rear end,02 - Rain,01 - Daylight,02 - Wet,10 - No control,,2,0,0,0,02 - Minor,1,,1,,,362801.9947,5023318.647,45.34741561,-75.75981075,3120
20--3668,3/13/2020,8:00 AM,PINECREST RD @ RICHMOND RD (0002353),2353,02 - Intersection related,03 - P.D. only,03 - Rear end,02 - Rain,01 - Daylight,02 - Wet,01 - Traffic signal,01 - Functioning,2,0,0,0,,0,,,,,360072.681,5024471.522,45.35800956,-75.79450913,3121
20--3669,3/13/2020,8:19 PM,HIGHWAY 417 btwn HWY417 IC118 RAMP35 & HWY417 IC117 RAMP51 (__3ZA2YP),__3ZA2YP,01 - Non intersection,03 - P.D. only,04 - Sideswipe,01 - Clear,07 - Dark,01 - Dry,10 - No control,,2,0,0,0,,0,,,,,369814.9848,5031136.571,45.41714375,-75.66929421,3122
20--367,1/9/2020,8:32 AM,SOMERSET ST    W btwn BECKINGTON PRIV & BANK ST (__3ZAZQ1),__3ZAZQ1,04 - At/near private drive,03 - P.D. only,02 - Angle,01 - Clear,01 - Daylight,01 - Dry,10 - No control,,2,0,0,0,,0,,,,,367668.5527,5030899.87,45.41521014,-75.69674692,3123
20--3670,3/13/2020,9:00 PM,PRINCE OF WALES DR @ FALLOWFIELD RD (0000566),566,02 - Intersection related,03 - P.D. only,03 - Rear end,01 - Clear,07 - Dark,01 - Dry,01 - Traffic signal,01 - Functioning,2,0,0,0,,0,,,,,367399.7141,5019166.484,45.30965987,-75.70166775,3124
20--3671,3/13/2020,9:15 AM,INNES RD @ BEARBROOK RD/GLEN PARK DR E (0003630),3630,02 - Intersection related,03 - P.D. only,03 - Rear end,02 - Rain,01 - Daylight,02 - Wet,01 - Traffic signal,01 - Functioning,2,0,0,0,,0,,,,,377994.7328,5032842.573,45.4316854,-75.56454013,3125
20--3672,3/13/2020,9:26 PM,BAYSHORE DR btwn WOODRIDGE CRES S & BAYSHORE CS (__3ZAA4OB),__3ZAA4OB,01 - Non intersection,02 - Non-fatal injury,04 - Sideswipe,01 - Clear,07 - Dark,01 - Dry,10 - No control,,2,0,0,0,02 - Minor,1,,1,,,359195.6284,5023568.931,45.34995663,-75.80580215,3126
20--3673,3/13/2020,9:29 PM,JEANNE D'ARC BLVD @ ORLEANS BLVD S (0004154),4154,03 - At intersection,03 - P.D. only,05 - Turning movement,01 - Clear,07 - Dark,01 - Dry,01 - Traffic signal,01 - Functioning,2,0,0,0,,0,,,,,380940.7387,5036250.572,45.46203337,-75.52636687,3127
20--3674,3/14/2020,10:42 AM,VIEWMOUNT DR @ MERIVALE RD (0001528),1528,02 - Intersection related,03 - P.D. only,04 - Sideswipe,01 - Clear,01 - Daylight,01 - Dry,01 - Traffic signal,01 - Functioning,2,0,0,0,,0,,,,,365193.701,5022948.502,45.34388323,-75.72933703,3128
20--3675,3/14/2020,11:06 AM,HUNT CLUB RD @ RIVERSIDE DR (0002237),2237,02 - Intersection related,03 - P.D. only,04 - Sideswipe,02 - Rain,01 - Daylight,02 - Wet,01 - Traffic signal,01 - Functioning,2,0,0,0,,0,,,,,368036.6908,5021945.507,45.33460796,-75.69319035,3129
20--3676,3/14/2020,11:25 AM,ROCHEFORT CIRC btwn Continuation of ROCHEFORT CIRC & Continuation of R (__6ZT4KS),__6ZT4KS,04 - At/near private drive,03 - P.D. only,06 - SMV unattended vehicle,01 - Clear,01 - Daylight,01 - Dry,10 - No control,,1,0,0,0,,0,,,,,384163.2574,5035025.526,45.45065288,-75.48536369,3130
20--4100,4/22/2020,7:22 PM,ABBOTT ST @ STITTSVILLE MAIN ST (0000082),82,02 - Intersection related,03 - P.D. only,02 - Angle,01 - Clear,01 - Daylight,01 - Dry,01 - Traffic signal,01 - Functioning,2,0,0,0,,0,,,,,350248.5816,5013331.416,45.25847347,-75.92091671,3131
20--3677,3/14/2020,Unknown,FIRESIDE CRES btwn TAPIOLA CRES & TAPIOLA CRES (__3ZA9F0),__3ZA9F0,01 - Non intersection,03 - P.D. only,06 - SMV unattended vehicle,01 - Clear,00 - Unknown,01 - Dry,10 - No control,,1,0,0,0,,0,,,,,371888.2917,5025063.543,45.36230534,-75.64363182,3132
20--3678,3/14/2020,Unknown,RENAISSANCE DR btwn CASABELLA DR & CASABELLA DR (__30LQVL),__30LQVL,01 - Non intersection,03 - P.D. only,06 - SMV unattended vehicle,01 - Clear,00 - Unknown,01 - Dry,10 - No control,,1,0,0,0,,0,,,,,384518.205,5036327.756,45.46232875,-75.48061541,3133
20--3679,3/14/2020,12:05 PM,MURRAY ST @ SUSSEX DR (0011912),11912,02 - Intersection related,03 - P.D. only,04 - Sideswipe,01 - Clear,01 - Daylight,01 - Dry,01 - Traffic signal,01 - Functioning,2,0,0,0,,0,,,,,367707.5392,5032394.492,45.42865476,-75.696058,3134
20--368,1/9/2020,8:45 PM,CARP RD btwn THOMAS A. DOLAN PKWY & NORMA LANE (__3ZAZ54),__3ZAZ54,01 - Non intersection,03 - P.D. only,07 - SMV other,01 - Clear,07 - Dark,01 - Dry,10 - No control,,1,0,0,0,,0,,,,,337116.2928,5025448.906,45.36823845,-76.08744621,3135
20--3680,3/14/2020,12:36 AM,CLARENCE ST @ DALHOUSIE ST (0008415),8415,02 - Intersection related,02 - Non-fatal injury,07 - SMV other,01 - Clear,07 - Dark,01 - Dry,01 - Traffic signal,01 - Functioning,1,0,0,1,01 - Minimal,1,1,,,,368042.7079,5032503.599,45.42960624,-75.69176105,3136