Anom_ID,Accident_Date,Accident_Time,Location,Geo_ID,Accident_Location,Classification_of_Accident,Initial_Impact_Type,Environment_Condition,Light,Road_Surface_Condition,Traffic_Control,Traffic_Control_Condition,No__of_Vehicles,No__of_Bicycles,No__of_Motorcycles,No__of_Pedestrians,Max_Injury,No__of_Injuries,No__of_Minimal,No__of_Minor,No__of_Major,No__of_Fatal,X,Y,Latitude,Longitude,ObjectId
20--3681,3/14/2020,12:50 PM,OTTAWA RIVER PKWY @ ISLAND PARK DR (0002127),2127,02 - Intersection related,02 - Non-fatal injury,03 - Rear end,01 - Clear,01 - Daylight,01 - Dry,01 - Traffic signal,01 - Functioning,2,0,0,0,01 - Minimal,1,1,,,,363298.7005,5029453.565,45.40257554,-75.75274591,3137
20--3682,3/14/2020,12:57 PM,GREENBANK RD @ IRIS ST/HWY 417 IC129 RAMP51 (0009073),9073,02 - Intersection related,03 - P.D. only,03 - Rear end,01 - Clear,01 - Daylight,01 - Dry,01 - Traffic signal,01 - Functioning,2,0,0,0,,0,,,,,360531.302,5023312.49,45.34754431,-75.78878647,3138
20--3683,3/14/2020,2:30 AM,HWY417 HUNT CLUB IC109 RAMP51 btwn HIGHWAY 417 EB & HWY417 HUNT CLUB IC109 RAMP52/53 (e___1GZO),e___1GZO,01 - Non intersection,03 - P.D. only,03 - Rear end,01 - Clear,07 - Dark,01 - Dry,10 - No control,,2,0,0,0,,0,,,,,376257.288,5027481.401,45.38362828,-75.58751958,3139
20--3684,3/14/2020,2:50 PM,LYON ST @ WELLINGTON ST (0002388),2388,02 - Intersection related,03 - P.D. only,04 - Sideswipe,01 - Clear,01 - Daylight,01 - Dry,01 - Traffic signal,01 - Functioning,2,0,0,0,,0,,,,,366935.2647,5031426.158,45.42001102,-75.70604865,3140
20--3685,3/14/2020,2:52 PM,STRANDHERD DR btwn MADRID AVE & ANDORA AVE (__6O5PID),__6O5PID,01 - Non intersection,02 - Non-fatal injury,03 - Rear end,01 - Clear,01 - Daylight,01 - Dry,10 - No control,,2,0,0,0,01 - Minimal,1,1,,,,363114.6929,5014176.053,45.26512478,-75.75689627,3141
20--3686,3/14/2020,4:23 PM,MEADOWLANDS DR @ MERIVALE RD (0000625),625,02 - Intersection related,03 - P.D. only,04 - Sideswipe,01 - Clear,01 - Daylight,01 - Dry,01 - Traffic signal,01 - Functioning,2,0,0,0,,0,,,,,364858.695,5023725.511,45.35090342,-75.73351719,3142
20--3687,3/14/2020,5:00 PM,BRONSON AVE btwn RIVERSIDE DR RAMPS 34B & 42A-3 & BRONSON AVE RAMP 34 (__3ZA3BK),__3ZA3BK,01 - Non intersection,03 - P.D. only,04 - Sideswipe,01 - Clear,01 - Daylight,01 - Dry,10 - No control,,2,0,0,0,,0,,,,,368456.3019,5027107.753,45.38101864,-75.68717247,3143
20--3688,3/14/2020,5:30 AM,SHEA RD btwn BROWNLEE RD & GARVIN RD (__3ZACH2),__3ZACH2,01 - Non intersection,03 - P.D. only,07 - SMV other,01 - Clear,07 - Dark,01 - Dry,10 - No control,,1,0,0,0,,0,,,,,355794.8042,5008940.45,45.21858223,-75.85070397,3144
20--3689,3/14/2020,6:11 PM,EAGLESON RD @ MICHAEL COWPLAND DR/STONEHAVEN D (0003544),3544,03 - At intersection,02 - Non-fatal injury,02 - Angle,01 - Clear,05 - Dusk,01 - Dry,01 - Traffic signal,01 - Functioning,3,0,0,0,02 - Minor,1,,1,,,354382.6252,5016623.44,45.2878167,-75.8679171,3145
20--3830,3/25/2020,7:13 AM,ANDERSON RD @ INNES RD (0004200),4200,02 - Intersection related,03 - P.D. only,04 - Sideswipe,01 - Clear,01 - Daylight,01 - Dry,01 - Traffic signal,01 - Functioning,2,0,0,0,,0,,,,,376280.7489,5031841.558,45.42285615,-75.58658802,3146
20--4192,5/1/2020,Unknown,CHAPMAN MILLS DR btwn MEADGATE GT & CLEARBROOK DR (__4FP853),__4FP853,01 - Non intersection,03 - P.D. only,06 - SMV unattended vehicle,01 - Clear,00 - Unknown,01 - Dry,10 - No control,,1,0,0,0,,0,,,,,365879.0036,5015060.948,45.27285243,-75.72156503,3147
20--4281,5/8/2020,9:46 AM,HAWTHORNE RD @ HUNT CLUB RD (0007651),7651,02 - Intersection related,03 - P.D. only,99 - Other,01 - Clear,01 - Daylight,01 - Dry,01 - Traffic signal,01 - Functioning,2,0,0,0,,0,,,,,375507.7447,5026406.528,45.37403316,-75.59724366,3148
20--369,1/9/2020,8:50 AM,CLARE ST @ KIRKWOOD AVE (0006079),6079,02 - Intersection related,03 - P.D. only,03 - Rear end,01 - Clear,01 - Daylight,01 - Dry,01 - Traffic signal,01 - Functioning,2,0,0,0,,0,,,,,364066.7006,5027973.548,45.38919402,-75.74311425,3149
20--3690,3/14/2020,6:30 PM,FRIEL ST @ RIDEAU ST (0011917),11917,02 - Intersection related,03 - P.D. only,04 - Sideswipe,01 - Clear,07 - Dark,01 - Dry,01 - Traffic signal,01 - Functioning,2,0,0,0,,0,,,,,368771.7006,5032570.594,45.43014273,-75.6824368,3150
20--3691,3/14/2020,6:30 PM,QUEEN ELIZABETH DRWY btwn Continuation of QUEEN ELIZABETH DRWY & SOMER (__3ZA21D),__3ZA21D,01 - Non intersection,03 - P.D. only,07 - SMV other,01 - Clear,07 - Dark,01 - Dry,10 - No control,,1,0,0,0,,0,,,,,368367.5296,5031593.585,45.42138881,-75.6877277,3151
20--3692,3/14/2020,8:13 AM,DES EPINETTES AVE @ SUNVIEW DR/WINTER ROSE LAN (0012366),12366,02 - Intersection related,02 - Non-fatal injury,07 - SMV other,01 - Clear,01 - Daylight,01 - Dry,02 - Stop sign,01 - Functioning,1,0,0,0,02 - Minor,1,,1,,,382227.101,5036033.709,45.45994084,-75.5099544,3152
20--3693,3/14/2020,8:33 AM,RICHMOND RD @ STONEHAVEN DR (0010370),10370,02 - Intersection related,03 - P.D. only,07 - SMV other,01 - Clear,01 - Daylight,01 - Dry,01 - Traffic signal,01 - Functioning,1,0,0,0,,0,,,,,356781.6373,5015891.44,45.2810567,-75.83741301,3153
20--3694,3/14/2020,8:53 PM,BRONSON AVE @ CATHERINE ST/RAYMOND ST (0007198),7198,03 - At intersection,03 - P.D. only,05 - Turning movement,01 - Clear,07 - Dark,01 - Dry,01 - Traffic signal,01 - Functioning,2,0,0,0,,0,,,,,367252.6992,5029796.561,45.40532014,-75.70219942,3154
20--3695,3/14/2020,9:15 AM,TERRY FOX DR @ PALLADIUM DR/KATIMAVIK RD (0011858),11858,02 - Intersection related,03 - P.D. only,03 - Rear end,01 - Clear,01 - Daylight,01 - Dry,01 - Traffic signal,01 - Functioning,2,0,0,0,,0,,,,,351269.7157,5018181.76,45.30205162,-75.90745248,3155
20--3696,3/15/2020,1:00 PM,EAGLESON RD @ HOPE SIDE RD/TERRY FOX DR (0000509),509,02 - Intersection related,02 - Non-fatal injury,03 - Rear end,01 - Clear,01 - Daylight,01 - Dry,01 - Traffic signal,01 - Functioning,2,0,0,0,01 - Minimal,2,2,,,,355188.1528,5014615.999,45.26969602,-75.85785261,3156
20--3697,3/15/2020,11:24 AM,GATESBURY ST btwn PALMADEO DR & APPLEDALE DR (__3ZACEA),__3ZACEA,01 - Non intersection,03 - P.D. only,07 - SMV other,01 - Clear,01 - Daylight,01 - Dry,10 - No control,,1,0,0,0,,0,,,,,365272.3605,5015516.885,45.27700737,-75.72924029,3157
20--3698,3/15/2020,Unknown,CHICORY PL btwn TREATY CRT & END (__3ZAZGW),__3ZAZGW,01 - Non intersection,03 - P.D. only,06 - SMV unattended vehicle,01 - Clear,00 - Unknown,01 - Dry,10 - No control,,1,0,0,0,,0,,,,,373247.6339,5032692.776,45.43081834,-75.62522353,3158
20--3699,3/15/2020,Unknown,CARTIER ST btwn GLADSTONE AVE & DELAWARE AVE (__3ZA8AK),__3ZA8AK,01 - Non intersection,03 - P.D. only,06 - SMV unattended vehicle,01 - Clear,00 - Unknown,01 - Dry,10 - No control,,1,0,0,0,,0,,,,,368540.9829,5030929.928,45.41540167,-75.68559737,3159
20--37,1/2/2020,2:48 PM,BRONSON AVE @ SUNNYSIDE AVE/UNIVERSITY RD - CA (0007209),7209,03 - At intersection,03 - P.D. only,02 - Angle,01 - Clear,01 - Daylight,01 - Dry,01 - Traffic signal,01 - Functioning,4,0,0,0,,0,,,,,367922.7192,5028091.545,45.38991881,-75.6938593,3160
20--370,1/9/2020,9:00 AM,CARLING AVE @ KIRKWOOD AVE S (0002209),2209,02 - Intersection related,03 - P.D. only,03 - Rear end,01 - Clear,01 - Daylight,01 - Dry,01 - Traffic signal,01 - Functioning,2,0,0,0,,0,,,,,364351.6893,5027337.536,45.38344712,-75.73955176,3161
20--3700,3/15/2020,12:30 PM,KING EDWARD AVE @ STEWART ST (0007754),7754,02 - Intersection related,03 - P.D. only,04 - Sideswipe,01 - Clear,01 - Daylight,01 - Dry,01 - Traffic signal,01 - Functioning,2,0,0,0,,0,,,,,368634.6953,5032205.575,45.42687095,-75.68423487,3162
20--3701,3/15/2020,2:00 AM,RICHARDSON SIDE RD btwn BEAVERTAIL RD & SPRUCE RIDGE RD (__3ZAC5K),__3ZAC5K,01 - Non intersection,03 - P.D. only,07 - SMV other,01 - Clear,07 - Dark,01 - Dry,10 - No control,,1,0,0,0,,0,,,,,342839.7238,5014045.753,45.26534102,-76.01525828,3163
20--3740,3/17/2020,6:55 PM,RICHMOND RD btwn PERTH ST & CAMBRIAN RD (__3ZAB98),__3ZAB98,01 - Non intersection,03 - P.D. only,07 - SMV other,01 - Clear,05 - Dusk,01 - Dry,10 - No control,,1,0,0,0,,0,,,,,359041.7741,5008616.952,45.21542881,-75.80939979,3164
20--3702,3/15/2020,2:25 PM,COLONNADE RD @ PRINCE OF WALES DR (0005249),5249,02 - Intersection related,03 - P.D. only,03 - Rear end,01 - Clear,01 - Daylight,01 - Dry,01 - Traffic signal,01 - Functioning,2,0,0,0,,0,,,,,367394.7304,5023266.503,45.34655159,-75.70121292,3165
20--3703,3/15/2020,2:30 PM,CARLING AVE @ WOODROFFE AVE W (0011470),11470,02 - Intersection related,03 - P.D. only,03 - Rear end,01 - Clear,01 - Daylight,01 - Dry,01 - Traffic signal,01 - Functioning,2,0,0,0,,0,,,,,361767.6764,5025725.516,45.36915723,-75.77273167,3166
20--3704,3/15/2020,2:30 PM,GLADSTONE AVE btwn BAY ST & LYON ST N (__3ZA3PV),__3ZA3PV,04 - At/near private drive,03 - P.D. only,02 - Angle,01 - Clear,01 - Daylight,01 - Dry,10 - No control,,2,0,0,0,,0,,,,,367546.1004,5030339.05,45.41017505,-75.6983827,3167
20--3705,3/15/2020,3:00 PM,BASELINE RD btwn MCWATTERS RD & ROCKWAY CRES (__3ZA2LT),__3ZA2LT,01 - Non intersection,03 - P.D. only,99 - Other,01 - Clear,01 - Daylight,01 - Dry,10 - No control,,2,0,0,0,,0,,,,,360911.4692,5022770.747,45.34263941,-75.78399681,3168
20--3706,3/15/2020,5:18 PM,HUNT CLUB RD @ LORRY GREENBERG DR/SABLE RIDGE  (0008203),8203,02 - Intersection related,03 - P.D. only,03 - Rear end,01 - Clear,01 - Daylight,01 - Dry,01 - Traffic signal,02 - Not functioning,2,0,0,0,,0,,,,,372823.7402,5024807.508,45.35991149,-75.63172762,3169
20--3707,3/15/2020,5:40 AM,HIGHWAY 416 btwn HWY416 IC66 RAMP53 & HWY416 IC57 RAMP34 (__3ZAZLC),__3ZAZLC,01 - Non intersection,03 - P.D. only,07 - SMV other,01 - Clear,07 - Dark,01 - Dry,10 - No control,,1,0,0,0,,0,,,,,361751.8807,5012018.951,45.24582663,-75.77450836,3170
20--3708,3/15/2020,6:12 PM,HIGHWAY 416 btwn HWY416 IC57 RAMP53 & HWY416 IC49 RAMP34 (__3ZAZJC),__3ZAZJC,01 - Non intersection,03 - P.D. only,07 - SMV other,01 - Clear,05 - Dusk,01 - Dry,10 - No control,,1,0,0,0,,0,,,,,365236.7099,5007165.153,45.20186127,-75.73070945,3171
20--3709,3/15/2020,8:42 PM,BRONSON AVE @ FIFTH AVE/MADAWASKA DR (0006977),6977,02 - Intersection related,03 - P.D. only,03 - Rear end,01 - Clear,07 - Dark,01 - Dry,01 - Traffic signal,00 - Unknown,2,0,0,0,,0,,,,,367613.7083,5028938.547,45.39756767,-75.69769745,3172
20--371,1/9/2020,9:00 AM,HIGHWAY 417 btwn HWY417 IC118 RAMP67 & HWY417 IC117 RAMP36 (__3ZA2YO),__3ZA2YO,01 - Non intersection,03 - P.D. only,03 - Rear end,01 - Clear,01 - Daylight,01 - Dry,10 - No control,,2,0,0,0,,0,,,,,369843.2544,5031154.412,45.41730165,-75.66893069,3173
20--3710,3/15/2020,9:47 PM,HIGHWAY 417 btwn HWY417 IC139 RAMP15 & HWY417 IC138 RAMP51 (__3ZA2QR),__3ZA2QR,01 - Non intersection,03 - P.D. only,07 - SMV other,01 - Clear,07 - Dark,01 - Dry,10 - No control,,1,0,0,0,,0,,,,,352389.1392,5019783.218,45.31638696,-75.89302542,3174
20--3711,3/16/2020,10:26 PM,BRONSON AVE @ SOMERSET ST (0002218),2218,02 - Intersection related,02 - Non-fatal injury,07 - SMV other,01 - Clear,07 - Dark,01 - Dry,01 - Traffic signal,01 - Functioning,1,0,0,0,01 - Minimal,1,1,,,,366967.6977,5030476.57,45.41146403,-75.70575406,3175
20--3712,3/16/2020,Unknown,BESSERER ST @ WALLER ST (0008859),8859,02 - Intersection related,03 - P.D. only,04 - Sideswipe,01 - Clear,00 - Unknown,01 - Dry,01 - Traffic signal,01 - Functioning,2,0,0,0,,0,,,,,368315.9209,5032191.985,45.42677769,-75.68830994,3176
20--3713,3/16/2020,12:07 PM,FRANKTOWN RD btwn SILVER FOX WAY & SKEEL CRT (__3ZA3FC),__3ZA3FC,01 - Non intersection,03 - P.D. only,07 - SMV other,01 - Clear,01 - Daylight,01 - Dry,10 - No control,,1,0,0,0,,0,,,,,347575.3661,4997994.001,45.12062705,-75.95629151,3177
20--3714,3/16/2020,12:08 PM,STRANDHERD DR @ WOODROFFE AVE (0009688),9688,02 - Intersection related,03 - P.D. only,04 - Sideswipe,01 - Clear,01 - Daylight,01 - Dry,01 - Traffic signal,01 - Functioning,2,0,0,0,,0,,,,,366106.1597,5015395.133,45.27583965,-75.718629,3178
20--3715,3/16/2020,12:27 PM,PRINCE OF WALES DR @ MERIVALE RD (0000564),564,02 - Intersection related,02 - Non-fatal injury,03 - Rear end,01 - Clear,01 - Daylight,01 - Dry,01 - Traffic signal,01 - Functioning,2,0,0,0,01 - Minimal,2,2,,,,367449.7089,5017616.446,45.29570837,-75.70122612,3179
20--3716,3/16/2020,12:41 PM,BANK ST @ DAVIDSON RD/LESTER RD (0008797),8797,03 - At intersection,03 - P.D. only,05 - Turning movement,01 - Clear,01 - Daylight,01 - Dry,01 - Traffic signal,01 - Functioning,2,0,0,0,,0,,,,,373672.7376,5022923.505,45.34287708,-75.62115449,3180
20--3717,3/16/2020,12:55 AM,HERZBERG RD btwn CARLING AVE & BAYFIELD AVE (__3ZACUF),__3ZACUF,01 - Non intersection,03 - P.D. only,07 - SMV other,01 - Clear,07 - Dark,01 - Dry,10 - No control,,1,0,0,0,,0,,,,,352079.2893,5022205.805,45.33820684,-75.89674583,3181
20--3718,3/16/2020,2:46 PM,LEITRIM RD btwn FENTON RD & BANK ST (__3ZA3SF),__3ZA3SF,01 - Non intersection,03 - P.D. only,05 - Turning movement,01 - Clear,01 - Daylight,01 - Dry,10 - No control,,2,0,0,0,,0,,,,,374479.1709,5021040.554,45.32585537,-75.61113039,3182
20--3719,3/16/2020,3:18 PM,ST. JOSEPH BLVD @ DUFORD DR/PLACE D'ORLEANS DR (0003629),3629,03 - At intersection,03 - P.D. only,02 - Angle,01 - Clear,01 - Daylight,01 - Dry,01 - Traffic signal,01 - Functioning,2,0,0,0,,0,,,,,381996.7461,5037996.58,45.47762657,-75.51259113,3183
20--372,1/9/2020,9:33 AM,HIGHWAY 417 btwn HWY417 IC126 RAMP25 & HWY417 IC124 RAMP57 (__3ZA2R5),__3ZA2R5,01 - Non intersection,03 - P.D. only,03 - Rear end,01 - Clear,01 - Daylight,01 - Dry,10 - No control,,2,0,0,0,,0,,,,,363832.2655,5026718.351,45.37791976,-75.74625802,3184
20--3720,3/16/2020,3:30 PM,PATTERSON AVE btwn ALLAN PL & COBALT AVE (__3ZA96W),__3ZA96W,01 - Non intersection,03 - P.D. only,04 - Sideswipe,01 - Clear,01 - Daylight,01 - Dry,10 - No control,,2,0,0,0,,0,,,,,368316.0504,5030078.86,45.40776449,-75.68858066,3185
20--3721,3/16/2020,3:37 PM,WHITE ALDER AVE btwn WIDGEON WAY & WIDGEON WAY (__67PTME),__67PTME,01 - Non intersection,03 - P.D. only,07 - SMV other,01 - Clear,01 - Daylight,01 - Dry,10 - No control,,1,0,0,0,,0,,,,,374995.1937,5020582.529,45.32168283,-75.60461342,3186
20--3722,3/16/2020,4:24 PM,BLAIR RD @ OGILVIE RD (0004120),4120,03 - At intersection,03 - P.D. only,03 - Rear end,01 - Clear,01 - Daylight,01 - Dry,01 - Traffic signal,01 - Functioning,2,0,0,0,,0,,,,,374507.7179,5033198.561,45.43524465,-75.6090497,3187
20--3723,3/16/2020,5:30 PM,REGIONAL ROAD 174 EB btwn HWY417 IC113 RAMP65 & OR174 BLAIR IC112 RAMP51 (__3ZAZFJ),__3ZAZFJ,01 - Non intersection,03 - P.D. only,04 - Sideswipe,01 - Clear,05 - Dusk,01 - Dry,10 - No control,,2,0,0,0,,0,,,,,374626.497,5032692.908,45.43068321,-75.60760346,3188
20--3724,3/16/2020,6:45 AM,COLONIAL RD @ FRANK KENNY RD (0012888),12888,02 - Intersection related,03 - P.D. only,04 - Sideswipe,01 - Clear,01 - Daylight,01 - Dry,02 - Stop sign,01 - Functioning,2,0,0,0,,0,,,,,390200.8129,5032047.503,45.42314824,-75.40870552,3189
20--3725,3/16/2020,7:19 AM,REGIONAL ROAD 174 btwn OR174 IC109 RAMP56 & OR174 IC109 RAMP86 (__3ZA28W),__3ZA28W,01 - Non intersection,03 - P.D. only,07 - SMV other,01 - Clear,01 - Daylight,01 - Dry,10 - No control,,1,0,0,0,,0,,,,,376411.2712,5034896.791,45.45033191,-75.58447591,3190
20--3726,3/16/2020,7:27 PM,GRANT CARMAN DR @ FAMILY BROWN LANE (0010458),10458,02 - Intersection related,03 - P.D. only,07 - SMV other,01 - Clear,07 - Dark,01 - Dry,02 - Stop sign,01 - Functioning,1,0,0,0,,0,,,,,365218.884,5023514.775,45.34897631,-75.72894654,3191
20--3727,3/16/2020,7:50 AM,ELGIN ST @ SLATER ST (0002228),2228,03 - At intersection,03 - P.D. only,04 - Sideswipe,01 - Clear,01 - Daylight,01 - Dry,01 - Traffic signal,01 - Functioning,2,0,0,0,,0,,,,,367890.706,5031646.575,45.42190876,-75.69381321,3192
20--3728,3/16/2020,9:17 AM,BANK ST @ HUNT CLUB RD (0002119),2119,03 - At intersection,03 - P.D. only,02 - Angle,01 - Clear,01 - Daylight,01 - Dry,01 - Traffic signal,01 - Functioning,2,0,0,0,,0,,,,,371608.7342,5024096.504,45.35363095,-75.64733062,3193
20--3729,3/17/2020,1:12 AM,PRINCE OF WALES DR btwn NATIONAL CAPITAL COMM DRWY & HARTWELL LOCKS/54 (__3ZA30ZA),__3ZA30ZA,01 - Non intersection,03 - P.D. only,07 - SMV other,01 - Clear,07 - Dark,01 - Dry,10 - No control,,1,0,0,0,,0,,,,,366922.1214,5027518.201,45.38484947,-75.70670886,3194
20--373,1/9/2020,9:37 PM,CHAMPLAIN BRIDGE/ISLAND PARK DR @ BATE ISLAND (0010849),10849,03 - At intersection,03 - P.D. only,99 - Other,01 - Clear,07 - Dark,02 - Wet,02 - Stop sign,00 - Unknown,3,0,0,0,,0,,,,,362967.0335,5030056.354,45.40802696,-75.75691111,3195
20--3730,3/17/2020,10:17 AM,FERNBANK RD @ ROMINA ST/TEMPLEFORD AVE (0012540),12540,03 - At intersection,03 - P.D. only,02 - Angle,02 - Rain,01 - Daylight,02 - Wet,01 - Traffic signal,01 - Functioning,2,0,0,0,,0,,,,,354467.6351,5015279.875,45.275721,-75.86696792,3196
20--3731,3/17/2020,Unknown,GARDENWAY DR btwn ESPLANADE AVE & ORCHARDVIEW AVE (__3ZBO8F),__3ZBO8F,01 - Non intersection,03 - P.D. only,06 - SMV unattended vehicle,01 - Clear,00 - Unknown,01 - Dry,10 - No control,,1,0,0,0,,0,,,,,384600.7904,5036745.869,45.46608111,-75.47949165,3197
20--3732,3/17/2020,Unknown,LISGAR ST btwn O'CONNOR ST & METCALFE ST (__3ZA9UX),__3ZA9UX,01 - Non intersection,03 - P.D. only,06 - SMV unattended vehicle,01 - Clear,00 - Unknown,01 - Dry,10 - No control,,1,0,0,0,,0,,,,,367805.0538,5031185.039,45.41776373,-75.6949666,3198
20--3733,3/17/2020,3:00 PM,BRONSON AVE btwn BRONSON AVE RAMP 34 & AIRPORT PKWY/BRONSON AVE RAMP 2 (__3ZA3AA),__3ZA3AA,01 - Non intersection,03 - P.D. only,04 - Sideswipe,01 - Clear,01 - Daylight,01 - Dry,10 - No control,,2,0,0,0,,0,,,,,368519.5441,5027014.736,45.38017595,-75.68637702,3199
20--3734,3/17/2020,5:20 AM,HIGHWAY 416 btwn HWY416 IC66 RAMP24 & HWY416 IC57 RAMP62 (__3ZA1OI),__3ZA1OI,01 - Non intersection,03 - P.D. only,07 - SMV other,02 - Rain,07 - Dark,02 - Wet,10 - No control,,1,0,0,0,,0,,,,,363856.8524,5009774.256,45.22545522,-75.74796256,3200
20--3735,3/17/2020,5:25 PM,HIGHWAY 417 btwn HWY417 IC119A RAMP75 & HWY417 IC118 RAMP57 (__3ZA2R2),__3ZA2R2,01 - Non intersection,03 - P.D. only,03 - Rear end,01 - Clear,01 - Daylight,01 - Dry,10 - No control,,4,0,0,0,,0,,,,,369060.6532,5030769.254,45.41390845,-75.67897931,3201
20--3736,3/17/2020,5:30 AM,HIGHWAY 417 btwn HWY417 IC123 RAMP62 & HWY417 IC122 RAMP16 (__3ZA2R9),__3ZA2R9,01 - Non intersection,03 - P.D. only,07 - SMV other,04 - Freezing Rain,07 - Dark,06 - Ice,10 - No control,,1,0,0,0,,0,,,,,365121.1592,5028696.498,45.39560895,-75.72956075,3202
20--3737,3/17/2020,6:25 AM,HIGHWAY 416 btwn HWY416 IC66 RAMP53 & HWY416 IC57 RAMP34 (__3ZAZLC),__3ZAZLC,01 - Non intersection,02 - Non-fatal injury,99 - Other,04 - Freezing Rain,03 - Dawn,06 - Ice,10 - No control,,2,0,0,0,02 - Minor,1,,1,,,360605.7927,5013740.897,45.26141273,-75.78891352,3203
20--3738,3/17/2020,6:25 AM,HIGHWAY 417 btwn HWY417 IC120B RAMP36 & HWY417 IC119B RAMP76 (__3ZA2YU),__3ZA2YU,01 - Non intersection,02 - Non-fatal injury,07 - SMV other,03 - Snow,03 - Dawn,04 - Slush,10 - No control,,1,0,0,0,01 - Minimal,1,1,,,,367785.6857,5030020.431,45.40728669,-75.69536287,3204
20--3739,3/17/2020,6:36 AM,HIGHWAY 417 btwn HWY417 IC121B RAMP51 & HWY417 IC121A RAMP51 (__3ZA2YW),__3ZA2YW,01 - Non intersection,03 - P.D. only,99 - Other,04 - Freezing Rain,01 - Daylight,04 - Slush,10 - No control,,2,0,0,0,,0,,,,,367031.0067,5029650.837,45.4040287,-75.70504954,3205
20--374,1/9/2020,9:52 AM,LACASSE AVE @ MONTREAL RD (0009797),9797,03 - At intersection,02 - Non-fatal injury,02 - Angle,01 - Clear,01 - Daylight,01 - Dry,01 - Traffic signal,01 - Functioning,2,0,0,0,02 - Minor,1,,1,,,370686.7168,5033406.608,45.43748704,-75.65785349,3206
20--3831,3/25/2020,9:45 PM,SMITH RD btwn MILTON RD & METEOR AVE (__3ZA6UU),__3ZA6UU,01 - Non intersection,03 - P.D. only,07 - SMV other,01 - Clear,07 - Dark,01 - Dry,10 - No control,,1,0,0,0,,0,,,,,388147.2596,5031491.67,45.41839508,-75.43503627,3207
20--4101,4/23/2020,1:41 AM,REGIONAL ROAD 174 btwn QUIGLEY HILL RD & REGIONAL ROAD 174 DIVIDED (__3ZA2Y5),__3ZA2Y5,01 - Non intersection,02 - Non-fatal injury,07 - SMV other,01 - Clear,07 - Dark,01 - Dry,10 - No control,,1,0,0,0,02 - Minor,1,,1,,,385112.488,5041220.037,45.50627659,-75.47221718,3208
20--4193,5/1/2020,2:19 PM,STITTSVILLE MAIN ST btwn RAVENSCROFT CRT & HOBIN ST (__3ZA2GF),__3ZA2GF,04 - At/near private drive,03 - P.D. only,02 - Angle,01 - Clear,01 - Daylight,01 - Dry,10 - No control,,2,0,0,0,,0,,,,,349613.5346,5014106.363,45.26548746,-75.92893785,3209
20--3741,3/17/2020,6:59 AM,REGIONAL ROAD 174 btwn OR174 IC112 RAMP51 & OR174 IC112 RAMP15 (__3ZA2XE),__3ZA2XE,01 - Non intersection,03 - P.D. only,07 - SMV other,03 - Snow,01 - Daylight,04 - Slush,10 - No control,,1,0,0,0,,0,,,,,374865.812,5032870.63,45.43225832,-75.60452005,3210
20--3832,3/26/2020,10:19 PM,MONTREAL RD @ ST. LAURENT BLVD (0002604),2604,02 - Intersection related,02 - Non-fatal injury,07 - SMV other,01 - Clear,07 - Dark,02 - Wet,01 - Traffic signal,01 - Functioning,1,0,0,0,03 - Major,1,,,1,,371545.6962,5033817.598,45.44110346,-75.64681972,3211
20--4194,5/1/2020,2:55 PM,HIGHWAY 417 btwn HWY417 IC118 RAMP57 & HWY417 IC118 RAMP35 (__3ZA2YQ),__3ZA2YQ,01 - Non intersection,03 - P.D. only,99 - Other,01 - Clear,01 - Daylight,01 - Dry,10 - No control,,2,0,0,0,,0,,,,,369454.3615,5031036.358,45.41627549,-75.67391461,3212
20--4102,4/23/2020,10:53 AM,BARNSDALE RD @ RIDEAU VALLEY DR (0010400),10400,03 - At intersection,03 - P.D. only,02 - Angle,01 - Clear,01 - Daylight,01 - Dry,02 - Stop sign,01 - Functioning,3,0,0,0,,0,,,,,367139.6896,5011811.407,45.24350259,-75.70590716,3213
20--4103,4/23/2020,2:14 PM,WILLIAM MCEWEN DR btwn CENTURY RD W & CEDARVIEW RD (__3ZABLE),__3ZABLE,01 - Non intersection,03 - P.D. only,07 - SMV other,01 - Clear,01 - Daylight,01 - Dry,10 - No control,,1,0,0,0,,0,,,,,365631.0977,5006132.415,45.19253468,-75.72581583,3214
20--4104,4/23/2020,3:20 PM,ST. LAURENT BLVD @ COVENTRY RD/OGILVIE RD (0002151),2151,02 - Intersection related,03 - P.D. only,03 - Rear end,01 - Clear,01 - Daylight,01 - Dry,01 - Traffic signal,01 - Functioning,2,0,0,0,,0,,,,,372305.715,5031951.574,45.4242409,-75.63736169,3215
20--4105,4/23/2020,3:30 PM,HIGHWAY 417 btwn HWY417 IC122 RAMP61 & HWY417 IC121B RAMP16 (__3ZA2Y4),__3ZA2Y4,01 - Non intersection,03 - P.D. only,03 - Rear end,01 - Clear,01 - Daylight,01 - Dry,10 - No control,,2,0,0,0,,0,,,,,365694.2756,5029139.244,45.39954307,-75.72218676,3216
20--4106,4/23/2020,3:55 PM,CASTLEFRANK RD btwn MACNEIL CRT & HAZELDEAN RD (__3ZA1XG),__3ZA1XG,04 - At/near private drive,03 - P.D. only,02 - Angle,01 - Clear,01 - Daylight,01 - Dry,10 - No control,,2,0,0,0,,0,,,,,352619.3972,5017744.093,45.2980228,-75.89028551,3217
20--4107,4/23/2020,5:02 PM,ROGER STEVENS DR @ MALAKOFF RD (0003720),3720,03 - At intersection,02 - Non-fatal injury,02 - Angle,01 - Clear,01 - Daylight,01 - Dry,02 - Stop sign,01 - Functioning,2,0,0,0,02 - Minor,2,,2,,,362227.616,4996129.25,45.10280899,-75.77027699,3218