Anom_ID,Accident_Date,Accident_Time,Location,Geo_ID,Accident_Location,Classification_of_Accident,Initial_Impact_Type,Environment_Condition,Light,Road_Surface_Condition,Traffic_Control,Traffic_Control_Condition,No__of_Vehicles,No__of_Bicycles,No__of_Motorcycles,No__of_Pedestrians,Max_Injury,No__of_Injuries,No__of_Minimal,No__of_Minor,No__of_Major,No__of_Fatal,X,Y,Latitude,Longitude,ObjectId
20--4108,4/23/2020,6:43 AM,CARLING AVE btwn BURKE RD & DEFENSE  RESEARCH COMPLEX (__3ZA4Z6A),__3ZA4Z6A,01 - Non intersection,03 - P.D. only,07 - SMV other,01 - Clear,01 - Daylight,01 - Dry,10 - No control,,1,0,0,0,,0,,,,,352921.8407,5022716.21,45.34274227,-75.88594637,3219
20--4109,4/23/2020,8:55 AM,HUNT CLUB RD @ RIVERSIDE DR (0002237),2237,02 - Intersection related,03 - P.D. only,03 - Rear end,01 - Clear,01 - Daylight,01 - Dry,01 - Traffic signal,01 - Functioning,2,0,0,0,,0,,,,,368036.6991,5021945.496,45.33460786,-75.69319025,3220
20--411,1/10/2020,6:16 PM,KING EDWARD AVE @ WILBROD ST (0002259),2259,03 - At intersection,03 - P.D. only,05 - Turning movement,01 - Clear,07 - Dark,02 - Wet,01 - Traffic signal,01 - Functioning,2,0,0,0,,0,,,,,368675.7033,5032139.593,45.42627352,-75.68371943,3221
20--3833,3/26/2020,11:51 PM,HIGHWAY 17 btwn HUNT LINE RD & OLD BARN RD (__3ZA2RM),__3ZA2RM,01 - Non intersection,03 - P.D. only,07 - SMV other,01 - Clear,07 - Dark,02 - Wet,10 - No control,,1,0,0,0,,0,,,,,325558.8882,5025807.163,45.37189986,-76.23497238,3222
20--4110,4/23/2020,8:57 AM,CLEARBROOK DR/MARKETPLACE AVE @ LONGFIELDS DR (0011162),11162,03 - At intersection,03 - P.D. only,02 - Angle,01 - Clear,01 - Daylight,01 - Dry,01 - Traffic signal,01 - Functioning,2,0,0,0,,0,,,,,364631.8277,5014953.59,45.27199365,-75.73747145,3223
20--4195,5/1/2020,4:33 PM,HWY 417 CASTLEFR IC139R61 @ KANATA AVE (0012625),12625,03 - At intersection,03 - P.D. only,02 - Angle,01 - Clear,01 - Daylight,01 - Dry,01 - Traffic signal,01 - Functioning,2,0,0,0,,0,,,,,351616.0528,5019224.806,45.31141421,-75.90293796,3224
20--3834,3/26/2020,12:15 PM,JAMIE AVE @ SUNDERLAND ST (0004576),4576,03 - At intersection,03 - P.D. only,02 - Angle,01 - Clear,01 - Daylight,01 - Dry,02 - Stop sign,01 - Functioning,2,0,0,0,,0,,,,,366064.7038,5022022.499,45.33547567,-75.71833816,3225
20--4111,4/23/2020,9:05 AM,CARP RD @ RICHARDSON SIDE RD (0005759),5759,03 - At intersection,02 - Non-fatal injury,02 - Angle,01 - Clear,01 - Daylight,01 - Dry,01 - Traffic signal,01 - Functioning,2,0,0,0,02 - Minor,1,,1,,,346209.5411,5017160.461,45.2931781,-75.97205846,3226
20--4112,4/23/2020,9:35 PM,FLEWELLYN RD btwn FAULKNER TR & EAGLESON RD (__3ZABGQ),__3ZABGQ,01 - Non intersection,03 - P.D. only,07 - SMV other,01 - Clear,07 - Dark,01 - Dry,10 - No control,,1,0,0,0,,0,,,,,355223.0542,5014148.673,45.26548841,-75.8574553,3227
20--4113,4/24/2020,10:11 AM,SAUMURE RD btwn RUSSELL RD & DEVINE RD (__3ZA3KQ),__3ZA3KQ,01 - Non intersection,03 - P.D. only,07 - SMV other,01 - Clear,01 - Daylight,01 - Dry,10 - No control,,1,0,0,0,,0,,,,,400432.5156,5028578.828,45.39061834,-75.27866075,3228
20--4114,4/24/2020,Unknown,SPRUCE RIDGE RD btwn SPRUCE RIDGE RD & SPEEDWAY RD (__7JQ7IF),__7JQ7IF,01 - Non intersection,03 - P.D. only,07 - SMV other,01 - Clear,07 - Dark,01 - Dry,10 - No control,,1,0,0,0,,0,,,,,345296.6017,5012014.254,45.24692351,-75.98411697,3229
20--4115,4/24/2020,Unknown,CAPREOL ST btwn BOISFRANC CIRC & BOISFRANC CIRC (__45I7BO),__45I7BO,04 - At/near private drive,03 - P.D. only,06 - SMV unattended vehicle,01 - Clear,00 - Unknown,01 - Dry,10 - No control,,1,0,0,0,,0,,,,,385419.2631,5035571.953,45.45542535,-75.46921905,3230
20--4116,4/24/2020,2:41 PM,TERRY FOX DR @ WESTPHALIAN AVE (0014366),14366,02 - Intersection related,03 - P.D. only,03 - Rear end,01 - Clear,01 - Daylight,01 - Dry,01 - Traffic signal,01 - Functioning,2,0,0,0,,0,,,,,353455.2261,5015759.789,45.28011017,-75.87982363,3231
20--4117,4/24/2020,3:09 PM,HIGHWAY 417 btwn HWY417 IC117 RAMP26 & HWY417 IC117 RAMP61 (__3ZA2YM),__3ZA2YM,01 - Non intersection,03 - P.D. only,99 - Other,01 - Clear,01 - Daylight,01 - Dry,10 - No control,,3,0,0,0,,0,,,,,371005.3198,5031308.023,45.41857479,-75.65406375,3232
20--4118,4/24/2020,4:20 PM,REGIONAL ROAD 174 btwn OR174 IC105 RAMP51 & OR174 IC105 RAMP35 (__3ZA2XC),__3ZA2XC,01 - Non intersection,03 - P.D. only,99 - Other,01 - Clear,01 - Daylight,01 - Dry,10 - No control,,2,0,0,0,,0,,,,,379129.8336,5036843.857,45.46756633,-75.54943047,3233
20--4119,4/24/2020,5:00 PM,GROVEHURST DR btwn RUTLEGE ST & OLDFIELD ST (__30LKX3),__30LKX3,01 - Non intersection,03 - P.D. only,04 - Sideswipe,01 - Clear,01 - Daylight,01 - Dry,10 - No control,,2,0,0,0,,0,,,,,366504.8664,5015640.368,45.27801138,-75.71351732,3234
20--412,1/10/2020,6:17 PM,BRIAN COBURN BLVD @ MER BLEUE RD (0014363),14363,03 - At intersection,03 - P.D. only,02 - Angle,01 - Clear,07 - Dark,02 - Wet,11 - Roundabout,01 - Functioning,2,0,0,0,,0,,,,,383150.8189,5034441.164,45.44550953,-75.49839849,3235
20--4120,4/24/2020,6:30 AM,BRITTANY DR @ MONTREAL RD (0007685),7685,03 - At intersection,03 - P.D. only,02 - Angle,01 - Clear,01 - Daylight,01 - Dry,01 - Traffic signal,01 - Functioning,2,0,0,0,,0,,,,,371912.7166,5033994.581,45.44266074,-75.64210466,3236
20--4121,4/24/2020,7:21 AM,WEST HUNT CLUB RD EB btwn CEDARVIEW RD & GREENBANK RD (__3ZA198),__3ZA198,01 - Non intersection,03 - P.D. only,07 - SMV other,01 - Clear,01 - Daylight,01 - Dry,10 - No control,,1,0,0,0,,0,,,,,360158.1799,5019794.372,45.31591778,-75.79394116,3237
20--4122,4/24/2020,8:53 PM,DONALD ST btwn VANIER PKWY & VERA ST (__3ZA8ZY),__3ZA8ZY,01 - Non intersection,03 - P.D. only,04 - Sideswipe,01 - Clear,07 - Dark,01 - Dry,10 - No control,,2,0,0,0,,0,,,,,370320.9264,5032271.655,45.42730958,-75.66267945,3238
20--4123,4/25/2020,10:20 PM,MONTREAL RD/HANNAH ST @ CODY AVE (0009349),9349,02 - Intersection related,03 - P.D. only,03 - Rear end,01 - Clear,07 - Dark,01 - Dry,01 - Traffic signal,01 - Functioning,2,0,0,0,,0,,,,,370254.7179,5033169.588,45.43539501,-75.6634061,3239
20--4124,4/25/2020,11:00 PM,GEORGE ST btwn WILLIAM ST & DALHOUSIE ST (__3ZA8Z1),__3ZA8Z1,01 - Non intersection,03 - P.D. only,05 - Turning movement,01 - Clear,07 - Dark,01 - Dry,10 - No control,,2,0,0,0,,0,,,,,368124.6417,5032294.135,45.42771414,-75.69074097,3240
20--4282,5/9/2020,10:17 PM,HIGHWAY 416 btwn HWY416 IC66 RAMP62 & HWY416 IC72 RAMP24 (__3ZAZMZ),__3ZAZMZ,01 - Non intersection,03 - P.D. only,07 - SMV other,01 - Clear,07 - Dark,01 - Dry,10 - No control,,1,0,0,0,,0,,,,,360076.1922,5018610.53,45.30527197,-75.79511883,3241
20--4125,4/25/2020,Unknown,CEDARWOOD DR btwn WALKLEY RD & BAYCREST DR (__3ZA9YT),__3ZA9YT,01 - Non intersection,03 - P.D. only,06 - SMV unattended vehicle,01 - Clear,00 - Unknown,01 - Dry,10 - No control,,1,0,0,0,,0,,,,,371123.0219,5026627.433,45.37644951,-75.65318929,3242
20--4126,4/25/2020,12:20 PM,HWY417 IC138 RAMP61 btwn HWY417 IC138 RAMP62 & HIGHWAY 417 (__3ZAYB2),__3ZAYB2,01 - Non intersection,03 - P.D. only,07 - SMV other,01 - Clear,01 - Daylight,01 - Dry,10 - No control,,1,0,0,0,,0,,,,,353090.4773,5020491.041,45.32270821,-75.88401173,3243
20--4127,4/25/2020,2:44 PM,HERON RD @ JUNCTION AVE (0006835),6835,02 - Intersection related,03 - P.D. only,04 - Sideswipe,01 - Clear,01 - Daylight,01 - Dry,02 - Stop sign,00 - Unknown,2,0,0,0,,0,,,,,369217.7271,5026760.548,45.37782499,-75.67749613,3244
20--4128,4/25/2020,2:48 PM,RICHARDSON SIDE RD @ TERRY FOX DR (0013651),13651,03 - At intersection,03 - P.D. only,05 - Turning movement,01 - Clear,01 - Daylight,01 - Dry,01 - Traffic signal,01 - Functioning,2,0,0,0,,0,,,,,348803.086,5019506.072,45.31412702,-75.93878598,3245
20--4129,4/25/2020,3:55 PM,BRIAN COBURN BLVD @ PROVENCE AVE (0013865),13865,02 - Intersection related,03 - P.D. only,03 - Rear end,01 - Clear,01 - Daylight,01 - Dry,02 - Stop sign,01 - Functioning,2,0,0,0,,0,,,,,386429.569,5035727.193,45.45670476,-75.45627787,3246
20--413,1/10/2020,6:21 PM,BIRCHGROVE RD btwn WATSON RD & MAGLADRY RD (__3ZA5FL),__3ZA5FL,01 - Non intersection,03 - P.D. only,07 - SMV other,01 - Clear,07 - Dark,05 - Packed snow,10 - No control,,1,0,0,0,,0,,,,,398511.8152,5033445.344,45.4346601,-75.30225968,3247
20--4130,4/25/2020,5:13 PM,MEADOWLANDS DR/TALLWOOD DR @ WOODROFFE AVE (0000095),95,02 - Intersection related,03 - P.D. only,03 - Rear end,01 - Clear,01 - Daylight,01 - Dry,01 - Traffic signal,01 - Functioning,2,0,0,0,,0,,,,,363056.6869,5022730.498,45.34210238,-75.75663005,3248
20--4131,4/25/2020,6:09 PM,GREENBANK RD btwn WEST HUNT CLUB RD & FALLOWFIELD RD (__3ZA1NE),__3ZA1NE,01 - Non intersection,03 - P.D. only,99 - Other,01 - Clear,01 - Daylight,01 - Dry,10 - No control,,2,0,0,0,,0,,,,,361504.9056,5020444.513,45.32166028,-75.77669144,3249
20--4132,4/25/2020,6:30 PM,ELGIN ST @ LAURIER AVE (0002232),2232,02 - Intersection related,03 - P.D. only,04 - Sideswipe,01 - Clear,01 - Daylight,01 - Dry,01 - Traffic signal,01 - Functioning,2,0,0,0,,0,,,,,367948.7018,5031549.576,45.42103076,-75.69308463,3250
20--4133,4/25/2020,7:32 AM,GREENBANK RD @ STRANDHERD DR (0005563),5563,03 - At intersection,02 - Non-fatal injury,02 - Angle,01 - Clear,01 - Daylight,01 - Dry,01 - Traffic signal,01 - Functioning,2,0,0,0,01 - Minimal,2,2,,,,363933.6805,5014784.423,45.27053053,-75.74638838,3251
20--4134,4/25/2020,9:33 AM,MARCH RD btwn KLONDIKE RD & MORGAN'S GRANT WAY (__3ZA2EW),__3ZA2EW,01 - Non intersection,03 - P.D. only,06 - SMV unattended vehicle,01 - Clear,01 - Daylight,01 - Dry,10 - No control,,1,0,0,0,,0,,,,,349470.4669,5023832.804,45.35301791,-75.92988413,3252
20--4135,4/25/2020,9:45 AM,ASHTON STATION RD @ FLEWELLYN RD (0000418),418,02 - Intersection related,03 - P.D. only,07 - SMV other,01 - Clear,01 - Daylight,01 - Dry,02 - Stop sign,01 - Functioning,1,0,0,0,,0,,,,,341541.4875,5001976.083,45.1568,-76.03269147,3253
20--4136,4/26/2020,1:56 AM,MCARTHUR AVE btwn CARMEN AVE & LAFONTAINE AVE (__3ZA3W9),__3ZA3W9,01 - Non intersection,02 - Non-fatal injury,07 - SMV other,01 - Clear,07 - Dark,01 - Dry,10 - No control,,1,0,0,0,01 - Minimal,1,1,,,,370942.1862,5032770.507,45.43173956,-75.65467396,3254
20--4137,4/26/2020,4:00 PM,MARSHWOOD RD btwn PANMURE RD & DEERTAIL LANE (__54YADJ),__54YADJ,01 - Non intersection,03 - P.D. only,07 - SMV other,01 - Clear,01 - Daylight,01 - Dry,10 - No control,,1,0,0,0,,0,,,,,331577.622,5021331.545,45.33142183,-76.15837513,3255
20--4138,4/26/2020,4:16 PM,HAZELDEAN RD @ TERRY FOX DR (0003682),3682,02 - Intersection related,03 - P.D. only,99 - Other,01 - Clear,01 - Daylight,01 - Dry,01 - Traffic signal,01 - Functioning,2,0,0,0,,0,,,,,352207.6099,5017242.451,45.29353681,-75.89558361,3256
20--3742,3/17/2020,7:00 AM,HIGHWAY 417 btwn HWY417 IC119B RAMP57 & HWY417 IC119A RAMP75 (__3ZA1QN),__3ZA1QN,01 - Non intersection,03 - P.D. only,07 - SMV other,04 - Freezing Rain,01 - Daylight,04 - Slush,10 - No control,,1,0,0,0,,0,,,,,368604.5941,5030523.066,45.41173506,-75.68483738,3257
20--4139,4/26/2020,4:30 PM,CROSSKEYS PL/HELENE CAMPBELL RD @ STRANDHERD DR (0015337),15337,03 - At intersection,03 - P.D. only,02 - Angle,01 - Clear,01 - Daylight,01 - Dry,01 - Traffic signal,01 - Functioning,2,0,0,0,,0,,,,,360982.3112,5014901.733,45.27182808,-75.78398493,3258
20--414,1/10/2020,6:30 AM,DUNROBIN RD btwn HARWOOD LANE & KERWIN RD (__3ZA3FH),__3ZA3FH,01 - Non intersection,03 - P.D. only,07 - SMV other,01 - Clear,07 - Dark,01 - Dry,10 - No control,,1,0,0,0,,0,,,,,346231.3709,5027232.418,45.38380737,-75.9709368,3259
20--4140,4/26/2020,5:10 AM,HIGHWAY 416 btwn HWY416 IC66 RAMP62 & HWY416 IC72 RAMP24 (__3ZAZMZ),__3ZAZMZ,01 - Non intersection,03 - P.D. only,07 - SMV other,01 - Clear,03 - Dawn,01 - Dry,10 - No control,,1,0,0,0,,0,,,,,359302.8325,5016139.844,45.28310093,-75.80525149,3260
20--4141,4/26/2020,7:51 AM,UPPER DWYER HILL RD btwn MARCH RD & OLD ALMONTE RD (__3ZA4QB),__3ZA4QB,01 - Non intersection,03 - P.D. only,07 - SMV other,01 - Clear,01 - Daylight,01 - Dry,10 - No control,,1,0,0,0,,0,,,,,336605.8804,5011482.102,45.24258128,-76.09485827,3261
20--4142,4/27/2020,1:30 PM,INDUSTRIAL AVE/INNES RD @ ST. LAURENT BLVD (0002203),2203,02 - Intersection related,03 - P.D. only,03 - Rear end,01 - Clear,01 - Daylight,01 - Dry,01 - Traffic signal,01 - Functioning,2,0,0,0,,0,,,,,373099.7185,5030005.565,45.40665457,-75.62748619,3262
20--4143,4/27/2020,1:30 PM,BELL ST btwn NORWAY SPRUCE ST & STITTSVILLE MAIN ST (__3ZACN5),__3ZACN5,04 - At/near private drive,03 - P.D. only,06 - SMV unattended vehicle,01 - Clear,01 - Daylight,01 - Dry,10 - No control,,1,0,0,0,,0,,,,,350702.2767,5012773.188,45.25342088,-75.91518781,3263
20--4144,4/27/2020,11:06 PM,WILHAVEN DR btwn ROYAL ORCHARD DR & LOUGH DR (__3ZA5GB),__3ZA5GB,01 - Non intersection,02 - Non-fatal injury,07 - SMV other,01 - Clear,07 - Dark,01 - Dry,10 - No control,,1,0,0,0,01 - Minimal,1,1,,,,393491.2266,5041003.955,45.50331758,-75.36505122,3264
20--4145,4/27/2020,Unknown,RIVERGATE WAY @ RIVERSIDE DR (0007177),7177,02 - Intersection related,03 - P.D. only,07 - SMV other,01 - Clear,00 - Unknown,01 - Dry,01 - Traffic signal,01 - Functioning,1,0,0,0,,0,,,,,368116.7178,5023242.516,45.34627096,-75.69200344,3265
20--4146,4/27/2020,Unknown,CARLYLE AVE btwn AYLMER AVE & PANSY AVE (__3ZBOTR),__3ZBOTR,01 - Non intersection,03 - P.D. only,06 - SMV unattended vehicle,01 - Clear,00 - Unknown,01 - Dry,10 - No control,,1,0,0,0,,0,,,,,368072.3234,5028308.527,45.39185765,-75.69192107,3266
20--4147,4/27/2020,12:00 PM,MONTFORT ST btwn BRADLEY AVE & STE. ANNE ST (__3ZA8WO),__3ZA8WO,04 - At/near private drive,03 - P.D. only,06 - SMV unattended vehicle,01 - Clear,01 - Daylight,01 - Dry,10 - No control,,1,0,0,0,,0,,,,,370544.5917,5033570.639,45.4389763,-75.65964799,3267
20--4148,4/27/2020,2:11 PM,TWEEDSMUIR AVE btwn DOVERCOURT AVE & CURRELL AVE (__3ZA06W),__3ZA06W,01 - Non intersection,03 - P.D. only,07 - SMV other,01 - Clear,01 - Daylight,01 - Dry,10 - No control,,1,0,0,0,,0,,,,,363901.4917,5027557.474,45.38546422,-75.74527375,3268
20--4149,4/27/2020,2:52 PM,OR174 IC109 RAMP55 btwn REGIONAL ROAD 174 & ST. JOSEPH BLVD (__3ZAY59),__3ZAY59,01 - Non intersection,03 - P.D. only,05 - Turning movement,01 - Clear,01 - Daylight,01 - Dry,10 - No control,,2,0,1,0,,0,,,,,376554.5409,5035028.764,45.45150462,-75.58262525,3269
20--415,1/10/2020,6:30 PM,MONTREAL RD @ NORTH RIVER RD (0009805),9805,02 - Intersection related,03 - P.D. only,04 - Sideswipe,01 - Clear,07 - Dark,01 - Dry,01 - Traffic signal,01 - Functioning,2,0,0,0,,0,,,,,369739.6964,5032887.589,45.43290572,-75.67002523,3270
20--4150,4/27/2020,3:45 PM,PRINCE OF WALES DR btwn WELLSMERE CRT & TURN LANE (__3ZA2Y6),__3ZA2Y6,01 - Non intersection,03 - P.D. only,04 - Sideswipe,01 - Clear,01 - Daylight,01 - Dry,10 - No control,,2,0,0,0,,0,,,,,367393.8842,5022292.331,45.33778625,-75.70134697,3271
20--4151,4/27/2020,5:45 PM,BRANT ST @ MCARTHUR AVE (0004649),4649,02 - Intersection related,03 - P.D. only,03 - Rear end,01 - Clear,01 - Daylight,01 - Dry,01 - Traffic signal,01 - Functioning,2,0,0,0,,0,,,,,371262.7095,5032805.566,45.43202462,-75.65057325,3272
20--4152,4/27/2020,7:19 AM,INNES RD btwn BLAIR RD & ANDERSON RD (__3ZA3JZ),__3ZA3JZ,01 - Non intersection,03 - P.D. only,04 - Sideswipe,01 - Clear,01 - Daylight,01 - Dry,10 - No control,,2,0,0,0,,0,,,,,376105.5451,5031744.364,45.42199954,-75.58884063,3273
20--4153,4/27/2020,8:45 PM,BROPHY DR btwn EAGLESON RD & FOURTH LINE RD (__3ZA4ZO),__3ZA4ZO,01 - Non intersection,03 - P.D. only,07 - SMV other,01 - Clear,07 - Dark,01 - Dry,10 - No control,,1,0,0,0,,0,,,,,360671.0491,5005633.086,45.18845204,-75.78899214,3274
20--4154,4/27/2020,9:20 PM,PRINCE OF WALES DR @ WEST HUNT CLUB RD (0000567),567,02 - Intersection related,03 - P.D. only,03 - Rear end,01 - Clear,07 - Dark,01 - Dry,01 - Traffic signal,01 - Functioning,2,0,0,0,,0,,,,,367458.7071,5021891.516,45.33417401,-75.70057071,3275
20--4155,4/27/2020,9:23 AM,BANK ST @ RIVERSIDE DR S (0002704),2704,03 - At intersection,02 - Non-fatal injury,02 - Angle,01 - Clear,01 - Daylight,01 - Dry,01 - Traffic signal,01 - Functioning,2,0,0,0,02 - Minor,2,,2,,,369304.7056,5027894.554,45.38802042,-75.6762375,3276
20--4156,4/27/2020,9:30 PM,FALLOWFIELD RD @ WOODROFFE AVE (0010372),10372,02 - Intersection related,03 - P.D. only,03 - Rear end,01 - Clear,07 - Dark,01 - Dry,01 - Traffic signal,01 - Functioning,2,0,0,0,,0,,,,,365085.1529,5017903.185,45.29849528,-75.73133619,3277
20--4157,4/28/2020,12:01 AM,HUNT CLUB RD btwn MCCARTHY RD & RAMP (__3ZA36L),__3ZA36L,01 - Non intersection,03 - P.D. only,07 - SMV other,01 - Clear,07 - Dark,01 - Dry,10 - No control,,1,0,0,0,,0,,,,,370864.6871,5023611.631,45.3493387,-75.65689052,3278
20--4158,4/28/2020,12:45 PM,BASELINE RD btwn NAVAHO DR & DEERFIELD DR (__3ZA4H4),__3ZA4H4,01 - Non intersection,02 - Non-fatal injury,03 - Rear end,01 - Clear,01 - Daylight,01 - Dry,10 - No control,,2,0,0,0,01 - Minimal,2,2,,,,363171.4255,5024149.675,45.35486248,-75.75499858,3279
20--4159,4/28/2020,3:00 PM,GREY'S CREEK RD btwn LITTLE DEER WALK & SNAKE ISLAND RD (__3ZA7IY),__3ZA7IY,01 - Non intersection,03 - P.D. only,01 - Approaching,01 - Clear,01 - Daylight,01 - Dry,10 - No control,,2,0,0,0,,0,,,,,381571.6657,5010035.183,45.22609492,-75.52236879,3280
20--416,1/10/2020,7:00 AM,SECOND LINE RD btwn WILD ACRE LANE & SHARNE LANE (__3ZBNBH),__3ZBNBH,01 - Non intersection,03 - P.D. only,07 - SMV other,01 - Clear,07 - Dark,01 - Dry,10 - No control,,1,0,0,0,,0,,,,,346740.4801,5024645.365,45.36049814,-75.96465562,3281
20--4160,4/28/2020,7:22 PM,ECCLES ST btwn LEBRETON ST N & BELL ST N (__3ZBOMU),__3ZBOMU,04 - At/near private drive,03 - P.D. only,01 - Approaching,01 - Clear,01 - Daylight,01 - Dry,10 - No control,,2,0,0,0,,0,,,,,366785.241,5030239.669,45.40934865,-75.70811467,3282
20--4161,4/28/2020,8:05 AM,ALLANFORD AVE btwn BALLYMORE AVE & ARISTA CRT (__3ZAZQC),__3ZAZQC,01 - Non intersection,03 - P.D. only,06 - SMV unattended vehicle,01 - Clear,01 - Daylight,01 - Dry,10 - No control,,1,0,0,0,,0,,,,,373273.6379,5026124.947,45.37172148,-75.62580311,3283
20--4162,4/28/2020,9:04 AM,CARLING AVE @ IRVING PL/MAPLE DR (0006872),6872,03 - At intersection,03 - P.D. only,02 - Angle,01 - Clear,01 - Daylight,01 - Dry,01 - Traffic signal,01 - Functioning,2,0,0,0,,0,,,,,366186.712,5028527.558,45.39399626,-75.7159735,3284
20--4163,4/28/2020,9:40 AM,ROCKDALE RD S @ HIGHWAY 417 (0004639),4639,02 - Intersection related,03 - P.D. only,03 - Rear end,01 - Clear,01 - Daylight,01 - Dry,02 - Stop sign,01 - Functioning,2,0,0,0,,0,,,,,395261.4004,5022264.877,45.33449987,-75.34584383,3285
20--4164,4/29/2020,10:40 AM,JOHNSTON RD btwn BANK PL & SOUTHGATE RD (__3ZA9FK),__3ZA9FK,04 - At/near private drive,03 - P.D. only,99 - Other,01 - Clear,01 - Daylight,01 - Dry,10 - No control,,2,0,0,0,,0,,,,,370938.0183,5024891.778,45.36085015,-75.65578352,3286
20--4165,4/29/2020,3:06 PM,PRESLAND RD @ VANIER PKWY (0012076),12076,02 - Intersection related,03 - P.D. only,04 - Sideswipe,01 - Clear,01 - Daylight,01 - Dry,01 - Traffic signal,01 - Functioning,2,0,0,0,,0,,,,,370433.1153,5031751.635,45.42262014,-75.66131518,3287
20--4166,4/29/2020,4:21 PM,JASMINE CRES S @ OGILVIE RD (0009282),9282,03 - At intersection,03 - P.D. only,02 - Angle,01 - Clear,01 - Daylight,01 - Dry,02 - Stop sign,01 - Functioning,2,0,0,0,,0,,,,,375354.7297,5033720.582,45.43985654,-75.59815037,3288
20--4371,5/15/2020,3:11 PM,SMYTH RD btwn MAIN ST & RAMP (__3ZA3OL),__3ZA3OL,01 - Non intersection,03 - P.D. only,07 - SMV other,02 - Rain,01 - Daylight,02 - Wet,10 - No control,,1,0,0,0,,0,,,,,369555.9201,5029261.277,45.40029455,-75.6728503,3289
20--4167,4/29/2020,5:52 PM,TERRY FOX DR btwn HALKIRK AVE & CASTLEFRANK RD (__30IMA5),__30IMA5,01 - Non intersection,03 - P.D. only,03 - Rear end,01 - Clear,01 - Daylight,01 - Dry,10 - No control,,3,0,0,0,,0,,,,,352729.7848,5016614.548,45.28785135,-75.88898727,3290
20--4168,4/30/2020,1:05 PM,HIGHWAY 417 btwn HWY417 IC117 RAMP26 & HWY417 IC117 RAMP61 (__3ZA2YM),__3ZA2YM,01 - Non intersection,02 - Non-fatal injury,03 - Rear end,01 - Clear,01 - Daylight,02 - Wet,10 - No control,,3,0,0,0,01 - Minimal,1,1,,,,370817.219,5031212.957,45.4177372,-75.65647967,3291
20--4169,4/30/2020,1:11 PM,BRONSON AVE @ CATHERINE ST/RAYMOND ST (0007198),7198,03 - At intersection,03 - P.D. only,02 - Angle,02 - Rain,01 - Daylight,02 - Wet,01 - Traffic signal,01 - Functioning,2,0,0,0,,0,,,,,367252.7173,5029796.558,45.40532011,-75.70219919,3292
20--417,1/10/2020,7:04 PM,BOURASSA ST @ ST. LAURENT BLVD (0007731),7731,03 - At intersection,02 - Non-fatal injury,07 - SMV other,01 - Clear,07 - Dark,02 - Wet,01 - Traffic signal,01 - Functioning,1,0,0,1,02 - Minor,1,,1,,,373236.7266,5029693.552,45.40383384,-75.62577945,3293
20--4170,4/30/2020,1:36 PM,ST. LAURENT BLVD btwn BOURASSA ST & SMYTH RD (__3ZA3R6),__3ZA3R6,01 - Non intersection,03 - P.D. only,03 - Rear end,02 - Rain,01 - Daylight,02 - Wet,10 - No control,,2,0,0,0,,0,,,,,373344.3793,5029455.663,45.40168289,-75.62443751,3294
20--4171,4/30/2020,10:15 AM,DYNES RD btwn MORLEY BLVD & PRINCE OF WALES DR (__3ZAA46),__3ZAA46,04 - At/near private drive,02 - Non-fatal injury,02 - Angle,02 - Rain,01 - Daylight,02 - Wet,10 - No control,,2,0,0,0,01 - Minimal,1,1,,,,367077.5077,5025884.183,45.37013317,-75.70493087,3295
20--4172,4/30/2020,11:17 AM,MEADOWLANDS DR @ MERIVALE RD (0000625),625,03 - At intersection,02 - Non-fatal injury,05 - Turning movement,02 - Rain,01 - Daylight,02 - Wet,01 - Traffic signal,01 - Functioning,2,0,0,0,02 - Minor,1,,1,,,364858.6992,5023725.51,45.35090341,-75.73351713,3296
20--4173,4/30/2020,11:59 PM,RAYMOND ST btwn HWY417 IC121A RAMP16 & BRONSON AVE (__3ZA890),__3ZA890,01 - Non intersection,02 - Non-fatal injury,07 - SMV other,02 - Rain,07 - Dark,02 - Wet,10 - No control,,1,0,0,1,03 - Major,2,1,,1,,367242.1826,5029794.707,45.40530439,-75.70233399,3297
20--4174,4/30/2020,Unknown,WILBROD ST btwn NELSON ST & FRIEL ST (__3ZA8ZT),__3ZA8ZT,01 - Non intersection,03 - P.D. only,06 - SMV unattended vehicle,01 - Clear,00 - Unknown,01 - Dry,10 - No control,,1,0,0,0,,0,,,,,368900.6614,5032277.202,45.4274911,-75.68082703,3298
20--4175,4/30/2020,12:05 PM,JEANNE D'ARC BLVD @ ORLEANS BLVD S (0004154),4154,03 - At intersection,03 - P.D. only,02 - Angle,02 - Rain,01 - Daylight,02 - Wet,01 - Traffic signal,01 - Functioning,2,0,0,0,,0,,,,,380940.7438,5036250.577,45.46203342,-75.52636681,3299
20--4176,4/30/2020,12:33 PM,MERIVALE RD @ WEST HUNT CLUB RD (0000584),584,03 - At intersection,03 - P.D. only,02 - Angle,02 - Rain,01 - Daylight,02 - Wet,01 - Traffic signal,01 - Functioning,2,0,0,0,,0,,,,,365612.6937,5021942.493,45.3347951,-75.72411455,3300
20--4177,4/30/2020,2:18 AM,GLADSTONE AVE btwn BRONSON AVE & PERCY ST (__3ZA3B9),__3ZA3B9,01 - Non intersection,03 - P.D. only,03 - Rear end,01 - Clear,07 - Dark,01 - Dry,10 - No control,,2,0,0,0,,0,,,,,367215.634,5030138.543,45.4084005,-75.70262957,3301