Anom_ID,Accident_Date,Accident_Time,Location,Geo_ID,Accident_Location,Classification_of_Accident,Initial_Impact_Type,Environment_Condition,Light,Road_Surface_Condition,Traffic_Control,Traffic_Control_Condition,No__of_Vehicles,No__of_Bicycles,No__of_Motorcycles,No__of_Pedestrians,Max_Injury,No__of_Injuries,No__of_Minimal,No__of_Minor,No__of_Major,No__of_Fatal,X,Y,Latitude,Longitude,ObjectId
20--4178,4/30/2020,2:28 PM,BANK ST btwn CAHILL DR & TURN LANE (2) (__5AFHMD),__5AFHMD,04 - At/near private drive,03 - P.D. only,02 - Angle,01 - Clear,01 - Daylight,02 - Wet,10 - No control,,2,0,0,0,,0,,,,,371439.6466,5024202.995,45.35460521,-75.64947406,3302
20--4179,4/30/2020,3:29 PM,HIGHWAY 417 btwn HWY417 IC121B RAMP16 & HWY417 IC121A RAMP16 (__3ZA2YX),__3ZA2YX,01 - Non intersection,02 - Non-fatal injury,03 - Rear end,02 - Rain,01 - Daylight,02 - Wet,10 - No control,,2,0,0,0,02 - Minor,1,,1,,,366597.9642,5029540.899,45.40307787,-75.71059455,3303
20--3920,4/2/2020,4:16 PM,BEAUPARC PRIV @ CYRVILLE RD (0014717),14717,02 - Intersection related,03 - P.D. only,03 - Rear end,01 - Clear,01 - Daylight,01 - Dry,02 - Stop sign,00 - Unknown,2,0,0,0,,0,,,,,373065.166,5031805.48,45.42285272,-75.62767823,3304
20--418,1/10/2020,7:26 PM,LIMEBANK RD btwn EARL ARMSTRONG RD & RIDEAU RD (__3ZA6L5),__3ZA6L5,01 - Non intersection,03 - P.D. only,07 - SMV other,01 - Clear,07 - Dark,02 - Wet,10 - No control,,1,0,0,0,,0,,,,,370229.0659,5015774.696,45.27888333,-75.66603633,3305
20--4180,4/30/2020,4:29 PM,BERRIGAN DR @ COLINDALE AVE/OAKWELL DR (0004564),4564,03 - At intersection,02 - Non-fatal injury,02 - Angle,01 - Clear,01 - Daylight,02 - Wet,02 - Stop sign,01 - Functioning,2,0,0,0,01 - Minimal,1,1,,,,364155.1073,5015568.785,45.27756957,-75.74347295,3306
20--4181,4/30/2020,6:10 PM,BELFAST RD @ ST. LAURENT BLVD (0007658),7658,03 - At intersection,03 - P.D. only,05 - Turning movement,02 - Rain,01 - Daylight,02 - Wet,01 - Traffic signal,01 - Functioning,2,0,0,0,,0,,,,,372860.7252,5030578.556,45.41183336,-75.63045982,3307
20--4182,4/30/2020,6:15 AM,RICHARDSON SIDE RD btwn BEAVERTAIL RD & SPRUCE RIDGE RD (__3ZAC5K),__3ZAC5K,01 - Non intersection,03 - P.D. only,07 - SMV other,02 - Rain,01 - Daylight,02 - Wet,10 - No control,,1,0,0,0,,0,,,,,343129.078,5014329.302,45.26787683,-76.01154928,3308
20--4183,4/30/2020,6:28 PM,INNES RD @ JEANNE D'ARC BLVD/MER BLEUE RD (0012475),12475,03 - At intersection,03 - P.D. only,05 - Turning movement,02 - Rain,01 - Daylight,02 - Wet,01 - Traffic signal,01 - Functioning,2,0,0,0,,0,,,,,382637.7411,5035567.559,45.4557012,-75.50477821,3309
20--4184,4/30/2020,7:05 PM,HIGHWAY 417 btwn HWY417 IC124 RAMP67 & HWY417 IC123 RAMP62 (__3ZA2YZ),__3ZA2YZ,01 - Non intersection,03 - P.D. only,07 - SMV other,02 - Rain,01 - Daylight,02 - Wet,10 - No control,,1,0,0,0,,0,,,,,364602.5643,5027772.26,45.38733732,-75.73629582,3310
20--4185,4/30/2020,7:23 AM,ALBION RD @ MITCH OWENS RD (0004212),4212,03 - At intersection,03 - P.D. only,05 - Turning movement,02 - Rain,01 - Daylight,02 - Wet,01 - Traffic signal,01 - Functioning,2,0,0,0,,0,,,,,375906.7508,5014804.446,45.26960203,-75.59381583,3311
20--4186,4/30/2020,7:24 PM,BANK ST btwn NOTTING HILL AVE & VANCOUVER AVE (__3ZA4TU),__3ZA4TU,04 - At/near private drive,03 - P.D. only,07 - SMV other,02 - Rain,01 - Daylight,02 - Wet,10 - No control,,1,0,0,0,,0,,,,,370412.0993,5025739.601,45.36852802,-75.66238329,3312
20--4187,4/30/2020,7:25 PM,WOODROFFE AVE @ SPORTSPLEX N (0005568),5568,02 - Intersection related,02 - Non-fatal injury,07 - SMV other,02 - Rain,01 - Daylight,02 - Wet,01 - Traffic signal,01 - Functioning,1,0,0,0,02 - Minor,1,,1,,,363763.6498,5021067.246,45.32707751,-75.74780796,3313
20--4188,4/30/2020,8:45 PM,COLONEL BY DR @ HAWTHORNE AVE/PRETORIA BRIDGE (0002122),2122,02 - Intersection related,03 - P.D. only,02 - Angle,01 - Clear,07 - Dark,01 - Dry,01 - Traffic signal,01 - Functioning,2,0,0,0,,0,,,,,368767.7086,5030525.569,45.41174269,-75.68275333,3314
20--4189,5/1/2020,1:40 PM,ST. LAURENT BLVD btwn BOURASSA ST & SMYTH RD (__3ZA3R6),__3ZA3R6,01 - Non intersection,03 - P.D. only,04 - Sideswipe,01 - Clear,01 - Daylight,01 - Dry,10 - No control,,2,0,0,0,,0,,,,,373359.4675,5029432.596,45.40147386,-75.62424801,3315
20--419,1/10/2020,7:30 PM,INDUSTRIAL AVE/INNES RD @ ST. LAURENT BLVD (0002203),2203,02 - Intersection related,03 - P.D. only,04 - Sideswipe,01 - Clear,07 - Dark,01 - Dry,01 - Traffic signal,01 - Functioning,2,0,0,0,,0,,,,,373099.725,5030005.559,45.40665451,-75.62748611,3316
20--4190,5/1/2020,10:48 PM,TRIM RD @ WALL RD (0005000),5000,03 - At intersection,03 - P.D. only,02 - Angle,01 - Clear,07 - Dark,01 - Dry,02 - Stop sign,01 - Functioning,2,0,0,0,,0,,,,,387628.7836,5034669.529,45.44704786,-75.44112533,3317
20--3835,3/26/2020,12:26 PM,WHITECLIFFS AVE btwn COOKS MILL CRES E & COOKS MILL CRES W (__78TO3Y),__78TO3Y,04 - At/near private drive,03 - P.D. only,02 - Angle,01 - Clear,01 - Daylight,01 - Dry,10 - No control,,2,0,0,0,,0,,,,,370078.98,5016382.288,45.28436429,-75.66786921,3318
20--3921,4/2/2020,4:42 PM,HUNT CLUB RD @ RIVERSIDE DR (0002237),2237,02 - Intersection related,03 - P.D. only,03 - Rear end,01 - Clear,01 - Daylight,01 - Dry,01 - Traffic signal,01 - Functioning,2,0,0,0,,0,,,,,368036.7017,5021945.502,45.33460791,-75.69319022,3319
20--4372,5/15/2020,3:15 AM,OLD PRESCOTT RD btwn PARKWAY RD & SHADOW RIDGE DR (__3ZA6GA),__3ZA6GA,01 - Non intersection,03 - P.D. only,07 - SMV other,01 - Clear,07 - Dark,01 - Dry,10 - No control,,1,0,0,0,,0,,,,,377927.5108,5013589.431,45.25846258,-75.56824551,3320
20--3836,3/26/2020,2:25 PM,CAMPEAU DR @ TERRY FOX DR (0008211),8211,03 - At intersection,03 - P.D. only,05 - Turning movement,01 - Clear,01 - Daylight,01 - Dry,01 - Traffic signal,01 - Functioning,2,0,0,0,,0,,,,,350455.5906,5019010.448,45.30956176,-75.91775673,3321
20--4373,5/15/2020,3:40 PM,OLD INNES RD btwn BANTREE ST & END (__3ZA79T),__3ZA79T,04 - At/near private drive,03 - P.D. only,99 - Other,02 - Rain,01 - Daylight,02 - Wet,10 - No control,,2,0,0,0,,0,,,,,373623.8135,5030290.788,45.40916953,-75.62075197,3322
20--4196,5/1/2020,5:31 PM,MONTREAL RD btwn ST. LAURENT BLVD & HILLSIDE DR (__3ZA1MC),__3ZA1MC,04 - At/near private drive,03 - P.D. only,02 - Angle,01 - Clear,01 - Daylight,01 - Dry,10 - No control,,2,0,0,0,,0,,,,,371679.6819,5033882.136,45.44167134,-75.64509847,3323
20--3837,3/26/2020,3:00 PM,DOLCE CRES btwn GUARDIAN GRV & MARKDALE TERR (e___2IZA),e___2IZA,04 - At/near private drive,03 - P.D. only,06 - SMV unattended vehicle,01 - Clear,01 - Daylight,01 - Dry,10 - No control,,1,0,0,0,,0,,,,,369043.476,5015372.692,45.27537548,-75.68119841,3324
20--3922,4/2/2020,5:39 PM,RIVERSIDE DR @ PLEASANT PARK RD (0007296),7296,03 - At intersection,02 - Non-fatal injury,02 - Angle,01 - Clear,01 - Daylight,01 - Dry,01 - Traffic signal,01 - Functioning,2,0,0,0,03 - Major,2,1,,1,,369561.2546,5028415,45.39267955,-75.67289326,3325
20--4197,5/1/2020,5:34 PM,ELMSMERE RD @ MONTREAL RD (0012320),12320,02 - Intersection related,02 - Non-fatal injury,03 - Rear end,01 - Clear,01 - Daylight,01 - Dry,01 - Traffic signal,01 - Functioning,3,0,0,0,01 - Minimal,2,2,,,,374927.729,5034314.567,45.44524384,-75.60352309,3326
20--4374,5/15/2020,5:20 PM,BANK ST @ FINDLAY CREEK SC/310 S OF FINDLAY CREEK DR (0013532),13532,02 - Intersection related,02 - Non-fatal injury,03 - Rear end,01 - Clear,01 - Daylight,01 - Dry,01 - Traffic signal,01 - Functioning,2,0,0,0,01 - Minimal,1,1,,,,375967.5345,5020175.263,45.31792052,-75.59227064,3327
20--3838,3/26/2020,4:30 PM,BRIAN COBURN BLVD @ NAVAN RD (0017228),17228,02 - Intersection related,03 - P.D. only,03 - Rear end,01 - Clear,01 - Daylight,01 - Dry,11 - Roundabout,01 - Functioning,2,0,0,0,,0,,,,,381168.997,5032906.816,45.43192398,-75.52396751,3328
20--3923,4/2/2020,8:00 PM,ELGIN ST @ LISGAR ST (0006935),6935,02 - Intersection related,03 - P.D. only,04 - Sideswipe,01 - Clear,05 - Dusk,01 - Dry,01 - Traffic signal,01 - Functioning,2,0,0,0,,0,,,,,368074.7092,5031345.573,45.41918382,-75.69150087,3329
20--3924,4/2/2020,8:12 AM,HAWTHORNE RD/RUSSELL RD @ WALKLEY RD (0002618),2618,02 - Intersection related,03 - P.D. only,04 - Sideswipe,01 - Clear,01 - Daylight,01 - Dry,01 - Traffic signal,01 - Functioning,2,0,0,0,,0,,,,,374674.73,5028499.53,45.39294856,-75.60758155,3330
20--3925,4/2/2020,8:40 PM,ASHPARK CRES btwn TO BE DETERMINED & END (__3ZAZMA),__3ZAZMA,01 - Non intersection,03 - P.D. only,06 - SMV unattended vehicle,01 - Clear,07 - Dark,01 - Dry,10 - No control,,1,0,0,0,,0,,,,,372339.9807,5024944.137,45.3611876,-75.63788308,3331
20--3926,4/2/2020,8:58 AM,ROCKCLIFFE PKWY btwn GL/OT BOUNDARY & ST. JOSEPH BLVD (__3ZA21V),__3ZA21V,01 - Non intersection,02 - Non-fatal injury,07 - SMV other,01 - Clear,01 - Daylight,01 - Dry,10 - No control,,1,0,0,0,02 - Minor,3,2,1,,,377075.5562,5035386.551,45.45467007,-75.57591241,3332
20--3927,4/2/2020,9:20 AM,CUMBERLAND ST @ MURRAY ST (0008237),8237,03 - At intersection,03 - P.D. only,05 - Turning movement,01 - Clear,01 - Daylight,01 - Dry,01 - Traffic signal,01 - Functioning,2,0,0,0,,0,,,,,368170.6969,5032679.585,45.43117811,-75.69010287,3333
20--3928,4/3/2020,Unknown,WATSON ST btwn ST. STEPHEN'S ST & DUMAURIER AVE (__3ZAADY),__3ZAADY,01 - Non intersection,03 - P.D. only,06 - SMV unattended vehicle,00 - Unknown,00 - Unknown,01 - Dry,10 - No control,,1,0,0,0,,0,,,,,360152.1657,5024029.048,45.35402192,-75.79354423,3334
20--3929,4/3/2020,12:19 PM,DALY AVE @ KING EDWARD AVE (0007755),7755,03 - At intersection,02 - Non-fatal injury,02 - Angle,02 - Rain,01 - Daylight,02 - Wet,02 - Stop sign,01 - Functioning,2,0,0,0,01 - Minimal,1,1,,,,368591.7074,5032273.607,45.42748699,-75.68477536,3335
20--393,1/10/2020,12:30 PM,BANK ST btwn WALKLEY RD & SURREY AVE (__3ZA4TW),__3ZA4TW,01 - Non intersection,03 - P.D. only,04 - Sideswipe,01 - Clear,01 - Daylight,01 - Dry,10 - No control,,2,0,0,0,,0,,,,,370342.3135,5025935.54,45.37029754,-75.6632481,3336
20--3930,4/3/2020,3:40 PM,CONROY RD @ HUNT CLUB RD (0002257),2257,02 - Intersection related,03 - P.D. only,03 - Rear end,02 - Rain,01 - Daylight,02 - Wet,01 - Traffic signal,01 - Functioning,2,0,0,0,,0,,,,,373763.7328,5025404.515,45.36519128,-75.61964742,3337
20--3931,4/3/2020,3:51 PM,KING EDWARD AVE @ SUSSEX DR (0002653),2653,02 - Intersection related,03 - P.D. only,02 - Angle,02 - Rain,01 - Daylight,02 - Wet,01 - Traffic signal,01 - Functioning,2,0,0,0,,0,,,,,367663.6956,5033503.599,45.43863806,-75.69647664,3338
20--3932,4/3/2020,7:40 PM,MALAKOFF RD btwn GALLAGHER RD & MACKEY RD (__3ZAAZU),__3ZAAZU,01 - Non intersection,03 - P.D. only,07 - SMV other,01 - Clear,07 - Dark,01 - Dry,10 - No control,,1,0,0,0,,0,,,,,364280.6773,4993773.377,45.08144048,-75.74447089,3339
20--3933,4/3/2020,9:29 AM,MARCH RD btwn TERRY FOX DR & SOLANDT RD (__3ZA3CE),__3ZA3CE,01 - Non intersection,02 - Non-fatal injury,07 - SMV other,02 - Rain,01 - Daylight,02 - Wet,10 - No control,,1,0,0,0,03 - Major,1,,,1,,350002.2707,5023246.948,45.34771217,-75.92315077,3340
20--3934,4/4/2020,1:30 PM,BASELINE RD @ WOODROFFE AVE (0002225),2225,02 - Intersection related,03 - P.D. only,04 - Sideswipe,01 - Clear,01 - Daylight,01 - Dry,01 - Traffic signal,01 - Functioning,2,0,0,0,,0,,,,,362549.6948,5023770.498,45.35150215,-75.76297742,3341
20--3935,4/4/2020,10:52 AM,ANDERSON RD @ EIGHTH LINE RD E (0012418),12418,02 - Intersection related,03 - P.D. only,03 - Rear end,01 - Clear,01 - Daylight,01 - Dry,02 - Stop sign,01 - Functioning,2,0,0,0,,0,,,,,381298.2737,5022969.894,45.34250435,-75.52385571,3342
20--3936,4/4/2020,12:43 PM,GILLESPIE CRES btwn VIZARD ST & WELBY CRT (__3ZA91I),__3ZA91I,01 - Non intersection,03 - P.D. only,07 - SMV other,01 - Clear,01 - Daylight,01 - Dry,10 - No control,,1,0,0,0,,0,,,,,368335.2272,5023058.137,45.3445922,-75.68923897,3343
20--4461,5/21/2020,6:01 PM,FINDLAY CREEK DR @ BANK ST (0012407),12407,02 - Intersection related,03 - P.D. only,03 - Rear end,01 - Clear,01 - Daylight,01 - Dry,01 - Traffic signal,01 - Functioning,2,0,0,0,,0,,,,,375847.4775,5020459.963,45.32049429,-75.59376092,3344
20--3937,4/4/2020,4:30 PM,STRANDHERD DR btwn MARAVISTA DR & KENNEVALE DR (__6NF1SR),__6NF1SR,01 - Non intersection,03 - P.D. only,04 - Sideswipe,01 - Clear,01 - Daylight,01 - Dry,10 - No control,,2,0,0,0,,0,,,,,361324.9808,5014498.287,45.26817037,-75.77966405,3345
20--3938,4/4/2020,5:50 PM,HAZELDEAN RD @ TERRY FOX DR (0003682),3682,02 - Intersection related,03 - P.D. only,03 - Rear end,01 - Clear,01 - Daylight,01 - Dry,01 - Traffic signal,01 - Functioning,2,0,0,0,,0,,,,,352207.6041,5017242.447,45.29353677,-75.89558369,3346
20--3939,4/4/2020,6:46 PM,BANK ST @ PARKWAY RD (0005709),5709,03 - At intersection,03 - P.D. only,02 - Angle,01 - Clear,01 - Daylight,01 - Dry,01 - Traffic signal,01 - Functioning,2,0,0,0,,0,,,,,378746.7537,5014207.426,45.26393742,-75.55771655,3347
20--394,1/10/2020,12:40 PM,CARBROOKE ST btwn HAZELDEAN RD & DESMOND AVE (__3ZAB31),__3ZAB31,04 - At/near private drive,03 - P.D. only,02 - Angle,01 - Clear,01 - Daylight,02 - Wet,10 - No control,,2,0,0,0,,0,,,,,353451.3661,5018216.206,45.30221386,-75.8796319,3348
20--3940,4/5/2020,1:45 AM,WARD CRT btwn CLIFFORD CAMPBELL ST & END (__3ZA4C1),__3ZA4C1,01 - Non intersection,02 - Non-fatal injury,07 - SMV other,01 - Clear,07 - Dark,01 - Dry,10 - No control,,1,0,0,0,02 - Minor,1,,1,,,327168.6058,5036189.864,45.46527856,-76.21395009,3349
20--3941,4/5/2020,10:00 PM,OLD CARP RD btwn GOURLAY LANE & HUNTMAR DR (__3ZAC34),__3ZAC34,01 - Non intersection,03 - P.D. only,07 - SMV other,01 - Clear,07 - Dark,01 - Dry,10 - No control,,1,0,0,0,,0,,,,,344858.648,5022296.615,45.33947341,-75.98886533,3350
20--3942,4/5/2020,10:40 AM,CUMBERLAND ST btwn GEORGE ST & RIDEAU ST (__3ZA81T),__3ZA81T,01 - Non intersection,03 - P.D. only,06 - SMV unattended vehicle,02 - Rain,01 - Daylight,02 - Wet,10 - No control,,1,0,0,0,,0,,,,,368369.7341,5032338.502,45.42809111,-75.6876034,3351
20--3943,4/5/2020,5:46 PM,BRONSON AVE @ HOLMWOOD AVE (0007215),7215,02 - Intersection related,03 - P.D. only,04 - Sideswipe,01 - Clear,01 - Daylight,01 - Dry,01 - Traffic signal,01 - Functioning,2,0,0,0,,0,,,,,367700.7039,5028729.537,45.39567925,-75.69661304,3352
20--3944,4/5/2020,7:36 PM,JEANNE D'ARC BLVD @ ORLEANS BLVD N (0003792),3792,02 - Intersection related,03 - P.D. only,07 - SMV other,01 - Clear,01 - Daylight,01 - Dry,01 - Traffic signal,01 - Functioning,1,0,0,0,,0,,,,,380028.7284,5038105.596,45.47882222,-75.53774336,3353
20--3945,4/5/2020,8:30 PM,STONECREST RD btwn KINBURN SIDE RD & NEEDHAMS SIDE RD (__3ZACDU),__3ZACDU,01 - Non intersection,03 - P.D. only,07 - SMV other,01 - Clear,07 - Dark,01 - Dry,10 - No control,,1,0,0,0,,0,,,,,336067.5314,5031909.841,45.42642396,-76.10042495,3354
20--3946,4/6/2020,1:45 PM,HUNT CLUB RD @ RIVERSIDE DR (0002237),2237,02 - Intersection related,03 - P.D. only,03 - Rear end,01 - Clear,01 - Daylight,01 - Dry,01 - Traffic signal,01 - Functioning,2,0,0,0,,0,,,,,368036.7104,5021945.495,45.33460785,-75.69319011,3355
20--3947,4/6/2020,10:42 PM,INNES RD btwn ORIENT PARK DR & EASTPARK DR (__3ZA2A1),__3ZA2A1,01 - Non intersection,02 - Non-fatal injury,07 - SMV other,01 - Clear,07 - Dark,01 - Dry,10 - No control,,1,0,0,1,03 - Major,1,,,1,,378553.2153,5033172.531,45.43459546,-75.55735402,3356
20--3948,4/6/2020,Unknown,ST. DENIS ST btwn STE. ANNE ST & GRANVILLE ST (__3ZA8YR),__3ZA8YR,01 - Non intersection,03 - P.D. only,06 - SMV unattended vehicle,01 - Clear,00 - Unknown,01 - Dry,10 - No control,,1,0,0,0,,0,,,,,370600.733,5033789.112,45.44093674,-75.65890125,3357
20--3949,4/6/2020,12:52 PM,INDUSTRIAL AVE/INNES RD @ ST. LAURENT BLVD (0002203),2203,02 - Intersection related,03 - P.D. only,03 - Rear end,01 - Clear,01 - Daylight,01 - Dry,01 - Traffic signal,00 - Unknown,2,0,0,0,,0,,,,,373099.7246,5030005.57,45.40665461,-75.62748611,3358
20--395,1/10/2020,2:04 PM,TERRY FOX DR @ PALLADIUM DR/KATIMAVIK RD (0011858),11858,02 - Intersection related,03 - P.D. only,03 - Rear end,01 - Clear,01 - Daylight,02 - Wet,01 - Traffic signal,01 - Functioning,2,0,0,0,,0,,,,,351269.7178,5018181.782,45.30205181,-75.90745245,3359
20--3743,3/17/2020,7:23 AM,ST. LAURENT BLVD @ MCARTHUR AVE (0008246),8246,02 - Intersection related,03 - P.D. only,03 - Rear end,03 - Snow,01 - Daylight,04 - Slush,01 - Traffic signal,01 - Functioning,3,0,0,0,,0,,,,,371921.7271,5032887.562,45.43269944,-75.64214045,3360
20--3950,4/6/2020,3:14 PM,BANK ST btwn SPRINGHILL RD & DALMENY RD (__3ZA27C),__3ZA27C,01 - Non intersection,02 - Non-fatal injury,07 - SMV other,01 - Clear,01 - Daylight,01 - Dry,10 - No control,,1,0,0,0,02 - Minor,1,,1,,,385433.7182,5005465.74,45.18455003,-75.47393554,3361
20--3951,4/6/2020,3:29 PM,GOWARD DR btwn OAKSIDE CRES & OAKSIDE CRES (__49PVXP),__49PVXP,01 - Non intersection,03 - P.D. only,06 - SMV unattended vehicle,01 - Clear,01 - Daylight,01 - Dry,10 - No control,,1,0,0,0,,0,,,,,348086.3368,5023590.874,45.35092777,-75.94756971,3362
20--3952,4/6/2020,4:11 PM,RIVERSIDE DR btwn TURN LANE & RAMP (2) (__3ZA3BM),__3ZA3BM,01 - Non intersection,03 - P.D. only,03 - Rear end,01 - Clear,01 - Daylight,01 - Dry,10 - No control,,3,0,0,0,,0,,,,,368408.4059,5027242.086,45.38223168,-75.68776668,3363
20--3953,4/6/2020,5:30 AM,BOUNDARY RD btwn MITCH OWENS RD & DEVINE RD (__3ZA3X6),__3ZA3X6,01 - Non intersection,03 - P.D. only,07 - SMV other,01 - Clear,07 - Dark,01 - Dry,10 - No control,,1,0,0,0,,0,,,,,388301.4658,5021596.064,45.32934519,-75.43473925,3364
20--3954,4/6/2020,6:00 PM,STRANDHERD DR @ LONGFIELDS DR (0010935),10935,03 - At intersection,03 - P.D. only,02 - Angle,01 - Clear,01 - Daylight,01 - Dry,01 - Traffic signal,01 - Functioning,2,0,0,0,,0,,,,,364548.812,5015173.33,45.27397793,-75.73850291,3365
20--3955,4/6/2020,7:36 AM,LEITRIM RD btwn LIMEBANK RD & HIGH RD (__3ZBOEL),__3ZBOEL,01 - Non intersection,03 - P.D. only,07 - SMV other,01 - Clear,01 - Daylight,01 - Dry,10 - No control,,1,0,0,0,,0,,,,,369442.4684,5017929.59,45.29834547,-75.67578053,3366
20--3956,4/6/2020,7:52 PM,CRAIG HENRY DR btwn ALDRIDGE WAY & JACK AARON DR (__3ZAAYZ),__3ZAAYZ,01 - Non intersection,03 - P.D. only,06 - SMV unattended vehicle,01 - Clear,07 - Dark,01 - Dry,10 - No control,,1,0,0,0,,0,,,,,362114.5023,5021856.518,45.33431596,-75.7687528,3367
20--3957,4/6/2020,9:07 PM,EARL ARMSTRONG RD @ SPRATT RD (0013063),13063,03 - At intersection,03 - P.D. only,05 - Turning movement,01 - Clear,07 - Dark,01 - Dry,01 - Traffic signal,01 - Functioning,2,0,0,0,,0,,,,,368396.7106,5015011.433,45.27218371,-75.68948706,3368
20--3958,4/7/2020,10:59 AM,HENRI LAUZON ST @ NOTRE DAME ST (0012963),12963,03 - At intersection,02 - Non-fatal injury,01 - Approaching,01 - Clear,01 - Daylight,01 - Dry,02 - Stop sign,00 - Unknown,2,0,0,0,01 - Minimal,2,2,,,,380087.7804,5036530.567,45.46464499,-75.53722945,3369
20--3959,4/7/2020,11:58 AM,BROMLEY RD btwn SHERBOURNE RD & END (__3039J6),__3039J6,01 - Non intersection,03 - P.D. only,05 - Turning movement,01 - Clear,01 - Daylight,01 - Dry,10 - No control,,2,0,0,0,,0,,,,,362936.1426,5026588.964,45.37683048,-75.75771426,3370
20--396,1/10/2020,2:15 PM,CYRVILLE RD @ LABRIE AVE (0012383),12383,02 - Intersection related,03 - P.D. only,03 - Rear end,01 - Clear,01 - Daylight,05 - Packed snow,02 - Stop sign,01 - Functioning,2,0,0,0,,0,,,,,373401.6709,5031681.615,45.42170532,-75.62339597,3371
20--3960,4/7/2020,Unknown,DOSSETTER WAY btwn SWAIN AVE & SWAIN AVE (__3ZA8M9),__3ZA8M9,01 - Non intersection,03 - P.D. only,06 - SMV unattended vehicle,01 - Clear,00 - Unknown,01 - Dry,10 - No control,,1,0,0,0,,0,,,,,374299.0906,5025818.983,45.3688676,-75.61275586,3372
20--3961,4/7/2020,12:35 PM,PRINCE OF WALES DR btwn WATERBRIDGE DR & CRESTWAY DR (__3ZA294),__3ZA294,01 - Non intersection,03 - P.D. only,03 - Rear end,01 - Clear,01 - Daylight,01 - Dry,10 - No control,,2,0,0,0,,0,,,,,367361.4188,5016474.532,45.28544141,-75.70249571,3373
20--3962,4/7/2020,2:15 PM,OR174 IC101 RAMP61 btwn TENTH LINE RD & REGIONAL ROAD 174 (__3ZAY73),__3ZAY73,01 - Non intersection,03 - P.D. only,07 - SMV other,01 - Clear,01 - Daylight,01 - Dry,10 - No control,,1,0,0,0,,0,,,,,382792.8881,5039099.797,45.48746385,-75.50223417,3374
20--3963,4/7/2020,2:37 PM,CARLING AVE @ DUNDEE AVE (0002769),2769,02 - Intersection related,03 - P.D. only,03 - Rear end,01 - Clear,01 - Daylight,01 - Dry,02 - Stop sign,01 - Functioning,3,0,0,0,,0,,,,,360363.6732,5024838.53,45.36128888,-75.79075399,3375
20--4283,5/9/2020,10:25 AM,HAZELDEAN RD @ EDGEWATER ST (0003176),3176,03 - At intersection,02 - Non-fatal injury,07 - SMV other,01 - Clear,01 - Daylight,01 - Dry,01 - Traffic signal,01 - Functioning,1,0,0,1,02 - Minor,1,,1,,,352323.603,5017351.439,45.29450967,-75.89409441,3376
20--3964,4/7/2020,3:38 PM,PRINCE OF WALES DR btwn WATERBRIDGE DR & CRESTWAY DR (__3ZA294),__3ZA294,01 - Non intersection,03 - P.D. only,07 - SMV other,01 - Clear,01 - Daylight,01 - Dry,10 - No control,,1,0,0,0,,0,,,,,367361.7149,5016477.865,45.28547138,-75.70249151,3377
20--3965,4/7/2020,5:30 AM,HIGHWAY 417 btwn HWY417 IC96 RAMP61 & HWY417 IC88 RAMP16 (__3ZA27Z),__3ZA27Z,01 - Non intersection,03 - P.D. only,07 - SMV other,01 - Clear,03 - Dawn,01 - Dry,10 - No control,,1,0,0,0,,0,,,,,391431.113,5023120.394,45.34268029,-75.39455361,3378
20--3966,4/7/2020,8:15 AM,GREAT LAKES AVE @ MARITIME WAY (0014258),14258,03 - At intersection,03 - P.D. only,05 - Turning movement,01 - Clear,01 - Daylight,01 - Dry,02 - Stop sign,01 - Functioning,2,0,0,0,,0,,,,,351737.611,5019489.623,45.31378898,-75.90136268,3379
20--3967,4/7/2020,8:20 PM,CATHERINE ST @ KENT ST (0002707),2707,03 - At intersection,03 - P.D. only,05 - Turning movement,01 - Clear,07 - Dark,01 - Dry,01 - Traffic signal,01 - Functioning,2,0,0,0,,0,,,,,367907.7044,5030188.545,45.40878834,-75.69378273,3380
20--3968,4/7/2020,8:41 PM,WOODROFFE AVE @ QUEENSBURY DR/RIDEAUCREST DR (0000043),43,02 - Intersection related,02 - Non-fatal injury,03 - Rear end,01 - Clear,07 - Dark,01 - Dry,01 - Traffic signal,01 - Functioning,2,0,0,0,01 - Minimal,1,1,,,,365727.6912,5016328.453,45.28427051,-75.72333771,3381
20--3969,4/8/2020,1:51 PM,BARNSDALE RD @ PRINCE OF WALES DR (0001082),1082,03 - At intersection,03 - P.D. only,02 - Angle,01 - Clear,01 - Daylight,01 - Dry,02 - Stop sign,01 - Functioning,2,0,0,0,,0,,,,,366646.7091,5011532.407,45.24103563,-75.71222092,3382
20--397,1/10/2020,2:30 PM,ISABELLA ST/HWY417 IC119AR75 @ METCALFE ST (0011380),11380,02 - Intersection related,03 - P.D. only,04 - Sideswipe,01 - Clear,01 - Daylight,01 - Dry,01 - Traffic signal,01 - Functioning,3,0,0,0,,0,,,,,368448.7114,5030399.563,45.41063802,-75.68684467,3383
20--3970,4/8/2020,1:58 PM,ABBOTT ST @ STITTSVILLE MAIN ST (0000082),82,02 - Intersection related,03 - P.D. only,03 - Rear end,01 - Clear,01 - Daylight,01 - Dry,01 - Traffic signal,01 - Functioning,2,0,0,0,,0,,,,,350248.5873,5013331.405,45.25847337,-75.92091664,3384