Anom_ID,Accident_Date,Accident_Time,Location,Geo_ID,Accident_Location,Classification_of_Accident,Initial_Impact_Type,Environment_Condition,Light,Road_Surface_Condition,Traffic_Control,Traffic_Control_Condition,No__of_Vehicles,No__of_Bicycles,No__of_Motorcycles,No__of_Pedestrians,Max_Injury,No__of_Injuries,No__of_Minimal,No__of_Minor,No__of_Major,No__of_Fatal,X,Y,Latitude,Longitude,ObjectId
20--3971,4/8/2020,10:54 AM,RIVERSIDE DR SB btwn BANK ST & BILLINGS BRIDGE NB RAMP (__3ZA1VA),__3ZA1VA,01 - Non intersection,03 - P.D. only,04 - Sideswipe,01 - Clear,01 - Daylight,01 - Dry,10 - No control,,2,0,0,0,,0,,,,,369270.1658,5028040.577,45.38933747,-75.67665947,3385
20--3972,4/8/2020,12:30 PM,CARLING AVE @ KIRKWOOD AVE S (0002209),2209,02 - Intersection related,03 - P.D. only,04 - Sideswipe,01 - Clear,01 - Daylight,01 - Dry,01 - Traffic signal,01 - Functioning,2,0,0,0,,0,,,,,364351.6867,5027337.549,45.38344724,-75.73955179,3386
20--3973,4/8/2020,2:00 PM,ALERT RD/AIRPORT PKWY/UPLANDS DR RAMP 62 @ LES (0003652),3652,03 - At intersection,03 - P.D. only,02 - Angle,01 - Clear,01 - Daylight,01 - Dry,01 - Traffic signal,01 - Functioning,2,0,0,0,,0,,,,,371306.7002,5021353.78,45.32898146,-75.6515537,3387
20--3974,4/8/2020,2:27 PM,HIGHWAY 417 btwn HWY 417 ANDERSON IC104R61 & HWY 417 BOUNDARY IC96R16 (__3ZA2W5),__3ZA2W5,01 - Non intersection,03 - P.D. only,07 - SMV other,01 - Clear,01 - Daylight,01 - Dry,10 - No control,,1,0,0,0,,0,,,,,380939.3734,5025744.618,45.36750861,-75.52800741,3388
20--3975,4/8/2020,3:40 PM,HOPE SIDE RD @ RICHMOND RD (0000581),581,02 - Intersection related,02 - Non-fatal injury,03 - Rear end,01 - Clear,01 - Daylight,01 - Dry,02 - Stop sign,01 - Functioning,2,0,0,0,02 - Minor,1,,1,,,356952.6324,5015485.436,45.27739074,-75.83527622,3389
20--3976,4/8/2020,4:30 PM,ST. LAURENT BLVD @ WALKLEY RD (0007653),7653,02 - Intersection related,03 - P.D. only,03 - Rear end,01 - Clear,01 - Daylight,01 - Dry,01 - Traffic signal,01 - Functioning,2,0,0,0,,0,,,,,373902.7376,5028046.861,45.38895226,-75.61750341,3390
20--3977,4/8/2020,7:38 AM,HIGHWAY 7 btwn RAMP & DWYER HILL RD (__7JQ7LW),__7JQ7LW,01 - Non intersection,02 - Non-fatal injury,07 - SMV other,01 - Clear,01 - Daylight,01 - Dry,10 - No control,,1,0,0,0,02 - Minor,1,,1,,,340684.3557,5006750.819,45.19981031,-76.04324944,3391
20--3978,4/9/2020,12:35 PM,ST. LAURENT BLVD @ COVENTRY RD/OGILVIE RD (0002151),2151,02 - Intersection related,03 - P.D. only,03 - Rear end,02 - Rain,01 - Daylight,02 - Wet,01 - Traffic signal,01 - Functioning,2,0,0,0,,0,,,,,372305.7283,5031951.567,45.42424084,-75.63736152,3392
20--3979,4/9/2020,4:19 PM,GLENVIEW AVE @ RIVERDALE AVE (0007984),7984,02 - Intersection related,02 - Non-fatal injury,03 - Rear end,02 - Rain,01 - Daylight,02 - Wet,02 - Stop sign,01 - Functioning,2,0,0,0,01 - Minimal,1,1,,,,369324.7098,5029411.563,45.40166812,-75.67578365,3393
20--398,1/10/2020,2:58 PM,HUNT CLUB RD @ CANADAIR PRIV (0010852),10852,02 - Intersection related,03 - P.D. only,03 - Rear end,01 - Clear,01 - Daylight,01 - Dry,01 - Traffic signal,01 - Functioning,2,0,0,0,,0,,,,,368662.7186,5022311.482,45.33784422,-75.68515671,3394
20--3980,4/9/2020,4:49 PM,BANK ST @ BLAIS RD (0009264),9264,02 - Intersection related,03 - P.D. only,03 - Rear end,01 - Clear,01 - Daylight,01 - Dry,01 - Traffic signal,01 - Functioning,2,0,0,0,,0,,,,,376154.9087,5019727.73,45.31387478,-75.58994548,3395
20--3981,4/9/2020,4:53 PM,OLD TENTH LINE RD @ TENTH LINE RD (0009223),9223,02 - Intersection related,03 - P.D. only,03 - Rear end,01 - Clear,01 - Daylight,01 - Dry,01 - Traffic signal,01 - Functioning,2,0,0,0,,0,,,,,383042.0145,5038358.988,45.48077084,-75.49916561,3396
20--3982,4/9/2020,5:19 PM,225 E OF RIVERSIDE DR / T & T SC @ HUNT CLUB RD (0013516),13516,02 - Intersection related,03 - P.D. only,02 - Angle,02 - Rain,01 - Daylight,02 - Wet,01 - Traffic signal,01 - Functioning,2,0,0,0,,0,,,,,368235.6976,5022055.979,45.335584,-75.69063741,3397
20--3983,4/9/2020,7:41 AM,HIGHWAY 417 btwn HWY 417 ANDERSON IC104R61 & HWY 417 BOUNDARY IC96R16 (__3ZA2W5),__3ZA2W5,01 - Non intersection,03 - P.D. only,07 - SMV other,02 - Rain,01 - Daylight,02 - Wet,10 - No control,,1,0,0,0,,0,,,,,386348.301,5024081.507,45.35193688,-75.45924269,3398
20--3984,4/10/2020,1:00 PM,BANK ST @ HUNT CLUB RD (0002119),2119,02 - Intersection related,03 - P.D. only,03 - Rear end,01 - Clear,01 - Daylight,01 - Dry,01 - Traffic signal,01 - Functioning,2,0,0,0,,0,,,,,371608.7323,5024096.499,45.3536309,-75.64733064,3399
20--3985,4/10/2020,12:40 PM,INNES RD @ BEARBROOK RD/GLEN PARK DR E (0003630),3630,03 - At intersection,03 - P.D. only,02 - Angle,01 - Clear,01 - Daylight,01 - Dry,01 - Traffic signal,01 - Functioning,2,0,0,0,,0,,,,,377994.7257,5032842.567,45.43168535,-75.56454022,3400
20--3986,4/10/2020,12:52 PM,CALAVERAS AVE @ LONGFIELDS DR (0010987),10987,03 - At intersection,03 - P.D. only,02 - Angle,01 - Clear,01 - Daylight,01 - Dry,02 - Stop sign,01 - Functioning,2,0,0,0,,0,,,,,364359.7045,5015493.656,45.27687626,-75.74087444,3401
20--3987,4/10/2020,3:03 PM,MONTREAL RD @ 46 E OF HILLSIDE DR/MONTREAL SQU (0008215),8215,02 - Intersection related,03 - P.D. only,03 - Rear end,01 - Clear,01 - Daylight,01 - Dry,01 - Traffic signal,01 - Functioning,2,0,0,0,,0,,,,,371749.9628,5033916.669,45.44197533,-75.64419549,3402
20--3988,4/10/2020,6:03 PM,CUMBERLAND ST @ ST. PATRICK ST (0008238),8238,03 - At intersection,02 - Non-fatal injury,02 - Angle,01 - Clear,01 - Daylight,01 - Dry,01 - Traffic signal,01 - Functioning,2,0,0,0,01 - Minimal,1,1,,,,368128.7046,5032748.582,45.43180273,-75.69063062,3403
20--3989,4/10/2020,6:14 PM,MARCH RD @ MORGAN'S GRANT WAY/SHIRLEY'S BROOK  (0002651),2651,03 - At intersection,02 - Non-fatal injury,05 - Turning movement,01 - Clear,01 - Daylight,01 - Dry,01 - Traffic signal,01 - Functioning,2,0,0,0,02 - Minor,1,,1,,,349661.6122,5023617.519,45.35106852,-75.92746425,3404
20--399,1/10/2020,2:59 AM,REGIONAL ROAD 174 EB btwn OR174 IC109 RAMP55 & TRANSIT (__3ZA28V),__3ZA28V,01 - Non intersection,02 - Non-fatal injury,07 - SMV other,01 - Clear,07 - Dark,01 - Dry,10 - No control,,1,0,0,0,01 - Minimal,1,1,,,,376509.9982,5035069.684,45.45187737,-75.58318868,3405
20--3990,4/10/2020,8:00 PM,WALKLEY RD @ DON REID DR/RYDER ST (0008218),8218,02 - Intersection related,03 - P.D. only,04 - Sideswipe,01 - Clear,05 - Dusk,01 - Dry,01 - Traffic signal,01 - Functioning,2,0,0,0,,0,,,,,372601.7206,5027284.544,45.3822204,-75.63422122,3406
20--3991,4/10/2020,8:09 PM,RIDEAU RD btwn POWER RD & HAWTHORNE RD (__3ZA6GY),__3ZA6GY,01 - Non intersection,03 - P.D. only,07 - SMV other,01 - Clear,07 - Dark,01 - Dry,10 - No control,,1,0,0,0,,0,,,,,378467.9282,5018740.02,45.30474899,-75.56059617,3407
20--3992,4/10/2020,9:00 PM,MCCARTHY RD @ WALKLEY RD (0006969),6969,02 - Intersection related,03 - P.D. only,03 - Rear end,01 - Clear,07 - Dark,01 - Dry,01 - Traffic signal,01 - Functioning,2,0,0,0,,0,,,,,369249.7183,5025300.516,45.36468511,-75.6772782,3408
20--3993,4/11/2020,1:13 AM,NORTH SERVICE RD @ TRIM RD (0009160),9160,02 - Intersection related,02 - Non-fatal injury,07 - SMV other,01 - Clear,07 - Dark,01 - Dry,02 - Stop sign,01 - Functioning,1,0,0,0,01 - Minimal,1,1,,,,384266.802,5040192.768,45.49713109,-75.48320435,3409
20--3994,4/11/2020,10:30 AM,HWY417 IC145 RAMP56 btwn RAMP & HIGHWAY 417 (__3ZAY8M),__3ZAY8M,01 - Non intersection,03 - P.D. only,07 - SMV other,01 - Clear,01 - Daylight,01 - Dry,10 - No control,,1,0,0,0,,0,,,,,346380.8913,5015091.652,45.27455203,-75.97004732,3410
20--3995,4/11/2020,11:02 AM,BRONSON AVE @ GLADSTONE AVE (0002110),2110,03 - At intersection,02 - Non-fatal injury,02 - Angle,01 - Clear,01 - Daylight,01 - Dry,01 - Traffic signal,01 - Functioning,2,0,0,0,02 - Minor,1,,1,,,367133.6953,5030081.569,45.40789516,-75.70368345,3411
20--3996,4/11/2020,12:04 PM,CARLETON AVE @ RICHMOND RD (0005616),5616,03 - At intersection,03 - P.D. only,02 - Angle,01 - Clear,01 - Daylight,01 - Dry,02 - Stop sign,01 - Functioning,2,0,0,0,,0,,,,,364238.7832,5028930.56,45.39779045,-75.74080151,3412
20--3997,4/11/2020,2:15 PM,BANK ST @ CATHERINE ST (0002708),2708,03 - At intersection,03 - P.D. only,02 - Angle,01 - Clear,01 - Daylight,01 - Dry,01 - Traffic signal,01 - Functioning,2,0,0,0,,0,,,,,368039.7147,5030267.573,45.40948749,-75.69208629,3413
20--3998,4/11/2020,2:36 AM,NORTH SERVICE RD btwn JEANNE D'ARC BLVD & ROSSIGNOL CRES (__3ZA1H6),__3ZA1H6,01 - Non intersection,02 - Non-fatal injury,07 - SMV other,01 - Clear,07 - Dark,01 - Dry,10 - No control,,1,0,0,0,02 - Minor,1,,1,,,382660.5125,5039403.257,45.49020888,-75.50387927,3414
20--3999,4/11/2020,3:56 PM,SYSTEMHOUSE ST btwn CITIGATE DR & STRANDHERD DR (e___2H8O),e___2H8O,01 - Non intersection,03 - P.D. only,04 - Sideswipe,01 - Clear,01 - Daylight,01 - Dry,10 - No control,,2,0,0,0,,0,,,,,361250.219,5014562.788,45.26875676,-75.78060938,3415
20--40,1/2/2020,3:19 PM,RUSSELL RD @ SOUTHVALE CRES S (0002649),2649,02 - Intersection related,03 - P.D. only,99 - Other,01 - Clear,01 - Daylight,01 - Dry,01 - Traffic signal,01 - Functioning,2,0,0,0,,0,,,,,374457.7378,5028633.544,45.39417597,-75.61033365,3416
20--400,1/10/2020,3:30 PM,HAZELDEAN RD btwn JOHNWOODS ST & SAVAGE DR (__3ZA3D1),__3ZA3D1,04 - At/near private drive,03 - P.D. only,02 - Angle,01 - Clear,01 - Daylight,02 - Wet,10 - No control,,2,0,0,0,,0,,,,,350261.6614,5015463.492,45.27765777,-75.92055489,3417
20--4000,4/12/2020,10:55 PM,THOMAS A. DOLAN PKWY btwn CONSTANCE CREEK DR & GREENLAND RD (__3ZAZJQ),__3ZAZJQ,01 - Non intersection,03 - P.D. only,01 - Approaching,01 - Clear,07 - Dark,01 - Dry,10 - No control,,2,0,0,0,,0,,,,,344126.1247,5033003.712,45.43586017,-75.99735852,3418
20--4001,4/12/2020,Unknown,KINGHAVEN CRES btwn KINGHAVEN CRES & STONEHAVEN DR (__8OCG8Y),__8OCG8Y,01 - Non intersection,03 - P.D. only,06 - SMV unattended vehicle,01 - Clear,00 - Unknown,01 - Dry,10 - No control,,1,0,0,0,,0,,,,,355404.62,5017114.284,45.29216057,-75.85483939,3419
20--4002,4/12/2020,5:22 AM,COLONIAL RD btwn BIRCHGROVE RD & CANAAN RD (__3ZA2UL),__3ZA2UL,01 - Non intersection,02 - Non-fatal injury,07 - SMV other,01 - Clear,07 - Dark,01 - Dry,10 - No control,,1,0,0,0,02 - Minor,1,,1,,,398473.4791,5035580.9,45.45387788,-75.30234303,3420
20--4003,4/12/2020,5:30 PM,GEORGE ST @ DALHOUSIE ST (0008516),8516,02 - Intersection related,03 - P.D. only,03 - Rear end,01 - Clear,01 - Daylight,01 - Dry,01 - Traffic signal,01 - Functioning,3,0,0,0,,0,,,,,368157.7076,5032315.584,45.42790414,-75.69031569,3421
20--4004,4/13/2020,1:37 AM,HUNT CLUB RD WB btwn HWY417 HUNT CLUB IC109 RAMP52 & HWY417 HUNT CLUB IC109 RAMP53 (e___2IGE),e___2IGE,01 - Non intersection,03 - P.D. only,07 - SMV other,01 - Clear,07 - Dark,01 - Dry,10 - No control,,1,0,0,0,,0,,,,,376441.089,5027703.118,45.3856044,-75.58514063,3422
20--4005,4/13/2020,11:16 PM,TALLWOOD DR btwn AVENSHIRE GT & WOODROFFE AVE (__3ZAZVK),__3ZAZVK,01 - Non intersection,03 - P.D. only,04 - Sideswipe,01 - Clear,07 - Dark,01 - Dry,10 - No control,,2,0,0,0,,0,,,,,362824.3668,5022622.215,45.34114731,-75.75960696,3423
20--4006,4/13/2020,Unknown,SHERWOOD DR btwn HAMILTON AVE S & HAMILTON AVE S (__3ZA0ZB),__3ZA0ZB,01 - Non intersection,03 - P.D. only,06 - SMV unattended vehicle,02 - Rain,00 - Unknown,02 - Wet,10 - No control,,1,0,0,0,,0,,,,,365287.5567,5028706.899,45.39568818,-75.72743439,3424
20--4007,4/13/2020,9:00 AM,GREENBANK RD @ STRANDHERD DR (0005563),5563,02 - Intersection related,03 - P.D. only,03 - Rear end,02 - Rain,01 - Daylight,02 - Wet,01 - Traffic signal,01 - Functioning,2,0,0,0,,0,,,,,363933.6812,5014784.421,45.27053051,-75.74638837,3425
20--4008,4/13/2020,9:39 AM,ST. PATRICK ST @ SUSSEX DR (0011910),11910,03 - At intersection,03 - P.D. only,02 - Angle,02 - Rain,01 - Daylight,02 - Wet,01 - Traffic signal,01 - Functioning,2,0,0,0,,0,,,,,367666.9239,5032462.365,45.42926911,-75.69656834,3426
20--4009,4/13/2020,9:45 AM,MURRAY ST btwn PARENT AVE & DALHOUSIE ST (__3ZA3WK),__3ZA3WK,01 - Non intersection,03 - P.D. only,06 - SMV unattended vehicle,02 - Rain,01 - Daylight,02 - Wet,10 - No control,,1,0,0,0,,0,,,,,367992.2573,5032568.38,45.43019368,-75.69239742,3427
20--401,1/10/2020,3:45 PM,JOCKVALE RD/RIDEAU VALLEY DR @ PRINCE OF WALES (0004638),4638,02 - Intersection related,03 - P.D. only,03 - Rear end,01 - Clear,01 - Daylight,02 - Wet,01 - Traffic signal,01 - Functioning,2,0,0,0,,0,,,,,366709.7065,5012195.398,45.24699568,-75.71133602,3428
20--4198,5/1/2020,6:02 AM,FLEWELLYN RD btwn FAULKNER TR & EAGLESON RD (__3ZABGQ),__3ZABGQ,01 - Non intersection,03 - P.D. only,07 - SMV other,02 - Rain,03 - Dawn,02 - Wet,10 - No control,,1,0,0,0,,0,,,,,354931.8641,5013897.265,45.26324699,-75.8611911,3429
20--4462,5/21/2020,7:28 PM,CAMBRIAN RD/GOLFLINKS DR W @ LONGFIELDS DR (0009702),9702,03 - At intersection,03 - P.D. only,04 - Sideswipe,01 - Clear,01 - Daylight,01 - Dry,11 - Roundabout,01 - Functioning,2,0,0,0,,0,,,,,365382.7011,5013223.413,45.25636124,-75.7281138,3430
20--4375,5/15/2020,5:51 PM,BAYSHORE DR @ WOODRIDGE CRES N (0001209),1209,02 - Intersection related,02 - Non-fatal injury,03 - Rear end,01 - Clear,01 - Daylight,02 - Wet,01 - Traffic signal,01 - Functioning,2,0,0,0,01 - Minimal,1,1,,,,359072.8758,5023875.08,45.35272088,-75.80733501,3431
20--4463,5/21/2020,8:14 PM,FISHER AVE btwn FOREST PARK AVE & MEADOWLANDS DR (__3ZA4IU),__3ZA4IU,01 - Non intersection,03 - P.D. only,07 - SMV other,01 - Clear,05 - Dusk,01 - Dry,10 - No control,,1,0,0,0,,0,,,,,366559.4699,5025083.629,45.36297579,-75.71164387,3432
20--3839,3/26/2020,5:50 PM,HWY417 IC126 RAMP16 btwn HIGHWAY 417 & HWY417 IC126 RAMP26 (__3ZAYA0),__3ZAYA0,01 - Non intersection,03 - P.D. only,07 - SMV other,01 - Clear,01 - Daylight,01 - Dry,10 - No control,,1,0,0,0,,0,,,,,363070.8011,5025951.634,45.37108468,-75.75607027,3433
20--4199,5/1/2020,6:15 PM,LISGAR ST btwn METCALFE ST & ELGIN ST (__3ZA9U7),__3ZA9U7,01 - Non intersection,03 - P.D. only,06 - SMV unattended vehicle,01 - Clear,01 - Daylight,01 - Dry,10 - No control,,1,0,0,0,,0,,,,,367957.9113,5031276.528,45.41857313,-75.69300196,3434
20--4464,5/21/2020,9:22 AM,CONSTELLATION CRES btwn TURN LANE & CENTREPOINTE DR (__3ZA0AQ),__3ZA0AQ,04 - At/near private drive,03 - P.D. only,05 - Turning movement,01 - Clear,01 - Daylight,01 - Dry,10 - No control,,2,0,0,0,,0,,,,,362453.8841,5023163.672,45.34604986,-75.76427084,3435
20--384,1/10/2020,11:00 AM,INNES RD @ 473 E OF PAGE RD/BUILDERS' WAREHOUS (0009781),9781,02 - Intersection related,03 - P.D. only,03 - Rear end,01 - Clear,01 - Daylight,01 - Dry,01 - Traffic signal,01 - Functioning,2,0,0,0,,0,,,,,381300.9423,5034781.439,45.44877595,-75.52199006,3436
20--4376,5/15/2020,5:55 AM,FLEWELLYN RD btwn MUNSTER RD & CONLEY RD (__3ZACRD),__3ZACRD,01 - Non intersection,03 - P.D. only,07 - SMV other,01 - Clear,01 - Daylight,02 - Wet,10 - No control,,1,0,0,0,,0,,,,,346502.762,5006387.481,45.19622062,-75.96922378,3437
20--42,1/2/2020,4:30 AM,LIMEBANK RD btwn RIVER RD & BALMORAL DR (__7IFXUJ),__7IFXUJ,01 - Non intersection,03 - P.D. only,07 - SMV other,01 - Clear,07 - Dark,02 - Wet,10 - No control,,1,0,0,0,,0,,,,,368460.445,5020237.152,45.3191982,-75.68800406,3438
20--4465,5/22/2020,1:20 PM,HIGHWAY 417 btwn HWY417 IC126 RAMP25 & HWY417 IC124 RAMP57 (__3ZA2R5),__3ZA2R5,01 - Non intersection,03 - P.D. only,03 - Rear end,01 - Clear,01 - Daylight,01 - Dry,10 - No control,,4,0,0,0,,0,,,,,363720.5931,5026571.302,45.37660603,-75.74770131,3439
20--3840,3/26/2020,6:30 PM,REGIONAL ROAD 174 btwn OR174 IC105 RAMP51 & OR174 IC105 RAMP35 (__3ZA2XC),__3ZA2XC,01 - Non intersection,03 - P.D. only,07 - SMV other,01 - Clear,07 - Dark,01 - Dry,10 - No control,,1,0,0,0,,0,,,,,379364.2523,5036976.915,45.4687385,-75.54641283,3440
20--3841,3/26/2020,6:37 AM,BASELINE RD btwn CLYDE AVE & 207 E OF CLYDE AVE (__3ZA4ISA),__3ZA4ISA,01 - Non intersection,03 - P.D. only,07 - SMV other,01 - Clear,03 - Dawn,01 - Dry,10 - No control,,1,0,0,0,,0,,,,,364484.4994,5024970.832,45.3621406,-75.73814198,3441
20--3842,3/26/2020,7:34 AM,HUNTMAR DR btwn TERRACE RIDGE DR & OLD CARP RD (__3ZAC35),__3ZAC35,01 - Non intersection,03 - P.D. only,07 - SMV other,02 - Rain,01 - Daylight,02 - Wet,10 - No control,,1,0,0,0,,0,,,,,344793.5544,5022854.823,45.34450006,-75.98965074,3442
20--3843,3/26/2020,7:40 PM,BANK ST @ LEITRIM RD (0004125),4125,03 - At intersection,03 - P.D. only,02 - Angle,01 - Clear,07 - Dark,02 - Wet,01 - Traffic signal,02 - Not functioning,2,0,0,0,,0,,,,,375357.7547,5021619.485,45.33097659,-75.59984152,3443
20--3844,3/27/2020,1:20 PM,HAIG DR @ SMYTH RD (0007736),7736,03 - At intersection,02 - Non-fatal injury,02 - Angle,01 - Clear,01 - Daylight,01 - Dry,01 - Traffic signal,01 - Functioning,2,0,0,0,01 - Minimal,2,2,,,,372564.7204,5029298.551,45.40034517,-75.63441704,3444
20--3845,3/27/2020,1:30 PM,CENTREPARK DR btwn SILVER ASPEN CRES & BEARBROOK RD (__3ZA7LC),__3ZA7LC,01 - Non intersection,03 - P.D. only,06 - SMV unattended vehicle,01 - Clear,01 - Daylight,01 - Dry,10 - No control,,1,0,0,0,,0,,,,,377668.4495,5033005.653,45.43318676,-75.56868548,3445
20--3846,3/27/2020,1:36 PM,CASTLEFRANK RD @ TERRY FOX DR (0011757),11757,03 - At intersection,03 - P.D. only,02 - Angle,01 - Clear,01 - Daylight,01 - Dry,01 - Traffic signal,01 - Functioning,2,0,0,0,,0,,,,,352993.9953,5016304.804,45.28504613,-75.88564937,3446
20--3847,3/27/2020,1:55 PM,MCCARTHY RD @ SOUTHMORE DR (0007491),7491,03 - At intersection,03 - P.D. only,03 - Rear end,01 - Clear,01 - Daylight,01 - Dry,02 - Stop sign,01 - Functioning,2,0,0,0,,0,,,,,369449.7199,5024837.531,45.36050088,-75.67478594,3447
20--3848,3/27/2020,10:48 AM,BANTREE ST @ BLACKWELL ST (0008392),8392,03 - At intersection,03 - P.D. only,02 - Angle,01 - Clear,01 - Daylight,01 - Dry,02 - Stop sign,01 - Functioning,2,0,0,0,,0,,,,,374450.727,5029961.543,45.40612535,-75.61023565,3448
20--3849,3/27/2020,11:20 AM,BAYSWATER AVE @ SOMERSET ST (0006486),6486,03 - At intersection,03 - P.D. only,02 - Angle,01 - Clear,01 - Daylight,01 - Dry,01 - Traffic signal,01 - Functioning,2,0,0,0,,0,,,,,365812.6963,5029911.556,45.40648183,-75.72057874,3449
20--385,1/10/2020,11:02 PM,ST. JOSEPH BLVD @ JEANNE D'ARC BLVD (0012421),12421,03 - At intersection,03 - P.D. only,04 - Sideswipe,01 - Clear,07 - Dark,02 - Wet,11 - Roundabout,00 - Unknown,2,0,0,0,,0,,,,,379860.7264,5036471.582,45.46413873,-75.54014159,3450
20--3850,3/27/2020,2:00 PM,HIGHWAY 417 btwn HWY417 IC155 RAMP61 & HWY417 IC145 RAMP56 (__3ZA2Q2),__3ZA2Q2,01 - Non intersection,03 - P.D. only,07 - SMV other,01 - Clear,01 - Daylight,01 - Dry,10 - No control,,1,0,0,0,,0,,,,,341412.78,5018361.467,45.3042516,-76.03312282,3451
20--3851,3/27/2020,2:12 PM,WOODROFFE AVE btwn PARKGLEN DR & DAVID DR (__3ZA34H),__3ZA34H,01 - Non intersection,03 - P.D. only,04 - Sideswipe,01 - Clear,01 - Daylight,01 - Dry,10 - No control,,2,0,0,0,,0,,,,,362976.6382,5022917.135,45.34378837,-75.75762946,3452
20--3852,3/27/2020,2:30 PM,ALTA VISTA DR @ SMYTH RD (0011353),11353,02 - Intersection related,03 - P.D. only,03 - Rear end,01 - Clear,01 - Daylight,01 - Dry,01 - Traffic signal,01 - Functioning,2,0,0,0,,0,,,,,370432.7183,5029081.552,45.39859581,-75.66167576,3453
20--3853,3/27/2020,3:19 PM,REGIONAL ROAD 174 EB btwn OR174 IC109 RAMP55 & TRANSIT (__3ZA28V),__3ZA28V,01 - Non intersection,03 - P.D. only,04 - Sideswipe,01 - Clear,01 - Daylight,01 - Dry,10 - No control,,2,0,0,0,,0,,,,,376570.8238,5035207.773,45.45311356,-75.58239098,3454
20--3744,3/17/2020,7:28 AM,BLACKBURN BYPASS WB btwn NAVAN RD & 1700 W OF NAVAN RD (__3ZA3J5B),__3ZA3J5B,01 - Non intersection,03 - P.D. only,07 - SMV other,03 - Snow,01 - Daylight,04 - Slush,10 - No control,,1,0,0,0,,0,,,,,379542.8607,5033207.706,45.43480686,-75.5447017,3455
20--4284,5/9/2020,11:24 AM,INDUSTRIAL AVE @ RIVERSIDE DR (0011905),11905,02 - Intersection related,03 - P.D. only,03 - Rear end,01 - Clear,01 - Daylight,01 - Dry,01 - Traffic signal,01 - Functioning,2,0,0,0,,0,,,,,370684.7209,5030592.549,45.4121675,-75.65825539,3456
20--3854,3/27/2020,5:37 PM,BASELINE RD @ NAVAHO DR (0003158),3158,02 - Intersection related,02 - Non-fatal injury,03 - Rear end,01 - Clear,01 - Daylight,01 - Dry,01 - Traffic signal,01 - Functioning,3,0,0,0,01 - Minimal,2,2,,,,363085.7026,5024097.516,45.35440029,-75.75609872,3457
20--3855,3/27/2020,5:41 PM,MOODIE DR @ ROBERTSON RD (0010545),10545,03 - At intersection,03 - P.D. only,02 - Angle,01 - Clear,01 - Daylight,01 - Dry,01 - Traffic signal,01 - Functioning,2,0,0,0,,0,,,,,357066.6448,5020455.477,45.32210341,-75.83329922,3458
20--3856,3/27/2020,5:56 AM,GLADSTONE AVE @ ROCHESTER ST (0006496),6496,03 - At intersection,03 - P.D. only,07 - SMV other,01 - Clear,07 - Dark,01 - Dry,01 - Traffic signal,01 - Functioning,1,0,0,0,,0,,,,,366662.6935,5029787.558,45.40529152,-75.70973684,3459
20--3857,3/27/2020,6:00 PM,BLAIR RD @ INNES RD (0004165),4165,02 - Intersection related,03 - P.D. only,03 - Rear end,01 - Clear,01 - Daylight,01 - Dry,01 - Traffic signal,01 - Functioning,2,0,0,0,,0,,,,,375578.7259,5031439.554,45.41931053,-75.5956154,3460
20--3858,3/27/2020,6:20 AM,MONTREAL RD btwn CARSON'S RD/CODD'S RD & DEN HAAG DR/LANG'S RD (__3ZA2DU),__3ZA2DU,01 - Non intersection,02 - Non-fatal injury,07 - SMV other,01 - Clear,03 - Dawn,01 - Dry,10 - No control,,1,0,0,0,02 - Minor,1,,1,,,372404.2287,5034230.173,45.44473311,-75.63579006,3461
20--3859,3/27/2020,6:28 PM,AVIATION PKWY btwn LA CITE PRIV & AVIATION PKWY (1) (__3ZA2UR),__3ZA2UR,01 - Non intersection,03 - P.D. only,07 - SMV other,01 - Clear,07 - Dark,01 - Dry,10 - No control,,1,0,0,0,,0,,,,,372470.9749,5033215.642,45.43559841,-75.63507641,3462
20--386,1/10/2020,11:46 AM,MICHAEL ST btwn KENASTON ST & BELFAST RD (__3ZA794),__3ZA794,04 - At/near private drive,03 - P.D. only,05 - Turning movement,01 - Clear,01 - Daylight,01 - Dry,10 - No control,,2,0,0,0,,0,,,,,373075.3661,5030818.658,45.41397277,-75.62768464,3463
20--3860,3/27/2020,7:17 AM,HWY417 IC138 RAMP25 btwn EAGLESON RD & EAGLESON RD (__3ZAY5H),__3ZAY5H,01 - Non intersection,03 - P.D. only,07 - SMV other,01 - Clear,01 - Daylight,01 - Dry,10 - No control,,1,0,0,0,,0,,,,,353046.6399,5020225.85,45.32032498,-75.88459671,3464
20--3861,3/27/2020,7:39 PM,BANK ST @ PARKWAY RD (0005709),5709,03 - At intersection,02 - Non-fatal injury,02 - Angle,01 - Clear,07 - Dark,01 - Dry,01 - Traffic signal,01 - Functioning,2,0,0,0,02 - Minor,2,,2,,,378746.7652,5014207.432,45.26393747,-75.5577164,3465
20--3862,3/27/2020,8:47 PM,THOMAS A. DOLAN PKWY btwn PORCUPINE TR & CONSTANCE CREEK DR (__3ZA433),__3ZA433,01 - Non intersection,03 - P.D. only,07 - SMV other,01 - Clear,07 - Dark,01 - Dry,10 - No control,,1,0,0,0,,0,,,,,342450.5123,5031572.485,45.42307389,-76.01888378,3466