Anom_ID,Accident_Date,Accident_Time,Location,Geo_ID,Accident_Location,Classification_of_Accident,Initial_Impact_Type,Environment_Condition,Light,Road_Surface_Condition,Traffic_Control,Traffic_Control_Condition,No__of_Vehicles,No__of_Bicycles,No__of_Motorcycles,No__of_Pedestrians,Max_Injury,No__of_Injuries,No__of_Minimal,No__of_Minor,No__of_Major,No__of_Fatal,X,Y,Latitude,Longitude,ObjectId
20--3863,3/27/2020,8:49 PM,BYRON AVE @ ISLAND PARK DR (0006365),6365,03 - At intersection,02 - Non-fatal injury,05 - Turning movement,01 - Clear,07 - Dark,01 - Dry,01 - Traffic signal,01 - Functioning,2,0,0,0,01 - Minimal,2,2,,,,364255.6832,5028603.545,45.3948466,-75.74062508,3467
20--3864,3/27/2020,9:45 PM,GREENBANK RD btwn JOCKVALE RD & CAMBRIAN RD (__3ZA2WE),__3ZA2WE,07 - Overpass or bridge,03 - P.D. only,01 - Approaching,01 - Clear,07 - Dark,01 - Dry,10 - No control,,2,0,0,0,,0,,,,,364397.4252,5013427.234,45.25827938,-75.74064168,3468
20--3865,3/28/2020,2:05 PM,HIGHWAY 417 btwn HWY417 IC122 RAMP15 & HWY417 IC121B RAMP51 (__3ZA2RB),__3ZA2RB,01 - Non intersection,03 - P.D. only,03 - Rear end,01 - Clear,01 - Daylight,01 - Dry,10 - No control,,2,0,0,0,,0,,,,,366086.4359,5029328.013,45.40120734,-75.71715464,3469
20--3866,3/28/2020,2:58 PM,INNES RD btwn TENTH LINE RD & 240 E OF TENTH LINE RD/HOME DEPOT E (__3ZBOGOA),__3ZBOGOA,04 - At/near private drive,03 - P.D. only,02 - Angle,01 - Clear,01 - Daylight,01 - Dry,10 - No control,,2,0,0,0,,0,,,,,384053.7573,5036205.621,45.46128273,-75.48657322,3470
20--3867,3/28/2020,4:01 PM,FAIRLAWN AVE @ FOX CRES (0002756),2756,02 - Intersection related,03 - P.D. only,07 - SMV other,01 - Clear,01 - Daylight,01 - Dry,02 - Stop sign,00 - Unknown,1,0,0,0,,0,,,,,361979.6831,5025717.537,45.36906817,-75.77002627,3471
20--3868,3/28/2020,6:03 AM,HOPE SIDE RD btwn Continuation of HOPE SIDE RD & CROWNRIDGE DR (__5RG5H2),__5RG5H2,01 - Non intersection,03 - P.D. only,07 - SMV other,01 - Clear,07 - Dark,01 - Dry,10 - No control,,1,0,0,0,,0,,,,,355803.9741,5014824.552,45.27152823,-75.84998366,3472
20--3869,3/28/2020,6:22 PM,HIGHWAY 417 btwn HWY417 IC118 RAMP57 & HWY417 IC118 RAMP35 (__3ZA2YQ),__3ZA2YQ,01 - Non intersection,03 - P.D. only,07 - SMV other,01 - Clear,07 - Dark,01 - Dry,10 - No control,,1,0,0,0,,0,,,,,369711.0673,5031134.446,45.41713428,-75.67062212,3473
20--387,1/10/2020,11:50 AM,ST. JOSEPH BLVD @ JEANNE D'ARC BLVD (0012421),12421,03 - At intersection,03 - P.D. only,04 - Sideswipe,01 - Clear,01 - Daylight,02 - Wet,11 - Roundabout,01 - Functioning,2,0,0,0,,0,,,,,379860.7389,5036471.579,45.4641387,-75.54014143,3474
20--3870,3/28/2020,7:20 AM,PLEASANT PARK RD btwn HAIG DR & HOLT CRES (__3ZA75U),__3ZA75U,01 - Non intersection,03 - P.D. only,06 - SMV unattended vehicle,01 - Clear,01 - Daylight,01 - Dry,10 - No control,,1,0,0,0,,0,,,,,372443.5954,5028590.532,45.39398643,-75.63606113,3475
20--3871,3/28/2020,7:56 PM,RIVERSIDE DR btwn BAYPORT PRIV & MOONEY'S BAY PL (__3ZA36T),__3ZA36T,01 - Non intersection,03 - P.D. only,04 - Sideswipe,01 - Clear,07 - Dark,01 - Dry,10 - No control,,2,0,0,0,,0,,,,,368354.7801,5025299.786,45.36476025,-75.68870131,3476
20--3872,3/28/2020,8:31 AM,VANIER PKWY NB btwn PRESLAND RD & COVENTRY RD (__3ZA4TMB),__3ZA4TMB,01 - Non intersection,03 - P.D. only,04 - Sideswipe,01 - Clear,01 - Daylight,01 - Dry,10 - No control,,2,0,0,0,,0,,,,,370462.5766,5031742.777,45.42253767,-75.66093994,3477
20--3873,3/28/2020,8:49 PM,HERON RD @ BRIAR HILL DR/SANDALWOOD DR (0007190),7190,02 - Intersection related,02 - Non-fatal injury,01 - Approaching,01 - Clear,07 - Dark,01 - Dry,01 - Traffic signal,01 - Functioning,2,0,0,0,02 - Minor,3,1,2,,,371452.7309,5027012.526,45.37988315,-75.64892806,3478
20--3874,3/28/2020,9:15 PM,ANDALUSIAN CRES W/LOSINO CRES @ WESTPHALIAN AVE (0016054),16054,02 - Intersection related,03 - P.D. only,07 - SMV other,01 - Clear,07 - Dark,01 - Dry,02 - Stop sign,02 - Not functioning,1,0,0,0,,0,,,,,353266.3305,5015592.455,45.27861751,-75.88224756,3479
20--3875,3/29/2020,Unknown,LAVOIE ST btwn CARMELLA CRES & AQUAVIEW DR (__4V3I72),__4V3I72,01 - Non intersection,03 - P.D. only,06 - SMV unattended vehicle,01 - Clear,00 - Unknown,01 - Dry,10 - No control,,1,0,0,0,,0,,,,,385142.8735,5035927.13,45.45865273,-75.47269431,3480
20--3876,3/29/2020,2:35 PM,HIGHWAY 417 btwn HWY417 IC123 RAMP62 & HWY417 IC122 RAMP16 (__3ZA2R9),__3ZA2R9,01 - Non intersection,03 - P.D. only,07 - SMV other,02 - Rain,01 - Daylight,02 - Wet,10 - No control,,1,0,0,0,,0,,,,,364938.2966,5028367.167,45.39266143,-75.73193626,3481
20--3877,3/29/2020,2:52 PM,HWY417 IC131 RAMP66 btwn TRANSIT & HWY417 IC130 RAMP36 (__6KES9I),__6KES9I,01 - Non intersection,03 - P.D. only,07 - SMV other,02 - Rain,01 - Daylight,02 - Wet,10 - No control,,1,0,0,0,,0,,,,,358006.5502,5022818.241,45.34329311,-75.82105686,3482
20--3878,3/29/2020,2:59 PM,MONTREAL RD @ VANIER PKWY (0004630),4630,02 - Intersection related,02 - Non-fatal injury,04 - Sideswipe,02 - Rain,01 - Daylight,02 - Wet,01 - Traffic signal,01 - Functioning,2,0,0,0,01 - Minimal,1,1,,,,370072.7147,5033065.594,45.43447633,-75.66574587,3483
20--3879,3/29/2020,3:23 PM,MCARTHUR AVE @ VANIER PKWY (0004626),4626,02 - Intersection related,03 - P.D. only,04 - Sideswipe,02 - Rain,01 - Daylight,02 - Wet,01 - Traffic signal,01 - Functioning,2,0,0,0,,0,,,,,370218.6989,5032690.582,45.43108848,-75.66393007,3484
20--388,1/10/2020,Unknown,ST. DENIS ST btwn GRANVILLE ST & ALFRED ST (__3ZA8YT),__3ZA8YT,01 - Non intersection,03 - P.D. only,06 - SMV unattended vehicle,01 - Clear,00 - Unknown,05 - Packed snow,10 - No control,,1,0,0,0,,0,,,,,370824.6401,5033795.159,45.44097004,-75.65603866,3485
20--3880,3/29/2020,6:10 AM,MONTREAL RD @ VANIER PKWY (0004630),4630,03 - At intersection,03 - P.D. only,02 - Angle,01 - Clear,03 - Dawn,01 - Dry,01 - Traffic signal,01 - Functioning,2,1,0,0,,0,,,,,370072.7041,5033065.584,45.43447624,-75.66574601,3486
20--3881,3/29/2020,7:21 AM,RIDEAU ST btwn NICHOLAS ST & DALHOUSIE ST (__3ZA25T),__3ZA25T,01 - Non intersection,03 - P.D. only,04 - Sideswipe,02 - Rain,01 - Daylight,02 - Wet,10 - No control,,2,0,0,0,,0,,,,,368165.4352,5032200.744,45.42687015,-75.69023172,3487
20--3882,3/29/2020,7:50 PM,HIGHWAY 416 btwn HWY416 IC42 RAMP24 & END (__3ZAZJ6),__3ZAZJ6,01 - Non intersection,03 - P.D. only,07 - SMV other,02 - Rain,07 - Dark,02 - Wet,10 - No control,,1,0,0,0,,0,,,,,372193.2176,4994208.166,45.08464368,-75.64391722,3488
20--3883,3/29/2020,8:30 AM,UPPER DWYER HILL RD btwn OLD ALMONTE RD & HAMILTON SIDE RD (__3ZBOB3),__3ZBOB3,01 - Non intersection,03 - P.D. only,07 - SMV other,02 - Rain,01 - Daylight,02 - Wet,10 - No control,,1,0,0,0,,0,,,,,336951.8815,5011090.42,45.23904096,-76.09047636,3489
20--3884,3/30/2020,10:25 AM,GLADSTONE AVE @ ROCHESTER ST (0006496),6496,03 - At intersection,03 - P.D. only,02 - Angle,02 - Rain,01 - Daylight,02 - Wet,01 - Traffic signal,01 - Functioning,2,0,0,0,,0,,,,,366662.7047,5029787.564,45.40529158,-75.7097367,3490
20--3885,3/30/2020,Unknown,HAIG DR btwn HUTTON AVE & RUSSELL RD (__3ZA78A),__3ZA78A,01 - Non intersection,03 - P.D. only,06 - SMV unattended vehicle,01 - Clear,00 - Unknown,01 - Dry,10 - No control,,1,0,0,0,,0,,,,,372704.0984,5029637.376,45.40338026,-75.63259027,3491
20--3886,3/30/2020,2:20 PM,MEADOWLANDS DR btwn VIEWMOUNT DR & INDIAN RD (__3ZA4HJ),__3ZA4HJ,04 - At/near private drive,03 - P.D. only,06 - SMV unattended vehicle,02 - Rain,01 - Daylight,02 - Wet,10 - No control,,1,0,0,0,,0,,,,,363972.791,5023234.571,45.34656131,-75.74488104,3492
20--3887,3/30/2020,3:50 AM,HIGHWAY 417 btwn HWY417 IC96 RAMP61 & HWY417 IC88 RAMP16 (__3ZA27Z),__3ZA27Z,01 - Non intersection,03 - P.D. only,07 - SMV other,"07 - Fog, mist, smoke, dust",07 - Dark,02 - Wet,10 - No control,,1,0,0,0,,0,,,,,394644.7394,5022461.455,45.33634769,-75.35367425,3493
20--3888,3/30/2020,6:11 PM,CARLING AVE @ WYLIE AVE (0002394),2394,03 - At intersection,03 - P.D. only,02 - Angle,01 - Clear,05 - Dusk,01 - Dry,02 - Stop sign,01 - Functioning,2,0,0,0,,0,,,,,359140.6685,5024077.498,45.35453699,-75.80644761,3494
20--3889,3/30/2020,6:20 PM,MARIER AVE @ MONTREAL RD (0009346),9346,02 - Intersection related,03 - P.D. only,04 - Sideswipe,01 - Clear,05 - Dusk,01 - Dry,01 - Traffic signal,01 - Functioning,2,0,0,0,,0,,,,,370419.7047,5033261.588,45.43620732,-75.66128533,3495
20--389,1/10/2020,Unknown,CAYMAN RD btwn CAMPOBELLO DR & GRENADINE ST (__7JQ6FH),__7JQ6FH,04 - At/near private drive,03 - P.D. only,06 - SMV unattended vehicle,01 - Clear,00 - Unknown,01 - Dry,10 - No control,,1,0,0,0,,0,,,,,349748.673,5016388.488,45.28601417,-75.92700923,3496
20--3890,3/30/2020,6:49 AM,PRINCE OF WALES DR btwn RIDEAU GLEN DR & FALLOWFIELD RD (__3ZA2X1),__3ZA2X1,01 - Non intersection,03 - P.D. only,07 - SMV other,01 - Clear,03 - Dawn,02 - Wet,10 - No control,,1,0,0,0,,0,,,,,367455.3213,5018246.317,45.30137537,-75.70107498,3497
20--3891,3/30/2020,7:11 AM,LIMEBANK RD btwn RIVER RD & BALMORAL DR (__7IFXUJ),__7IFXUJ,01 - Non intersection,03 - P.D. only,04 - Sideswipe,02 - Rain,01 - Daylight,02 - Wet,10 - No control,,2,0,0,0,,0,,,,,368485.9927,5020085.676,45.31783293,-75.6876977,3498
20--3892,3/30/2020,9:20 AM,BASELINE RD @ WOODROFFE AVE (0002225),2225,02 - Intersection related,03 - P.D. only,03 - Rear end,02 - Rain,01 - Daylight,02 - Wet,01 - Traffic signal,01 - Functioning,2,0,0,0,,0,,,,,362549.6977,5023770.503,45.3515022,-75.76297739,3499
20--3893,3/30/2020,9:57 AM,FALLOWFIELD RD @ MERIVALE RD (0000587),587,03 - At intersection,02 - Non-fatal injury,02 - Angle,01 - Clear,01 - Daylight,02 - Wet,01 - Traffic signal,01 - Functioning,2,0,0,0,02 - Minor,3,,3,,,366891.7141,5018844.466,45.30680748,-75.70818598,3500
20--3894,3/31/2020,1:51 PM,WOODRIDGE CRES btwn 220 W OF BAYSHORE DR/BAYSHORE SC & BAYSHORE DR (__3ZAA4NB),__3ZAA4NB,01 - Non intersection,02 - Non-fatal injury,05 - Turning movement,01 - Clear,01 - Daylight,01 - Dry,10 - No control,,2,0,1,0,01 - Minimal,2,2,,,,359081.7687,5023402.264,45.34846578,-75.80727342,3501
20--3895,3/31/2020,12:29 PM,BAYVIEW RD @ SCOTT ST/ALBERT ST (0005646),5646,02 - Intersection related,03 - P.D. only,03 - Rear end,01 - Clear,01 - Daylight,01 - Dry,01 - Traffic signal,01 - Functioning,2,0,0,0,,0,,,,,365519.0411,5030071.567,45.40794711,-75.72431006,3502
20--3896,3/31/2020,2:31 PM,ST. JOSEPH BLVD/OLD MONTREAL RD @ TRIM RD (0004118),4118,03 - At intersection,03 - P.D. only,04 - Sideswipe,01 - Clear,01 - Daylight,01 - Dry,11 - Roundabout,01 - Functioning,2,0,0,0,,0,,,,,384682.7562,5039285.579,45.4889216,-75.47803062,3503
20--3897,3/31/2020,3:53 PM,BANKFIELD RD @ MANOTICK MAIN ST/RIDEAU VALLEY  (0000070),70,02 - Intersection related,03 - P.D. only,03 - Rear end,01 - Clear,01 - Daylight,01 - Dry,01 - Traffic signal,01 - Functioning,2,0,0,0,,0,,,,,368431.7086,5010157.391,45.22850422,-75.68966241,3504
20--3898,3/31/2020,4:10 PM,CENTENNIAL BLVD @ MAIN ST (0007246),7246,02 - Intersection related,03 - P.D. only,03 - Rear end,01 - Clear,01 - Daylight,01 - Dry,02 - Stop sign,01 - Functioning,2,0,0,0,,0,,,,,369480.7076,5029416.553,45.40169863,-75.67379055,3505
20--3899,3/31/2020,4:25 PM,HUNT CLUB RD btwn NORTH BOWESVILLE RD & BILLY BISHOP PRIV (__5G43Y1),__5G43Y1,01 - Non intersection,03 - P.D. only,03 - Rear end,01 - Clear,01 - Daylight,01 - Dry,10 - No control,,3,0,0,0,,0,,,,,368748.5577,5022362.936,45.33829938,-75.68405493,3506
20--39,1/2/2020,3:15 PM,PRINCE OF WALES DR @ STRANDHERD DR (0013339),13339,02 - Intersection related,03 - P.D. only,03 - Rear end,01 - Clear,01 - Daylight,02 - Wet,01 - Traffic signal,01 - Functioning,2,0,0,0,,0,,,,,367175.2631,5014824.15,45.27060795,-75.70507589,3507
20--390,1/10/2020,Unknown,FRIEL ST btwn BESSERER ST & DALY AVE (__3ZA82L),__3ZA82L,01 - Non intersection,03 - P.D. only,06 - SMV unattended vehicle,01 - Clear,00 - Unknown,01 - Dry,10 - No control,,1,0,0,0,,0,,,,,368816.5716,5032489.759,45.42941131,-75.68187391,3508
20--3900,3/31/2020,5:02 PM,AMBERWOOD CRES @ FIFESHIRE CRES N (0000358),358,03 - At intersection,02 - Non-fatal injury,02 - Angle,01 - Clear,01 - Daylight,01 - Dry,02 - Stop sign,01 - Functioning,2,1,0,0,03 - Major,1,,,1,,367195.7235,5020733.591,45.32377862,-75.70407159,3509
20--3901,3/31/2020,6:17 AM,SNAKE ISLAND RD btwn GREY'S CREEK RD & SCRIVENS DR (__3ZA205),__3ZA205,01 - Non intersection,03 - P.D. only,07 - SMV other,01 - Clear,01 - Daylight,02 - Wet,10 - No control,,1,0,0,0,,0,,,,,382845.5314,5009600.903,45.22204748,-75.50621756,3510
20--3902,3/31/2020,6:40 AM,HIGHWAY 417 btwn HWY417 IC163 RAMP15 & HWY417 IC155 RAMP51 (__3ZAZNS),__3ZAZNS,01 - Non intersection,03 - P.D. only,07 - SMV other,03 - Snow,03 - Dawn,02 - Wet,10 - No control,,1,0,0,0,,0,,,,,338162.0864,5019673.817,45.31622268,-76.07448531,3511
20--3903,3/31/2020,8:45 PM,MERIVALE RD btwn WEST HUNT CLUB RD & JAMIE AVE (__3ZA3JU),__3ZA3JU,01 - Non intersection,03 - P.D. only,04 - Sideswipe,01 - Clear,07 - Dark,01 - Dry,10 - No control,,2,0,0,0,,0,,,,,365658.1365,5021834.479,45.33381927,-75.7235481,3512
20--3904,4/1/2020,10:33 PM,ABBEYHILL DR btwn ALDBURN PL & SHERWOOD ST (__3ZAB1B),__3ZAB1B,01 - Non intersection,02 - Non-fatal injury,06 - SMV unattended vehicle,01 - Clear,07 - Dark,01 - Dry,10 - No control,,1,0,0,0,02 - Minor,1,,1,,,353305.574,5017385.197,45.29474634,-75.88157213,3513
20--3905,4/1/2020,11:41 AM,STEVENS AVE @ NORTH RIVER RD (0012029),12029,03 - At intersection,03 - P.D. only,05 - Turning movement,01 - Clear,01 - Daylight,01 - Dry,02 - Stop sign,00 - Unknown,2,0,0,0,,0,,,,,369897.3752,5032431.197,45.42878463,-75.66807053,3514
20--3906,4/1/2020,12:00 PM,ANTARES DR btwn CAPELLA CRT & AURIGA DR (1) (__3ZA52F),__3ZA52F,04 - At/near private drive,03 - P.D. only,02 - Angle,01 - Clear,01 - Daylight,01 - Dry,10 - No control,,2,0,0,0,,0,,,,,366738.6962,5021588.025,45.33150717,-75.70979404,3515
20--3907,4/1/2020,12:41 PM,MEDHURST DR btwn WOODROFFE AVE & BROCKINGTON CRES (__3ZA0EC),__3ZA0EC,01 - Non intersection,03 - P.D. only,03 - Rear end,01 - Clear,01 - Daylight,01 - Dry,10 - No control,,2,0,0,0,,0,,,,,363480.1986,5021847.962,45.3341261,-75.75133106,3516
20--3908,4/1/2020,2:36 PM,BANK ST btwn CAHILL DR & TURN LANE (1) (__3ZA3HV),__3ZA3HV,01 - Non intersection,03 - P.D. only,04 - Sideswipe,01 - Clear,01 - Daylight,01 - Dry,10 - No control,,2,0,0,0,,0,,,,,371414.8125,5024208.411,45.3546563,-75.64979026,3517
20--3909,4/1/2020,5:45 AM,UPPER DWYER HILL RD btwn VAUGHAN SIDE RD & CARROLL SIDE RD (__3ZA4QD),__3ZA4QD,01 - Non intersection,03 - P.D. only,07 - SMV other,01 - Clear,03 - Dawn,01 - Dry,10 - No control,,1,0,0,0,,0,,,,,333001.4999,5015451.586,45.27845485,-76.1405444,3518
20--391,1/10/2020,12:21 PM,RIDEAU ST btwn CUMBERLAND ST & KING EDWARD AVE (__3ZBOFX),__3ZBOFX,01 - Non intersection,03 - P.D. only,04 - Sideswipe,01 - Clear,01 - Daylight,02 - Wet,10 - No control,,2,0,0,0,,0,,,,,368415.86,5032355.174,45.42823692,-75.68701183,3519
20--3910,4/1/2020,6:05 AM,BELFAST RD @ ST. LAURENT BLVD (0007658),7658,02 - Intersection related,03 - P.D. only,03 - Rear end,01 - Clear,03 - Dawn,01 - Dry,01 - Traffic signal,01 - Functioning,2,0,0,0,,0,,,,,372860.7368,5030578.552,45.41183332,-75.63045967,3520
20--3911,4/1/2020,6:07 PM,OTTAWA RIVER PKWY WB btwn RIVER ST & TO BE DETERMINED (__3ZA24P),__3ZA24P,01 - Non intersection,03 - P.D. only,07 - SMV other,01 - Clear,01 - Daylight,01 - Dry,10 - No control,,1,0,0,0,,0,,,,,365191.3737,5030387.099,45.41081454,-75.72845699,3521
20--3912,4/1/2020,6:35 PM,HAIG DR @ RUSSELL RD (0008394),8394,03 - At intersection,02 - Non-fatal injury,07 - SMV other,01 - Clear,01 - Daylight,01 - Dry,01 - Traffic signal,01 - Functioning,1,0,0,1,02 - Minor,1,,1,,,372730.7381,5029659.554,45.40357722,-75.63224696,3522
20--3913,4/1/2020,8:45 AM,HUNT CLUB RD @ BRIDLE PATH DR/DAZE ST (0008214),8214,02 - Intersection related,03 - P.D. only,04 - Sideswipe,01 - Clear,01 - Daylight,01 - Dry,01 - Traffic signal,01 - Functioning,2,0,0,0,,0,,,,,371291.7271,5023864.513,45.3515737,-75.65140728,3523
20--3914,4/1/2020,9:03 AM,OLD INNES RD @ BANTREE ST (0007674),7674,02 - Intersection related,03 - P.D. only,05 - Turning movement,01 - Clear,01 - Daylight,01 - Dry,02 - Stop sign,01 - Functioning,2,0,0,0,,0,,,,,373727.7285,5030352.554,45.40971504,-75.61941594,3524
20--3915,4/2/2020,10:54 AM,WILMONT AVE btwn CHURCHILL AVE & WINSTON AVE (__3ZBONC),__3ZBONC,01 - Non intersection,03 - P.D. only,07 - SMV other,01 - Clear,01 - Daylight,01 - Dry,10 - No control,,1,0,0,0,,0,,,,,363049.118,5028458.46,45.39364256,-75.75605128,3525
20--3916,4/2/2020,11:30 AM,LEMIEUX ST @ ST. LAURENT BLVD (0002021),2021,02 - Intersection related,02 - Non-fatal injury,04 - Sideswipe,01 - Clear,01 - Daylight,01 - Dry,01 - Traffic signal,01 - Functioning,2,0,0,0,01 - Minimal,1,1,,,,372391.7161,5031742.552,45.42235192,-75.6362915,3526
20--3917,4/2/2020,12:05 PM,HAZELDEAN RD @ 246 E OF CASTLEFRANK RD/FARMBOY (0011366),11366,03 - At intersection,03 - P.D. only,02 - Angle,01 - Clear,01 - Daylight,01 - Dry,01 - Traffic signal,01 - Functioning,2,0,0,0,,0,,,,,352859.1161,5017840.897,45.29887751,-75.8872198,3527
20--3918,4/2/2020,12:18 PM,BANK ST btwn RIDEAU RD & TURN LANE (__3ZBPH9),__3ZBPH9,01 - Non intersection,03 - P.D. only,07 - SMV other,01 - Clear,01 - Daylight,01 - Dry,10 - No control,,1,0,0,0,,0,,,,,377072.089,5017562.475,45.29429893,-75.57856503,3528
20--3919,4/2/2020,3:57 PM,MAYFIELD ST @ MCARTHUR AVE (0009190),9190,02 - Intersection related,03 - P.D. only,03 - Rear end,01 - Clear,01 - Daylight,01 - Dry,02 - Stop sign,01 - Functioning,2,0,0,0,,0,,,,,370065.6947,5032674.576,45.43095876,-75.66588742,3529
20--392,1/10/2020,12:23 PM,CUMMINGS AVE @ OGILVIE RD (0009923),9923,02 - Intersection related,03 - P.D. only,03 - Rear end,01 - Clear,01 - Daylight,01 - Dry,01 - Traffic signal,01 - Functioning,2,0,0,0,,0,,,,,372748.7197,5032170.595,45.42616866,-75.63167108,3530
20--4377,5/15/2020,6:18 AM,MACDONALD-CARTIER BR btwn RAMP & END (2) (__3ZA3UC),__3ZA3UC,07 - Overpass or bridge,03 - P.D. only,07 - SMV other,01 - Clear,01 - Daylight,01 - Dry,10 - No control,,1,0,0,0,,0,,,,,367498.3815,5033186.737,45.43580189,-75.69862983,3531
20--4466,5/22/2020,10:15 AM,WELLINGTON ST @ LETT ST (0012269),12269,02 - Intersection related,03 - P.D. only,04 - Sideswipe,01 - Clear,01 - Daylight,01 - Dry,01 - Traffic signal,01 - Functioning,2,0,0,0,,0,,,,,366355.2191,5031111.166,45.41722809,-75.713499,3532
20--420,1/10/2020,7:37 AM,CONROY RD @ HUNT CLUB RD (0002257),2257,02 - Intersection related,02 - Non-fatal injury,03 - Rear end,01 - Clear,03 - Dawn,01 - Dry,01 - Traffic signal,01 - Functioning,2,0,0,0,02 - Minor,1,,1,,,373763.7506,5025404.518,45.3651913,-75.61964719,3533
20--4467,5/22/2020,10:29 AM,HOLLAND AVE @ RUSKIN ST (0006676),6676,03 - At intersection,02 - Non-fatal injury,02 - Angle,01 - Clear,01 - Daylight,01 - Dry,02 - Stop sign,01 - Functioning,2,0,0,0,02 - Minor,1,,1,,,365279.6896,5028350.551,45.39248252,-75.72757855,3534
20--4468,5/22/2020,10:31 PM,KENNEVALE DR btwn AMAR LANE & LAMPLIGHTERS DR (__5WHGYK),__5WHGYK,01 - Non intersection,03 - P.D. only,04 - Sideswipe,01 - Clear,07 - Dark,01 - Dry,10 - No control,,2,0,0,0,,0,,,,,361754.2614,5014245.477,45.26586094,-75.77422286,3535
20--4469,5/22/2020,11:55 PM,BRONSON AVE @ MACLAREN ST (0006338),6338,03 - At intersection,03 - P.D. only,02 - Angle,01 - Clear,07 - Dark,01 - Dry,02 - Stop sign,01 - Functioning,2,0,0,0,,0,,,,,366999.6979,5030399.57,45.41076837,-75.70535499,3536
20--447,1/11/2020,2:55 PM,CUMMINGS AVE @ OGILVIE RD (0009923),9923,03 - At intersection,03 - P.D. only,05 - Turning movement,03 - Snow,01 - Daylight,03 - Loose snow,01 - Traffic signal,01 - Functioning,2,0,0,0,,0,,,,,372748.698,5032170.585,45.42616857,-75.63167136,3537
20--4470,5/22/2020,Unknown,COLERIDGE ST btwn SCOUT ST & WHITESTONE DR (__30KGPR),__30KGPR,01 - Non intersection,03 - P.D. only,06 - SMV unattended vehicle,01 - Clear,00 - Unknown,01 - Dry,10 - No control,,1,0,0,0,,0,,,,,364294.8768,5025355.439,45.36561736,-75.74051594,3538
20--4471,5/22/2020,12:15 PM,HIGHWAY 417 btwn HWY417 IC129 RAMP25 & TRANSIT (__3ZA2SH),__3ZA2SH,01 - Non intersection,03 - P.D. only,03 - Rear end,01 - Clear,01 - Daylight,01 - Dry,10 - No control,,2,0,0,0,,0,,,,,361037.9766,5023982.225,45.35353012,-75.7822449,3539
20--4472,5/22/2020,12:22 PM,REGIONAL ROAD 174 btwn OR174 IC101 RAMP63 & OR174 IC101 RAMP45 (__3ZA11Q),__3ZA11Q,01 - Non intersection,02 - Non-fatal injury,99 - Other,01 - Clear,01 - Daylight,01 - Dry,10 - No control,,2,0,0,0,02 - Minor,2,,2,,,382950.4356,5039015.173,45.48668485,-75.50023244,3540
20--4473,5/22/2020,12:27 AM,HERON RD @ WALKLEY RD (0011256),11256,02 - Intersection related,03 - P.D. only,07 - SMV other,01 - Clear,07 - Dark,01 - Dry,01 - Traffic signal,00 - Unknown,1,0,0,0,,0,,,,,372267.1704,5027083.454,45.38044337,-75.63852017,3541
20--4474,5/22/2020,12:39 PM,ALBERT ST @ BOOTH ST (0002162),2162,03 - At intersection,03 - P.D. only,07 - SMV other,01 - Clear,01 - Daylight,01 - Dry,01 - Traffic signal,01 - Functioning,1,0,0,0,,0,,,,,366428.696,5030626.572,45.41286138,-75.71262086,3542
20--4475,5/22/2020,12:45 PM,HIGHWAY 417 btwn HWY417 IC129 RAMP25 & TRANSIT (__3ZA2SH),__3ZA2SH,01 - Non intersection,03 - P.D. only,03 - Rear end,01 - Clear,01 - Daylight,01 - Dry,10 - No control,,4,0,0,0,,0,,,,,360999.6508,5023951.856,45.35325994,-75.78273745,3543
20--4476,5/22/2020,2:15 PM,HERON RD @ HERON RD RAMP 36 (0002387),2387,02 - Intersection related,03 - P.D. only,03 - Rear end,01 - Clear,01 - Daylight,01 - Dry,03 - Yield sign,01 - Functioning,2,0,0,0,,0,,,,,368477.8865,5026690.066,45.37725844,-75.68695075,3544
20--4285,5/9/2020,3:22 PM,INNES RD @ JEANNE D'ARC BLVD/MER BLEUE RD (0012475),12475,02 - Intersection related,03 - P.D. only,03 - Rear end,01 - Clear,01 - Daylight,01 - Dry,01 - Traffic signal,01 - Functioning,3,0,0,0,,0,,,,,382637.7511,5035567.552,45.45570113,-75.50477808,3545
20--4477,5/22/2020,2:20 PM,MEADOWLANDS DR/TALLWOOD DR @ WOODROFFE AVE (0000095),95,02 - Intersection related,03 - P.D. only,03 - Rear end,01 - Clear,01 - Daylight,01 - Dry,01 - Traffic signal,01 - Functioning,2,0,0,0,,0,,,,,363056.6893,5022730.494,45.34210235,-75.75663002,3546
20--4478,5/22/2020,2:38 PM,WELLINGTON ST    W btwn HOLLAND AVE & HINTON AVE N (__3ZA4QR),__3ZA4QR,04 - At/near private drive,03 - P.D. only,02 - Angle,01 - Clear,01 - Daylight,01 - Dry,10 - No control,,2,0,0,0,,0,,,,,364958.8905,5029169.132,45.39987557,-75.73157547,3547
20--4479,5/22/2020,2:50 PM,MERIVALE RD @ CAPILANO DR/WITHROW AVE (0009820),9820,02 - Intersection related,03 - P.D. only,03 - Rear end,01 - Clear,01 - Daylight,01 - Dry,01 - Traffic signal,01 - Functioning,2,0,0,0,,0,,,,,364642.428,5024227.766,45.35544113,-75.7362162,3548
20--448,1/11/2020,3:16 AM,OTTAWA RIVER PKWY @ PORTAGE BRIDGE (0009072),9072,03 - At intersection,03 - P.D. only,07 - SMV other,02 - Rain,07 - Dark,02 - Wet,01 - Traffic signal,01 - Functioning,1,0,0,0,,0,,,,,366516.2057,5031314.632,45.41904464,-75.71141676,3549