Anom_ID,Accident_Date,Accident_Time,Location,Geo_ID,Accident_Location,Classification_of_Accident,Initial_Impact_Type,Environment_Condition,Light,Road_Surface_Condition,Traffic_Control,Traffic_Control_Condition,No__of_Vehicles,No__of_Bicycles,No__of_Motorcycles,No__of_Pedestrians,Max_Injury,No__of_Injuries,No__of_Minimal,No__of_Minor,No__of_Major,No__of_Fatal,X,Y,Latitude,Longitude,ObjectId
20--4480,5/22/2020,3:13 PM,BOWESVILLE RD/HIGH RD @ LEITRIM RD (0012439),12439,03 - At intersection,03 - P.D. only,05 - Turning movement,01 - Clear,01 - Daylight,01 - Dry,02 - Stop sign,01 - Functioning,2,0,0,0,,0,,,,,371674.7338,5019287.468,45.31035439,-75.6471381,3550
20--4481,5/22/2020,3:40 PM,FRASER AVE btwn BYRON AVE & CROSSFIELD AVE (__3ZA07J),__3ZA07J,04 - At/near private drive,03 - P.D. only,06 - SMV unattended vehicle,01 - Clear,01 - Daylight,01 - Dry,10 - No control,,1,0,0,0,,0,,,,,362588.3208,5027444.317,45.38455561,-75.76205478,3551
20--4482,5/22/2020,4:21 PM,ST. LAURENT BLVD @ WALKLEY RD (0007653),7653,02 - Intersection related,03 - P.D. only,04 - Sideswipe,01 - Clear,01 - Daylight,01 - Dry,01 - Traffic signal,01 - Functioning,2,0,0,0,,0,,,,,373902.7398,5028046.854,45.38895219,-75.61750338,3552
20--4483,5/22/2020,4:40 PM,FISHER AVE @ NORMANDY CRES S (0005079),5079,02 - Intersection related,03 - P.D. only,05 - Turning movement,01 - Clear,01 - Daylight,01 - Dry,02 - Stop sign,01 - Functioning,2,0,0,0,,0,,,,,366868.6999,5024340.53,45.35626223,-75.70779026,3553
20--4484,5/22/2020,4:48 PM,GLADSTONE AVE @ PERCY ST (0007203),7203,02 - Intersection related,03 - P.D. only,03 - Rear end,01 - Clear,01 - Daylight,01 - Dry,01 - Traffic signal,01 - Functioning,2,0,0,0,,0,,,,,367328.6974,5030206.572,45.40900251,-75.70117668,3554
20--4485,5/22/2020,5:00 PM,PRINCE OF WALES DR @ WEST HUNT CLUB RD (0000567),567,02 - Intersection related,03 - P.D. only,04 - Sideswipe,01 - Clear,01 - Daylight,01 - Dry,01 - Traffic signal,01 - Functioning,2,0,0,0,,0,,,,,367458.7081,5021891.506,45.33417392,-75.7005707,3555
20--4486,5/22/2020,5:10 PM,MEADOWLANDS DR btwn INDIAN RD & LAIRD ST (__3ZA4HK),__3ZA4HK,04 - At/near private drive,03 - P.D. only,06 - SMV unattended vehicle,01 - Clear,01 - Daylight,01 - Dry,10 - No control,,1,0,0,0,,0,,,,,364132.1927,5023323.338,45.34734656,-75.74283641,3556
20--4487,5/22/2020,5:58 PM,BEARBROOK RD btwn Continuation of BEARBROOK RD & WESTPARK DR (__3ZA2AA),__3ZA2AA,04 - At/near private drive,03 - P.D. only,02 - Angle,01 - Clear,01 - Daylight,01 - Dry,10 - No control,,2,0,0,0,,0,,,,,377133.6969,5034086.292,45.44296518,-75.57536032,3557
20--4488,5/22/2020,6:15 PM,OTTAWA RIVER PKWY EB btwn RAMP & RAMP (__3ZA24Q),__3ZA24Q,01 - Non intersection,03 - P.D. only,03 - Rear end,01 - Clear,01 - Daylight,01 - Dry,10 - No control,,2,0,0,0,,0,,,,,364658.1516,5030424.204,45.41119421,-75.73526417,3558
20--4489,5/22/2020,6:25 AM,HIGHWAY 417 btwn HWY417 IC121A RAMP61 & HWY417 IC120B RAMP36 (__3ZA2YV),__3ZA2YV,01 - Non intersection,03 - P.D. only,04 - Sideswipe,01 - Clear,01 - Daylight,01 - Dry,10 - No control,,2,0,0,0,,0,,,,,367628.4988,5029932.587,45.40651043,-75.69738192,3559
20--449,1/11/2020,4:00 PM,BRONSON AVE @ SUNNYSIDE AVE/UNIVERSITY RD - CA (0007209),7209,02 - Intersection related,03 - P.D. only,03 - Rear end,02 - Rain,01 - Daylight,02 - Wet,01 - Traffic signal,01 - Functioning,2,0,0,0,,0,,,,,367922.7146,5028091.542,45.38991878,-75.69385936,3560
20--4490,5/22/2020,6:44 PM,BANK ST @ KINGSDALE AVE (0009261),9261,03 - At intersection,03 - P.D. only,02 - Angle,01 - Clear,01 - Daylight,01 - Dry,02 - Stop sign,01 - Functioning,2,0,0,0,,0,,,,,373268.7441,5023500.527,45.34810845,-75.62622914,3561
20--4491,5/22/2020,6:45 AM,HIGHWAY 417 btwn HWY417 IC124 RAMP65 & HWY417 IC122 RAMP51 (__3ZA2R8),__3ZA2R8,01 - Non intersection,03 - P.D. only,03 - Rear end,01 - Clear,01 - Daylight,01 - Dry,10 - No control,,2,0,0,0,,0,,,,,364944.7072,5028346.229,45.39247248,-75.73185694,3562
20--4492,5/22/2020,6:50 AM,HIGHWAY 417 btwn HWY417 IC124 RAMP65 & HWY417 IC122 RAMP51 (__3ZA2R8),__3ZA2R8,01 - Non intersection,03 - P.D. only,04 - Sideswipe,01 - Clear,01 - Daylight,01 - Dry,10 - No control,,2,0,0,0,,0,,,,,364641.3726,5027797.093,45.38755745,-75.73579725,3563
20--4493,5/22/2020,7:15 AM,HIGHWAY 417 btwn HWY417 IC124 RAMP65 & HWY417 IC122 RAMP51 (__3ZA2R8),__3ZA2R8,01 - Non intersection,03 - P.D. only,03 - Rear end,01 - Clear,01 - Daylight,01 - Dry,10 - No control,,3,0,0,0,,0,,,,,364837.2134,5028144.224,45.3906641,-75.73325426,3564
20--4494,5/22/2020,7:27 AM,WOODRIDGE CRES btwn 220 W OF BAYSHORE DR/BAYSHORE SC & BAYSHORE DR (__3ZAA4NB),__3ZAA4NB,04 - At/near private drive,03 - P.D. only,02 - Angle,01 - Clear,01 - Daylight,01 - Dry,10 - No control,,2,0,0,0,,0,,,,,359116.7008,5023423.787,45.34865674,-75.8068253,3565
20--4495,5/22/2020,9:01 AM,PORTOBELLO BLVD @ AQUAVIEW DR/NANTES ST (0013016),13016,02 - Intersection related,03 - P.D. only,07 - SMV other,01 - Clear,01 - Daylight,01 - Dry,02 - Stop sign,01 - Functioning,1,0,0,0,,0,,,,,385733.6392,5036025.747,45.45947181,-75.46512548,3566
20--4496,5/23/2020,1:27 PM,CEDARVIEW RD @ WEST HUNT CLUB RD (0010267),10267,03 - At intersection,02 - Non-fatal injury,05 - Turning movement,01 - Clear,01 - Daylight,01 - Dry,01 - Traffic signal,01 - Functioning,2,0,0,0,02 - Minor,1,,1,,,359718.6789,5019554.478,45.31379371,-75.79957289,3567
20--4497,5/23/2020,1:28 AM,MEADOWLILLY @ HATCHLEY RD (0013111),13111,02 - Intersection related,03 - P.D. only,07 - SMV other,01 - Clear,07 - Dark,01 - Dry,02 - Stop sign,01 - Functioning,1,0,0,0,,0,,,,,375717.5236,5020455.098,45.32046366,-75.59541902,3568
20--4498,5/23/2020,1:50 PM,WEST HUNT CLUB RD EB btwn ANTARES DR/LASER ST & PRINCE OF WALES DR (__3ZA3KH),__3ZA3KH,01 - Non intersection,03 - P.D. only,99 - Other,01 - Clear,01 - Daylight,01 - Dry,10 - No control,,2,0,0,0,,0,,,,,367239.7477,5021931.072,45.33454944,-75.70335903,3569
20--4499,5/23/2020,10:08 AM,STRANDHERD DR btwn WOODROFFE AVE & 210 W OF WOODROFFE AVE (__3ZACGCA),__3ZACGCA,04 - At/near private drive,03 - P.D. only,03 - Rear end,01 - Clear,01 - Daylight,01 - Dry,10 - No control,,2,0,0,0,,0,,,,,365997.3058,5015345.479,45.27540234,-75.72002237,3570
20--45,1/2/2020,5:22 PM,MONTREAL RD @ GRANVILLE ST/LAFONTAINE AVE (0009348),9348,03 - At intersection,02 - Non-fatal injury,07 - SMV other,01 - Clear,05 - Dusk,01 - Dry,01 - Traffic signal,01 - Functioning,1,0,0,1,02 - Minor,1,,1,,,370826.711,5033474.584,45.43808545,-75.6560552,3571
20--450,1/11/2020,4:01 PM,PINECREST RD @ RICHMOND RD (0002353),2353,03 - At intersection,03 - P.D. only,05 - Turning movement,02 - Rain,01 - Daylight,02 - Wet,01 - Traffic signal,01 - Functioning,2,0,0,0,,0,,,,,360072.6771,5024471.515,45.3580095,-75.79450918,3572
20--4500,5/23/2020,Unknown,MALAK ST btwn BRADLEY COLE PRIV & HUNT CLUB RD (__3ZA8M1),__3ZA8M1,01 - Non intersection,03 - P.D. only,06 - SMV unattended vehicle,01 - Clear,00 - Unknown,01 - Dry,10 - No control,,1,0,0,0,,0,,,,,374178.621,5025682.354,45.36765021,-75.61431281,3573
20--4501,5/23/2020,12:00 PM,HIGHWAY 417 btwn HWY417 IC124 RAMP67 & HWY417 IC123 RAMP62 (__3ZA2YZ),__3ZA2YZ,01 - Non intersection,03 - P.D. only,07 - SMV other,01 - Clear,01 - Daylight,01 - Dry,10 - No control,,1,0,0,0,,0,,,,,364605.1363,5027776.265,45.38737313,-75.73626249,3574
20--4502,5/23/2020,12:21 PM,MARCH RD @ MORGAN'S GRANT WAY/SHIRLEY'S BROOK  (0002651),2651,03 - At intersection,03 - P.D. only,02 - Angle,01 - Clear,01 - Daylight,01 - Dry,01 - Traffic signal,01 - Functioning,2,0,0,0,,0,,,,,349661.6036,5023617.508,45.35106843,-75.92746436,3575
20--4503,5/23/2020,12:28 PM,BOWESVILLE RD/HIGH RD @ LEITRIM RD (0012439),12439,02 - Intersection related,02 - Non-fatal injury,07 - SMV other,01 - Clear,01 - Daylight,01 - Dry,02 - Stop sign,01 - Functioning,1,0,0,0,02 - Minor,1,,1,,,371674.7356,5019287.479,45.31035449,-75.64713807,3576
20--4504,5/23/2020,2:38 PM,FALLOWFIELD RD @ RICHMOND RD (0000634),634,02 - Intersection related,03 - P.D. only,99 - Other,01 - Clear,01 - Daylight,01 - Dry,01 - Traffic signal,01 - Functioning,2,0,0,0,,0,,,,,357721.637,5013529.411,45.25973262,-75.82568381,3577
20--4505,5/23/2020,2:43 PM,ABBOTT ST @ MOSS HILL TR (0000054),54,03 - At intersection,03 - P.D. only,02 - Angle,01 - Clear,01 - Daylight,01 - Dry,02 - Stop sign,01 - Functioning,2,1,0,0,,0,,,,,350943.6012,5013955.422,45.26404324,-75.91200362,3578
20--4506,5/23/2020,3:31 PM,BANK ST btwn RIDGEMONT AVE & PORTLAND AVE (__3ZA36Z),__3ZA36Z,01 - Non intersection,03 - P.D. only,04 - Sideswipe,01 - Clear,01 - Daylight,01 - Dry,10 - No control,,2,0,0,0,,0,,,,,370098.48,5026574.354,45.37606815,-75.66627624,3579
20--4507,5/23/2020,5:05 AM,HIGHWAY 417 btwn HWY417 IC163 RAMP15 & HWY417 IC155 RAMP51 (__3ZAZNS),__3ZAZNS,01 - Non intersection,03 - P.D. only,07 - SMV other,01 - Clear,07 - Dark,01 - Dry,10 - No control,,1,0,0,0,,0,,,,,335715.0778,5020299.763,45.32196727,-76.10565569,3580
20--4508,5/23/2020,6:12 PM,REGIONAL ROAD 174 btwn OR174 IC112 RAMP26 & OR174 IC112 RAMP61 (__3ZA2XF),__3ZA2XF,01 - Non intersection,02 - Non-fatal injury,03 - Rear end,01 - Clear,01 - Daylight,01 - Dry,10 - No control,,2,0,0,0,01 - Minimal,3,3,,,,375089.5451,5033063.658,45.43397263,-75.60163341,3581
20--4509,5/23/2020,6:27 PM,THIRD AVE btwn LYON ST S & BANK ST (__3ZA92Z),__3ZA92Z,04 - At/near private drive,02 - Non-fatal injury,02 - Angle,01 - Clear,01 - Daylight,01 - Dry,10 - No control,,2,1,0,0,01 - Minimal,1,1,,,,368309.0168,5029535.131,45.40287283,-75.68874053,3582
20--451,1/11/2020,4:10 PM,BELCOURT BLVD btwn JEANNE D'ARC BLVD S & CALLAWAY CRT (__5VHI8R),__5VHI8R,04 - At/near private drive,03 - P.D. only,02 - Angle,02 - Rain,01 - Daylight,02 - Wet,10 - No control,,2,0,0,0,,0,,,,,381893.112,5035830.083,45.45814572,-75.51425634,3583
20--4510,5/23/2020,6:49 AM,BLACKBURN BYPASS @ INNES RD E (0009245),9245,02 - Intersection related,03 - P.D. only,07 - SMV other,01 - Clear,01 - Daylight,01 - Dry,01 - Traffic signal,01 - Functioning,1,0,0,0,,0,,,,,379791.7532,5033781.564,45.43994337,-75.5414336,3584
20--4511,5/23/2020,6:50 PM,WOODROFFE AVE btwn CARLING AVE & FOX CRES (__3ZA4NI),__3ZA4NI,04 - At/near private drive,03 - P.D. only,04 - Sideswipe,01 - Clear,01 - Daylight,01 - Dry,10 - No control,,2,0,0,0,,0,,,,,361788.4554,5025670.758,45.36866283,-75.77247274,3585
20--4512,5/23/2020,7:12 AM,RIVERSIDE DR SB btwn SAN REMO PRIV & TERMINAL AVE (__3ZA253),__3ZA253,01 - Non intersection,03 - P.D. only,04 - Sideswipe,01 - Clear,01 - Daylight,01 - Dry,10 - No control,,2,0,0,0,,0,,,,,370530.2449,5030430.934,45.41072788,-75.66025032,3586
20--4513,5/23/2020,7:50 PM,BASELINE RD @ NAVAHO DR (0003158),3158,02 - Intersection related,03 - P.D. only,04 - Sideswipe,01 - Clear,05 - Dusk,01 - Dry,01 - Traffic signal,01 - Functioning,2,0,0,0,,0,,,,,363085.6841,5024097.495,45.3544001,-75.75609896,3587
20--4514,5/23/2020,9:50 AM,GRANT CARMAN DR @ MEADOWLANDS DR (0001111),1111,03 - At intersection,03 - P.D. only,02 - Angle,01 - Clear,01 - Daylight,01 - Dry,01 - Traffic signal,01 - Functioning,2,0,0,0,,0,,,,,365051.6989,5023901.511,45.35247049,-75.7310328,3588
20--4515,5/24/2020,10:44 PM,RICHMOND RD btwn PERTH ST & CAMBRIAN RD (__3ZAB98),__3ZAB98,01 - Non intersection,02 - Non-fatal injury,07 - SMV other,01 - Clear,07 - Dark,01 - Dry,10 - No control,,1,0,0,0,02 - Minor,1,,1,,,358987.6936,5008212.153,45.2117905,-75.81013233,3589
20--4516,5/24/2020,12:24 PM,BLACKBURN AVE btwn OSGOODE ST & SOMERSET ST E (__3ZA8J3),__3ZA8J3,04 - At/near private drive,03 - P.D. only,02 - Angle,01 - Clear,01 - Daylight,01 - Dry,10 - No control,,2,0,0,0,,0,,,,,369383.1985,5031987.894,45.42484362,-75.67469903,3590
20--4517,5/24/2020,12:31 PM,ROGER STEVENS DR btwn HWY416 IC49 RAMP24 & SECOND LINE RD S (__3ZAZFF),__3ZAZFF,01 - Non intersection,02 - Non-fatal injury,07 - SMV other,01 - Clear,01 - Daylight,01 - Dry,10 - No control,,1,0,0,0,02 - Minor,1,,1,,,369664.9383,5001250.269,45.1482455,-75.67511758,3591
20--4518,5/24/2020,12:51 PM,ST. LAURENT BLVD @ COVENTRY RD/OGILVIE RD (0002151),2151,02 - Intersection related,03 - P.D. only,03 - Rear end,01 - Clear,01 - Daylight,01 - Dry,01 - Traffic signal,01 - Functioning,2,0,0,0,,0,,,,,372305.6977,5031951.572,45.42424089,-75.63736191,3592
20--4519,5/24/2020,2:00 PM,MARCH RD @ TERRY FOX DR (0003173),3173,02 - Intersection related,03 - P.D. only,03 - Rear end,01 - Clear,01 - Daylight,01 - Dry,01 - Traffic signal,01 - Functioning,2,0,0,0,,0,,,,,349864.6145,5023399.514,45.34909385,-75.92489348,3593
20--452,1/11/2020,4:23 AM,SPEEDWAY RD btwn SPRUCE RIDGE RD & END (__7JQ7KY),__7JQ7KY,01 - Non intersection,02 - Non-fatal injury,07 - SMV other,02 - Rain,07 - Dark,02 - Wet,10 - No control,,1,0,0,0,02 - Minor,2,,2,,,344802.9066,5010515.861,45.23346847,-75.99052638,3594
20--4520,5/24/2020,3:15 PM,BRIDGE ST @ LONG ISLAND RD (0008838),8838,03 - At intersection,01 - Fatal injury,02 - Angle,01 - Clear,01 - Daylight,01 - Dry,01 - Traffic signal,01 - Functioning,2,0,0,0,04 - Fatal,2,,1,,1,369059.7121,5010345.402,45.23013892,-75.68164145,3595
20--4521,5/24/2020,3:15 PM,RUSSELL RD btwn SHELLEY AVE & THIRSK ST (__3ZA79M),__3ZA79M,04 - At/near private drive,03 - P.D. only,06 - SMV unattended vehicle,01 - Clear,01 - Daylight,01 - Dry,10 - No control,,1,0,0,0,,0,,,,,372496.5746,5030042.932,45.40704937,-75.6351852,3596
20--4522,5/24/2020,4:33 PM,ST. JOSEPH BLVD @ DUFORD DR/PLACE D'ORLEANS DR (0003629),3629,02 - Intersection related,02 - Non-fatal injury,03 - Rear end,01 - Clear,01 - Daylight,01 - Dry,01 - Traffic signal,01 - Functioning,2,0,0,0,02 - Minor,1,,1,,,381997.668,5037995.685,45.47761842,-75.51257948,3597
20--4523,5/24/2020,5:58 PM,PARKDALE AVE btwn WELLINGTON ST W & GLADSTONE AVE (__3ZA4QM),__3ZA4QM,01 - Non intersection,03 - P.D. only,05 - Turning movement,01 - Clear,01 - Daylight,01 - Dry,10 - No control,,2,0,0,0,,0,,,,,365185.8776,5029190.89,45.4000518,-75.7286737,3598
20--4524,5/24/2020,7:05 PM,AIRPORT PKWY/WALKLEY RD NB OFF RAMP @ WALKLEY RD (0011348),11348,02 - Intersection related,02 - Non-fatal injury,99 - Other,01 - Clear,01 - Daylight,01 - Dry,01 - Traffic signal,01 - Functioning,4,0,0,0,02 - Minor,3,2,1,,,370077.7193,5025791.533,45.36902651,-75.66664474,3599
20--4525,5/24/2020,7:25 PM,AIRPORT PKWY btwn AIRPORT PKWY/HUNT CLUB RAMP 42 & WALKLEY RD NB RAMP (__3ZAZP9),__3ZAZP9,01 - Non intersection,02 - Non-fatal injury,07 - SMV other,01 - Clear,01 - Daylight,01 - Dry,10 - No control,,1,0,1,0,02 - Minor,1,,1,,,370230.689,5025233.689,45.36399294,-75.66476596,3600
20--4526,5/24/2020,7:25 PM,BRONSON AVE @ THIRD AVE (0007716),7716,03 - At intersection,03 - P.D. only,05 - Turning movement,01 - Clear,01 - Daylight,01 - Dry,02 - Stop sign,00 - Unknown,2,0,0,0,,0,,,,,367550.7035,5029087.57,45.39891419,-75.69848316,3601
20--4527,5/24/2020,8:03 PM,STRANDHERD DR @ WOODROFFE AVE (0009688),9688,02 - Intersection related,03 - P.D. only,04 - Sideswipe,01 - Clear,05 - Dusk,01 - Dry,01 - Traffic signal,01 - Functioning,2,0,0,0,,0,,,,,366106.1471,5015395.152,45.27583982,-75.71862915,3602
20--4528,5/24/2020,8:30 PM,BASELINE RD/HERON RD @ PRINCE OF WALES DR (0002345),2345,02 - Intersection related,03 - P.D. only,04 - Sideswipe,01 - Clear,05 - Dusk,01 - Dry,01 - Traffic signal,01 - Functioning,2,0,0,0,,0,,,,,366873.6983,5026438.536,45.37513919,-75.7074629,3603
20--4529,5/24/2020,9:15 AM,INDUSTRIAL AVE btwn RUSSELL RD & ST. LAURENT BLVD (__3ZA3R7),__3ZA3R7,01 - Non intersection,03 - P.D. only,03 - Rear end,01 - Clear,01 - Daylight,01 - Dry,10 - No control,,2,0,0,0,,0,,,,,372691.2369,5030089.708,45.40745139,-75.63269226,3604
20--453,1/11/2020,4:39 AM,ELIZABETH ST btwn OSGOODE MAIN ST & PHILIP ST (__3ZA7F8),__3ZA7F8,01 - Non intersection,02 - Non-fatal injury,07 - SMV other,"07 - Fog, mist, smoke, dust",07 - Dark,03 - Loose snow,10 - No control,,1,0,0,1,03 - Major,1,,,1,,375121.6906,5000976.182,45.14525705,-75.60577119,3605
20--4530,5/24/2020,9:30 AM,MCRAE AVE @ RICHMOND RD (0006867),6867,03 - At intersection,03 - P.D. only,02 - Angle,01 - Clear,01 - Daylight,01 - Dry,01 - Traffic signal,01 - Functioning,2,0,0,0,,0,,,,,363609.6861,5028538.537,45.39431622,-75.74888286,3606
20--4531,5/24/2020,9:46 PM,PARKDALE AVE @ WELLINGTON ST (0002260),2260,03 - At intersection,03 - P.D. only,05 - Turning movement,01 - Clear,07 - Dark,01 - Dry,01 - Traffic signal,01 - Functioning,2,0,0,0,,0,,,,,365149.7018,5029270.555,45.40077173,-75.729126,3607
20--4532,5/25/2020,1:55 AM,SNAKE ISLAND RD btwn MANOTICK STATION RD & STAGECOACH RD (__3ZA2C4),__3ZA2C4,01 - Non intersection,03 - P.D. only,07 - SMV other,01 - Clear,07 - Dark,01 - Dry,10 - No control,,1,0,0,0,,0,,,,,377601.283,5006308.711,45.19298676,-75.57346648,3608
20--4533,5/25/2020,10:22 AM,LIEBE TERR @ STRANDHERD DR (0019085),19085,02 - Intersection related,03 - P.D. only,07 - SMV other,01 - Clear,01 - Daylight,01 - Dry,02 - Stop sign,00 - Unknown,1,0,0,0,,0,,,,,362647.7598,5013682.873,45.26072567,-75.76290333,3609
20--4534,5/25/2020,10:39 PM,STRANDHERD DR btwn LONGFIELDS DR & CLARIDGE DR (__4BRV9S),__4BRV9S,01 - Non intersection,03 - P.D. only,04 - Sideswipe,01 - Clear,07 - Dark,01 - Dry,10 - No control,,2,0,0,0,,0,,,,,364939.1216,5015378.34,45.27578933,-75.73350404,3610
20--4535,5/25/2020,12:45 PM,HAZELDEAN RD btwn KITTIWAKE DR & CARP RD (__3ZA3EI),__3ZA3EI,01 - Non intersection,03 - P.D. only,05 - Turning movement,01 - Clear,01 - Daylight,01 - Dry,10 - No control,,2,0,0,0,,0,,,,,348566.4861,5013998.622,45.2645839,-75.94228932,3611
20--4536,5/25/2020,2:15 PM,KENT ST btwn QUEEN ST & ALBERT ST (__3ZA1XM),__3ZA1XM,01 - Non intersection,03 - P.D. only,04 - Sideswipe,01 - Clear,01 - Daylight,01 - Dry,10 - No control,,2,0,0,0,,0,,,,,367210.286,5031337.851,45.41919199,-75.70254602,3612
20--4537,5/25/2020,2:38 PM,BLACKBURN AVE @ TEMPLETON ST (0007311),7311,03 - At intersection,03 - P.D. only,02 - Angle,01 - Clear,01 - Daylight,01 - Dry,02 - Stop sign,01 - Functioning,2,1,0,0,,0,,,,,369511.7082,5031780.581,45.42296642,-75.67308423,3613
20--4538,5/25/2020,4:00 PM,FOURTH LINE RD btwn POLLOCK RD & PHELAN RD W (__3ZBOC1),__3ZBOC1,01 - Non intersection,03 - P.D. only,99 - Other,01 - Clear,01 - Daylight,01 - Dry,10 - No control,,2,0,0,0,,0,,,,,364693.338,5001301.246,45.14914332,-75.73832909,3614
20--4539,5/25/2020,5:40 PM,BANK ST @ WALKLEY RD (0011423),11423,02 - Intersection related,02 - Non-fatal injury,02 - Angle,01 - Clear,01 - Daylight,01 - Dry,01 - Traffic signal,01 - Functioning,2,1,0,0,01 - Minimal,1,1,,,,370337.8568,5025947.745,45.37040777,-75.66330337,3615
20--454,1/11/2020,4:54 PM,EARL ARMSTRONG RD @ SPRATT RD (0013063),13063,03 - At intersection,02 - Non-fatal injury,05 - Turning movement,02 - Rain,05 - Dusk,02 - Wet,01 - Traffic signal,01 - Functioning,2,0,0,0,02 - Minor,1,,1,,,368396.704,5015011.429,45.27218367,-75.68948714,3616
20--4540,5/25/2020,6:09 PM,CATHERINE ST/HWY 417 O'CONN IC119BR76 @ O'CONN (0001697),1697,02 - Intersection related,03 - P.D. only,04 - Sideswipe,01 - Clear,01 - Daylight,01 - Dry,01 - Traffic signal,01 - Functioning,2,0,0,0,,0,,,,,368243.7178,5030392.556,45.41059359,-75.68946424,3617
20--4541,5/25/2020,9:37 AM,BANTREE ST @ INNES RD (0007684),7684,03 - At intersection,03 - P.D. only,05 - Turning movement,01 - Clear,01 - Daylight,01 - Dry,01 - Traffic signal,01 - Functioning,2,0,0,0,,0,,,,,373705.7165,5030406.564,45.41020317,-75.61968957,3618
20--4542,5/25/2020,9:56 AM,EARL ARMSTRONG RD @ SPRATT RD (0013063),13063,03 - At intersection,03 - P.D. only,02 - Angle,01 - Clear,01 - Daylight,01 - Dry,01 - Traffic signal,01 - Functioning,2,0,0,0,,0,,,,,368396.7006,5015011.436,45.27218374,-75.68948719,3619
20--4543,5/26/2020,Unknown,LANGELIER AVE btwn TRAILSEDGE WAY & TRAILSEDGE WAY (__7YK17W),__7YK17W,01 - Non intersection,03 - P.D. only,06 - SMV unattended vehicle,01 - Clear,00 - Unknown,01 - Dry,10 - No control,,1,0,0,0,,0,,,,,381806.851,5033100.377,45.43359555,-75.51578636,3620
20--4544,5/26/2020,Unknown,MERTON ST btwn LOWREY ST & LADOUCEUR ST (__3ZAAJJ),__3ZAAJJ,01 - Non intersection,03 - P.D. only,06 - SMV unattended vehicle,01 - Clear,00 - Unknown,01 - Dry,10 - No control,,1,0,0,0,,0,,,,,365384.3626,5029827.405,45.40576187,-75.72606043,3621
20--4545,5/26/2020,12:30 PM,MONTREAL RD @ ST. LAURENT BLVD (0002604),2604,03 - At intersection,02 - Non-fatal injury,07 - SMV other,01 - Clear,01 - Daylight,01 - Dry,01 - Traffic signal,01 - Functioning,1,0,0,1,01 - Minimal,1,1,,,,371545.7063,5033817.605,45.44110353,-75.64681959,3622
20--4546,5/26/2020,12:42 PM,BOYD AVE @ DOBBIE ST (0003057),3057,02 - Intersection related,03 - P.D. only,04 - Sideswipe,01 - Clear,01 - Daylight,01 - Dry,03 - Yield sign,01 - Functioning,2,0,0,0,,0,,,,,363492.6816,5026488.529,45.37588038,-75.75062088,3623
20--4547,5/26/2020,12:58 PM,CUMMINGS AVE @ MONTREAL RD (0007748),7748,03 - At intersection,03 - P.D. only,02 - Angle,01 - Clear,01 - Daylight,01 - Dry,01 - Traffic signal,01 - Functioning,2,0,0,0,,0,,,,,372007.6946,5034040.584,45.44306552,-75.64088442,3624
20--4548,5/26/2020,2:10 PM,BELCOURT BLVD @ INNES RD (0004202),4202,02 - Intersection related,03 - P.D. only,04 - Sideswipe,01 - Clear,01 - Daylight,01 - Dry,01 - Traffic signal,01 - Functioning,2,0,0,0,,0,,,,,382121.5783,5035266.61,45.45305082,-75.51142411,3625
20--4549,5/26/2020,2:53 PM,INDUSTRIAL AVE btwn TRAINYARDS DR & RUSSELL RD (__3ZA3R9),__3ZA3R9,04 - At/near private drive,03 - P.D. only,02 - Angle,01 - Clear,01 - Daylight,01 - Dry,10 - No control,,2,0,0,0,,0,,,,,372002.5445,5030464.473,45.41088982,-75.64143819,3626
20--455,1/11/2020,5:20 PM,INNES RD @ JEANNE D'ARC BLVD/MER BLEUE RD (0012475),12475,02 - Intersection related,03 - P.D. only,03 - Rear end,02 - Rain,05 - Dusk,02 - Wet,01 - Traffic signal,01 - Functioning,2,0,0,0,,0,,,,,382637.7545,5035567.557,45.45570118,-75.50477804,3627
20--4550,5/26/2020,3:15 PM,BLAIR RD @ OGILVIE RD (0004120),4120,02 - Intersection related,03 - P.D. only,03 - Rear end,01 - Clear,01 - Daylight,01 - Dry,01 - Traffic signal,01 - Functioning,2,0,0,0,,0,,,,,374507.7097,5033198.581,45.43524483,-75.60904981,3628
20--3745,3/17/2020,7:31 AM,FROBISHER LANE W @ RIVERSIDE DR (0011961),11961,02 - Intersection related,03 - P.D. only,03 - Rear end,02 - Rain,01 - Daylight,04 - Slush,01 - Traffic signal,01 - Functioning,2,0,0,0,,0,,,,,370118.7105,5029601.224,45.40330099,-75.66561732,3629
20--4378,5/15/2020,7:43 AM,IBER RD btwn HARRY DOUGLAS DR & ABBOTT ST E (__3ZAZR8),__3ZAZR8,01 - Non intersection,03 - P.D. only,03 - Rear end,01 - Clear,01 - Daylight,01 - Dry,10 - No control,,2,0,0,0,,0,,,,,351787.2158,5015097.161,45.27426111,-75.90114621,3630
20--3746,3/17/2020,8:00 AM,ST. JOSEPH BLVD btwn OR174 IC101 RAMP45 & SECOND AVE (__3ZA3YR),__3ZA3YR,01 - Non intersection,03 - P.D. only,07 - SMV other,04 - Freezing Rain,01 - Daylight,06 - Ice,10 - No control,,1,0,0,0,,0,,,,,383437.8608,5038984.624,45.48635526,-75.49400273,3631