Anom_ID,Accident_Date,Accident_Time,Location,Geo_ID,Accident_Location,Classification_of_Accident,Initial_Impact_Type,Environment_Condition,Light,Road_Surface_Condition,Traffic_Control,Traffic_Control_Condition,No__of_Vehicles,No__of_Bicycles,No__of_Motorcycles,No__of_Pedestrians,Max_Injury,No__of_Injuries,No__of_Minimal,No__of_Minor,No__of_Major,No__of_Fatal,X,Y,Latitude,Longitude,ObjectId
20--4200,5/1/2020,8:02 PM,HUNT CLUB RD @ RIVERSIDE DR (0002237),2237,02 - Intersection related,02 - Non-fatal injury,03 - Rear end,01 - Clear,05 - Dusk,01 - Dry,01 - Traffic signal,01 - Functioning,2,0,0,0,01 - Minimal,1,1,,,,368036.6976,5021945.486,45.33460777,-75.69319027,3632
20--4379,5/16/2020,1:04 PM,TRIPP CRES btwn LARKIN DR & SHANEL PL (__3ZABLU),__3ZABLU,04 - At/near private drive,03 - P.D. only,06 - SMV unattended vehicle,01 - Clear,01 - Daylight,01 - Dry,10 - No control,,1,0,0,0,,0,,,,,362764.6732,5016396.003,45.28512892,-75.761097,3633
20--4201,5/1/2020,9:16 AM,MERIVALE RD/LOTTA AVE @ CLYDE AVE (0001112),1112,02 - Intersection related,03 - P.D. only,04 - Sideswipe,01 - Clear,01 - Daylight,01 - Dry,01 - Traffic signal,01 - Functioning,2,0,0,0,,0,,,,,364521.6954,5024507.525,45.35796866,-75.7377232,3634
20--438,1/11/2020,11:41 AM,ALERT RD/AIRPORT PKWY/UPLANDS DR RAMP 62 @ LES (0003652),3652,03 - At intersection,02 - Non-fatal injury,05 - Turning movement,02 - Rain,01 - Daylight,02 - Wet,01 - Traffic signal,01 - Functioning,2,0,0,0,02 - Minor,1,,1,,,371306.7067,5021353.784,45.32898149,-75.65155362,3635
20--4202,5/2/2020,1:24 PM,ABBOTT ST W @ WEST RIDGE DR (0009770),9770,03 - At intersection,02 - Non-fatal injury,05 - Turning movement,01 - Clear,01 - Daylight,01 - Dry,02 - Stop sign,01 - Functioning,2,1,0,0,02 - Minor,1,,1,,,349643.1183,5012785.094,45.25359631,-75.92868013,3636
20--4380,5/16/2020,10:46 PM,DUNROBIN RD @ MARCH RD (0003175),3175,02 - Intersection related,03 - P.D. only,03 - Rear end,01 - Clear,07 - Dark,01 - Dry,01 - Traffic signal,01 - Functioning,2,0,0,0,,0,,,,,347174.5994,5026065.533,45.37325106,-75.9589928,3637
20--4203,5/2/2020,10:21 AM,ANTARES DR btwn CAPELLA CRT & AURIGA DR (2) (__3ZA53B),__3ZA53B,04 - At/near private drive,02 - Non-fatal injury,07 - SMV other,01 - Clear,01 - Daylight,01 - Dry,10 - No control,,1,0,1,0,02 - Minor,1,,1,,,366841.5567,5021870.156,45.33403665,-75.70844652,3638
20--4381,5/16/2020,Unknown,CHAPEL ST btwn TEMPLETON ST & MANN AVE (__3ZA9VN),__3ZA9VN,01 - Non intersection,03 - P.D. only,06 - SMV unattended vehicle,01 - Clear,00 - Unknown,01 - Dry,10 - No control,,1,0,0,0,,0,,,,,369521.8664,5031602.033,45.42135898,-75.67297789,3639
20--4204,5/2/2020,10:52 PM,POULIN AVE @ RICHMOND RD (0002748),2748,03 - At intersection,03 - P.D. only,02 - Angle,02 - Rain,07 - Dark,02 - Wet,01 - Traffic signal,01 - Functioning,2,0,0,0,,0,,,,,360325.6834,5024900.512,45.36184961,-75.79123191,3640
20--4382,5/16/2020,12:48 PM,GREENBANK RD @ MEADOWBANK DR (0001123),1123,02 - Intersection related,03 - P.D. only,04 - Sideswipe,01 - Clear,01 - Daylight,01 - Dry,02 - Stop sign,01 - Functioning,2,0,0,0,,0,,,,,360765.6723,5022186.499,45.337394,-75.78592318,3641
20--4205,5/2/2020,12:13 PM,BRIAN COBURN BLVD @ STRASBOURG ST (0013501),13501,02 - Intersection related,02 - Non-fatal injury,03 - Rear end,01 - Clear,01 - Daylight,01 - Dry,11 - Roundabout,01 - Functioning,2,0,0,0,01 - Minimal,1,1,,,,384046.5521,5034850.028,45.44908715,-75.48688377,3642
20--4206,5/2/2020,2:10 PM,REGIONAL RD 174 @ TRIM RD (0012835),12835,02 - Intersection related,03 - P.D. only,03 - Rear end,01 - Clear,01 - Daylight,01 - Dry,01 - Traffic signal,01 - Functioning,2,0,0,0,,0,,,,,384351.839,5039990.347,45.49530021,-75.48214927,3643
20--4207,5/2/2020,2:18 AM,CARLING AVE @ MAITLAND AVE/SHERBOURNE RD (0002641),2641,02 - Intersection related,03 - P.D. only,04 - Sideswipe,01 - Clear,07 - Dark,01 - Dry,01 - Traffic signal,01 - Functioning,2,0,0,0,,0,,,,,362942.6941,5026488.527,45.37592622,-75.75764244,3644
20--4208,5/2/2020,2:30 PM,PATRICIA AVE @ RICHMOND RD (0005608),5608,02 - Intersection related,03 - P.D. only,03 - Rear end,01 - Clear,01 - Daylight,01 - Dry,01 - Traffic signal,01 - Functioning,2,0,0,0,,0,,,,,363953.6803,5028753.558,45.39622197,-75.74446397,3645
20--4209,5/2/2020,4:17 PM,WALKLEY RD @ DON REID DR/RYDER ST (0008218),8218,03 - At intersection,03 - P.D. only,02 - Angle,01 - Clear,01 - Daylight,01 - Dry,01 - Traffic signal,01 - Functioning,2,0,0,0,,0,,,,,372601.7249,5027284.545,45.38222041,-75.63422116,3646
20--421,1/10/2020,7:46 PM,KITCHENER AVE @ BANK ST (0011963),11963,03 - At intersection,02 - Non-fatal injury,07 - SMV other,01 - Clear,07 - Dark,02 - Wet,01 - Traffic signal,01 - Functioning,1,0,0,1,02 - Minor,1,,1,,,370540.88,5025499.975,45.36635987,-75.66077132,3647
20--4210,5/2/2020,7:49 PM,BRONSON AVE @ SUNNYSIDE AVE/UNIVERSITY RD - CA (0007209),7209,02 - Intersection related,03 - P.D. only,03 - Rear end,01 - Clear,01 - Daylight,01 - Dry,01 - Traffic signal,01 - Functioning,2,0,0,0,,0,,,,,367922.7083,5028091.542,45.38991878,-75.69385944,3648
20--4211,5/2/2020,8:29 AM,AUGUSTA ST btwn RIDEAU ST & END (__3ZA7BV),__3ZA7BV,04 - At/near private drive,03 - P.D. only,07 - SMV other,01 - Clear,01 - Daylight,02 - Wet,10 - No control,,1,0,0,0,,0,,,,,368978.5089,5032776.001,45.43197196,-75.67976727,3649
20--4212,5/2/2020,8:41 PM,INNES RD @ JEANNE D'ARC BLVD/MER BLEUE RD (0012475),12475,03 - At intersection,03 - P.D. only,05 - Turning movement,01 - Clear,07 - Dark,01 - Dry,01 - Traffic signal,01 - Functioning,2,0,0,0,,0,,,,,382637.7556,5035567.543,45.45570105,-75.50477803,3650
20--4213,5/2/2020,9:31 AM,INNES RD @ STAR TOP RD/WINDMILL LANE (0008734),8734,03 - At intersection,02 - Non-fatal injury,02 - Angle,01 - Clear,01 - Daylight,01 - Dry,01 - Traffic signal,01 - Functioning,2,0,0,0,02 - Minor,2,,2,,,374147.7178,5030666.549,45.41249872,-75.61400685,3651
20--4214,5/3/2020,10:00 AM,MADELEINE MEILLEUR PRIV @ VANIER PKWY (0013514),13514,02 - Intersection related,03 - P.D. only,03 - Rear end,01 - Clear,01 - Daylight,01 - Dry,01 - Traffic signal,01 - Functioning,2,0,0,0,,0,,,,,369654.8152,5033359.306,45.43715791,-75.67104781,3652
20--4215,5/3/2020,Unknown,BIRCHVIEW RD btwn ANDOVER PL & ANDOVER PL (__3ZAAS8),__3ZAAS8,01 - Non intersection,03 - P.D. only,06 - SMV unattended vehicle,01 - Clear,00 - Unknown,01 - Dry,10 - No control,,1,0,0,0,,0,,,,,362996.1617,5023033.314,45.34483212,-75.75736668,3653
20--4216,5/3/2020,2:10 PM,RAVEN AVE @ KIRKWOOD AVE (0006712),6712,03 - At intersection,03 - P.D. only,02 - Angle,01 - Clear,01 - Daylight,01 - Dry,02 - Stop sign,01 - Functioning,2,0,0,0,,0,,,,,364690.6945,5026773.545,45.37834353,-75.73529162,3654
20--4217,5/3/2020,4:20 PM,LONGFIELDS DR @ PORTRUSH AVE (0010988),10988,02 - Intersection related,03 - P.D. only,03 - Rear end,01 - Clear,01 - Daylight,01 - Dry,02 - Stop sign,01 - Functioning,2,0,0,0,,0,,,,,364436.2349,5015358.912,45.27565735,-75.73991529,3655
20--4218,5/3/2020,5:48 PM,HAZELDEAN RD btwn 246 E OF CASTLEFRANK RD & IRWIN GT (__3ZA41NB),__3ZA41NB,04 - At/near private drive,03 - P.D. only,07 - SMV other,01 - Clear,01 - Daylight,01 - Dry,10 - No control,,1,0,0,0,,0,,,,,352987.9985,5017956.34,45.29990747,-75.88556536,3656
20--4286,5/9/2020,4:20 PM,HIGHWAY 417 btwn HIGHWAY 417 & HWY417 IC140 RAMP51 (__3ZA20L),__3ZA20L,01 - Non intersection,03 - P.D. only,03 - Rear end,01 - Clear,01 - Daylight,01 - Dry,10 - No control,,2,0,0,0,,0,,,,,350331.7749,5018203.459,45.30230829,-75.91940979,3657
20--4219,5/3/2020,6:07 PM,BASELINE RD @ CLYDE AVE (0002343),2343,02 - Intersection related,02 - Non-fatal injury,03 - Rear end,01 - Clear,01 - Daylight,01 - Dry,01 - Traffic signal,01 - Functioning,2,0,0,0,01 - Minimal,1,1,,,,364358.7072,5024890.518,45.36142864,-75.73975722,3658
20--422,1/10/2020,8:20 AM,HAWTHORNE RD/RUSSELL RD @ WALKLEY RD (0002618),2618,02 - Intersection related,03 - P.D. only,03 - Rear end,01 - Clear,01 - Daylight,01 - Dry,01 - Traffic signal,01 - Functioning,2,0,0,0,,0,,,,,374674.7472,5028499.542,45.39294866,-75.60758133,3659
20--4220,5/3/2020,6:30 AM,CANAAN RD btwn ETIENNE RD & COLONIAL RD (__3ZA5EF),__3ZA5EF,01 - Non intersection,03 - P.D. only,07 - SMV other,01 - Clear,01 - Daylight,01 - Dry,10 - No control,,1,0,0,0,,0,,,,,398235.641,5037736.586,45.47330342,-75.3049735,3660
20--4221,5/3/2020,6:30 PM,CARLING AVE @ RICHMOND RD (0010847),10847,03 - At intersection,02 - Non-fatal injury,03 - Rear end,01 - Clear,01 - Daylight,01 - Dry,01 - Traffic signal,01 - Functioning,2,0,0,0,01 - Minimal,1,1,,,,360245.6713,5024781.502,45.36078509,-75.79226651,3661
20--4222,5/3/2020,8:07 AM,HIGHWAY 417 btwn HWY417 IC122 RAMP61 & HWY417 IC121B RAMP16 (__3ZA2Y4),__3ZA2Y4,01 - Non intersection,03 - P.D. only,04 - Sideswipe,01 - Clear,01 - Daylight,01 - Dry,10 - No control,,2,0,0,0,,0,,,,,365698.7831,5029142.057,45.39956799,-75.72212885,3662
20--4223,5/4/2020,11:43 AM,STRANDHERD DR btwn ANDORA AVE & JOCKVALE RD (__3ZAZMN),__3ZAZMN,01 - Non intersection,03 - P.D. only,04 - Sideswipe,01 - Clear,01 - Daylight,01 - Dry,10 - No control,,2,0,0,0,,0,,,,,363458.0568,5014516.637,45.26816082,-75.75248093,3663
20--4224,5/4/2020,11:51 AM,MARCH RD btwn HALTON TERR/MAXWELL BRIDGE RD & KLONDIKE RD (__3ZA3CG),__3ZA3CG,01 - Non intersection,03 - P.D. only,03 - Rear end,01 - Clear,01 - Daylight,01 - Dry,10 - No control,,2,0,0,0,,0,,,,,348975.7485,5024375.399,45.35793164,-75.93614928,3664
20--4225,5/4/2020,12:46 AM,LANCASTER RD btwn SHELBOURN LANE & DELRIDGE LANE (__3ZA78H),__3ZA78H,01 - Non intersection,03 - P.D. only,07 - SMV other,01 - Clear,07 - Dark,01 - Dry,10 - No control,,1,0,0,0,,0,,,,,373954.7241,5029521.97,45.40221946,-75.6166328,3665
20--4226,5/4/2020,12:49 PM,GREENLAND RD btwn VANCES SIDE RD & Continuation of GREENLAND RD (__3ZA1PA),__3ZA1PA,01 - Non intersection,03 - P.D. only,07 - SMV other,01 - Clear,01 - Daylight,01 - Dry,10 - No control,,1,0,0,0,,0,,,,,342525.6911,5035405.856,45.45756332,-76.01762931,3666
20--4227,5/4/2020,2:15 PM,BANK ST @ OSSINGTON AVE (0007228),7228,02 - Intersection related,03 - P.D. only,03 - Rear end,01 - Clear,01 - Daylight,01 - Dry,10 - No control,,2,0,0,0,,0,,,,,368890.7176,5028320.556,45.39189146,-75.6814685,3667
20--4228,5/4/2020,3:18 PM,WEST HUNT CLUB RD @ 354 E OF WOODROFFE AVE/REC (0004605),4605,02 - Intersection related,03 - P.D. only,03 - Rear end,01 - Clear,01 - Daylight,01 - Dry,13 - MPS,01 - Functioning,3,0,0,0,,0,,,,,363982.6752,5021424.488,45.33027351,-75.74497142,3668
20--4229,5/4/2020,4:25 PM,TRAILWAY CIRC btwn ELDERWOOD TR & SHADY BRANCH TR (__3ZACQS),__3ZACQS,01 - Non intersection,02 - Non-fatal injury,04 - Sideswipe,01 - Clear,01 - Daylight,01 - Dry,10 - No control,,2,0,0,0,02 - Minor,1,,1,,,350782.6072,5014392.483,45.26798661,-75.91401456,3669
20--423,1/10/2020,8:35 AM,HIGHWAY 417 btwn HWY417 IC126 RAMP51 & HWY417 IC126 RAMP25 (__3ZA2RD),__3ZA2RD,01 - Non intersection,03 - P.D. only,04 - Sideswipe,01 - Clear,01 - Daylight,01 - Dry,10 - No control,,2,0,0,0,,0,,,,,363332.8936,5026051.477,45.37196121,-75.75271265,3670
20--4230,5/4/2020,4:30 PM,HALKIRK AVE btwn KINCARDINE DR & NAIRN ST (__3ZAZ86),__3ZAZ86,04 - At/near private drive,03 - P.D. only,06 - SMV unattended vehicle,01 - Clear,01 - Daylight,01 - Dry,10 - No control,,1,0,0,0,,0,,,,,352336.1204,5016975.242,45.29112371,-75.89397089,3671
20--4231,5/4/2020,4:47 PM,LIMEBANK RD/RIVERSIDE DR @ RIVER RD (0013336),13336,03 - At intersection,02 - Non-fatal injury,02 - Angle,01 - Clear,01 - Daylight,01 - Dry,01 - Traffic signal,01 - Functioning,2,0,0,0,01 - Minimal,1,1,,,,368403.9892,5020477.33,45.32136439,-75.68869324,3672
20--3747,3/17/2020,8:00 AM,HIGHWAY 417 btwn HWY417 IC118 RAMP35 & HWY417 IC117 RAMP51 (__3ZA2YP),__3ZA2YP,01 - Non intersection,03 - P.D. only,99 - Other,04 - Freezing Rain,01 - Daylight,04 - Slush,10 - No control,,2,0,0,0,,0,,,,,369801.0019,5031136.573,45.41714507,-75.66947285,3673
20--4232,5/4/2020,5:41 PM,EARL ARMSTRONG RD @ BOWESVILLE RD (0009411),9411,03 - At intersection,03 - P.D. only,02 - Angle,01 - Clear,01 - Daylight,01 - Dry,02 - Stop sign,01 - Functioning,2,0,0,0,,0,,,,,372560.7521,5017440.461,45.2936506,-75.63609233,3674
20--4233,5/4/2020,5:56 PM,BANK ST btwn ALTA VISTA DR & WALKLEY RD (__3ZA4TX),__3ZA4TX,01 - Non intersection,03 - P.D. only,07 - SMV other,01 - Clear,01 - Daylight,01 - Dry,10 - No control,,1,0,0,0,,0,,,,,370299.7347,5026061.797,45.37143754,-75.66377489,3675
20--4234,5/4/2020,6:23 PM,DONALD ST @ VANIER PKWY (0007644),7644,03 - At intersection,02 - Non-fatal injury,02 - Angle,01 - Clear,01 - Daylight,01 - Dry,01 - Traffic signal,01 - Functioning,2,0,0,0,02 - Minor,1,,1,,,370311.7065,5032270.586,45.42730083,-75.6627974,3676
20--4235,5/4/2020,6:40 AM,HWY 417 TERRYFO IC140R52 @ TERRY FOX DR (0003180),3180,02 - Intersection related,02 - Non-fatal injury,03 - Rear end,01 - Clear,01 - Daylight,01 - Dry,01 - Traffic signal,01 - Functioning,2,0,0,0,01 - Minimal,1,1,,,,351052.6107,5018433.462,45.30433083,-75.91019721,3677
20--4236,5/4/2020,7:15 PM,INNES RD @ LANTHIER DR/PRESTWICK DR (0004251),4251,02 - Intersection related,03 - P.D. only,04 - Sideswipe,01 - Clear,01 - Daylight,01 - Dry,01 - Traffic signal,00 - Unknown,2,0,0,0,,0,,,,,383540.7607,5035988.557,45.45938779,-75.4931667,3678
20--4237,5/4/2020,8:10 AM,ST. JOSEPH BLVD @ JEANNE D'ARC BLVD (0012421),12421,03 - At intersection,03 - P.D. only,04 - Sideswipe,01 - Clear,01 - Daylight,01 - Dry,11 - Roundabout,00 - Unknown,2,0,0,0,,0,,,,,379860.7421,5036471.585,45.46413875,-75.54014139,3679
20--4238,5/4/2020,9:22 PM,RENAUD RD @ NAVAN RD (0003685),3685,03 - At intersection,03 - P.D. only,07 - SMV other,01 - Clear,07 - Dark,01 - Dry,01 - Traffic signal,01 - Functioning,1,0,0,0,,0,,,,,381816.7672,5032736.554,45.43032106,-75.51571655,3680
20--4239,5/5/2020,1:04 PM,CARLING AVE @ HARE AVE (0002141),2141,03 - At intersection,03 - P.D. only,02 - Angle,01 - Clear,01 - Daylight,01 - Dry,02 - Stop sign,01 - Functioning,2,0,0,0,,0,,,,,362380.69,5026133.535,45.37277845,-75.76485882,3681
20--424,1/10/2020,8:47 AM,PATTERSON AVE btwn BANK ST & ALLAN PL (__3ZA95B),__3ZA95B,01 - Non intersection,03 - P.D. only,06 - SMV unattended vehicle,01 - Clear,01 - Daylight,02 - Wet,10 - No control,,1,0,0,0,,0,,,,,368165.6367,5029990.094,45.40697944,-75.69051341,3682
20--4240,5/5/2020,1:52 PM,TENTH LINE RD btwn DES EPINETTES AVE & INNES RD (__3ZA3Y8),__3ZA3Y8,01 - Non intersection,03 - P.D. only,03 - Rear end,01 - Clear,01 - Daylight,01 - Dry,10 - No control,,3,0,0,0,,0,,,,,383943.3854,5036179.379,45.46105914,-75.48798856,3683
20--4241,5/5/2020,12:30 AM,CARLING AVE btwn JAMES CUMMINGS AVE & ULLSWATER DR (__3ZBOCQ),__3ZBOCQ,01 - Non intersection,03 - P.D. only,07 - SMV other,01 - Clear,07 - Dark,01 - Dry,10 - No control,,1,0,0,0,,0,,,,,356413.2769,5023812.277,45.35235657,-75.84128274,3684
20--4242,5/5/2020,2:20 PM,HUNT CLUB RD EB btwn 275 E OF HAWTHORNE RD/OC TRANSPO TURNAROUND & HAWTHORNE RD (e___2HF3A),e___2HF3A,01 - Non intersection,02 - Non-fatal injury,03 - Rear end,01 - Clear,01 - Daylight,01 - Dry,10 - No control,,2,0,0,0,01 - Minimal,1,1,,,,375530.016,5026412.85,45.37408779,-75.59695844,3685
20--4243,5/5/2020,3:18 PM,BANK ST @ RIVERSIDE DR S (0002704),2704,03 - At intersection,03 - P.D. only,02 - Angle,01 - Clear,01 - Daylight,01 - Dry,01 - Traffic signal,01 - Functioning,2,0,0,0,,0,,,,,369304.7128,5027894.547,45.38802036,-75.67623741,3686
20--4244,5/5/2020,4:45 PM,BRONSON AVE btwn BREWER WAY & RIVERSIDE DR RAMPS 34B & 42A-3 (__3ZA3BR),__3ZA3BR,01 - Non intersection,03 - P.D. only,04 - Sideswipe,01 - Clear,01 - Daylight,01 - Dry,10 - No control,,2,0,0,0,,0,,,,,368130.9912,5027726.217,45.38661289,-75.6912466,3687
20--4245,5/5/2020,6:37 AM,JOHNSTON RD btwn BASLAW DR & CELLINI CRT (2) (__3ZA46Y),__3ZA46Y,01 - Non intersection,03 - P.D. only,06 - SMV unattended vehicle,01 - Clear,01 - Daylight,01 - Dry,10 - No control,,1,0,0,0,,0,,,,,374341.2665,5026534.637,45.37530256,-75.61211674,3688
20--4246,5/5/2020,6:42 AM,ProposedCANYON WALK DR @ EARL ARMSTRONG RD (0013180),13180,03 - At intersection,03 - P.D. only,03 - Rear end,01 - Clear,01 - Daylight,01 - Dry,01 - Traffic signal,01 - Functioning,2,0,0,0,,0,,,,,369397.0836,5015630.143,45.27765959,-75.67665854,3689
20--4247,5/6/2020,1:53 AM,CLARIDGE DR btwn BEATRICE DR & SLEAFORD GT (__31EM6X),__31EM6X,01 - Non intersection,02 - Non-fatal injury,06 - SMV unattended vehicle,01 - Clear,07 - Dark,01 - Dry,10 - No control,,1,0,0,0,02 - Minor,2,,2,,,365181.0963,5016527.163,45.28610566,-75.73028049,3690
20--4248,5/6/2020,11:00 AM,CATHERINE ST/HWY 417 O'CONN IC119BR76 @ O'CONN (0001697),1697,03 - At intersection,03 - P.D. only,02 - Angle,01 - Clear,01 - Daylight,01 - Dry,01 - Traffic signal,01 - Functioning,2,0,0,0,,0,,,,,368243.7132,5030392.569,45.4105937,-75.6894643,3691
20--4249,5/6/2020,11:10 PM,PRINCE OF WALES DR btwn NATIONAL CAPITAL COMM DRWY & SIR JOHN A CARLIN (__3ZA308B),__3ZA308B,01 - Non intersection,03 - P.D. only,07 - SMV other,01 - Clear,07 - Dark,01 - Dry,10 - No control,,1,0,0,0,,0,,,,,366853.2324,5028170.327,45.39072324,-75.70750649,3692
20--425,1/10/2020,8:52 AM,CENTREPOINTE DR btwn Continuation of CENTREPOINTE DR & HEMMINGWOOD WAY (__3ZAA3T),__3ZAA3T,01 - Non intersection,03 - P.D. only,03 - Rear end,01 - Clear,01 - Daylight,01 - Dry,10 - No control,,2,0,0,0,,0,,,,,362255.9511,5023279.057,45.34710433,-75.76678307,3693
20--4250,5/6/2020,Unknown,LANGEVIN AVE btwn PUTMAN AVE & END (__3ZA8BJ),__3ZA8BJ,01 - Non intersection,03 - P.D. only,06 - SMV unattended vehicle,01 - Clear,00 - Unknown,01 - Dry,10 - No control,,1,0,0,0,,0,,,,,369333.0355,5033967.51,45.44266006,-75.67508052,3694
20--4251,5/6/2020,2:19 PM,LORNE GREENE WAY btwn HOWE ST & DON ST (__3ZAZ4A),__3ZAZ4A,01 - Non intersection,03 - P.D. only,06 - SMV unattended vehicle,01 - Clear,01 - Daylight,01 - Dry,10 - No control,,1,0,0,0,,0,,,,,359854.5867,5025077.393,45.36347833,-75.79722515,3695
20--4252,5/6/2020,2:37 PM,BASELINE RD @ ERINDALE DR (0003209),3209,02 - Intersection related,03 - P.D. only,04 - Sideswipe,01 - Clear,01 - Daylight,01 - Dry,02 - Stop sign,01 - Functioning,2,0,0,0,,0,,,,,363857.6784,5024575.515,45.35863667,-75.74618973,3696
20--4253,5/6/2020,4:59 PM,AMIENS ST @ TENTH LINE RD (0004168),4168,02 - Intersection related,02 - Non-fatal injury,03 - Rear end,01 - Clear,01 - Daylight,01 - Dry,01 - Traffic signal,01 - Functioning,2,0,0,0,01 - Minimal,2,2,,,,383352.7261,5037568.219,45.47362134,-75.49531821,3697
20--4254,5/6/2020,5:05 PM,FALLOWFIELD RD @ RICHMOND RD (0000634),634,03 - At intersection,02 - Non-fatal injury,05 - Turning movement,01 - Clear,01 - Daylight,01 - Dry,01 - Traffic signal,01 - Functioning,2,0,0,0,02 - Minor,1,,1,,,357721.6356,5013529.412,45.25973263,-75.82568382,3698
20--4255,5/7/2020,1:12 AM,TREMBLAY RD btwn RIVERSIDE DR & TRAIN STATION (__3ZBN0PA),__3ZBN0PA,01 - Non intersection,03 - P.D. only,07 - SMV other,01 - Clear,07 - Dark,01 - Dry,10 - No control,,1,0,0,0,,0,,,,,370857.0986,5031017.51,45.41597488,-75.65599637,3699
20--4256,5/7/2020,10:07 AM,FALLOWFIELD RD @ RICHMOND RD (0000634),634,03 - At intersection,03 - P.D. only,02 - Angle,01 - Clear,01 - Daylight,01 - Dry,01 - Traffic signal,01 - Functioning,2,0,0,0,,0,,,,,357721.6311,5013529.405,45.25973257,-75.82568388,3700
20--4257,5/7/2020,10:10 PM,LAURIER AVE @ NICHOLAS ST (0010711),10711,03 - At intersection,03 - P.D. only,05 - Turning movement,01 - Clear,07 - Dark,01 - Dry,01 - Traffic signal,01 - Functioning,2,0,0,0,,0,,,,,368373.641,5031798.259,45.42322984,-75.6876232,3701
20--4258,5/7/2020,10:24 AM,KEYWORTH AVE btwn PONTIAC ST & CLEARVIEW AVE (__3ZAAIK),__3ZAAIK,04 - At/near private drive,03 - P.D. only,07 - SMV other,01 - Clear,01 - Daylight,01 - Dry,10 - No control,,1,0,0,0,,0,,,,,363746.5888,5029619.815,45.40403385,-75.74700527,3702
20--4259,5/7/2020,10:24 AM,ISLAND PARK DR @ SCOTT ST (0002126),2126,02 - Intersection related,03 - P.D. only,03 - Rear end,01 - Clear,01 - Daylight,01 - Dry,01 - Traffic signal,01 - Functioning,2,0,0,0,,0,,,,,363833.6703,5029040.549,45.39881439,-75.74596231,3703
20--426,1/10/2020,8:54 PM,CUMMINGS AVE @ DONALD ST (0009936),9936,03 - At intersection,02 - Non-fatal injury,07 - SMV other,03 - Snow,07 - Dark,02 - Wet,01 - Traffic signal,01 - Functioning,1,0,0,1,02 - Minor,1,,1,,,372650.7112,5032411.574,45.42834638,-75.6328902,3704
20--4260,5/7/2020,12:53 PM,BRIAN COBURN BLVD @ MER BLEUE RD (0014363),14363,03 - At intersection,03 - P.D. only,04 - Sideswipe,01 - Clear,01 - Daylight,01 - Dry,11 - Roundabout,01 - Functioning,2,0,0,0,,0,,,,,383150.8189,5034441.164,45.44550953,-75.49839849,3705
20--4261,5/7/2020,3:15 PM,HIGHWAY 417 btwn HWY417 IC126 RAMP61 & HWY417 IC124 RAMP76 (__3ZA2Y2),__3ZA2Y2,01 - Non intersection,03 - P.D. only,03 - Rear end,01 - Clear,01 - Daylight,01 - Dry,10 - No control,,3,0,0,0,,0,,,,,364111.4306,5027125.966,45.38156384,-75.74264491,3706
20--4262,5/7/2020,4:49 PM,KENT ST btwn FLORENCE ST & GLADSTONE AVE (__3ZA3P0),__3ZA3P0,01 - Non intersection,03 - P.D. only,04 - Sideswipe,01 - Clear,01 - Daylight,01 - Dry,10 - No control,,2,0,0,0,,0,,,,,367742.4771,5030463.218,45.41127464,-75.69585827,3707
20--4263,5/7/2020,5:59 PM,DALY AVE @ NICHOLAS ST (0011451),11451,03 - At intersection,03 - P.D. only,02 - Angle,01 - Clear,01 - Daylight,01 - Dry,01 - Traffic signal,01 - Functioning,2,0,0,0,,0,,,,,368227.6976,5032046.574,45.42547734,-75.68945598,3708
20--4264,5/7/2020,6:00 PM,RIVER RD @ 175 N OF EARL ARMSTRONG/LOBLAWS SC (0012471),12471,03 - At intersection,03 - P.D. only,02 - Angle,01 - Clear,01 - Daylight,01 - Dry,01 - Traffic signal,01 - Functioning,2,0,0,0,,0,,,,,367639.9317,5014847.037,45.27077252,-75.69915174,3709
20--4265,5/7/2020,6:10 AM,LANCASTER RD @ WALKLEY RD (0003130),3130,03 - At intersection,03 - P.D. only,05 - Turning movement,01 - Clear,01 - Daylight,01 - Dry,01 - Traffic signal,01 - Functioning,2,0,0,0,,0,,,,,374908.7384,5028602.548,45.39385207,-75.6045786,3710
20--4266,5/7/2020,8:00 PM,HIGHWAY 417 btwn HWY417 IC134 RAMP61 & HWY417 IC131 RAMP66 (__3ZA297),__3ZA297,01 - Non intersection,03 - P.D. only,07 - SMV other,01 - Clear,05 - Dusk,01 - Dry,10 - No control,,1,0,0,0,,0,,,,,357432.8763,5022698.354,45.34225764,-75.82838948,3711
20--4267,5/7/2020,9:13 AM,CATHERINE ST @ METCALFE ST (0011239),11239,03 - At intersection,03 - P.D. only,02 - Angle,01 - Clear,01 - Daylight,01 - Dry,01 - Traffic signal,01 - Functioning,2,0,0,0,,0,,,,,368393.6983,5030486.574,45.41142592,-75.68753621,3712
20--4268,5/7/2020,9:30 AM,ALPINE AVE @ CARLING AVE (0011382),11382,02 - Intersection related,03 - P.D. only,03 - Rear end,01 - Clear,01 - Daylight,01 - Dry,01 - Traffic signal,01 - Functioning,2,0,0,0,,0,,,,,360496.6735,5024942.509,45.36221393,-75.78904471,3713
20--4269,5/7/2020,9:59 AM,GLADSTONE AVE @ ROSEMOUNT AVE (0006156),6156,03 - At intersection,02 - Non-fatal injury,02 - Angle,01 - Clear,01 - Daylight,01 - Dry,02 - Stop sign,01 - Functioning,2,0,0,0,01 - Minimal,2,2,,,,365453.6927,5029222.562,45.40031363,-75.72524924,3714