Anom_ID,Accident_Date,Accident_Time,Location,Geo_ID,Accident_Location,Classification_of_Accident,Initial_Impact_Type,Environment_Condition,Light,Road_Surface_Condition,Traffic_Control,Traffic_Control_Condition,No__of_Vehicles,No__of_Bicycles,No__of_Motorcycles,No__of_Pedestrians,Max_Injury,No__of_Injuries,No__of_Minimal,No__of_Minor,No__of_Major,No__of_Fatal,X,Y,Latitude,Longitude,ObjectId
20--427,1/10/2020,8:59 AM,FISHER AVE @ MEADOWLANDS DR (0002120),2120,03 - At intersection,03 - P.D. only,05 - Turning movement,01 - Clear,01 - Daylight,01 - Dry,01 - Traffic signal,01 - Functioning,2,0,0,0,,0,,,,,366575.0699,5025045.446,45.36263085,-75.71144953,3715
20--4270,5/8/2020,10:48 AM,CARLING AVE @ PRESTON ST (0002161),2161,03 - At intersection,02 - Non-fatal injury,02 - Angle,01 - Clear,01 - Daylight,01 - Dry,01 - Traffic signal,01 - Functioning,2,0,0,0,01 - Minimal,2,2,,,,366829.7123,5028935.552,45.39761062,-75.70771063,3716
20--4271,5/8/2020,11:05 PM,ARCHIBALD ST @ CARLING AVE (0006989),6989,02 - Intersection related,03 - P.D. only,07 - SMV other,01 - Clear,07 - Dark,01 - Dry,02 - Stop sign,01 - Functioning,1,0,0,0,,0,,,,,364637.8421,5027537.598,45.38522286,-75.73587379,3717
20--4272,5/8/2020,11:20 AM,STRANDHERD DR @ CLARIDGE DR (0010893),10893,02 - Intersection related,03 - P.D. only,03 - Rear end,01 - Clear,01 - Daylight,01 - Dry,01 - Traffic signal,01 - Functioning,2,0,0,0,,0,,,,,364949.0241,5015381.097,45.27581329,-75.7333775,3718
20--4273,5/8/2020,Unknown,KEENAN AVE btwn GAINSBOROUGH AVE & WINDERMERE AVE (__3ZBOPK),__3ZBOPK,01 - Non intersection,03 - P.D. only,06 - SMV unattended vehicle,01 - Clear,00 - Unknown,01 - Dry,10 - No control,,1,0,0,0,,0,,,,,362390.8949,5027097.32,45.38144964,-75.76461614,3719
20--4274,5/8/2020,12:57 PM,CARLING AVE @ IROQUOIS RD (0003145),3145,03 - At intersection,02 - Non-fatal injury,02 - Angle,01 - Clear,01 - Daylight,01 - Dry,01 - Traffic signal,01 - Functioning,2,0,0,0,02 - Minor,1,,1,,,362213.688,5026025.526,45.3718203,-75.76700333,3720
20--4275,5/8/2020,3:40 PM,HOPEWELL AVE btwn GROSVENOR AVE & BANK ST (__3ZA9HB),__3ZA9HB,04 - At/near private drive,03 - P.D. only,02 - Angle,01 - Clear,01 - Daylight,01 - Dry,10 - No control,,2,0,0,0,,0,,,,,368621.5179,5028418.644,45.39279861,-75.68489353,3721
20--4276,5/8/2020,4:40 PM,HIGHWAY 417 btwn HWY417 IC127 RAMP25 & HWY417 IC126 RAMP51 (__3ZA2XA),__3ZA2XA,01 - Non intersection,02 - Non-fatal injury,03 - Rear end,01 - Clear,01 - Daylight,01 - Dry,10 - No control,,2,0,0,0,02 - Minor,2,,2,,,362520.1762,5025137.531,45.36380503,-75.76319449,3722
20--4277,5/8/2020,5:25 AM,DWYER HILL RD btwn O'NEIL RD & ROGER STEVENS DR (__3ZA429),__3ZA429,01 - Non intersection,03 - P.D. only,07 - SMV other,01 - Clear,03 - Dawn,01 - Dry,10 - No control,,1,0,0,0,,0,,,,,354045.4591,4989664.269,45.04525036,-75.87487414,3723
20--4278,5/8/2020,5:30 PM,CARLING AVE @ CROYDON AVE (0002642),2642,02 - Intersection related,03 - P.D. only,03 - Rear end,01 - Clear,01 - Daylight,01 - Dry,01 - Traffic signal,01 - Functioning,2,0,0,0,,0,,,,,360658.6695,5025042.508,45.36310083,-75.78696573,3724
20--4279,5/8/2020,6:35 AM,BREN-MAUR RD btwn TEMAGAMI DR & EISENHOWER CRES (__3ZAA7E),__3ZAA7E,01 - Non intersection,02 - Non-fatal injury,07 - SMV other,01 - Clear,01 - Daylight,01 - Dry,10 - No control,,1,0,0,0,03 - Major,2,,1,1,,365813.8843,5014377.901,45.26671205,-75.72247881,3725
20--428,1/10/2020,9:00 AM,CENTREPOINTE DR @ CONSTELLATION CRES S (0010246),10246,03 - At intersection,03 - P.D. only,02 - Angle,01 - Clear,01 - Daylight,01 - Dry,02 - Stop sign,01 - Functioning,2,0,0,0,,0,,,,,362377.0342,5023120.738,45.34566985,-75.76525645,3726
20--4280,5/8/2020,9:09 PM,HIGHWAY 417 btwn HWY417 IC118 RAMP35 & HWY417 IC117 RAMP51 (__3ZA2YP),__3ZA2YP,01 - Non intersection,03 - P.D. only,04 - Sideswipe,01 - Clear,07 - Dark,01 - Dry,10 - No control,,2,0,0,0,,0,,,,,370193.6692,5031101.122,45.4167895,-75.66446093,3727
20--4383,5/16/2020,2:39 AM,BERRIGAN DR btwn PLUMAS GT & WANSTEAD GT (__4O3JOK),__4O3JOK,01 - Non intersection,03 - P.D. only,06 - SMV unattended vehicle,01 - Clear,07 - Dark,01 - Dry,10 - No control,,1,0,0,0,,0,,,,,364919.6732,5015926.661,45.28072477,-75.73368548,3728
20--4384,5/16/2020,3:09 PM,BOOTH ST @ SIR JOHN A. MACDONALD PKWY/WELLINGTON ST (0012252),12252,03 - At intersection,03 - P.D. only,05 - Turning movement,01 - Clear,01 - Daylight,01 - Dry,01 - Traffic signal,01 - Functioning,2,0,0,0,,0,,,,,366264.2559,5031006.684,45.41629599,-75.71467417,3729
20--4385,5/16/2020,3:13 PM,KING EDWARD AVE @ STEWART ST (0007754),7754,02 - Intersection related,03 - P.D. only,04 - Sideswipe,01 - Clear,01 - Daylight,01 - Dry,01 - Traffic signal,01 - Functioning,2,0,0,0,,0,,,,,368634.7122,5032205.577,45.42687096,-75.68423465,3730
20--4386,5/16/2020,3:20 PM,MCARTHUR AVE btwn VANIER PKWY & ENFIELD AVE (__3ZA3WV),__3ZA3WV,01 - Non intersection,03 - P.D. only,05 - Turning movement,01 - Clear,01 - Daylight,01 - Dry,10 - No control,,2,0,0,0,,0,,,,,370247.7757,5032694.409,45.4311202,-75.66355799,3731
20--4387,5/16/2020,4:30 PM,ST. JOSEPH BLVD @ TENTH LINE RD (0009163),9163,02 - Intersection related,03 - P.D. only,03 - Rear end,01 - Clear,01 - Daylight,01 - Dry,01 - Traffic signal,01 - Functioning,2,0,0,0,,0,,,,,382890.8025,5038666.453,45.48355406,-75.50105066,3732
20--4388,5/16/2020,8:30 PM,QUIGLEY HILL RD @ REGIONAL RD 174 (0012884),12884,03 - At intersection,03 - P.D. only,02 - Angle,01 - Clear,05 - Dusk,01 - Dry,02 - Stop sign,01 - Functioning,2,0,0,0,,0,,,,,388373.7677,5042393.567,45.51645154,-75.43028878,3733
20--4389,5/17/2020,10:13 AM,GRANTS SIDE RD btwn FARMVIEW RD & DONALD B. MUNRO DR (__3ZACZF),__3ZACZF,01 - Non intersection,03 - P.D. only,07 - SMV other,01 - Clear,01 - Daylight,01 - Dry,10 - No control,,1,0,0,0,,0,,,,,331160.0139,5025660.974,45.37039607,-76.16347202,3734
20--439,1/11/2020,Unknown,RUSSELL AVE btwn SOMERSET ST E & TEMPLETON ST (__3ZA7G0),__3ZA7G0,01 - Non intersection,03 - P.D. only,06 - SMV unattended vehicle,03 - Snow,00 - Unknown,03 - Loose snow,10 - No control,,1,0,0,0,,0,,,,,369286.1485,5031808.904,45.42324209,-75.67596252,3735
20--4390,5/17/2020,Unknown,WOODFIELD DR btwn DOWNSVIEW CRES & MERIVALE RD (__3ZA00W),__3ZA00W,01 - Non intersection,03 - P.D. only,06 - SMV unattended vehicle,01 - Clear,00 - Unknown,01 - Dry,10 - No control,,1,0,0,0,,0,,,,,365290.93,5022247.019,45.337563,-75.72818221,3736
20--4391,5/17/2020,12:02 PM,CONROY RD @ HUNT CLUB RD (0002257),2257,03 - At intersection,03 - P.D. only,05 - Turning movement,01 - Clear,01 - Daylight,01 - Dry,01 - Traffic signal,01 - Functioning,2,0,0,0,,0,,,,,373763.7333,5025404.518,45.3651913,-75.61964741,3737
20--4392,5/17/2020,3:15 PM,KAKULU RD @ PICKFORD DR E (0003435),3435,03 - At intersection,03 - P.D. only,02 - Angle,01 - Clear,01 - Daylight,01 - Dry,02 - Stop sign,01 - Functioning,2,0,0,0,,0,,,,,353240.6192,5019048.472,45.30971734,-75.8822377,3738
20--4393,5/17/2020,3:30 PM,INNES RD @ TENTH LINE RD (0004633),4633,02 - Intersection related,02 - Non-fatal injury,03 - Rear end,01 - Clear,01 - Daylight,01 - Dry,01 - Traffic signal,01 - Functioning,2,0,0,0,01 - Minimal,2,2,,,,383951.7528,5036159.566,45.46087993,-75.48788477,3739
20--4394,5/17/2020,3:49 AM,PRINCE OF WALES DR btwn GREENBANK RD & BARNSDALE RD (__3ZA296),__3ZA296,01 - Non intersection,02 - Non-fatal injury,07 - SMV other,01 - Clear,07 - Dark,01 - Dry,10 - No control,,1,0,0,0,02 - Minor,1,,1,,,366195.403,5009592.722,45.22362181,-75.71820828,3740
20--4395,5/17/2020,4:24 PM,ANOKA ST @ BANK ST (0006957),6957,02 - Intersection related,02 - Non-fatal injury,04 - Sideswipe,01 - Clear,01 - Daylight,01 - Dry,02 - Stop sign,00 - Unknown,2,0,1,0,02 - Minor,1,,1,,,370022.7236,5026774.548,45.37787648,-75.66721694,3741
20--4396,5/17/2020,5:18 PM,CHURCHILL AVE @ RICHMOND RD (0002361),2361,02 - Intersection related,03 - P.D. only,03 - Rear end,01 - Clear,01 - Daylight,01 - Dry,01 - Traffic signal,01 - Functioning,2,0,0,0,,0,,,,,363227.6976,5028292.547,45.39213482,-75.75379033,3742
20--4397,5/17/2020,5:25 PM,SMYTH RD btwn CUBA AVE & RUSSELL RD (__3ZA3R2),__3ZA3R2,04 - At/near private drive,02 - Non-fatal injury,05 - Turning movement,01 - Clear,01 - Daylight,01 - Dry,10 - No control,,2,0,1,0,02 - Minor,2,,2,,,373128.1731,5029360.45,45.40084734,-75.62721212,3743
20--4398,5/17/2020,5:40 PM,HIGHWAY 417 btwn HWY417 IC115 RAMP25 & REGIONAL ROAD 174 (__3ZA2RY),__3ZA2RY,01 - Non intersection,03 - P.D. only,04 - Sideswipe,01 - Clear,01 - Daylight,01 - Dry,10 - No control,,2,0,0,0,,0,,,,,372921.8977,5031566.018,45.42071212,-75.62954187,3744
20--4399,5/17/2020,9:09 PM,INDUSTRIAL AVE @ RIVERSIDE DR (0011905),11905,02 - Intersection related,02 - Non-fatal injury,03 - Rear end,01 - Clear,07 - Dark,01 - Dry,01 - Traffic signal,01 - Functioning,2,0,0,0,01 - Minimal,1,1,,,,370684.7338,5030592.558,45.41216758,-75.65825523,3745
20--44,1/2/2020,5:20 PM,HIGHWAY 417 btwn HWY417 IC121A RAMP16 & HWY417 IC121A RAMP61 (__3ZA2YY),__3ZA2YY,01 - Non intersection,03 - P.D. only,03 - Rear end,01 - Clear,05 - Dusk,01 - Dry,10 - No control,,2,0,0,0,,0,,,,,367215.884,5029740.934,45.4048229,-75.70267671,3746
20--440,1/11/2020,12:00 PM,AVIATION PKWY @ OGILVIE RD (0004114),4114,02 - Intersection related,03 - P.D. only,03 - Rear end,02 - Rain,01 - Daylight,02 - Wet,01 - Traffic signal,00 - Unknown,2,0,0,0,,0,,,,,373110.7039,5032376.594,45.42798688,-75.62701719,3747
20--4400,5/18/2020,1:45 PM,MCARTHUR AVE @ VANIER PKWY (0004626),4626,02 - Intersection related,03 - P.D. only,03 - Rear end,01 - Clear,01 - Daylight,01 - Dry,01 - Traffic signal,01 - Functioning,2,0,0,0,,0,,,,,370218.7049,5032690.582,45.43108848,-75.66392999,3748
20--4401,5/18/2020,Unknown,FRASER AVE btwn TILLBURY AVE & SHERBOURNE RD (__3ZBOPP),__3ZBOPP,01 - Non intersection,03 - P.D. only,06 - SMV unattended vehicle,01 - Clear,00 - Unknown,01 - Dry,10 - No control,,1,0,0,0,,0,,,,,362865.7293,5026690.811,45.37775273,-75.75860124,3749
20--4402,5/18/2020,Unknown,HARESFIELD CRT btwn END & VISION ST (__86L650),__86L650,01 - Non intersection,03 - P.D. only,06 - SMV unattended vehicle,01 - Clear,00 - Unknown,01 - Dry,10 - No control,,1,0,0,0,,0,,,,,367585.526,5014086.415,45.26393336,-75.69994118,3750
20--4403,5/18/2020,3:15 PM,CABIN RD @ GORDON MURDOCK RD (0005821),5821,02 - Intersection related,03 - P.D. only,07 - SMV other,01 - Clear,01 - Daylight,01 - Dry,02 - Stop sign,00 - Unknown,1,0,0,0,,0,,,,,375666.7983,5002663.292,45.16038296,-75.59860103,3751
20--4404,5/18/2020,3:48 PM,HIGHWAY 417 btwn HWY417 IC119B RAMP57 & HWY417 IC119A RAMP75 (__3ZA1QN),__3ZA1QN,01 - Non intersection,03 - P.D. only,04 - Sideswipe,01 - Clear,01 - Daylight,02 - Wet,10 - No control,,2,0,0,0,,0,,,,,368603.7078,5030522.626,45.41173119,-75.68484876,3752
20--4405,5/18/2020,4:15 PM,CARLING AVE @ FAIRLAWN AVE/WOODROFFE AVE E (0002393),2393,02 - Intersection related,03 - P.D. only,03 - Rear end,01 - Clear,01 - Daylight,01 - Dry,01 - Traffic signal,01 - Functioning,2,0,0,0,,0,,,,,361934.6841,5025830.528,45.37008852,-75.77058762,3753
20--4406,5/18/2020,5:46 PM,CYRVILLE RD @ STAR TOP RD (0004210),4210,03 - At intersection,03 - P.D. only,07 - SMV other,01 - Clear,01 - Daylight,01 - Dry,01 - Traffic signal,01 - Functioning,1,0,0,0,,0,,,,,373829.7362,5031518.562,45.42019615,-75.61794958,3754
20--4407,5/19/2020,1:03 PM,ISABELLA ST/HWY417 IC119AR75 @ METCALFE ST (0011380),11380,02 - Intersection related,02 - Non-fatal injury,03 - Rear end,01 - Clear,01 - Daylight,01 - Dry,01 - Traffic signal,01 - Functioning,3,0,0,0,01 - Minimal,2,2,,,,368448.6951,5030399.559,45.41063799,-75.68684488,3755
20--4408,5/19/2020,1:12 PM,BESSERER ST @ WALLER ST (0008859),8859,02 - Intersection related,03 - P.D. only,04 - Sideswipe,01 - Clear,01 - Daylight,01 - Dry,01 - Traffic signal,01 - Functioning,2,0,0,0,,0,,,,,368315.9319,5032191.976,45.42677761,-75.6883098,3756
20--4409,5/19/2020,11:18 AM,EDEN AVE @ RICHMOND RD (0006991),6991,03 - At intersection,03 - P.D. only,02 - Angle,01 - Clear,01 - Daylight,01 - Dry,02 - Stop sign,01 - Functioning,2,0,0,0,,0,,,,,363331.4517,5028360.578,45.39273829,-75.75245728,3757
20--441,1/11/2020,12:02 AM,RIVERSIDE DR NB btwn FROBISHER LANE & HINCKS LANE (__3ZAZR1),__3ZAZR1,01 - Non intersection,03 - P.D. only,04 - Sideswipe,03 - Snow,07 - Dark,05 - Packed snow,10 - No control,,2,0,0,0,,0,,,,,370144.2409,5029683.128,45.40403555,-75.66528037,3758
20--4410,5/19/2020,Unknown,DENVER AVE btwn TAMPA AVE & ORLANDO AVE (__3ZA9PQ),__3ZA9PQ,04 - At/near private drive,03 - P.D. only,06 - SMV unattended vehicle,01 - Clear,00 - Unknown,01 - Dry,10 - No control,,1,0,0,0,,0,,,,,370567.3357,5027212.439,45.38176557,-75.66020559,3759
20--4411,5/19/2020,12:00 PM,HOLLAND AVE btwn WELLINGTON ST W & BYRON AVE (__3ZA4PY),__3ZA4PY,01 - Non intersection,03 - P.D. only,06 - SMV unattended vehicle,01 - Clear,01 - Daylight,01 - Dry,10 - No control,,1,0,0,0,,0,,,,,364995.5028,5029002.581,45.39837383,-75.73112818,3760
20--4412,5/19/2020,12:30 PM,CATHERINE ST @ METCALFE ST (0011239),11239,02 - Intersection related,03 - P.D. only,04 - Sideswipe,01 - Clear,01 - Daylight,01 - Dry,01 - Traffic signal,01 - Functioning,2,0,0,0,,0,,,,,368393.7068,5030486.56,45.41142579,-75.6875361,3761
20--4413,5/19/2020,2:41 PM,HIGHWAY 417 btwn HWY417 IC124 RAMP76 & HWY417 IC124 RAMP67 (__3ZA2R7),__3ZA2R7,01 - Non intersection,02 - Non-fatal injury,99 - Other,01 - Clear,01 - Daylight,01 - Dry,10 - No control,,4,0,0,0,02 - Minor,2,,2,,,364318.78,5027390.154,45.38392337,-75.73996562,3762
20--4414,5/19/2020,2:55 PM,BERRIGAN DR @ LONGFIELDS DR (0010453),10453,03 - At intersection,03 - P.D. only,02 - Angle,01 - Clear,01 - Daylight,01 - Dry,11 - Roundabout,01 - Functioning,2,0,0,0,,0,,,,,364305.2368,5015646.353,45.27825484,-75.7415503,3763
20--4415,5/19/2020,3:27 PM,INNES RD @ STAR TOP RD/WINDMILL LANE (0008734),8734,03 - At intersection,02 - Non-fatal injury,05 - Turning movement,01 - Clear,01 - Daylight,01 - Dry,01 - Traffic signal,01 - Functioning,2,0,0,0,01 - Minimal,2,2,,,,374147.7073,5030666.568,45.4124989,-75.61400698,3764
20--4416,5/19/2020,5:08 AM,CHARLEMAGNE BLVD btwn MERKLEY DR & VALIN ST (__3ZA5U5),__3ZA5U5,01 - Non intersection,03 - P.D. only,07 - SMV other,01 - Clear,03 - Dawn,01 - Dry,10 - No control,,1,0,0,0,,0,,,,,384706.8025,5037691.579,45.47457759,-75.47798239,3765
20--4417,5/19/2020,5:26 PM,RICHMOND RD btwn ROBERTSON RD & STINSON AVE (__3ZA4YR),__3ZA4YR,01 - Non intersection,03 - P.D. only,03 - Rear end,01 - Clear,01 - Daylight,01 - Dry,10 - No control,,2,0,0,0,,0,,,,,357709.6729,5020829.752,45.325423,-75.82505749,3766
20--4418,5/19/2020,5:30 AM,HIGHWAY 416 btwn HWY416 IC75A RAMP26 & HWY416 IC72 RAMP62 (__3ZAZLF),__3ZAZLF,01 - Non intersection,03 - P.D. only,07 - SMV other,01 - Clear,03 - Dawn,01 - Dry,10 - No control,,1,0,0,0,,0,,,,,359239.9715,5020297.453,45.32051633,-75.80559616,3767
20--4419,5/19/2020,7:33 AM,DESCHAMPS AVE @ HANNAH ST (0009996),9996,03 - At intersection,03 - P.D. only,02 - Angle,01 - Clear,01 - Daylight,01 - Dry,02 - Stop sign,01 - Functioning,2,0,0,0,,0,,,,,370163.6979,5033319.592,45.4367532,-75.66454941,3768
20--442,1/11/2020,12:25 PM,STRANDHERD DR @ 215 W OF GREENBANK RD/BARRHAVE (0005413),5413,02 - Intersection related,03 - P.D. only,03 - Rear end,02 - Rain,01 - Daylight,02 - Wet,01 - Traffic signal,01 - Functioning,2,0,0,0,,0,,,,,363743.8526,5014679.36,45.26960111,-75.74881985,3769
20--4420,5/19/2020,8:00 AM,KILBIRNIE DR @ ROBIN EASEY AVE (0019177),19177,03 - At intersection,03 - P.D. only,02 - Angle,01 - Clear,01 - Daylight,01 - Dry,02 - Stop sign,01 - Functioning,2,0,0,0,,0,,,,,364694.3644,5011322.185,45.23931286,-75.73711218,3770
20--4421,5/19/2020,8:30 AM,COOPER ST btwn O'CONNOR ST & METCALFE ST (__3ZA9UP),__3ZA9UP,01 - Non intersection,03 - P.D. only,06 - SMV unattended vehicle,01 - Clear,01 - Daylight,01 - Dry,10 - No control,,1,0,0,0,,0,,,,,367864.9123,5031119.507,45.4171687,-75.69421023,3771
20--4422,5/19/2020,9:22 AM,BANK ST @ JOHNSTON RD (0006967),6967,03 - At intersection,03 - P.D. only,05 - Turning movement,01 - Clear,01 - Daylight,01 - Dry,01 - Traffic signal,01 - Functioning,2,0,0,0,,0,,,,,370851.7317,5024839.535,45.36038822,-75.65689178,3772
20--4423,5/20/2020,10:30 AM,PRINCE OF WALES DR @ WEST HUNT CLUB RD (0000567),567,02 - Intersection related,03 - P.D. only,03 - Rear end,01 - Clear,01 - Daylight,01 - Dry,01 - Traffic signal,01 - Functioning,2,0,0,0,,0,,,,,367458.7055,5021891.492,45.33417379,-75.70057073,3773
20--4424,5/20/2020,10:34 AM,GREENBANK RD @ MARKETPLACE AVE (0010406),10406,02 - Intersection related,03 - P.D. only,03 - Rear end,01 - Clear,01 - Daylight,01 - Dry,01 - Traffic signal,01 - Functioning,2,0,0,0,,0,,,,,364008.3526,5014602.187,45.26888449,-75.74545855,3774
20--4425,5/20/2020,11:01 AM,DUNROBIN RD @ MARCH RD (0003175),3175,02 - Intersection related,02 - Non-fatal injury,03 - Rear end,01 - Clear,01 - Daylight,01 - Dry,01 - Traffic signal,01 - Functioning,2,0,0,0,01 - Minimal,1,1,,,,347174.596,5026065.536,45.37325108,-75.95899284,3775
20--4426,5/20/2020,11:26 AM,HALTON TERR/MAXWELL BRIDGE RD @ MARCH RD (0011852),11852,03 - At intersection,03 - P.D. only,02 - Angle,01 - Clear,01 - Daylight,01 - Dry,01 - Traffic signal,01 - Functioning,2,0,0,0,,0,,,,,348932.6059,5024422.515,45.35835832,-75.93669571,3776
20--4427,5/20/2020,11:57 AM,MARCH RD @ UPPER DWYER HILL RD (0010832),10832,02 - Intersection related,03 - P.D. only,99 - Other,01 - Clear,01 - Daylight,01 - Dry,01 - Traffic signal,01 - Functioning,2,0,0,0,,0,,,,,334081.4395,5014291.501,45.26797156,-76.12684823,3777
20--4428,5/20/2020,12:54 PM,STRANDHERD DR @ LONGFIELDS DR (0010935),10935,02 - Intersection related,03 - P.D. only,03 - Rear end,01 - Clear,01 - Daylight,01 - Dry,01 - Traffic signal,01 - Functioning,2,0,0,0,,0,,,,,364548.805,5015173.323,45.27397786,-75.738503,3778
20--4287,5/9/2020,5:29 AM,WALKLEY RD btwn LANCASTER RD & SHEFFIELD RD (__3ZA1UM),__3ZA1UM,01 - Non intersection,03 - P.D. only,07 - SMV other,01 - Clear,03 - Dawn,01 - Dry,10 - No control,,1,0,0,0,,0,,,,,374998.7976,5028649.174,45.39426257,-75.60342188,3779
20--4429,5/20/2020,2:10 PM,TRAIL RD btwn CAMBRIAN RD & BARNSDALE RD (__3ZABMJ),__3ZABMJ,01 - Non intersection,03 - P.D. only,99 - Other,01 - Clear,01 - Daylight,01 - Dry,10 - No control,,2,0,0,0,,0,,,,,361827.3864,5010674.775,45.23372545,-75.77370072,3780
20--443,1/11/2020,12:45 PM,KIRKWOOD AVE @ RICHMOND RD (0002080),2080,02 - Intersection related,03 - P.D. only,04 - Sideswipe,02 - Rain,01 - Daylight,02 - Wet,01 - Traffic signal,01 - Functioning,2,0,0,0,,0,,,,,363778.6936,5028641.556,45.39522895,-75.74671217,3781
20--4430,5/20/2020,2:20 PM,KANATA AVE @ LORD BYNG WAY/MARITIME WAY (0009115),9115,02 - Intersection related,03 - P.D. only,03 - Rear end,01 - Clear,01 - Daylight,01 - Dry,01 - Traffic signal,01 - Functioning,2,0,0,0,,0,,,,,351429.9818,5019331.311,45.31238495,-75.90530084,3782
20--4431,5/20/2020,2:30 PM,ST. JOSEPH BLVD/OLD MONTREAL RD @ TRIM RD (0004118),4118,03 - At intersection,03 - P.D. only,04 - Sideswipe,01 - Clear,01 - Daylight,01 - Dry,11 - Roundabout,00 - Unknown,2,0,0,0,,0,,,,,384682.7383,5039285.578,45.4889216,-75.47803085,3783
20--4432,5/20/2020,2:30 PM,BRAMBLING WAY btwn TOWHEE PL & TOWHEE PL (__8JUTEW),__8JUTEW,04 - At/near private drive,03 - P.D. only,06 - SMV unattended vehicle,01 - Clear,01 - Daylight,01 - Dry,10 - No control,,1,0,0,0,,0,,,,,364874.583,5012441.96,45.24937328,-75.73468162,3784
20--4433,5/20/2020,2:37 PM,FALLOWFIELD RD @ RICHMOND RD (0000634),634,03 - At intersection,03 - P.D. only,02 - Angle,01 - Clear,01 - Daylight,01 - Dry,01 - Traffic signal,01 - Functioning,2,0,0,0,,0,,,,,357721.6476,5013529.42,45.2597327,-75.82568367,3785
20--4434,5/20/2020,3:35 PM,WEST HUNT CLUB RD btwn PRINCE OF WALES DR & HUNT CLUB RD (__3ZA2T4),__3ZA2T4,01 - Non intersection,03 - P.D. only,03 - Rear end,01 - Clear,01 - Daylight,01 - Dry,10 - No control,,2,0,0,0,,0,,,,,367630.811,5021883.752,45.33408876,-75.69837613,3786
20--4435,5/20/2020,4:00 PM,WEST HUNT CLUB RD EB btwn ROYDON PL/SUNDERLAND ST & 545 E OF ROYDON PL (__3ZA3JPA),__3ZA3JPA,01 - Non intersection,03 - P.D. only,04 - Sideswipe,01 - Clear,01 - Daylight,01 - Dry,10 - No control,,2,0,0,0,,0,,,,,366210.6278,5022304.746,45.33800253,-75.7164415,3787
20--4436,5/20/2020,5:09 PM,ROCKCLIFFE PKWY btwn GL/OT BOUNDARY & ST. JOSEPH BLVD (__3ZA21V),__3ZA21V,01 - Non intersection,03 - P.D. only,07 - SMV other,01 - Clear,01 - Daylight,01 - Dry,10 - No control,,1,0,0,0,,0,,,,,377619.7238,5036724.86,45.46665475,-75.56875759,3788
20--4437,5/20/2020,5:58 PM,VANIER PKWY NB btwn MONTREAL RD & MCARTHUR AVE (__3ZA4SS),__3ZA4SS,01 - Non intersection,03 - P.D. only,03 - Rear end,01 - Clear,01 - Daylight,01 - Dry,10 - No control,,3,0,0,0,,0,,,,,370215.3721,5032709.922,45.43126281,-75.66397001,3789
20--4438,5/20/2020,6:00 PM,RUSSLAND RD btwn ROCKDALE RD & DUNNING RD (__3ZA3KV),__3ZA3KV,04 - At/near private drive,03 - P.D. only,05 - Turning movement,01 - Clear,01 - Daylight,01 - Dry,10 - No control,,2,0,0,0,,0,,,,,396580.5934,5022730.175,45.33851477,-75.32893005,3790
20--4439,5/20/2020,6:10 PM,ALBION RD btwn DES MESANGES DR & FORGE ST (__3ZA9W0),__3ZA9W0,01 - Non intersection,03 - P.D. only,03 - Rear end,01 - Clear,01 - Daylight,01 - Dry,10 - No control,,3,0,0,0,,0,,,,,372021.5046,5023943.037,45.35221066,-75.64208395,3791
20--444,1/11/2020,12:51 PM,HIGHWAY 417 btwn HWY417 IC110 RAMP55 & HWY417 IC104 RAMP51 (__3ZA2W8),__3ZA2W8,01 - Non intersection,03 - P.D. only,04 - Sideswipe,02 - Rain,01 - Daylight,02 - Wet,10 - No control,,2,0,0,0,,0,,,,,379494.3368,5026027.099,45.37020569,-75.54640939,3792
20--4440,5/20/2020,6:19 AM,BERRIGAN DR btwn CROXLEY WAY & CLARIDGE DR (__4O3JPX),__4O3JPX,01 - Non intersection,03 - P.D. only,06 - SMV unattended vehicle,01 - Clear,03 - Dawn,01 - Dry,10 - No control,,1,0,0,0,,0,,,,,364429.8508,5015718.328,45.27889191,-75.73995347,3793
20--4441,5/20/2020,6:24 PM,RICHMOND RD @ WOODROFFE AVE (0011466),11466,02 - Intersection related,03 - P.D. only,03 - Rear end,01 - Clear,01 - Daylight,01 - Dry,01 - Traffic signal,01 - Functioning,2,0,0,0,,0,,,,,361584.6868,5026654.522,45.3775312,-75.77496078,3794
20--4442,5/20/2020,6:37 AM,RIVER ST btwn OTTAWA RIVER PKWY & END (__3ZA0PR),__3ZA0PR,04 - At/near private drive,02 - Non-fatal injury,02 - Angle,01 - Clear,01 - Daylight,01 - Dry,10 - No control,,2,0,1,0,02 - Minor,1,,1,,,365027.1202,5030544.161,45.4122419,-75.73053607,3795
20--4443,5/20/2020,6:45 PM,VANIER PKWY NB btwn MONTREAL RD & MCARTHUR AVE (__3ZA4SS),__3ZA4SS,01 - Non intersection,02 - Non-fatal injury,03 - Rear end,01 - Clear,01 - Daylight,01 - Dry,10 - No control,,4,0,0,0,01 - Minimal,2,2,,,,370218.3315,5032692.758,45.4311081,-75.66393447,3796