Anom_ID,Accident_Date,Accident_Time,Location,Geo_ID,Accident_Location,Classification_of_Accident,Initial_Impact_Type,Environment_Condition,Light,Road_Surface_Condition,Traffic_Control,Traffic_Control_Condition,No__of_Vehicles,No__of_Bicycles,No__of_Motorcycles,No__of_Pedestrians,Max_Injury,No__of_Injuries,No__of_Minimal,No__of_Minor,No__of_Major,No__of_Fatal,X,Y,Latitude,Longitude,ObjectId
20--4444,5/20/2020,7:30 AM,LEEDS AVE @ SHEFFIELD RD (0007680),7680,03 - At intersection,03 - P.D. only,02 - Angle,01 - Clear,01 - Daylight,01 - Dry,03 - Yield sign,01 - Functioning,2,0,0,0,,0,,,,,374862.7333,5029550.56,45.40238641,-75.60503145,3797
20--4445,5/20/2020,8:15 AM,PRINCE OF WALES DR btwn WATERBRIDGE DR & CRESTWAY DR (__3ZA294),__3ZA294,01 - Non intersection,03 - P.D. only,07 - SMV other,01 - Clear,01 - Daylight,01 - Dry,10 - No control,,1,0,0,0,,0,,,,,367359.5327,5016453.614,45.28525336,-75.70252239,3798
20--4446,5/20/2020,9:10 AM,RIVERSIDE DR @ TREMBLAY RD/HWY417 IC117 RAMP52 (0010790),10790,02 - Intersection related,03 - P.D. only,03 - Rear end,01 - Clear,01 - Daylight,01 - Dry,01 - Traffic signal,01 - Functioning,2,0,0,0,,0,,,,,370802.0853,5031015.91,45.41596568,-75.65669941,3799
20--4447,5/21/2020,1:12 PM,RIVERSIDE DR @ TREMBLAY RD/HWY417 IC117 RAMP52 (0010790),10790,02 - Intersection related,03 - P.D. only,03 - Rear end,01 - Clear,01 - Daylight,01 - Dry,01 - Traffic signal,01 - Functioning,2,0,0,0,,0,,,,,370802.0789,5031015.917,45.41596574,-75.65669949,3800
20--4448,5/21/2020,1:22 PM,CATHERINE ST @ KENT ST (0002707),2707,03 - At intersection,03 - P.D. only,05 - Turning movement,01 - Clear,01 - Daylight,01 - Dry,01 - Traffic signal,01 - Functioning,2,0,0,0,,0,,,,,367907.7091,5030188.557,45.40878845,-75.69378266,3801
20--4449,5/21/2020,10:33 AM,WINDMILL LANE btwn STAR TOP RD & END (__3ZA1FH),__3ZA1FH,01 - Non intersection,03 - P.D. only,01 - Approaching,01 - Clear,01 - Daylight,01 - Dry,10 - No control,,2,0,0,0,,0,,,,,374168.7567,5030635.879,45.41222069,-75.6137424,3802
20--445,1/11/2020,2:05 PM,DALHOUSIE ST btwn YORK ST & GEORGE ST (__3ZBOX1),__3ZBOX1,04 - At/near private drive,03 - P.D. only,02 - Angle,02 - Rain,01 - Daylight,02 - Wet,10 - No control,,2,0,0,0,,0,,,,,368104.543,5032402.438,45.42869043,-75.69098388,3803
20--4450,5/21/2020,10:35 AM,STRANDHERD DR @ ANDORA AVE (0010895),10895,02 - Intersection related,03 - P.D. only,03 - Rear end,01 - Clear,01 - Daylight,01 - Dry,01 - Traffic signal,01 - Functioning,2,0,0,0,,0,,,,,363229.4604,5014304.093,45.26626737,-75.75541885,3804
20--4451,5/21/2020,11:00 AM,REGIONAL ROAD 174 btwn QUIGLEY HILL RD & REGIONAL ROAD 174 DIVIDED (__3ZA2Y5),__3ZA2Y5,01 - Non intersection,03 - P.D. only,07 - SMV other,01 - Clear,01 - Daylight,01 - Dry,10 - No control,,1,0,0,0,,0,,,,,388126.4049,5042388.771,45.516438,-75.43345519,3805
20--4452,5/21/2020,11:10 AM,LAUZON ST btwn SUNLAND DR & SUNLAND DR (__3ZA5U6),__3ZA5U6,04 - At/near private drive,03 - P.D. only,02 - Angle,01 - Clear,01 - Daylight,01 - Dry,10 - No control,,2,0,0,0,,0,,,,,384822.4093,5037046.734,45.46876265,-75.47660902,3806
20--4453,5/21/2020,Unknown,DE L'ESTURGEON ST btwn MALACHIGAN CRES & MALACHIGAN CRES (e___2JXJ),e___2JXJ,01 - Non intersection,03 - P.D. only,06 - SMV unattended vehicle,01 - Clear,00 - Unknown,01 - Dry,10 - No control,,1,0,0,0,,0,,,,,383867.878,5034069.865,45.44208816,-75.48929301,3807
20--4454,5/21/2020,2:04 PM,EAGLESON RD @ MICHAEL COWPLAND DR/STONEHAVEN D (0003544),3544,02 - Intersection related,03 - P.D. only,03 - Rear end,01 - Clear,01 - Daylight,01 - Dry,01 - Traffic signal,01 - Functioning,2,0,0,0,,0,,,,,354382.6267,5016623.427,45.28781659,-75.86791709,3808
20--4455,5/21/2020,3:05 AM,HIGHWAY 417 btwn HWY417 IC129 RAMP25 & TRANSIT (__3ZA2SH),__3ZA2SH,01 - Non intersection,02 - Non-fatal injury,07 - SMV other,01 - Clear,07 - Dark,01 - Dry,10 - No control,,1,0,0,0,02 - Minor,1,,1,,,360915.5381,5023885.208,45.35266698,-75.78381844,3809
20--4456,5/21/2020,3:10 PM,PRINCE OF WALES DR @ WATERBRIDGE DR (0009687),9687,03 - At intersection,03 - P.D. only,99 - Other,01 - Clear,01 - Daylight,01 - Dry,01 - Traffic signal,01 - Functioning,2,0,0,0,,0,,,,,367315.3673,5015945.735,45.28068744,-75.70314931,3810
20--4457,5/21/2020,3:15 PM,HIGHWAY 417 btwn HWY417 IC126 RAMP25 & HWY417 IC124 RAMP57 (__3ZA2R5),__3ZA2R5,01 - Non intersection,03 - P.D. only,03 - Rear end,01 - Clear,01 - Daylight,01 - Dry,10 - No control,,3,0,0,0,,0,,,,,363728.65,5026581.914,45.37670084,-75.74759719,3811
20--4458,5/21/2020,4:57 PM,RUSSELL RD btwn BELGREEN DR & BLAKE RD (__3ZA2DC),__3ZA2DC,04 - At/near private drive,02 - Non-fatal injury,05 - Turning movement,01 - Clear,01 - Daylight,01 - Dry,10 - No control,,2,0,1,0,02 - Minor,1,,1,,,376491.1947,5027169.188,45.38079525,-75.58457841,3812
20--4459,5/21/2020,5:42 PM,MONTREAL RD @ VANIER PKWY (0004630),4630,02 - Intersection related,03 - P.D. only,03 - Rear end,01 - Clear,01 - Daylight,01 - Dry,01 - Traffic signal,01 - Functioning,2,0,0,0,,0,,,,,370072.7284,5033065.598,45.43447636,-75.6657457,3813
20--446,1/11/2020,2:44 PM,CUMMINGS AVE @ DONALD ST (0009936),9936,02 - Intersection related,03 - P.D. only,03 - Rear end,01 - Clear,01 - Daylight,01 - Dry,01 - Traffic signal,01 - Functioning,2,0,0,0,,0,,,,,372650.7201,5032411.583,45.42834646,-75.63289009,3814
20--4460,5/21/2020,5:46 AM,HERON RD btwn JEFFERSON ST & TURN LANE (__3ZA3BI),__3ZA3BI,04 - At/near private drive,03 - P.D. only,02 - Angle,01 - Clear,03 - Dawn,01 - Dry,10 - No control,,2,0,0,0,,0,,,,,372097.7529,5027087.422,45.38049537,-75.64068266,3815
20--3748,3/17/2020,8:05 AM,HIGHWAY 417 btwn HWY417 IC122 RAMP51 & HWY417 IC122 RAMP15 (__3ZA2R0),__3ZA2R0,01 - Non intersection,03 - P.D. only,04 - Sideswipe,03 - Snow,01 - Daylight,04 - Slush,10 - No control,,3,0,0,0,,0,,,,,365301.8157,5028852.387,45.39699602,-75.72723445,3816
20--4288,5/9/2020,7:26 AM,BANK ST btwn TURN LANE & SPRINGHILL RD (__3ZA2LG),__3ZA2LG,01 - Non intersection,03 - P.D. only,07 - SMV other,01 - Clear,01 - Daylight,01 - Dry,10 - No control,,1,0,0,0,,0,,,,,383934.4388,5009488.337,45.22091319,-75.49237213,3817
20--4289,5/9/2020,7:32 PM,HAIG DR @ SMYTH RD (0007736),7736,03 - At intersection,03 - P.D. only,02 - Angle,01 - Clear,01 - Daylight,01 - Dry,01 - Traffic signal,01 - Functioning,2,0,0,0,,0,,,,,372564.7218,5029298.547,45.40034513,-75.63441703,3818
20--429,1/10/2020,9:06 AM,INNES RD @ TENTH LINE RD (0004633),4633,02 - Intersection related,02 - Non-fatal injury,03 - Rear end,01 - Clear,01 - Daylight,01 - Dry,01 - Traffic signal,01 - Functioning,2,0,0,0,01 - Minimal,1,1,,,,383951.7511,5036159.574,45.46088001,-75.48788479,3819
20--4290,5/10/2020,1:14 PM,BANK ST @ ROTARY WAY (0013660),13660,03 - At intersection,02 - Non-fatal injury,02 - Angle,01 - Clear,01 - Daylight,01 - Dry,01 - Traffic signal,01 - Functioning,2,0,0,0,02 - Minor,1,,1,,,375523.5441,5021226.117,45.32742054,-75.59778288,3820
20--4291,5/10/2020,1:34 PM,BEECHWOOD AVE btwn PUTMAN AVE & ACACIA AVE (__3ZA3AZ),__3ZA3AZ,04 - At/near private drive,03 - P.D. only,06 - SMV unattended vehicle,01 - Clear,01 - Daylight,01 - Dry,10 - No control,,1,0,0,0,,0,,,,,369620.7545,5033925.772,45.4422579,-75.67140852,3821
20--4292,5/10/2020,10:17 PM,OGILVIE RD btwn 240 W OF BLAIR RD & CITY PARK DR (__3ZA2DOB),__3ZA2DOB,01 - Non intersection,03 - P.D. only,07 - SMV other,01 - Clear,07 - Dark,01 - Dry,10 - No control,,1,0,0,0,,0,,,,,374490.6323,5033188.569,45.43515645,-75.60926947,3822
20--4293,5/10/2020,Unknown,GEORGE ST btwn BY WARD MARKET SQ & WILLIAM ST (__3ZA8ZU),__3ZA8ZU,01 - Non intersection,03 - P.D. only,06 - SMV unattended vehicle,01 - Clear,00 - Unknown,01 - Dry,10 - No control,,1,0,0,0,,0,,,,,368032.4507,5032221.038,45.42706478,-75.6919284,3823
20--4294,5/10/2020,Unknown,BAYSWATER AVE btwn SOMERSET ST W & LAUREL ST (__3ZAAIZ),__3ZAAIZ,01 - Non intersection,03 - P.D. only,06 - SMV unattended vehicle,01 - Clear,00 - Unknown,01 - Dry,10 - No control,,1,0,0,0,,0,,,,,365858.4661,5029810.889,45.40557206,-75.72000657,3824
20--4295,5/10/2020,Unknown,ROTARY WAY btwn KINGSVILLE ST & LAGUNA ST (__8PNKG4),__8PNKG4,01 - Non intersection,03 - P.D. only,06 - SMV unattended vehicle,01 - Clear,00 - Unknown,01 - Dry,10 - No control,,1,0,0,0,,0,,,,,375880.456,5021433.725,45.32925246,-75.59320053,3825
20--4296,5/10/2020,2:30 PM,HIGHWAY 417 btwn HWY417 IC126 RAMP51 & HWY417 IC126 RAMP25 (__3ZA2RD),__3ZA2RD,01 - Non intersection,03 - P.D. only,03 - Rear end,01 - Clear,01 - Daylight,01 - Dry,10 - No control,,4,0,0,0,,0,,,,,363300.3414,5026008.264,45.3715751,-75.75313332,3826
20--4297,5/10/2020,2:45 PM,HAWKSTONE GT btwn CAMPEAU DR & EDENVALE DR (__3ZA1JU),__3ZA1JU,01 - Non intersection,03 - P.D. only,06 - SMV unattended vehicle,01 - Clear,01 - Daylight,01 - Dry,10 - No control,,1,0,0,0,,0,,,,,352320.5838,5020320.353,45.32122486,-75.89384823,3827
20--4298,5/10/2020,5:08 PM,FALLOWFIELD RD @ MOODIE DR (0010412),10412,03 - At intersection,02 - Non-fatal injury,05 - Turning movement,01 - Clear,01 - Daylight,01 - Dry,01 - Traffic signal,01 - Functioning,2,1,0,0,02 - Minor,1,,1,,,359501.6519,5014636.41,45.2695574,-75.80288299,3828
20--4299,5/10/2020,5:48 PM,RIVERSIDE DR @ WALKLEY RD (0002158),2158,03 - At intersection,03 - P.D. only,07 - SMV other,01 - Clear,01 - Daylight,01 - Dry,01 - Traffic signal,01 - Functioning,1,0,0,0,,0,,,,,368418.7266,5024853.533,45.36073918,-75.68794254,3829
20--43,1/2/2020,5:03 PM,MAIN ST @ RIVERDALE AVE (0007229),7229,03 - At intersection,03 - P.D. only,05 - Turning movement,01 - Clear,05 - Dusk,04 - Slush,01 - Traffic signal,01 - Functioning,2,0,0,0,,0,,,,,369431.7522,5029532.499,45.40274639,-75.67440062,3830
20--430,1/10/2020,9:15 AM,HERON RD EB btwn RIVERSIDE DR & BRONSON AVE RAMP 35 (__5FD4WD),__5FD4WD,01 - Non intersection,03 - P.D. only,03 - Rear end,01 - Clear,01 - Daylight,02 - Wet,10 - No control,,2,0,0,0,,0,,,,,368418.8453,5026666.33,45.37705024,-75.68770758,3831
20--4300,5/10/2020,7:57 PM,CHARLEMAGNE BLVD @ GARDENWAY DR/BOTTRIELL WAY  (0003748),3748,02 - Intersection related,03 - P.D. only,04 - Sideswipe,01 - Clear,01 - Daylight,01 - Dry,01 - Traffic signal,00 - Unknown,2,0,0,0,,0,,,,,384049.7472,5037034.574,45.46874134,-75.48649084,3832
20--4301,5/10/2020,9:49 AM,GREENBANK RD btwn STRANDHERD DR & MARKETPLACE AVE (__4NMF9S),__4NMF9S,01 - Non intersection,03 - P.D. only,04 - Sideswipe,01 - Clear,01 - Daylight,01 - Dry,10 - No control,,2,0,0,0,,0,,,,,364002.322,5014616.911,45.26901748,-75.74553364,3833
20--4302,5/11/2020,10:13 PM,JEANNE D'ARC BLVD @ ORLEANS BLVD S (0004154),4154,03 - At intersection,03 - P.D. only,05 - Turning movement,01 - Clear,07 - Dark,01 - Dry,01 - Traffic signal,01 - Functioning,2,0,0,0,,0,,,,,380940.7306,5036250.584,45.46203348,-75.52636698,3834
20--4303,5/11/2020,2:51 PM,CHAMPLAIN BRIDGE/ISLAND PARK DR @ BATE ISLAND (0010849),10849,02 - Intersection related,03 - P.D. only,01 - Approaching,01 - Clear,01 - Daylight,01 - Dry,02 - Stop sign,01 - Functioning,2,0,0,0,,0,,,,,362967.0318,5030056.357,45.40802699,-75.75691113,3835
20--4304,5/11/2020,3:08 PM,INNES RD btwn HWY417 IC112 RAMP67 & HWY417 IC112 RAMP66 (__3ZA2TC),__3ZA2TC,01 - Non intersection,03 - P.D. only,04 - Sideswipe,01 - Clear,01 - Daylight,01 - Dry,10 - No control,,2,0,0,0,,0,,,,,374813.527,5030979.031,45.41524398,-75.60545705,3836
20--4305,5/11/2020,3:25 PM,HIGHWAY 417 btwn HWY417 IC126 RAMP25 & HWY417 IC124 RAMP57 (__3ZA2R5),__3ZA2R5,01 - Non intersection,03 - P.D. only,03 - Rear end,01 - Clear,01 - Daylight,01 - Dry,10 - No control,,5,0,0,0,,0,,,,,363795.3555,5026669.766,45.37748571,-75.74673507,3837
20--4306,5/11/2020,3:32 PM,BANK ST btwn CHAMBERLAIN AVE S & PRETORIA AVE (__3ZA3PL),__3ZA3PL,01 - Non intersection,03 - P.D. only,04 - Sideswipe,01 - Clear,01 - Daylight,01 - Dry,10 - No control,,2,0,0,0,,0,,,,,368104.1819,5030114.539,45.40810471,-75.69128243,3838
20--4307,5/11/2020,4:30 PM,REVELSTOKE DR @ RIVERSIDE DR (0006918),6918,02 - Intersection related,03 - P.D. only,03 - Rear end,01 - Clear,01 - Daylight,01 - Dry,01 - Traffic signal,01 - Functioning,2,0,0,0,,0,,,,,368217.7198,5024423.511,45.35688816,-75.6905632,3839
20--4308,5/11/2020,5:33 PM,GREENBANK RD @ LISA AVE (0002753),2753,02 - Intersection related,03 - P.D. only,03 - Rear end,01 - Clear,01 - Daylight,01 - Dry,01 - Traffic signal,01 - Functioning,2,0,0,0,,0,,,,,360554.6729,5022893.489,45.34377229,-75.78853548,3840
20--4309,5/11/2020,6:30 PM,IRIS ST @ WOODROFFE AVE (0002736),2736,02 - Intersection related,03 - P.D. only,03 - Rear end,01 - Clear,01 - Daylight,01 - Dry,01 - Traffic signal,01 - Functioning,2,0,0,0,,0,,,,,362282.6925,5024441.519,45.35756189,-75.7663067,3841
20--431,1/10/2020,9:52 PM,CLARENCE ST @ DALHOUSIE ST (0008415),8415,02 - Intersection related,03 - P.D. only,03 - Rear end,03 - Snow,07 - Dark,03 - Loose snow,01 - Traffic signal,01 - Functioning,2,0,0,0,,0,,,,,368042.6967,5032503.598,45.42960623,-75.69176119,3842
20--4310,5/11/2020,7:48 PM,ALBION RD @ BANK ST (0012409),12409,03 - At intersection,03 - P.D. only,02 - Angle,01 - Clear,01 - Daylight,01 - Dry,01 - Traffic signal,01 - Functioning,2,0,0,0,,0,,,,,371946.733,5024129.514,45.35389568,-75.64301279,3843
20--4311,5/11/2020,8:15 AM,INNES RD @ TENTH LINE RD (0004633),4633,02 - Intersection related,03 - P.D. only,03 - Rear end,01 - Clear,01 - Daylight,01 - Dry,01 - Traffic signal,01 - Functioning,2,0,0,0,,0,,,,,383951.7544,5036159.553,45.46087982,-75.48788475,3844
20--4312,5/11/2020,8:15 PM,MARGUERITE AVE btwn MCARTHUR AVE & CARLOTTA AVE (__3ZA7A1),__3ZA7A1,04 - At/near private drive,03 - P.D. only,02 - Angle,01 - Clear,05 - Dusk,01 - Dry,10 - No control,,2,0,0,0,,0,,,,,370038.3445,5032644.422,45.43069,-75.66624092,3845
20--4313,5/11/2020,9:50 PM,HIGHWAY 417 btwn HWY417 IC117 RAMP25 & HWY417 IC115 RAMP51 (__3ZA2R3),__3ZA2R3,01 - Non intersection,03 - P.D. only,04 - Sideswipe,01 - Clear,07 - Dark,01 - Dry,10 - No control,,2,0,0,0,,0,,,,,371250.1653,5031368.002,45.41909124,-75.6509275,3846
20--4314,5/12/2020,11:56 AM,CONROY RD @ WALKLEY RD (0002648),2648,03 - At intersection,03 - P.D. only,04 - Sideswipe,01 - Clear,01 - Daylight,01 - Dry,01 - Traffic signal,01 - Functioning,2,0,0,0,,0,,,,,372903.0963,5027464.069,45.38380646,-75.63034854,3847
20--4315,5/12/2020,2:00 PM,CYRVILLE RD @ INNES RD (0009352),9352,02 - Intersection related,03 - P.D. only,04 - Sideswipe,01 - Clear,01 - Daylight,01 - Dry,01 - Traffic signal,00 - Unknown,2,0,0,0,,0,,,,,375047.7327,5031119.562,45.41648493,-75.60244501,3848
20--4316,5/12/2020,2:13 PM,LAFONTAINE AVE btwn MCARTHUR AVE & BLAKE BLVD (__3ZA7B1),__3ZA7B1,04 - At/near private drive,03 - P.D. only,02 - Angle,01 - Clear,01 - Daylight,01 - Dry,10 - No control,,2,0,0,0,,0,,,,,370951.2942,5032784.752,45.43186687,-75.65455566,3849
20--4317,5/12/2020,2:47 PM,HIGHWAY 417 btwn HWY417 IC124 RAMP76 & HWY417 IC124 RAMP67 (__3ZA2R7),__3ZA2R7,01 - Non intersection,03 - P.D. only,03 - Rear end,01 - Clear,01 - Daylight,01 - Dry,10 - No control,,4,0,0,0,,0,,,,,364376.0218,5027465.094,45.3845928,-75.73922568,3850
20--4318,5/12/2020,4:07 PM,ANDERSON RD @ NINTH LINE RD (0004111),4111,02 - Intersection related,03 - P.D. only,07 - SMV other,01 - Clear,01 - Daylight,01 - Dry,02 - Stop sign,01 - Functioning,1,0,0,0,,0,,,,,382008.7814,5021090.467,45.32551662,-75.51508391,3851
20--4319,5/12/2020,4:16 PM,OLD MONTREAL RD btwn TED KELLY LANE & MEADOW LANE RD (__3ZA3YW),__3ZA3YW,01 - Non intersection,03 - P.D. only,03 - Rear end,01 - Clear,01 - Daylight,01 - Dry,10 - No control,,3,0,0,0,,0,,,,,386464.9636,5040916.702,45.50339047,-75.45496252,3852
20--432,1/11/2020,1:21 AM,QUEEN ELIZABETH DRWY btwn TORRINGTON PL & TO BE DETERMINED (__3ZA21F),__3ZA21F,01 - Non intersection,03 - P.D. only,07 - SMV other,02 - Rain,07 - Dark,02 - Wet,10 - No control,,1,0,0,0,,0,,,,,367997.1613,5028571.46,45.39423023,-75.69284722,3853
20--4320,5/12/2020,5:42 PM,LARKIN DR btwn OTTEN DR & RAFTUS SQ (__3ZAB8M),__3ZAB8M,01 - Non intersection,03 - P.D. only,06 - SMV unattended vehicle,01 - Clear,01 - Daylight,01 - Dry,10 - No control,,1,0,0,0,,0,,,,,361851.1969,5015686.416,45.27881875,-75.77282214,3854
20--4321,5/12/2020,6:01 PM,HWY 417 WALKLEY IC110R58 @ WALKLEY EXTENSION R (0012302),12302,02 - Intersection related,02 - Non-fatal injury,04 - Sideswipe,01 - Clear,01 - Daylight,01 - Dry,10 - No control,,2,0,0,0,01 - Minimal,1,1,,,,375541.6033,5028937.475,45.39680193,-75.5964487,3855
20--4322,5/12/2020,8:34 PM,CLEARBROOK DR/MARKETPLACE AVE @ LONGFIELDS DR (0011162),11162,02 - Intersection related,02 - Non-fatal injury,04 - Sideswipe,01 - Clear,05 - Dusk,01 - Dry,01 - Traffic signal,01 - Functioning,2,0,1,0,02 - Minor,1,,1,,,364631.8412,5014953.581,45.27199356,-75.73747128,3856
20--4323,5/12/2020,9:05 AM,CUMMINGS AVE btwn MONTREAL RD & WILSON ST (__3ZA8IW),__3ZA8IW,01 - Non intersection,03 - P.D. only,06 - SMV unattended vehicle,01 - Clear,01 - Daylight,01 - Dry,10 - No control,,1,0,0,0,,0,,,,,372056.9321,5033916.457,45.44194395,-75.64027205,3857
20--4324,5/12/2020,9:40 PM,BRITANNIA RD btwn PRISCILLA ST & MARIE ST (__3ZABWE),__3ZABWE,01 - Non intersection,03 - P.D. only,06 - SMV unattended vehicle,01 - Clear,07 - Dark,01 - Dry,10 - No control,,1,0,0,0,,0,,,,,360094.1304,5024924.974,45.36208802,-75.79418465,3858
20--4325,5/13/2020,1:35 PM,RIOCAN AVE btwn STRANDHERD DR & MARKETPLACE AVE (__4LZBMJ),__4LZBMJ,01 - Non intersection,03 - P.D. only,04 - Sideswipe,01 - Clear,01 - Daylight,01 - Dry,10 - No control,,2,0,0,0,,0,,,,,364236.3042,5014845.959,45.27105872,-75.74252465,3859
20--4326,5/13/2020,10:13 AM,RICHMOND RD btwn EDGEWOOD AVE & ATHLONE AVE (__3ZA4O2),__3ZA4O2,01 - Non intersection,03 - P.D. only,07 - SMV other,01 - Clear,01 - Daylight,01 - Dry,10 - No control,,1,0,0,0,,0,,,,,363412.8075,5028414.073,45.39321282,-75.75141197,3860
20--4327,5/13/2020,10:27 AM,RIVERSIDE DR btwn RIVERSIDE DR RAMP 42A & RIVERSIDE DR SPLIT (__3ZAZQJ),__3ZAZQJ,01 - Non intersection,02 - Non-fatal injury,04 - Sideswipe,01 - Clear,01 - Daylight,01 - Dry,10 - No control,,2,0,0,0,01 - Minimal,1,1,,,,368528.6606,5027338.576,45.38308894,-75.68621882,3861
20--4328,5/13/2020,10:27 AM,TENTH LINE RD btwn OR174 IC101 RAMP36 & OR174 IC101 RAMP61 (__3ZA1TF),__3ZA1TF,01 - Non intersection,03 - P.D. only,05 - Turning movement,01 - Clear,01 - Daylight,01 - Dry,10 - No control,,2,0,0,0,,0,,,,,382699.7814,5039068.798,45.48719534,-75.50343003,3862
20--4329,5/13/2020,11:09 PM,AVIATION PKWY @ MONTREAL RD (0008799),8799,03 - At intersection,03 - P.D. only,02 - Angle,01 - Clear,07 - Dark,01 - Dry,01 - Traffic signal,01 - Functioning,2,0,0,0,,0,,,,,372146.7186,5034108.58,45.44366394,-75.63909817,3863
20--433,1/11/2020,1:38 PM,ALBION RD @ BANK ST (0012409),12409,03 - At intersection,03 - P.D. only,02 - Angle,02 - Rain,01 - Daylight,02 - Wet,01 - Traffic signal,01 - Functioning,2,0,0,0,,0,,,,,371946.7262,5024129.498,45.35389553,-75.64301288,3864
20--4330,5/13/2020,11:15 AM,BANK ST btwn SIEVERIGHT AVE & ATHANS AVE (__3ZAYF2),__3ZAYF2,04 - At/near private drive,02 - Non-fatal injury,02 - Angle,01 - Clear,01 - Daylight,01 - Dry,10 - No control,,2,0,0,0,02 - Minor,1,,1,,,372703.3901,5023914.069,45.35188432,-75.63338635,3865
20--4331,5/13/2020,12:13 AM,INNES RD @ PAGE RD (0012476),12476,03 - At intersection,03 - P.D. only,05 - Turning movement,01 - Clear,07 - Dark,01 - Dry,01 - Traffic signal,01 - Functioning,2,0,0,0,,0,,,,,380887.7511,5034540.562,45.44665383,-75.5273089,3866
20--4332,5/13/2020,12:27 PM,QUEENSDALE AVE btwn EIGHTH ST & CONROY RD (__3ZA8PY),__3ZA8PY,01 - Non intersection,03 - P.D. only,07 - SMV other,01 - Clear,01 - Daylight,01 - Dry,10 - No control,,1,0,0,0,,0,,,,,374183.0664,5023945.565,45.35202287,-75.61449987,3867
20--4333,5/13/2020,3:54 PM,JEANNE D'ARC BLVD @ PADDLER WAY/VORLAGE DR E (0003297),3297,02 - Intersection related,03 - P.D. only,07 - SMV other,01 - Clear,01 - Daylight,01 - Dry,01 - Traffic signal,01 - Functioning,1,0,0,0,,0,,,,,379612.7261,5037995.588,45.47787715,-75.54308048,3868
20--4334,5/13/2020,3:59 PM,CASTLEFRANK RD btwn KAKULU RD & HUNGERFORD GT (__3ZBNCQ),__3ZBNCQ,01 - Non intersection,03 - P.D. only,03 - Rear end,01 - Clear,01 - Daylight,01 - Dry,10 - No control,,2,0,0,0,,0,,,,,352193.2144,5018394.353,45.30390288,-75.89565703,3869
20--4335,5/13/2020,4:13 PM,HIGHWAY 417 btwn HWY417 IC129 RAMP25 & TRANSIT (__3ZA2SH),__3ZA2SH,01 - Non intersection,03 - P.D. only,03 - Rear end,01 - Clear,01 - Daylight,01 - Dry,10 - No control,,2,0,0,0,,0,,,,,361365.9962,5024231.499,45.35574669,-75.77803025,3870
20--4336,5/13/2020,4:35 PM,UPLANDS DR @ HUNTMASTER LANE/RHAPSODY LANE (0006880),6880,03 - At intersection,03 - P.D. only,02 - Angle,01 - Clear,01 - Daylight,01 - Dry,02 - Stop sign,01 - Functioning,2,0,0,0,,0,,,,,369020.7254,5023501.523,45.34851925,-75.68043478,3871
20--4337,5/13/2020,4:55 PM,RICHMOND RD btwn HIGH ST & PINECREST RD (__3ZA4M8),__3ZA4M8,04 - At/near private drive,03 - P.D. only,02 - Angle,01 - Clear,01 - Daylight,01 - Dry,10 - No control,,2,0,0,0,,0,,,,,360039.934,5024417.327,45.35752449,-75.79493314,3872
20--4338,5/13/2020,5:34 PM,8TH LINE RD @ MITCH OWENS RD (0003574),3574,02 - Intersection related,03 - P.D. only,03 - Rear end,01 - Clear,01 - Daylight,01 - Dry,02 - Stop sign,01 - Functioning,2,0,0,0,,0,,,,,382362.7892,5018774.468,45.30463966,-75.51093126,3873
20--4339,5/13/2020,5:42 PM,NESTLETON ST btwn WORTHAM WAY & CORBRIDGE ST (__5Z1S6F),__5Z1S6F,04 - At/near private drive,03 - P.D. only,06 - SMV unattended vehicle,01 - Clear,01 - Daylight,01 - Dry,10 - No control,,1,0,0,0,,0,,,,,385277.2205,5035339.998,45.45335482,-75.47107284,3874
20--434,1/11/2020,10:13 AM,BESSERER ST @ DALHOUSIE ST (0011452),11452,03 - At intersection,03 - P.D. only,05 - Turning movement,02 - Rain,01 - Daylight,02 - Wet,01 - Traffic signal,01 - Functioning,2,0,0,0,,0,,,,,368252.7035,5032157.57,45.42647377,-75.68912216,3875
20--4340,5/13/2020,5:55 PM,PRINCE OF WALES DR @ STRANDHERD DR (0013339),13339,02 - Intersection related,03 - P.D. only,04 - Sideswipe,01 - Clear,01 - Daylight,01 - Dry,01 - Traffic signal,01 - Functioning,2,0,0,0,,0,,,,,367175.2819,5014824.21,45.27060849,-75.70507565,3876
20--4341,5/13/2020,6:34 AM,LANCASTER RD btwn BARBERRY LANE & WALKLEY RD (__3ZA5L8),__3ZA5L8,01 - Non intersection,03 - P.D. only,05 - Turning movement,01 - Clear,01 - Daylight,01 - Dry,10 - No control,,2,0,0,0,,0,,,,,374878.1297,5028685.275,45.39459947,-75.60495773,3877
20--4342,5/13/2020,6:46 PM,BARNSDALE RD @ PRINCE OF WALES DR (0001082),1082,03 - At intersection,03 - P.D. only,05 - Turning movement,01 - Clear,01 - Daylight,01 - Dry,02 - Stop sign,01 - Functioning,2,0,0,0,,0,,,,,366646.6914,5011532.42,45.24103575,-75.71222114,3878
20--4343,5/13/2020,6:54 AM,ROBERTSON RD @ WESTCLIFFE RD (0010387),10387,03 - At intersection,03 - P.D. only,02 - Angle,01 - Clear,01 - Daylight,01 - Dry,01 - Traffic signal,01 - Functioning,2,0,0,0,,0,,,,,356395.6456,5020053.477,45.3185358,-75.84189963,3879