Anom_ID,Accident_Date,Accident_Time,Location,Geo_ID,Accident_Location,Classification_of_Accident,Initial_Impact_Type,Environment_Condition,Light,Road_Surface_Condition,Traffic_Control,Traffic_Control_Condition,No__of_Vehicles,No__of_Bicycles,No__of_Motorcycles,No__of_Pedestrians,Max_Injury,No__of_Injuries,No__of_Minimal,No__of_Minor,No__of_Major,No__of_Fatal,X,Y,Latitude,Longitude,ObjectId
20--4344,5/13/2020,8:20 AM,HAZEL ST @ MAIN ST (0007202),7202,02 - Intersection related,03 - P.D. only,05 - Turning movement,01 - Clear,01 - Daylight,01 - Dry,01 - Traffic signal,01 - Functioning,2,0,0,0,,0,,,,,369166.7173,5030173.55,45.40853877,-75.67770212,3880
20--4345,5/13/2020,9:02 AM,ABBOTT ST @ CARBERY DR (0000324),324,02 - Intersection related,03 - P.D. only,03 - Rear end,01 - Clear,01 - Daylight,01 - Dry,02 - Stop sign,01 - Functioning,2,0,0,0,,0,,,,,350673.5845,5013712.415,45.26187424,-75.91546664,3881
20--4346,5/13/2020,9:38 PM,TERRY FOX DR @ WESTPHALIAN AVE (0014366),14366,02 - Intersection related,03 - P.D. only,03 - Rear end,01 - Clear,07 - Dark,01 - Dry,01 - Traffic signal,01 - Functioning,2,0,0,0,,0,,,,,353455.2261,5015759.789,45.28011017,-75.87982363,3882
20--4347,5/14/2020,10:32 PM,BASELINE RD @ WOODROFFE AVE (0002225),2225,03 - At intersection,03 - P.D. only,05 - Turning movement,01 - Clear,07 - Dark,01 - Dry,01 - Traffic signal,00 - Unknown,2,0,0,0,,0,,,,,362549.6847,5023770.515,45.35150231,-75.76297755,3883
20--4348,5/14/2020,11:08 AM,THOMAS A. DOLAN PKWY @ WOODKILTON RD (0008818),8818,02 - Intersection related,03 - P.D. only,05 - Turning movement,01 - Clear,01 - Daylight,01 - Dry,02 - Stop sign,00 - Unknown,2,0,0,0,,0,,,,,341215.5859,5030501.574,45.41350293,-76.03474288,3884
20--4349,5/14/2020,Unknown,CHESTERTON DR btwn SOUTHVIEW CRES & SOUTHVIEW CRES (__3ZAAV6),__3ZAAV6,01 - Non intersection,03 - P.D. only,06 - SMV unattended vehicle,00 - Unknown,00 - Unknown,00 - Unknown,10 - No control,,1,0,0,0,,0,,,,,365400.8913,5023853.27,45.35200633,-75.72658253,3885
20--435,1/11/2020,10:50 PM,BASELINE RD @ BASSANO ST (0003210),3210,02 - Intersection related,03 - P.D. only,03 - Rear end,04 - Freezing Rain,07 - Dark,06 - Ice,02 - Stop sign,00 - Unknown,2,0,0,0,,0,,,,,363765.6832,5024517.525,45.35812263,-75.74737077,3886
20--4350,5/14/2020,12:17 PM,MERIVALE RD/LOTTA AVE @ CLYDE AVE (0001112),1112,02 - Intersection related,03 - P.D. only,03 - Rear end,01 - Clear,01 - Daylight,01 - Dry,01 - Traffic signal,01 - Functioning,2,0,0,0,,0,,,,,364521.6963,5024507.517,45.35796859,-75.73772319,3887
20--4351,5/14/2020,12:50 PM,ALBION RD @ HUNT CLUB RD (0006974),6974,02 - Intersection related,03 - P.D. only,03 - Rear end,01 - Clear,01 - Daylight,01 - Dry,01 - Traffic signal,01 - Functioning,2,0,0,0,,0,,,,,371867.7348,5024320.507,45.35562173,-75.64399502,3888
20--4352,5/14/2020,2:25 PM,BANK ST @ HERON RD (0002155),2155,03 - At intersection,03 - P.D. only,05 - Turning movement,02 - Rain,01 - Daylight,02 - Wet,01 - Traffic signal,01 - Functioning,2,0,0,0,,0,,,,,369995.7119,5026851.557,45.3785719,-75.66755163,3889
20--4353,5/14/2020,3:13 PM,STRANDHERD DR @ WOODROFFE AVE (0009688),9688,02 - Intersection related,03 - P.D. only,03 - Rear end,01 - Clear,01 - Daylight,01 - Dry,01 - Traffic signal,01 - Functioning,2,0,0,0,,0,,,,,366106.1529,5015395.134,45.27583965,-75.71862908,3890
20--4354,5/14/2020,3:50 PM,HIGHWAY 417 btwn HWY417 IC123 RAMP62 & HWY417 IC122 RAMP16 (__3ZA2R9),__3ZA2R9,01 - Non intersection,03 - P.D. only,03 - Rear end,01 - Clear,01 - Daylight,01 - Dry,10 - No control,,2,0,0,0,,0,,,,,364827.3306,5028164.18,45.39084451,-75.73337804,3891
20--4355,5/14/2020,4:05 PM,WOODWAY AVE btwn BUCHANAN CRES & HOLLYBROOK CRES (__3ZA7PB),__3ZA7PB,01 - Non intersection,02 - Non-fatal injury,07 - SMV other,01 - Clear,01 - Daylight,01 - Dry,10 - No control,,1,0,0,0,02 - Minor,1,,1,,,374370.2639,5036125.181,45.4615904,-75.61039246,3892
20--4356,5/14/2020,4:14 PM,INNES RD @ STONEHENGE CRES E (0009355),9355,03 - At intersection,03 - P.D. only,02 - Angle,01 - Clear,01 - Daylight,01 - Dry,01 - Traffic signal,01 - Functioning,3,0,0,0,,0,,,,,375363.7491,5031313.545,45.41819848,-75.59837999,3893
20--4357,5/14/2020,4:19 PM,MITCH OWENS RD @ SPRATT RD (0004193),4193,03 - At intersection,02 - Non-fatal injury,03 - Rear end,01 - Clear,01 - Daylight,01 - Dry,02 - Stop sign,01 - Functioning,3,0,0,0,03 - Major,1,,,1,,369954.7188,5011046.414,45.23636432,-75.67015277,3894
20--4358,5/14/2020,4:59 PM,CAMERON ST @ REGIONAL RD 174 (0012883),12883,02 - Intersection related,02 - Non-fatal injury,03 - Rear end,01 - Clear,01 - Daylight,01 - Dry,01 - Traffic signal,01 - Functioning,2,0,0,0,02 - Minor,1,,1,,,389860.7568,5042617.577,45.51828711,-75.41122047,3895
20--4359,5/14/2020,6:16 PM,HIGHWAY 417 btwn HWY417 IC117 RAMP26 & HWY417 IC117 RAMP61 (__3ZA2YM),__3ZA2YM,01 - Non intersection,03 - P.D. only,04 - Sideswipe,01 - Clear,01 - Daylight,01 - Dry,10 - No control,,2,0,0,0,,0,,,,,371154.7567,5031368.459,45.41910441,-75.65214639,3896
20--436,1/11/2020,10:52 PM,HIGHWAY 417 btwn HWY417 IC144 RAMP16 & HWY417 IC144 RAMP61 (__3ZA2QU),__3ZA2QU,01 - Non intersection,03 - P.D. only,07 - SMV other,04 - Freezing Rain,07 - Dark,04 - Slush,10 - No control,,1,0,0,0,,0,,,,,347406.0347,5015870.079,45.28149524,-75.95691553,3897
20--4360,5/14/2020,6:51 AM,COPE DR btwn DEFENCE ST & YELLOWTAILWALK (e___2ISJ),e___2ISJ,01 - Non intersection,03 - P.D. only,06 - SMV unattended vehicle,01 - Clear,01 - Daylight,01 - Dry,10 - No control,,1,0,0,0,,0,,,,,352955.794,5014704.303,45.27064701,-75.88629158,3898
20--4361,5/14/2020,7:25 AM,MERIVALE RD @ SLACK RD (0000110),110,02 - Intersection related,03 - P.D. only,03 - Rear end,01 - Clear,01 - Daylight,01 - Dry,01 - Traffic signal,01 - Functioning,2,0,0,0,,0,,,,,366019.6973,5020955.499,45.32587887,-75.7190443,3899
20--4362,5/14/2020,7:56 PM,DES PERES BLANCS AVE @ LAVERGNE ST (0009955),9955,03 - At intersection,03 - P.D. only,02 - Angle,01 - Clear,05 - Dusk,01 - Dry,02 - Stop sign,01 - Functioning,2,0,0,0,,0,,,,,370292.7111,5033911.593,45.44206769,-75.66282183,3900
20--4363,5/14/2020,8:10 AM,CARLING AVE @ HOLLAND AVE (0002146),2146,03 - At intersection,03 - P.D. only,02 - Angle,01 - Clear,01 - Daylight,01 - Dry,01 - Traffic signal,01 - Functioning,2,0,0,0,,0,,,,,365416.6899,5028038.54,45.38966326,-75.72586733,3901
20--4364,5/14/2020,8:10 AM,VANIER PKWY/CRICHTON ST @ BEECHWOOD AVE/ST. PA (0001604),1604,02 - Intersection related,03 - P.D. only,03 - Rear end,01 - Clear,01 - Daylight,01 - Dry,01 - Traffic signal,01 - Functioning,2,0,0,0,,0,,,,,369127.791,5033487.138,45.43835678,-75.67776665,3902
20--4365,5/14/2020,9:51 PM,CRICHTON ST btwn ELECTRIC ST & VAUGHAN ST (__3ZA8WN),__3ZA8WN,01 - Non intersection,03 - P.D. only,06 - SMV unattended vehicle,01 - Clear,07 - Dark,01 - Dry,10 - No control,,1,0,0,0,,0,,,,,368959.303,5033554.138,45.4389751,-75.6799113,3903
20--4366,5/15/2020,Unknown,CRANESBILL RD btwn ADSTOCK HTS/MALAHATWAY & NORDMANN FIR CRT (e___2HZH),e___2HZH,01 - Non intersection,03 - P.D. only,06 - SMV unattended vehicle,01 - Clear,00 - Unknown,01 - Dry,10 - No control,,1,0,0,0,,0,,,,,352352.901,5016373.265,45.28570582,-75.89381467,3904
20--4367,5/15/2020,Unknown,BANTREE ST @ INNES RD (0007684),7684,03 - At intersection,03 - P.D. only,05 - Turning movement,01 - Clear,00 - Unknown,01 - Dry,01 - Traffic signal,01 - Functioning,2,0,0,0,,0,,,,,373705.7424,5030406.564,45.41020316,-75.61968924,3905
20--4368,5/15/2020,Unknown,CATHCART ST btwn DALHOUSIE ST & CUMBERLAND ST (__3ZA7DN),__3ZA7DN,01 - Non intersection,03 - P.D. only,06 - SMV unattended vehicle,01 - Clear,00 - Unknown,01 - Dry,10 - No control,,1,0,0,0,,0,,,,,367914.5368,5033013.314,45.43420405,-75.69333357,3906
20--4369,5/15/2020,2:00 PM,WEST HUNT CLUB RD @ 545 E OF ROYDON PL/SUNDERLAND ST (0010375),10375,02 - Intersection related,03 - P.D. only,04 - Sideswipe,02 - Rain,01 - Daylight,02 - Wet,01 - Traffic signal,01 - Functioning,2,0,0,0,,0,,,,,366352.704,5022407.52,45.33891482,-75.71461609,3907
20--437,1/11/2020,11:24 AM,MAXIME ST @ RIDGEBROOK DR (0009440),9440,03 - At intersection,03 - P.D. only,02 - Angle,02 - Rain,01 - Daylight,02 - Wet,02 - Stop sign,01 - Functioning,2,0,0,0,,0,,,,,374668.7311,5031649.577,45.42129167,-75.60721176,3908
20--4370,5/15/2020,3:01 PM,HUNT CLUB RD btwn MCCARTHY RD & RAMP (__3ZA36L),__3ZA36L,01 - Non intersection,02 - Non-fatal injury,07 - SMV other,02 - Rain,01 - Daylight,02 - Wet,10 - No control,,1,0,0,0,01 - Minimal,1,1,,,,370931.8789,5023651.353,45.34968978,-75.65602781,3909
20--3749,3/17/2020,8:20 PM,MARIER AVE @ MONTFORT ST (0010023),10023,02 - Intersection related,03 - P.D. only,07 - SMV other,01 - Clear,07 - Dark,01 - Dry,02 - Stop sign,01 - Functioning,1,0,0,0,,0,,,,,370260.7162,5033540.597,45.43873263,-75.66328011,3910
20--375,1/10/2020,1:05 PM,HUNT CLUB RD btwn DAZE ST & TURN LANE (__5AFH5U),__5AFH5U,01 - Non intersection,03 - P.D. only,04 - Sideswipe,01 - Clear,01 - Daylight,01 - Dry,10 - No control,,2,0,0,0,,0,,,,,371551.1282,5024017.562,45.35292614,-75.64807641,3911
20--3750,3/17/2020,8:33 AM,KING EDWARD AVE @ YORK ST (0008244),8244,02 - Intersection related,02 - Non-fatal injury,03 - Rear end,04 - Freezing Rain,01 - Daylight,04 - Slush,01 - Traffic signal,01 - Functioning,3,0,0,0,01 - Minimal,4,4,,,,368396.7141,5032621.592,45.4306358,-75.68722208,3912
20--3751,3/17/2020,9:00 PM,ALBION RD @ HUNT CLUB RD (0006974),6974,02 - Intersection related,03 - P.D. only,03 - Rear end,01 - Clear,07 - Dark,01 - Dry,01 - Traffic signal,01 - Functioning,2,0,0,0,,0,,,,,371867.7334,5024320.513,45.35562178,-75.64399503,3913
20--3752,3/17/2020,9:09 AM,CAMPEAU DR @ TERRY FOX DR (0008211),8211,03 - At intersection,02 - Non-fatal injury,02 - Angle,02 - Rain,01 - Daylight,02 - Wet,01 - Traffic signal,01 - Functioning,2,0,0,0,02 - Minor,1,,1,,,350455.6103,5019010.445,45.30956174,-75.91775647,3914
20--3753,3/17/2020,9:30 PM,KING EDWARD AVE @ RIDEAU ST (0002121),2121,02 - Intersection related,03 - P.D. only,03 - Rear end,01 - Clear,07 - Dark,01 - Dry,01 - Traffic signal,01 - Functioning,2,0,0,0,,0,,,,,368511.7057,5032413.582,45.42875373,-75.68577953,3915
20--3754,3/17/2020,9:40 PM,BASELINE RD/HERON RD @ PRINCE OF WALES DR (0002345),2345,02 - Intersection related,03 - P.D. only,03 - Rear end,01 - Clear,07 - Dark,01 - Dry,01 - Traffic signal,01 - Functioning,2,0,0,0,,0,,,,,366873.6807,5026438.53,45.37513914,-75.70746312,3916
20--3755,3/18/2020,12:52 PM,RIVERSIDE DR btwn HERON RD & RIVERSIDE DR RAMP 34 (__5FDVSE),__5FDVSE,01 - Non intersection,03 - P.D. only,03 - Rear end,01 - Clear,01 - Daylight,01 - Dry,10 - No control,,2,0,0,0,,0,,,,,368113.872,5026732.954,45.37767733,-75.69159258,3917
20--3756,3/18/2020,2:03 AM,ELGIN ST btwn WAVERLEY ST & FRANK ST (__3ZA3RQ),__3ZA3RQ,01 - Non intersection,03 - P.D. only,07 - SMV other,01 - Clear,07 - Dark,01 - Dry,10 - No control,,1,0,0,0,,0,,,,,368320.4315,5030948.148,45.41558566,-75.68841267,3918
20--3757,3/18/2020,3:13 PM,MELFORT ST @ WALKLEY RD (0008805),8805,02 - Intersection related,03 - P.D. only,03 - Rear end,01 - Clear,01 - Daylight,01 - Dry,12 - IPS,01 - Functioning,2,0,0,0,,0,,,,,374445.7468,5028373.551,45.39183787,-75.61052348,3919
20--3758,3/18/2020,4:26 AM,HIGHWAY 417 btwn HWY417 IC144 RAMP61 & HWY417 IC142 RAMP16 (__3ZA20K),__3ZA20K,01 - Non intersection,02 - Non-fatal injury,07 - SMV other,01 - Clear,07 - Dark,01 - Dry,10 - No control,,1,0,0,0,02 - Minor,1,,1,,,348414.809,5016789.701,45.28970846,-75.94397679,3920
20--3759,3/18/2020,4:49 PM,HUNT CLUB RD @ RIVERSIDE DR (0002237),2237,02 - Intersection related,02 - Non-fatal injury,03 - Rear end,01 - Clear,01 - Daylight,01 - Dry,01 - Traffic signal,01 - Functioning,2,0,0,0,02 - Minor,1,,1,,,368036.7001,5021945.499,45.33460789,-75.69319024,3921
20--376,1/10/2020,1:17 PM,GRANT CARMAN DR @ FAMILY BROWN LANE (0010458),10458,03 - At intersection,03 - P.D. only,02 - Angle,01 - Clear,01 - Daylight,01 - Dry,02 - Stop sign,01 - Functioning,2,0,0,0,,0,,,,,365218.8644,5023514.76,45.34897618,-75.72894679,3922
20--3760,3/18/2020,4:52 PM,ST. LAURENT BLVD btwn MCARTHUR AVE & DONALD ST (__3ZBOF4),__3ZBOF4,01 - Non intersection,03 - P.D. only,03 - Rear end,01 - Clear,01 - Daylight,01 - Dry,10 - No control,,3,0,0,0,,0,,,,,371937.9658,5032848.634,45.43234763,-75.64193824,3923
20--3761,3/18/2020,8:54 PM,MITCH OWENS RD @ DOZOIS RD/LIMEBANK RD (0012469),12469,03 - At intersection,02 - Non-fatal injury,02 - Angle,01 - Clear,07 - Dark,01 - Dry,01 - Traffic signal,01 - Functioning,2,0,0,0,02 - Minor,2,,2,,,371673.7301,5012108.421,45.24575893,-75.64811808,3924
20--3762,3/18/2020,9:27 AM,LEITRIM RD @ RIVER RD (0004194),4194,03 - At intersection,03 - P.D. only,02 - Angle,02 - Rain,01 - Daylight,02 - Wet,02 - Stop sign,01 - Functioning,2,0,0,0,,0,,,,,368019.6905,5017177.449,45.29170728,-75.69401562,3925
20--3763,3/18/2020,9:38 PM,ALBION RD @ MITCH OWENS RD (0004212),4212,03 - At intersection,02 - Non-fatal injury,05 - Turning movement,01 - Clear,07 - Dark,01 - Dry,01 - Traffic signal,01 - Functioning,2,0,0,0,02 - Minor,2,,2,,,375906.7418,5014804.448,45.26960205,-75.59381594,3926
20--3764,3/19/2020,1:04 AM,PRINCE OF WALES DR btwn WATERFORD WAY & AMBERWOOD CRES (__3ZA27J),__3ZA27J,01 - Non intersection,03 - P.D. only,04 - Sideswipe,01 - Clear,07 - Dark,01 - Dry,10 - No control,,2,0,0,0,,0,,,,,367401.7491,5020799.184,45.32435047,-75.70143547,3927
20--3765,3/19/2020,11:45 AM,PRINCE OF WALES DR btwn 187 N OF MEADOWLANDS DR & MEADOWLANDS DR/HOG'S (__3ZA36WA),__3ZA36WA,04 - At/near private drive,03 - P.D. only,03 - Rear end,01 - Clear,01 - Daylight,01 - Dry,10 - No control,,2,0,0,0,,0,,,,,367331.6164,5025808.138,45.36942631,-75.70169672,3928
20--3766,3/19/2020,12:39 PM,PINECREST RD @ RICHMOND RD (0002353),2353,03 - At intersection,02 - Non-fatal injury,07 - SMV other,01 - Clear,01 - Daylight,01 - Dry,01 - Traffic signal,01 - Functioning,1,0,0,1,02 - Minor,1,,1,,,360072.6753,5024471.513,45.35800948,-75.79450921,3929
20--3767,3/19/2020,12:43 PM,TERRY FOX DR @ FERNBANK RD (0011863),11863,02 - Intersection related,03 - P.D. only,02 - Angle,01 - Clear,01 - Daylight,01 - Dry,01 - Traffic signal,01 - Functioning,2,0,0,0,,0,,,,,354303.6302,5015130.469,45.27438817,-75.86907299,3930
20--3768,3/19/2020,12:45 PM,SLOAN AVE btwn HOPEWELL AVE & END (__3ZA1GW),__3ZA1GW,01 - Non intersection,03 - P.D. only,06 - SMV unattended vehicle,01 - Clear,01 - Daylight,01 - Dry,10 - No control,,1,0,0,0,,0,,,,,368031.366,5027988.643,45.38898312,-75.69248509,3931
20--3769,3/19/2020,12:47 AM,WELLINGTON ST    W btwn ROSS AVE & CLARENDON AVE (__3ZA4P9),__3ZA4P9,01 - Non intersection,03 - P.D. only,07 - SMV other,01 - Clear,07 - Dark,01 - Dry,10 - No control,,1,0,0,0,,0,,,,,364516.839,5029020.296,45.39857422,-75.73723941,3932
20--377,1/10/2020,1:29 PM,INDUSTRIAL AVE btwn RUSSELL RD & ST. LAURENT BLVD (__3ZA3R7),__3ZA3R7,04 - At/near private drive,03 - P.D. only,02 - Angle,01 - Clear,01 - Daylight,01 - Dry,10 - No control,,2,0,0,0,,0,,,,,373010.6148,5029961.061,45.40626283,-75.6286305,3933
20--3770,3/19/2020,2:21 PM,REGIONAL ROAD 174 btwn OR174 IC112 RAMP51 & OR174 IC112 RAMP15 (__3ZA2XE),__3ZA2XE,01 - Non intersection,03 - P.D. only,04 - Sideswipe,01 - Clear,01 - Daylight,01 - Dry,10 - No control,,2,0,0,0,,0,,,,,375114.2465,5033062.438,45.43395917,-75.60131792,3934
20--3771,3/19/2020,2:36 PM,BASELINE RD @ MERIVALE RD (0002342),2342,02 - Intersection related,03 - P.D. only,02 - Angle,01 - Clear,01 - Daylight,01 - Dry,01 - Traffic signal,01 - Functioning,2,0,0,0,,0,,,,,365054.6963,5025325.516,45.36528321,-75.73082096,3935
20--3772,3/19/2020,2:43 PM,GESNER CRT btwn MAPLE GROVE RD & END (__3ZACX4),__3ZACX4,04 - At/near private drive,03 - P.D. only,02 - Angle,01 - Clear,01 - Daylight,01 - Dry,10 - No control,,2,0,0,0,,0,,,,,351698.1666,5017806.058,45.29864248,-75.90202503,3936
20--3773,3/19/2020,4:00 PM,MERIVALE RD btwn VIEWMOUNT DR & COLONNADE RD (__3ZA33F),__3ZA33F,01 - Non intersection,03 - P.D. only,04 - Sideswipe,01 - Clear,01 - Daylight,01 - Dry,10 - No control,,2,0,0,0,,0,,,,,365212.7506,5022903.254,45.34347446,-75.7290995,3937
20--3774,3/19/2020,4:15 PM,JAMES ST @ KENT ST (0007277),7277,02 - Intersection related,03 - P.D. only,03 - Rear end,01 - Clear,01 - Daylight,01 - Dry,02 - Stop sign,01 - Functioning,2,0,0,0,,0,,,,,367659.7047,5030598.561,45.41249986,-75.69689839,3938
20--3775,3/19/2020,4:39 PM,HIGHWAY 417 btwn Continuation of HIGHWAY 417 & HWY417 IC134 RAMP51 (__3ZA29B),__3ZA29B,01 - Non intersection,03 - P.D. only,04 - Sideswipe,01 - Clear,01 - Daylight,01 - Dry,10 - No control,,2,0,0,0,,0,,,,,355242.391,5021552.005,45.33210358,-75.85645575,3939
20--3776,3/19/2020,5:10 PM,WILLOW ASTER CIR btwn JEROME JODOIN DR & WILLOW ASTER CIR (e___2HC9),e___2HC9,04 - At/near private drive,03 - P.D. only,05 - Turning movement,01 - Clear,01 - Daylight,01 - Dry,10 - No control,,2,0,0,0,,0,,,,,383637.988,5033870.414,45.44031964,-75.49226314,3940
20--3777,3/19/2020,6:40 AM,HIGHWAY 417 btwn HWY417 IC110 RAMP55 & HWY417 IC104 RAMP51 (__3ZA2W8),__3ZA2W8,01 - Non intersection,03 - P.D. only,04 - Sideswipe,01 - Clear,03 - Dawn,01 - Dry,10 - No control,,2,0,0,0,,0,,,,,375991.414,5027999.556,45.38831744,-75.59083951,3941
20--3778,3/19/2020,7:00 PM,JEANNE D'ARC BLVD  S btwn YOUVILLE DR & ST. JOSEPH BLVD (__3ZA2BT),__3ZA2BT,01 - Non intersection,03 - P.D. only,07 - SMV other,01 - Clear,05 - Dusk,01 - Dry,10 - No control,,1,0,0,0,,0,,,,,379808.0208,5036557.247,45.46491514,-75.54080241,3942
20--3779,3/19/2020,9:37 AM,BELFAST RD btwn TRAINYARDS DR & ST. LAURENT BLVD (__3ZA79Z),__3ZA79Z,04 - At/near private drive,03 - P.D. only,05 - Turning movement,01 - Clear,01 - Daylight,01 - Dry,10 - No control,,2,0,0,0,,0,,,,,372159.8793,5030772.199,45.41364348,-75.6393863,3943
20--378,1/10/2020,10:00 AM,WOODROFFE AVE/HWY 417 WOODROFF IC127R25 @ HWY  (0002348),2348,02 - Intersection related,03 - P.D. only,03 - Rear end,01 - Clear,01 - Daylight,01 - Dry,01 - Traffic signal,01 - Functioning,2,0,0,0,,0,,,,,362179.68,5024694.51,45.35984672,-75.76759205,3944
20--3780,3/19/2020,9:45 PM,CONROY RD @ WALKLEY RD (0002648),2648,02 - Intersection related,03 - P.D. only,03 - Rear end,01 - Clear,07 - Dark,01 - Dry,01 - Traffic signal,01 - Functioning,2,0,0,0,,0,,,,,372903.7348,5027463.522,45.38380147,-75.63034047,3945
20--3781,3/20/2020,10:00 PM,BANK ST btwn CECIL AVE & HERON RD (__3ZA3AC),__3ZA3AC,01 - Non intersection,03 - P.D. only,07 - SMV other,01 - Clear,07 - Dark,06 - Ice,10 - No control,,1,0,0,0,,0,,,,,369968.5124,5026925.18,45.37923687,-75.66788917,3946
20--3782,3/20/2020,10:35 AM,TERRANOVA DR btwn DEAUVILLE CRES & GRENOBLE CRES (__3ZA7K6),__3ZA7K6,01 - Non intersection,03 - P.D. only,06 - SMV unattended vehicle,01 - Clear,01 - Daylight,02 - Wet,10 - No control,,1,0,0,0,,0,,,,,381045.3497,5038914.976,45.48599406,-75.5246159,3947
20--3783,3/20/2020,11:00 AM,INNES RD @ TENTH LINE RD (0004633),4633,02 - Intersection related,03 - P.D. only,04 - Sideswipe,"07 - Fog, mist, smoke, dust",01 - Daylight,02 - Wet,01 - Traffic signal,01 - Functioning,2,0,0,0,,0,,,,,383951.7611,5036159.555,45.46087983,-75.48788467,3948
20--3784,3/20/2020,11:00 PM,BANK ST @ HUNT CLUB RD (0002119),2119,02 - Intersection related,03 - P.D. only,03 - Rear end,01 - Clear,07 - Dark,01 - Dry,01 - Traffic signal,01 - Functioning,2,0,0,0,,0,,,,,371608.7393,5024096.502,45.35363093,-75.64733055,3949
20--3785,3/20/2020,11:28 PM,HIGHWAY 417 btwn HWY417 IC123 RAMP62 & HWY417 IC122 RAMP16 (__3ZA2R9),__3ZA2R9,01 - Non intersection,03 - P.D. only,04 - Sideswipe,01 - Clear,07 - Dark,01 - Dry,10 - No control,,2,0,0,0,,0,,,,,364914.0384,5028322.801,45.39226431,-75.73225145,3950
20--3786,3/20/2020,Unknown,MCGEE SIDE RD btwn SPRUCE RIDGE RD & END (__3ZA1GG),__3ZA1GG,01 - Non intersection,03 - P.D. only,06 - SMV unattended vehicle,02 - Rain,00 - Unknown,02 - Wet,10 - No control,,1,0,0,0,,0,,,,,341173.3549,5016668.195,45.2890272,-76.03630001,3951
20--3787,3/20/2020,Unknown,WILDBRIAR WAY btwn PINETRAIL CRES & PINETRAIL CRES (__3ZA0F5),__3ZA0F5,04 - At/near private drive,03 - P.D. only,06 - SMV unattended vehicle,02 - Rain,00 - Unknown,02 - Wet,10 - No control,,1,0,0,0,,0,,,,,362897.7727,5022244.789,45.33774518,-75.7587147,3952
20--3788,3/20/2020,2:39 PM,SPEEDWAY RD btwn SPRUCE RIDGE RD & END (__7JQ7KY),__7JQ7KY,01 - Non intersection,03 - P.D. only,07 - SMV other,01 - Clear,01 - Daylight,01 - Dry,10 - No control,,1,0,0,0,,0,,,,,345805.0642,5011466.151,45.24196198,-75.97768518,3953
20--3789,3/20/2020,3:00 PM,MEADOWLANDS DR btwn BAYNE AVE & MERIVALE RD (__3ZA4HT),__3ZA4HT,01 - Non intersection,03 - P.D. only,04 - Sideswipe,01 - Clear,01 - Daylight,01 - Dry,10 - No control,,2,0,0,0,,0,,,,,364809.9086,5023699.09,45.35066986,-75.73414296,3954
20--379,1/10/2020,10:30 PM,MONTREAL RD @ CARSON'S RD/CODD'S RD (0010801),10801,02 - Intersection related,02 - Non-fatal injury,03 - Rear end,"07 - Fog, mist, smoke, dust",07 - Dark,02 - Wet,01 - Traffic signal,01 - Functioning,2,0,0,0,01 - Minimal,2,2,,,,372770.7117,5034398.577,45.44621279,-75.63108245,3955
20--3790,3/20/2020,7:14 AM,HIGHWAY 416 btwn HWY416 IC49 RAMP24 & HWY416 IC42 RAMP42 (__3ZA29T),__3ZA29T,01 - Non intersection,03 - P.D. only,07 - SMV other,02 - Rain,01 - Daylight,02 - Wet,10 - No control,,1,0,0,0,,0,,,,,370149.9099,4997246.481,45.11217442,-75.66947392,3956
20--3791,3/20/2020,8:47 AM,FALLOWFIELD RD @ STEEPLE HILL CRES (0000635),635,03 - At intersection,03 - P.D. only,02 - Angle,"07 - Fog, mist, smoke, dust",01 - Daylight,02 - Wet,02 - Stop sign,01 - Functioning,2,0,0,0,,0,,,,,358398.6438,5013997.423,45.26389262,-75.81700765,3957
20--3792,3/20/2020,9:20 AM,AIRPORT PKWY btwn AIRPORT PKWY/HUNT CLUB RAMP 42 & WALKLEY RD NB RAMP (__3ZAZP9),__3ZAZP9,01 - Non intersection,02 - Non-fatal injury,05 - Turning movement,01 - Clear,01 - Daylight,02 - Wet,10 - No control,,2,0,0,0,02 - Minor,1,,1,,,370671.0147,5024227.761,45.35490067,-75.65927979,3958
20--3793,3/21/2020,10:23 PM,GREENBANK RD btwn BARNSDALE RD & VIEWBANK RD (__3ZABMH),__3ZABMH,01 - Non intersection,03 - P.D. only,03 - Rear end,01 - Clear,07 - Dark,01 - Dry,10 - No control,,2,0,0,0,,0,,,,,366058.7044,5009798.172,45.22548236,-75.71992351,3959
20--3794,3/21/2020,10:45 AM,PARKDALE AVE @ RUSKIN ST (0006697),6697,02 - Intersection related,03 - P.D. only,03 - Rear end,01 - Clear,01 - Daylight,01 - Dry,01 - Traffic signal,01 - Functioning,2,0,0,0,,0,,,,,365507.7077,5028451.548,45.39337154,-75.72465424,3960
20--3795,3/21/2020,12:30 PM,BILLINGS BRIDGESC RAMP SB @ RIVERSIDE DR EB (0010763),10763,03 - At intersection,03 - P.D. only,02 - Angle,01 - Clear,01 - Daylight,01 - Dry,02 - Stop sign,01 - Functioning,2,0,0,0,,0,,,,,369177.3022,5027785.493,45.38705085,-75.67787857,3961
20--3796,3/21/2020,2:56 PM,OLD INNES RD @ BANTREE ST (0007674),7674,03 - At intersection,03 - P.D. only,02 - Angle,01 - Clear,01 - Daylight,01 - Dry,02 - Stop sign,01 - Functioning,2,0,0,0,,0,,,,,373727.7303,5030352.557,45.40971507,-75.61941591,3962