Anom_ID,Accident_Date,Accident_Time,Location,Geo_ID,Accident_Location,Classification_of_Accident,Initial_Impact_Type,Environment_Condition,Light,Road_Surface_Condition,Traffic_Control,Traffic_Control_Condition,No__of_Vehicles,No__of_Bicycles,No__of_Motorcycles,No__of_Pedestrians,Max_Injury,No__of_Injuries,No__of_Minimal,No__of_Minor,No__of_Major,No__of_Fatal,X,Y,Latitude,Longitude,ObjectId
20--3797,3/21/2020,3:42 AM,GERRY LALONDE DR btwn BLUESTONE PRIV & BLUESTONE PRIV (__86L67K),__86L67K,01 - Non intersection,03 - P.D. only,04 - Sideswipe,04 - Freezing Rain,07 - Dark,06 - Ice,10 - No control,,2,0,0,0,,0,,,,,384150.903,5035374.482,45.45379387,-75.48546532,3963
20--3798,3/21/2020,7:05 PM,BANK ST @ CATHERINE ST (0002708),2708,03 - At intersection,02 - Non-fatal injury,02 - Angle,01 - Clear,07 - Dark,01 - Dry,01 - Traffic signal,01 - Functioning,3,0,0,0,02 - Minor,1,,1,,,368039.709,5030267.569,45.40948746,-75.69208636,3964
20--3799,3/21/2020,9:10 PM,BRIAN COBURN BLVD @ TENTH LINE RD (0013966),13966,03 - At intersection,03 - P.D. only,04 - Sideswipe,01 - Clear,07 - Dark,01 - Dry,01 - Traffic signal,01 - Functioning,2,0,0,0,,0,,,,,384428.3389,5035022.308,45.45059377,-75.48197576,3965
20--38,1/2/2020,3:05 PM,STRANDHERD DR btwn LONGFIELDS DR & CLARIDGE DR (__4BRV9S),__4BRV9S,04 - At/near private drive,02 - Non-fatal injury,05 - Turning movement,01 - Clear,01 - Daylight,02 - Wet,10 - No control,,2,0,0,0,02 - Minor,1,,1,,,364609.2262,5015210.534,45.27430755,-75.73772852,3966
20--380,1/10/2020,10:32 AM,COOPER ST @ METCALFE ST (0006940),6940,03 - At intersection,03 - P.D. only,02 - Angle,01 - Clear,01 - Daylight,06 - Ice,02 - Stop sign,01 - Functioning,2,0,0,0,,0,,,,,367962.7057,5031178.56,45.41769122,-75.69295327,3967
20--3800,3/22/2020,Unknown,GULF PL btwn HOCHELAGA ST & THE ROCKERY PRIV (__3ZBOBR),__3ZBOBR,01 - Non intersection,03 - P.D. only,06 - SMV unattended vehicle,01 - Clear,00 - Unknown,01 - Dry,10 - No control,,1,0,0,0,,0,,,,,373074.7549,5034392.826,45.44613141,-75.6271969,3968
20--3801,3/22/2020,12:12 PM,VANIER PKWY NB btwn MONTREAL RD & MCARTHUR AVE (__3ZA4SS),__3ZA4SS,01 - Non intersection,02 - Non-fatal injury,03 - Rear end,01 - Clear,01 - Daylight,01 - Dry,10 - No control,,2,0,0,0,01 - Minimal,1,1,,,,370111.778,5033005.711,45.43393388,-75.6652546,3969
20--3802,3/22/2020,6:31 AM,TRAINYARDS DR btwn TERMINAL AVE & BELFAST RD (__58HPET),__58HPET,01 - Non intersection,02 - Non-fatal injury,07 - SMV other,01 - Clear,01 - Daylight,01 - Dry,10 - No control,,1,0,0,0,02 - Minor,1,,1,,,371879.1509,5030898.538,45.41480719,-75.64295539,3970
20--3803,3/22/2020,7:30 PM,STANLEY AVE btwn SUSSEX DR & THOMAS ST (__3ZA8A1),__3ZA8A1,01 - Non intersection,03 - P.D. only,06 - SMV unattended vehicle,01 - Clear,07 - Dark,01 - Dry,10 - No control,,1,0,0,0,,0,,,,,367888.3898,5033847.677,45.44171371,-75.69356078,3971
20--3804,3/23/2020,10:00 AM,HIGHWAY 416 btwn HWY416 IC66 RAMP24 & HWY416 IC57 RAMP62 (__3ZA1OI),__3ZA1OI,01 - Non intersection,03 - P.D. only,07 - SMV other,03 - Snow,01 - Daylight,06 - Ice,10 - No control,,1,0,0,0,,0,,,,,361297.5144,5012326.484,45.24863047,-75.78026098,3972
20--3805,3/23/2020,10:00 PM,5TH LINE RD @ DALMENY RD (0001646),1646,03 - At intersection,03 - P.D. only,02 - Angle,03 - Snow,07 - Dark,06 - Ice,02 - Stop sign,01 - Functioning,2,0,0,0,,0,,,,,382530.7561,5002291.349,45.15631396,-75.51136441,3973
20--3806,3/23/2020,11:21 AM,MERIVALE RD/LOTTA AVE @ CLYDE AVE (0001112),1112,02 - Intersection related,03 - P.D. only,03 - Rear end,01 - Clear,01 - Daylight,01 - Dry,01 - Traffic signal,01 - Functioning,2,0,0,0,,0,,,,,364521.698,5024507.52,45.35796861,-75.73772317,3974
20--3807,3/23/2020,Unknown,OGILVIE WALK CRES btwn AMBASSADOR AVE & AMBASSADOR AVE (__3ZAZRH),__3ZAZRH,01 - Non intersection,03 - P.D. only,06 - SMV unattended vehicle,01 - Clear,00 - Unknown,01 - Dry,10 - No control,,1,0,0,0,,0,,,,,374044.3639,5032551.177,45.42946587,-75.61506227,3975
20--3808,3/23/2020,2:30 PM,ALBION RD @ D'AOUST AVE (0009629),9629,03 - At intersection,03 - P.D. only,02 - Angle,02 - Rain,01 - Daylight,02 - Wet,01 - Traffic signal,01 - Functioning,2,0,0,0,,0,,,,,372217.7443,5023470.521,45.34794028,-75.63964414,3976
20--3809,3/23/2020,3:10 PM,BASELINE RD @ NAVAHO DR (0003158),3158,02 - Intersection related,03 - P.D. only,03 - Rear end,03 - Snow,01 - Daylight,02 - Wet,01 - Traffic signal,01 - Functioning,3,0,0,0,,0,,,,,363085.6785,5024097.498,45.35440013,-75.75609903,3977
20--381,1/10/2020,10:45 AM,GREENBANK RD @ STRANDHERD DR (0005563),5563,02 - Intersection related,03 - P.D. only,04 - Sideswipe,01 - Clear,01 - Daylight,01 - Dry,01 - Traffic signal,01 - Functioning,2,0,0,0,,0,,,,,363933.6792,5014784.415,45.27053046,-75.7463884,3978
20--3810,3/23/2020,4:07 PM,CYRVILLE RD @ INNES RD (0009352),9352,02 - Intersection related,03 - P.D. only,03 - Rear end,03 - Snow,01 - Daylight,02 - Wet,01 - Traffic signal,01 - Functioning,2,0,0,0,,0,,,,,375047.7174,5031119.559,45.4164849,-75.60244521,3979
20--3811,3/23/2020,5:13 PM,ALBERT ST btwn METCALFE ST & ELGIN ST (__3ZA353),__3ZA353,01 - Non intersection,03 - P.D. only,06 - SMV unattended vehicle,03 - Snow,01 - Daylight,04 - Slush,10 - No control,,1,0,0,0,,0,,,,,367704.0307,5031621.382,45.42169889,-75.69620156,3980
20--3812,3/23/2020,6:51 AM,REGIONAL ROAD 174 btwn OR174 IC109 RAMP64 & OR174 IC105 RAMP16 (__3ZA2XD),__3ZA2XD,01 - Non intersection,03 - P.D. only,03 - Rear end,01 - Clear,01 - Daylight,01 - Dry,10 - No control,,2,0,0,0,,0,,,,,378359.7416,5036438.567,45.46400135,-75.55933813,3981
20--3813,3/23/2020,9:02 PM,MERIVALE RD @ WEST HUNT CLUB RD (0000584),584,02 - Intersection related,03 - P.D. only,04 - Sideswipe,01 - Clear,07 - Dark,01 - Dry,01 - Traffic signal,01 - Functioning,2,0,0,0,,0,,,,,365612.6962,5021942.492,45.33479509,-75.72411452,3982
20--3814,3/23/2020,9:09 PM,GREENBANK RD @ BERRIGAN DR/WESSEX RD (0004726),4726,03 - At intersection,02 - Non-fatal injury,05 - Turning movement,01 - Clear,07 - Dark,02 - Wet,01 - Traffic signal,01 - Functioning,2,0,0,0,02 - Minor,1,,1,,,363723.6741,5015276.416,45.27497512,-75.74900613,3983
20--3815,3/24/2020,10:55 AM,GLADSTONE AVE @ KENT ST (0002251),2251,03 - At intersection,03 - P.D. only,02 - Angle,01 - Clear,01 - Daylight,01 - Dry,01 - Traffic signal,01 - Functioning,2,0,0,0,,0,,,,,367744.7045,5030459.561,45.41124154,-75.69583028,3984
20--3816,3/24/2020,12:54 AM,OGILVIE RD btwn AVIATION PKWY & MATHESON RD (__3ZA2DL),__3ZA2DL,01 - Non intersection,03 - P.D. only,03 - Rear end,01 - Clear,07 - Dark,02 - Wet,10 - No control,,2,0,0,0,,0,,,,,373208.8925,5032434.74,45.42850045,-75.62575445,3985
20--3817,3/24/2020,5:10 PM,HAZELDEAN RD btwn GO/KA BOUNDARY & GO/KA BOUNDARY (__3ZBOBE),__3ZBOBE,01 - Non intersection,03 - P.D. only,04 - Sideswipe,01 - Clear,01 - Daylight,01 - Dry,10 - No control,,2,0,0,0,,0,,,,,351503.5719,5016592.591,45.28773633,-75.90462034,3986
20--3818,3/24/2020,5:34 PM,WEST HUNT CLUB RD @ WOODROFFE AVE (0000576),576,03 - At intersection,03 - P.D. only,05 - Turning movement,01 - Clear,01 - Daylight,01 - Dry,01 - Traffic signal,01 - Functioning,2,0,0,0,,0,,,,,363670.6962,5021246.474,45.32869799,-75.74897235,3987
20--3819,3/24/2020,5:39 PM,BAYSHORE DR @ RICHMOND RD (0010407),10407,02 - Intersection related,03 - P.D. only,02 - Angle,01 - Clear,01 - Daylight,01 - Dry,01 - Traffic signal,01 - Functioning,2,0,0,0,,0,,,,,359372.6852,5023368.527,45.34813964,-75.80356483,3988
20--382,1/10/2020,10:46 AM,HUNT CLUB RD @ DOWNPATRICK RD/MCCARTHY RD (0006931),6931,03 - At intersection,02 - Non-fatal injury,05 - Turning movement,01 - Clear,01 - Daylight,01 - Dry,01 - Traffic signal,01 - Functioning,2,0,0,0,02 - Minor,2,,2,,,370507.72,5023400.524,45.34747276,-75.66147364,3989
20--3820,3/24/2020,7:38 AM,HOLLAND AVE @ ISLAND PARK DR/N.C.C. DRIVEWAY (0010787),10787,02 - Intersection related,03 - P.D. only,03 - Rear end,01 - Clear,01 - Daylight,06 - Ice,01 - Traffic signal,01 - Functioning,2,0,0,0,,0,,,,,365425.7016,5027917.539,45.38857374,-75.72576711,3990
20--3821,3/25/2020,1:45 AM,REGIONAL ROAD 174 btwn OR174 IC105 RAMP25 & OR174 IC102 RAMP51 (__3ZA27G),__3ZA27G,01 - Non intersection,03 - P.D. only,07 - SMV other,01 - Clear,07 - Dark,01 - Dry,10 - No control,,1,0,0,0,,0,,,,,380104.4797,5037395.229,45.47242274,-75.53688344,3991
20--3822,3/25/2020,11:35 AM,RICHMOND RD @ STINSON AVE (0001130),1130,02 - Intersection related,02 - Non-fatal injury,03 - Rear end,01 - Clear,01 - Daylight,01 - Dry,01 - Traffic signal,00 - Unknown,2,0,0,0,02 - Minor,2,,2,,,357873.6659,5020928.474,45.32629893,-75.82295508,3992
20--3823,3/25/2020,12:30 AM,TRIM RD btwn DEMETER ST & VALIN ST (__4BQAS8),__4BQAS8,01 - Non intersection,03 - P.D. only,07 - SMV other,01 - Clear,07 - Dark,01 - Dry,10 - No control,,1,0,0,0,,0,,,,,386226.0508,5037762.164,45.47503714,-75.45854252,3993
20--3824,3/25/2020,2:30 PM,HIGHWAY 417 btwn HWY417 IC115 RAMP35 & HIGHWAY 417 (__3ZA2US),__3ZA2US,01 - Non intersection,03 - P.D. only,04 - Sideswipe,01 - Clear,01 - Daylight,01 - Dry,10 - No control,,2,0,0,0,,0,,,,,372550.2115,5031511.737,45.42025982,-75.63429817,3994
20--3825,3/25/2020,3:00 PM,SHEFFIELD RD @ WALKLEY RD (0005156),5156,02 - Intersection related,03 - P.D. only,07 - SMV other,01 - Clear,01 - Daylight,02 - Wet,01 - Traffic signal,01 - Functioning,1,0,0,0,,0,,,,,375257.7366,5028784.54,45.39545452,-75.60009579,3995
20--3826,3/25/2020,6:06 PM,EAGLESON RD @ FALLOWFIELD RD (0000118),118,03 - At intersection,03 - P.D. only,02 - Angle,01 - Clear,05 - Dusk,01 - Dry,01 - Traffic signal,01 - Functioning,2,0,0,0,,0,,,,,355961.6221,5012594.403,45.25144939,-75.84820432,3996
20--3827,3/25/2020,6:30 PM,RUSSELL RD S @ ST. LAURENT BLVD (0007734),7734,02 - Intersection related,03 - P.D. only,03 - Rear end,01 - Clear,05 - Dusk,01 - Dry,01 - Traffic signal,01 - Functioning,2,0,0,0,,0,,,,,373569.7301,5029260.551,45.39990526,-75.6215865,3997
20--3828,3/25/2020,6:31 PM,HINCKS LANE @ RIVERSIDE DR (0011354),11354,03 - At intersection,03 - P.D. only,02 - Angle,01 - Clear,05 - Dusk,01 - Dry,01 - Traffic signal,01 - Functioning,2,0,0,0,,0,,,,,370166.7081,5030205.569,45.40873418,-75.66492414,3998
20--3829,3/25/2020,7:09 AM,DUNDAS ST btwn SELKIRK ST & MCARTHUR AVE (__3ZA1B8),__3ZA1B8,01 - Non intersection,03 - P.D. only,04 - Sideswipe,01 - Clear,01 - Daylight,01 - Dry,10 - No control,,2,0,0,0,,0,,,,,369968.5738,5032723.402,45.43140714,-75.66712205,3999
20--383,1/10/2020,10:54 AM,MEADOWLANDS DR @ MERIVALE RD (0000625),625,02 - Intersection related,03 - P.D. only,04 - Sideswipe,01 - Clear,01 - Daylight,01 - Dry,01 - Traffic signal,01 - Functioning,2,0,0,0,,0,,,,,364858.7013,5023725.504,45.35090336,-75.73351711,4000
20--5001,6/18/2020,9:58 PM,ISLAND PARK DR btwn HELENA ST & ISLAND PARK CRES (__3ZA23Z),__3ZA23Z,01 - Non intersection,03 - P.D. only,07 - SMV other,01 - Clear,07 - Dark,01 - Dry,10 - No control,,1,0,0,0,,0,,,,,364421.9606,5028220.269,45.39138382,-75.73854787,4001
20--5002,6/19/2020,1:20 PM,HAWTHORNE RD @ HUNT CLUB RD (0007651),7651,02 - Intersection related,03 - P.D. only,03 - Rear end,01 - Clear,01 - Daylight,01 - Dry,01 - Traffic signal,01 - Functioning,2,0,0,0,,0,,,,,375507.7458,5026406.52,45.37403309,-75.59724365,4002
20--5003,6/19/2020,1:30 PM,HIGHWAY 417 btwn HWY417 IC124 RAMP76 & HWY417 IC124 RAMP67 (__3ZA2R7),__3ZA2R7,01 - Non intersection,03 - P.D. only,03 - Rear end,01 - Clear,01 - Daylight,01 - Dry,10 - No control,,2,0,0,0,,0,,,,,364133.0131,5027154.012,45.38181436,-75.74236597,4003
20--5004,6/19/2020,1:38 PM,VIEWMOUNT DR @ MERIVALE RD (0001528),1528,03 - At intersection,02 - Non-fatal injury,05 - Turning movement,01 - Clear,01 - Daylight,01 - Dry,01 - Traffic signal,01 - Functioning,2,0,0,0,02 - Minor,1,,1,,,365193.7015,5022948.492,45.34388314,-75.72933703,4004
20--5005,6/19/2020,10:00 AM,CROSSKEYS PL/HELENE CAMPBELL RD @ STRANDHERD DR (0015337),15337,02 - Intersection related,03 - P.D. only,03 - Rear end,01 - Clear,01 - Daylight,01 - Dry,01 - Traffic signal,01 - Functioning,2,0,0,0,,0,,,,,360982.3112,5014901.733,45.27182808,-75.78398493,4005
20--4821,6/11/2020,2:30 PM,WOODROFFE AVE btwn GEORGINA DR & HWY417 IC127 RAMP36 (__3ZA4L6),__3ZA4L6,01 - Non intersection,03 - P.D. only,03 - Rear end,01 - Clear,01 - Daylight,01 - Dry,10 - No control,,2,0,0,0,,0,,,,,362021.8368,5025091.503,45.36343173,-75.76956067,4006
20--4551,5/26/2020,3:40 AM,ROCKDALE RD btwn COLONIAL RD & END (__3ZA1OP),__3ZA1OP,01 - Non intersection,03 - P.D. only,07 - SMV other,01 - Clear,07 - Dark,01 - Dry,10 - No control,,1,0,0,0,,0,,,,,391306.4316,5032949.817,45.4311304,-75.39442152,4007
20--5006,6/19/2020,10:35 AM,HAZELDEAN RD @ WEST RIDGE DR (0010365),10365,03 - At intersection,03 - P.D. only,02 - Angle,01 - Clear,01 - Daylight,01 - Dry,01 - Traffic signal,01 - Functioning,2,1,0,0,,0,,,,,348492.5798,5013885.416,45.26356982,-75.94324101,4008
20--5007,6/19/2020,11:45 PM,DUNNING RD btwn MAGLADRY RD & SARSFIELD RD (__3ZA2YC),__3ZA2YC,01 - Non intersection,03 - P.D. only,07 - SMV other,01 - Clear,07 - Dark,01 - Dry,10 - No control,,1,0,0,0,,0,,,,,395655.0717,5029355.247,45.39823965,-75.33951842,4009
20--5008,6/19/2020,11:58 PM,ABBOTT ST @ CRANESBILL RD/ROUNCEY RD (0018110),18110,03 - At intersection,02 - Non-fatal injury,07 - SMV other,01 - Clear,07 - Dark,01 - Dry,11 - Roundabout,01 - Functioning,1,0,0,0,02 - Minor,1,,1,,,352720.6724,5016063.277,45.28289149,-75.88915667,4010
20--5009,6/19/2020,12:24 PM,RIVERSIDE DR @ TREMBLAY RD/HWY417 IC117 RAMP52 (0010790),10790,02 - Intersection related,03 - P.D. only,03 - Rear end,01 - Clear,01 - Daylight,01 - Dry,01 - Traffic signal,01 - Functioning,2,0,0,0,,0,,,,,370802.0779,5031015.911,45.41596568,-75.6566995,4011
20--501,1/12/2020,3:20 AM,HIGHWAY 417 btwn HWY417 IC123 RAMP62 & HWY417 IC122 RAMP16 (__3ZA2R9),__3ZA2R9,01 - Non intersection,03 - P.D. only,07 - SMV other,03 - Snow,07 - Dark,05 - Packed snow,10 - No control,,1,0,0,0,,0,,,,,365128.3697,5028706.031,45.3956941,-75.7294675,4012
20--5010,6/19/2020,12:43 PM,HAZEL ST @ MAIN ST (0007202),7202,02 - Intersection related,03 - P.D. only,03 - Rear end,01 - Clear,01 - Daylight,01 - Dry,01 - Traffic signal,01 - Functioning,2,0,0,0,,0,,,,,369166.7241,5030173.548,45.40853875,-75.67770203,4013
20--5011,6/19/2020,12:55 PM,HIGHWAY 417 btwn HWY417 IC129 RAMP25 & TRANSIT (__3ZA2SH),__3ZA2SH,01 - Non intersection,03 - P.D. only,04 - Sideswipe,01 - Clear,01 - Daylight,01 - Dry,10 - No control,,2,0,0,0,,0,,,,,361140.1544,5024061.489,45.35423513,-75.78093189,4014
20--4641,6/1/2020,4:00 PM,HIGHWAY 417 btwn HWY417 IC122 RAMP61 & HWY417 IC121B RAMP16 (__3ZA2Y4),__3ZA2Y4,01 - Non intersection,03 - P.D. only,03 - Rear end,01 - Clear,01 - Daylight,01 - Dry,10 - No control,,2,0,0,0,,0,,,,,365648.7983,5029110.749,45.39929063,-75.72277111,4015
20--5012,6/19/2020,2:00 AM,HERON RD @ ALTA VISTA DR (0007188),7188,02 - Intersection related,02 - Non-fatal injury,03 - Rear end,01 - Clear,07 - Dark,01 - Dry,01 - Traffic signal,01 - Functioning,2,0,0,0,02 - Minor,1,,1,,,370492.7237,5026902.554,45.37898433,-75.66119945,4016
20--5013,6/19/2020,2:10 PM,BANK ST @ MCLEOD ST (0007255),7255,03 - At intersection,03 - P.D. only,05 - Turning movement,01 - Clear,01 - Daylight,01 - Dry,02 - Stop sign,01 - Functioning,2,0,0,0,,0,,,,,367948.7107,5030487.573,45.4114752,-75.69322061,4017
20--5014,6/19/2020,2:21 PM,DUNCAIRN AVE btwn CHURCHILL AVE N & TWEEDSMUIR AVE (__3ZA07Y),__3ZA07Y,01 - Non intersection,03 - P.D. only,06 - SMV unattended vehicle,01 - Clear,01 - Daylight,01 - Dry,10 - No control,,1,0,0,0,,0,,,,,363614.361,5027526.918,45.38521345,-75.74894373,4018
20--5015,6/19/2020,5:50 PM,LEES AVE / GRAHAM AVE @ MAIN ST (0002252),2252,02 - Intersection related,02 - Non-fatal injury,03 - Rear end,01 - Clear,01 - Daylight,01 - Dry,01 - Traffic signal,01 - Functioning,3,0,0,0,02 - Minor,1,,1,,,369001.7081,5030560.56,45.4120361,-75.67975952,4019
20--5016,6/19/2020,5:56 PM,OLD MONTREAL RD btwn PIERRETTE DR & PIERRETTE DR (__3ZA5FD),__3ZA5FD,01 - Non intersection,03 - P.D. only,03 - Rear end,01 - Clear,01 - Daylight,01 - Dry,10 - No control,,2,0,0,0,,0,,,,,391836.3618,5042667.865,45.51849573,-75.38592851,4020
20--5017,6/19/2020,7:09 PM,INNES RD @ STONEHENGE CRES E (0009355),9355,03 - At intersection,02 - Non-fatal injury,02 - Angle,01 - Clear,01 - Daylight,01 - Dry,01 - Traffic signal,01 - Functioning,2,0,0,0,02 - Minor,1,,1,,,375363.751,5031313.556,45.41819858,-75.59837997,4021
20--5018,6/19/2020,8:02 AM,VANIER PKWY/CRICHTON ST @ BEECHWOOD AVE/ST. PA (0001604),1604,02 - Intersection related,03 - P.D. only,03 - Rear end,01 - Clear,01 - Daylight,01 - Dry,01 - Traffic signal,00 - Unknown,3,0,0,0,,0,,,,,369127.8091,5033487.129,45.4383567,-75.67776642,4022
20--5019,6/19/2020,8:16 AM,ALPINE AVE btwn CARLING AVE & ELMHURST ST (__3ZBNG7),__3ZBNG7,04 - At/near private drive,03 - P.D. only,99 - Other,01 - Clear,01 - Daylight,01 - Dry,10 - No control,,2,0,0,0,,0,,,,,360515.0934,5024893.989,45.36177588,-75.78881507,4023
20--502,1/12/2020,4:52 AM,REGIONAL ROAD 174 btwn OR174 IC105 RAMP25 & OR174 IC102 RAMP51 (__3ZA27G),__3ZA27G,01 - Non intersection,03 - P.D. only,07 - SMV other,04 - Freezing Rain,07 - Dark,06 - Ice,10 - No control,,1,0,0,0,,0,,,,,380754.0732,5037763.238,45.47566344,-75.52851969,4024
20--5020,6/19/2020,9:15 AM,CATHERINE ST @ METCALFE ST (0011239),11239,02 - Intersection related,03 - P.D. only,02 - Angle,01 - Clear,01 - Daylight,01 - Dry,01 - Traffic signal,01 - Functioning,2,0,0,0,,0,,,,,368393.6975,5030486.574,45.41142592,-75.68753622,4025
20--5021,6/19/2020,9:44 PM,GREENBANK RD btwn WEST HUNT CLUB RD & FALLOWFIELD RD (__3ZA1NE),__3ZA1NE,01 - Non intersection,03 - P.D. only,04 - Sideswipe,01 - Clear,07 - Dark,01 - Dry,10 - No control,,2,0,0,0,,0,,,,,361504.7134,5020444.955,45.32166427,-75.77669384,4026
20--5022,6/20/2020,10:31 AM,MERIVALE RD btwn CLYDE AVE & RITA AVE (__3ZA4H7),__3ZA4H7,04 - At/near private drive,03 - P.D. only,03 - Rear end,01 - Clear,01 - Daylight,01 - Dry,10 - No control,,3,0,0,0,,0,,,,,364595.6691,5024335.211,45.3564119,-75.73679995,4027
20--5023,6/20/2020,11:58 AM,CENTURY RD S @ MCCORDICK RD S (0003724),3724,03 - At intersection,03 - P.D. only,02 - Angle,01 - Clear,01 - Daylight,01 - Dry,02 - Stop sign,01 - Functioning,2,0,0,0,,0,,,,,360469.6148,5003123.322,45.16588447,-75.79183536,4028
20--5024,6/20/2020,12:16 PM,REGIONAL ROAD 174 btwn OR174 IC101 RAMP63 & OR174 IC101 RAMP45 (__3ZA11Q),__3ZA11Q,01 - Non intersection,03 - P.D. only,07 - SMV other,01 - Clear,01 - Daylight,01 - Dry,10 - No control,,1,0,0,0,,0,,,,,382741.1568,5038885.121,45.48553816,-75.50292995,4029
20--5025,6/20/2020,12:21 AM,RICHMOND RD btwn PERTH ST & CAMBRIAN RD (__3ZAB98),__3ZAB98,01 - Non intersection,02 - Non-fatal injury,07 - SMV other,01 - Clear,07 - Dark,01 - Dry,10 - No control,,1,0,1,0,03 - Major,1,,,1,,358993.183,5008221.881,45.21187761,-75.81006139,4030
20--5026,6/20/2020,12:30 PM,MEADOWLANDS DR @ MERIVALE RD (0000625),625,02 - Intersection related,03 - P.D. only,03 - Rear end,01 - Clear,01 - Daylight,01 - Dry,01 - Traffic signal,01 - Functioning,2,0,0,0,,0,,,,,364858.6973,5023725.496,45.35090329,-75.73351716,4031
20--5027,6/20/2020,2:00 PM,HIGHWAY 417 btwn HWY417 IC129 RAMP25 & TRANSIT (__3ZA2SH),__3ZA2SH,01 - Non intersection,03 - P.D. only,03 - Rear end,01 - Clear,01 - Daylight,01 - Dry,10 - No control,,2,0,0,0,,0,,,,,361841.8644,5024603.878,45.35905878,-75.77191412,4032
20--5028,6/20/2020,3:00 PM,BOOTH ST @ SIR JOHN A. MACDONALD PKWY/WELLINGTON ST (0012252),12252,02 - Intersection related,03 - P.D. only,04 - Sideswipe,02 - Rain,01 - Daylight,02 - Wet,01 - Traffic signal,01 - Functioning,2,0,0,0,,0,,,,,366264.2566,5031006.701,45.41629614,-75.71467416,4033
20--5029,6/20/2020,3:11 PM,ST. JOSEPH BLVD/OLD MONTREAL RD @ TRIM RD (0004118),4118,03 - At intersection,03 - P.D. only,02 - Angle,01 - Clear,01 - Daylight,01 - Dry,11 - Roundabout,03 - Obscured,2,0,0,0,,0,,,,,384682.7453,5039285.585,45.48892166,-75.47803076,4034
20--503,1/12/2020,5:28 PM,ALBERT ST @ KENT ST (OTTAWA) (0003136),3136,03 - At intersection,02 - Non-fatal injury,02 - Angle,01 - Clear,05 - Dusk,03 - Loose snow,01 - Traffic signal,01 - Functioning,2,0,0,0,02 - Minor,1,,1,,,367221.6767,5031319.582,45.41902659,-75.7024028,4035
20--5030,6/20/2020,3:11 PM,KING EDWARD AVE NB btwn CLARENCE ST & YORK ST (__3ZA3WR),__3ZA3WR,01 - Non intersection,03 - P.D. only,06 - SMV unattended vehicle,01 - Clear,01 - Daylight,01 - Dry,10 - No control,,1,0,0,0,,0,,,,,368364.8893,5032674.294,45.43111288,-75.68762196,4036
20--5031,6/20/2020,3:21 PM,PINNACLE ST @ FIELDFAIR WAY/PENNYROYAL CRES (0013411),13411,03 - At intersection,03 - P.D. only,99 - Other,01 - Clear,01 - Daylight,01 - Dry,02 - Stop sign,01 - Functioning,2,0,0,0,,0,,,,,386975.673,5036113.589,45.46011715,-75.44923194,4037
20--5032,6/20/2020,4:50 PM,CENTURY RD S @ MCCORDICK RD S (0003724),3724,03 - At intersection,02 - Non-fatal injury,02 - Angle,01 - Clear,01 - Daylight,01 - Dry,02 - Stop sign,01 - Functioning,2,0,0,0,02 - Minor,1,,1,,,360469.6346,5003123.308,45.16588434,-75.79183511,4038
20--5033,6/20/2020,5:10 PM,BILLINGS BRIDGE NB RAMP @ RIVERSIDE DR WB (0002619),2619,02 - Intersection related,03 - P.D. only,02 - Angle,01 - Clear,01 - Daylight,01 - Dry,10 - No control,,2,0,0,0,,0,,,,,369274.1652,5028046.66,45.38939183,-75.67660761,4039
20--5034,6/20/2020,5:30 PM,RIOCAN AVE @ STRANDHERD DR (0010997),10997,02 - Intersection related,03 - P.D. only,03 - Rear end,01 - Clear,01 - Daylight,01 - Dry,01 - Traffic signal,01 - Functioning,2,0,0,0,,0,,,,,364172.1982,5014944.564,45.27195139,-75.74332978,4040
20--5035,6/20/2020,5:50 PM,KANATA AVE @ EARL GREY DR (0012608),12608,02 - Intersection related,03 - P.D. only,03 - Rear end,01 - Clear,01 - Daylight,01 - Dry,01 - Traffic signal,01 - Functioning,2,0,0,0,,0,,,,,350951.7562,5019284.66,45.31199676,-75.91140395,4041
20--5036,6/20/2020,7:48 PM,BLAIR RD @ REGIONAL RD 174 N/OR174 IC112 RAMP61 (0003617),3617,03 - At intersection,03 - P.D. only,02 - Angle,01 - Clear,01 - Daylight,01 - Dry,01 - Traffic signal,01 - Functioning,2,0,0,0,,0,,,,,374634.7195,5032991.567,45.43336956,-75.60745603,4042
20--5037,6/21/2020,1:03 PM,ELLERY CRES btwn VIRGIL RD & GARDEN PL (__3ZBNF5),__3ZBNF5,01 - Non intersection,03 - P.D. only,06 - SMV unattended vehicle,01 - Clear,01 - Daylight,01 - Dry,10 - No control,,1,0,0,0,,0,,,,,358123.2068,5020774.839,45.3248976,-75.81978853,4043
20--5038,6/21/2020,1:17 PM,LEEDS AVE btwn BLACKWELL ST & END (__3ZA78X),__3ZA78X,01 - Non intersection,03 - P.D. only,06 - SMV unattended vehicle,01 - Clear,01 - Daylight,01 - Dry,10 - No control,,1,0,0,0,,0,,,,,374604.4991,5029463.094,45.40162524,-75.60834206,4044
20--5039,6/21/2020,11:09 PM,HIGHWAY 417 btwn HWY417 IC119A RAMP75 & HWY417 IC118 RAMP57 (__3ZA2R2),__3ZA2R2,01 - Non intersection,03 - P.D. only,04 - Sideswipe,01 - Clear,07 - Dark,01 - Dry,10 - No control,,2,0,0,0,,0,,,,,369050.4343,5030762.77,45.41385105,-75.6791107,4045