Anom_ID,Accident_Date,Accident_Time,Location,Geo_ID,Accident_Location,Classification_of_Accident,Initial_Impact_Type,Environment_Condition,Light,Road_Surface_Condition,Traffic_Control,Traffic_Control_Condition,No__of_Vehicles,No__of_Bicycles,No__of_Motorcycles,No__of_Pedestrians,Max_Injury,No__of_Injuries,No__of_Minimal,No__of_Minor,No__of_Major,No__of_Fatal,X,Y,Latitude,Longitude,ObjectId
20--504,1/12/2020,6:05 AM,HIGHWAY 417 btwn HWY417 IC124 RAMP67 & HWY417 IC123 RAMP62 (__3ZA2YZ),__3ZA2YZ,01 - Non intersection,03 - P.D. only,07 - SMV other,03 - Snow,07 - Dark,03 - Loose snow,10 - No control,,1,0,0,0,,0,,,,,364617.0642,5027794.845,45.38753929,-75.73610793,4046
20--5040,6/21/2020,11:31 AM,GREGOIRE RD @ MARVELVILLE RD (0001674),1674,02 - Intersection related,03 - P.D. only,07 - SMV other,01 - Clear,01 - Daylight,01 - Dry,02 - Stop sign,01 - Functioning,1,0,0,0,,0,,,,,393290.8414,5008915.36,45.21464493,-75.3733597,4047
20--5041,6/21/2020,11:36 AM,MITCH OWENS RD @ OLD PRESCOTT RD (0009275),9275,02 - Intersection related,03 - P.D. only,02 - Angle,01 - Clear,01 - Daylight,01 - Dry,01 - Traffic signal,01 - Functioning,2,0,0,0,,0,,,,,377088.7696,5015548.452,45.27617582,-75.5786458,4048
20--5042,6/21/2020,12:27 AM,REGIONAL ROAD 174 btwn OR174 IC109 RAMP64 & OR174 IC105 RAMP16 (__3ZA2XD),__3ZA2XD,01 - Non intersection,03 - P.D. only,07 - SMV other,01 - Clear,07 - Dark,01 - Dry,10 - No control,,1,0,0,0,,0,,,,,376641.4807,5035364.866,45.45451972,-75.58146478,4049
20--5043,6/21/2020,2:17 PM,BLAIR RD btwn MEADOWBROOK RD & LAURA PRIV (__5J9N74),__5J9N74,01 - Non intersection,03 - P.D. only,04 - Sideswipe,01 - Clear,01 - Daylight,01 - Dry,10 - No control,,2,0,0,0,,0,,,,,375200.4174,5032303.38,45.42712092,-75.60032523,4050
20--5044,6/21/2020,2:42 PM,ST. JOSEPH BLVD @ JEANNE D'ARC BLVD (0012421),12421,03 - At intersection,03 - P.D. only,04 - Sideswipe,01 - Clear,01 - Daylight,01 - Dry,11 - Roundabout,00 - Unknown,2,0,0,0,,0,,,,,379860.7403,5036471.581,45.46413872,-75.54014141,4051
20--5045,6/21/2020,4:36 PM,DES EPINETTES AVE @ JEANNE D'ARC BLVD (0004221),4221,02 - Intersection related,03 - P.D. only,03 - Rear end,01 - Clear,01 - Daylight,01 - Dry,01 - Traffic signal,01 - Functioning,3,0,0,0,,0,,,,,382226.7455,5035958.587,45.459265,-75.50997078,4052
20--5046,6/21/2020,5:40 PM,PARKWAY RD @ STAGECOACH RD (0010378),10378,02 - Intersection related,03 - P.D. only,07 - SMV other,01 - Clear,01 - Daylight,01 - Dry,02 - Stop sign,01 - Functioning,1,0,0,0,,0,,,,,376230.7334,5012622.412,45.24993596,-75.59000121,4053
20--5047,6/21/2020,8:40 PM,BLAIS RD btwn BANK ST & HAWTHORNE RD (__3ZA6G4),__3ZA6G4,01 - Non intersection,03 - P.D. only,07 - SMV other,01 - Clear,05 - Dusk,01 - Dry,10 - No control,,1,0,0,0,,0,,,,,377007.0905,5020218.148,45.31820023,-75.57900674,4054
20--5048,6/22/2020,1:04 PM,KING EDWARD AVE @ RIDEAU ST (0002121),2121,02 - Intersection related,03 - P.D. only,03 - Rear end,01 - Clear,01 - Daylight,01 - Dry,01 - Traffic signal,01 - Functioning,2,0,0,0,,0,,,,,368511.7038,5032413.588,45.42875379,-75.68577955,4055
20--5049,6/22/2020,1:06 PM,MERIVALE RD/LOTTA AVE @ CLYDE AVE (0001112),1112,02 - Intersection related,03 - P.D. only,03 - Rear end,01 - Clear,01 - Daylight,01 - Dry,01 - Traffic signal,01 - Functioning,2,0,0,0,,0,,,,,364521.6973,5024507.531,45.35796871,-75.73772318,4056
20--505,1/12/2020,6:44 AM,REGIONAL ROAD 174 btwn OR174 IC109 RAMP56 & OR174 IC109 RAMP86 (__3ZA28W),__3ZA28W,01 - Non intersection,03 - P.D. only,07 - SMV other,03 - Snow,07 - Dark,04 - Slush,10 - No control,,1,0,0,0,,0,,,,,376479.76,5035050.332,45.45170635,-75.58357805,4057
20--5050,6/22/2020,1:30 PM,FINDLAY CREEK DR @ BANK ST (0012407),12407,02 - Intersection related,03 - P.D. only,03 - Rear end,01 - Clear,01 - Daylight,01 - Dry,01 - Traffic signal,01 - Functioning,2,0,0,0,,0,,,,,375847.4735,5020459.961,45.32049427,-75.59376097,4058
20--5051,6/22/2020,10:31 AM,STE. ANNE ST btwn MONTFORT ST & MONTREAL RD (__3ZA8VJ),__3ZA8VJ,04 - At/near private drive,03 - P.D. only,05 - Turning movement,01 - Clear,01 - Daylight,01 - Dry,10 - No control,,2,0,0,0,,0,,,,,370592.763,5033563.698,45.43890931,-75.65903325,4059
20--5052,6/22/2020,10:45 AM,O'CONNOR ST btwn GILMOUR ST & LEWIS ST (__3ZA3RK),__3ZA3RK,01 - Non intersection,03 - P.D. only,04 - Sideswipe,01 - Clear,01 - Daylight,01 - Dry,10 - No control,,2,0,0,0,,0,,,,,367948.6152,5030861.001,45.41483519,-75.69317398,4060
20--5053,6/22/2020,12:06 PM,HUNT CLUB RD @ LORRY GREENBERG DR/SABLE RIDGE  (0008203),8203,02 - Intersection related,03 - P.D. only,03 - Rear end,01 - Clear,01 - Daylight,01 - Dry,01 - Traffic signal,01 - Functioning,2,0,0,0,,0,,,,,372823.7451,5024807.503,45.35991144,-75.63172756,4061
20--5054,6/22/2020,12:40 PM,CUMBERLAND ST @ MURRAY ST (0008237),8237,02 - Intersection related,03 - P.D. only,04 - Sideswipe,01 - Clear,01 - Daylight,01 - Dry,01 - Traffic signal,01 - Functioning,2,0,0,0,,0,,,,,368170.7067,5032679.585,45.43117811,-75.69010274,4062
20--5055,6/22/2020,12:50 PM,RIVERSIDE DR @ PLEASANT PARK RD (0007296),7296,03 - At intersection,02 - Non-fatal injury,02 - Angle,01 - Clear,01 - Daylight,01 - Dry,01 - Traffic signal,01 - Functioning,2,1,0,0,02 - Minor,1,,1,,,369561.2458,5028415.015,45.39267968,-75.67289337,4063
20--5056,6/22/2020,2:06 PM,BROPHY DR @ MOODIE DR (0003715),3715,02 - Intersection related,03 - P.D. only,07 - SMV other,01 - Clear,01 - Daylight,01 - Dry,02 - Stop sign,01 - Functioning,1,0,0,0,,0,,,,,362746.6546,5006863.335,45.19935455,-75.76243742,4064
20--5057,6/22/2020,2:07 PM,INNES RD @ TENTH LINE RD (0004633),4633,02 - Intersection related,03 - P.D. only,03 - Rear end,01 - Clear,01 - Daylight,01 - Dry,01 - Traffic signal,01 - Functioning,2,0,0,0,,0,,,,,383951.7668,5036159.545,45.46087974,-75.48788459,4065
20--5058,6/22/2020,2:18 PM,BARNSDALE RD @ PRINCE OF WALES DR (0001082),1082,03 - At intersection,03 - P.D. only,02 - Angle,01 - Clear,01 - Daylight,01 - Dry,02 - Stop sign,01 - Functioning,2,0,0,0,,0,,,,,366646.697,5011532.409,45.24103565,-75.71222107,4066
20--5059,6/22/2020,2:32 PM,PINECREST RD btwn HWY417 IC129 RAMP26 & GREENBANK RD (__3ZA4MX),__3ZA4MX,07 - Overpass or bridge,03 - P.D. only,03 - Rear end,01 - Clear,01 - Daylight,01 - Dry,10 - No control,,3,0,0,0,,0,,,,,360446.9124,5023528.957,45.34949878,-75.78983897,4067
20--506,1/12/2020,7:15 PM,REGIONAL ROAD 174 btwn OR174 IC101 RAMP36 & OR174 IC101 RAMP26 (__3ZA11R),__3ZA11R,01 - Non intersection,02 - Non-fatal injury,07 - SMV other,01 - Clear,07 - Dark,02 - Wet,10 - No control,,1,0,0,0,02 - Minor,1,,1,,,382502.634,5038778.011,45.48460108,-75.50599776,4068
20--5060,6/22/2020,2:45 PM,SUNSET BLVD btwn TRANQUIL GT & OLD PRESCOTT RD (__3ZA5UT),__3ZA5UT,01 - Non intersection,03 - P.D. only,07 - SMV other,01 - Clear,01 - Daylight,01 - Dry,10 - No control,,1,0,0,0,,0,,,,,376843.3398,5015227.31,45.27331149,-75.58182012,4069
20--5061,6/22/2020,2:49 PM,HIGHWAY 417 btwn HWY417 IC127 RAMP67 & HWY417 IC126 RAMP16 (__3ZA2X0),__3ZA2X0,01 - Non intersection,03 - P.D. only,03 - Rear end,01 - Clear,01 - Daylight,01 - Dry,10 - No control,,2,0,0,0,,0,,,,,362477.1169,5025128.426,45.36372665,-75.76374517,4070
20--5062,6/22/2020,3:02 PM,BURRIS LANE @ MERIVALE RD (0002014),2014,02 - Intersection related,03 - P.D. only,03 - Rear end,01 - Clear,01 - Daylight,01 - Dry,01 - Traffic signal,01 - Functioning,2,0,0,0,,0,,,,,364880.7096,5025067.529,45.36297682,-75.73307315,4071
20--5063,6/22/2020,3:30 PM,CAMPEAU DR/HWY 417 MARCH IC138R63 @ MARCH RD (0009710),9710,02 - Intersection related,03 - P.D. only,03 - Rear end,01 - Clear,01 - Daylight,01 - Dry,01 - Traffic signal,01 - Functioning,2,0,0,0,,0,,,,,352841.6219,5020476.474,45.32259421,-75.88718733,4072
20--5064,6/22/2020,3:33 PM,WALKLEY RD btwn AVONCOURT WAY & SOUTHMORE DR E (__3ZA37Z),__3ZA37Z,04 - At/near private drive,03 - P.D. only,02 - Angle,02 - Rain,01 - Daylight,02 - Wet,10 - No control,,2,0,0,0,,0,,,,,369661.3076,5025546.756,45.36686274,-75.67199235,4073
20--5065,6/22/2020,4:15 PM,HIGHWAY 417 btwn HWY417 IC126 RAMP61 & HWY417 IC124 RAMP76 (__3ZA2Y2),__3ZA2Y2,01 - Non intersection,03 - P.D. only,03 - Rear end,01 - Clear,01 - Daylight,01 - Dry,10 - No control,,2,0,0,0,,0,,,,,364015.2923,5026992.58,45.38037178,-75.7438884,4074
20--5066,6/22/2020,4:39 PM,CONROY RD @ WALKLEY RD (0002648),2648,03 - At intersection,02 - Non-fatal injury,02 - Angle,02 - Rain,01 - Daylight,02 - Wet,01 - Traffic signal,01 - Functioning,2,0,0,0,02 - Minor,1,,1,,,372903.7272,5027463.533,45.38380157,-75.63034056,4075
20--5067,6/22/2020,4:45 PM,BOYER RD @ LOIRE DR (0012531),12531,03 - At intersection,03 - P.D. only,05 - Turning movement,02 - Rain,01 - Daylight,02 - Wet,02 - Stop sign,01 - Functioning,2,0,0,0,,0,,,,,380615.7444,5036352.553,45.46298626,-75.53050634,4076
20--5068,6/22/2020,4:55 PM,CEDARVIEW RD @ FALLOWFIELD RD (0001603),1603,03 - At intersection,02 - Non-fatal injury,02 - Angle,01 - Clear,01 - Daylight,01 - Dry,01 - Traffic signal,01 - Functioning,2,0,0,0,01 - Minimal,2,2,,,,361294.6768,5015664.442,45.27866597,-75.77991751,4077
20--5069,6/22/2020,6:00 PM,ALBION RD @ CAHILL DR (0007499),7499,03 - At intersection,03 - P.D. only,02 - Angle,01 - Clear,01 - Daylight,01 - Dry,02 - Stop sign,01 - Functioning,2,0,0,0,,0,,,,,371725.7341,5024668.512,45.35876653,-75.6457601,4078
20--507,1/12/2020,7:15 PM,CHAMPLAIN BRIDGE/ISLAND PARK DR btwn BATE ISLAND & OTTAWA RIVER PKWY (__3ZA2ZEB),__3ZA2ZEB,07 - Overpass or bridge,03 - P.D. only,07 - SMV other,03 - Snow,07 - Dark,05 - Packed snow,10 - No control,,1,0,0,0,,0,,,,,363142.3237,5029585.465,45.4037754,-75.75472767,4079
20--5070,6/22/2020,6:03 PM,MOODIE DR btwn BARNSDALE RD & BROPHY DR (__3ZA4KM),__3ZA4KM,04 - At/near private drive,03 - P.D. only,07 - SMV other,01 - Clear,01 - Daylight,01 - Dry,10 - No control,,1,0,0,0,,0,,,,,362558.2374,5007328.07,45.20355177,-75.76478159,4080
20--5071,6/22/2020,6:30 AM,ALBION RD @ MITCH OWENS RD (0004212),4212,02 - Intersection related,03 - P.D. only,04 - Sideswipe,01 - Clear,01 - Daylight,01 - Dry,01 - Traffic signal,01 - Functioning,2,0,0,0,,0,,,,,375906.7528,5014804.44,45.26960198,-75.5938158,4081
20--5072,6/22/2020,6:50 PM,LOLA ST @ PRINCE ALBERT ST (0008260),8260,03 - At intersection,03 - P.D. only,02 - Angle,01 - Clear,01 - Daylight,01 - Dry,02 - Stop sign,01 - Functioning,2,0,0,0,,0,,,,,371137.7209,5031971.559,45.42453246,-75.65228283,4082
20--5073,6/22/2020,6:53 AM,REGIONAL ROAD 174 btwn OR174 IC105 RAMP16 & OR174 IC105 RAMP26 (__3ZA1PU),__3ZA1PU,01 - Non intersection,03 - P.D. only,07 - SMV other,01 - Clear,01 - Daylight,01 - Dry,10 - No control,,1,0,0,0,,0,,,,,378950.475,5036772.823,45.46694628,-75.5517346,4083
20--5074,6/22/2020,7:49 AM,SMYTH RD E/LANCASTER RD @ ST. LAURENT BLVD N/R (0002256),2256,03 - At intersection,02 - Non-fatal injury,05 - Turning movement,01 - Clear,01 - Daylight,01 - Dry,01 - Traffic signal,01 - Functioning,2,0,0,0,02 - Minor,2,,2,,,373364.7294,5029424.55,45.40140096,-75.62418192,4084
20--5075,6/22/2020,7:57 PM,MONTREAL RD @ GRANVILLE ST/LAFONTAINE AVE (0009348),9348,02 - Intersection related,02 - Non-fatal injury,03 - Rear end,01 - Clear,01 - Daylight,01 - Dry,01 - Traffic signal,01 - Functioning,2,0,0,0,01 - Minimal,1,1,,,,370826.7082,5033474.599,45.43808559,-75.65605523,4085
20--5076,6/22/2020,8:22 PM,VIEWMOUNT DR @ MERIVALE RD (0001528),1528,02 - Intersection related,03 - P.D. only,03 - Rear end,01 - Clear,01 - Daylight,01 - Dry,01 - Traffic signal,01 - Functioning,2,0,0,0,,0,,,,,365193.6914,5022948.5,45.34388322,-75.72933716,4086
20--5077,6/22/2020,8:26 AM,BLAIR RD btwn OGILVIE RD & OR174 IC112 RAMP36 (__3ZA25Q),__3ZA25Q,01 - Non intersection,03 - P.D. only,03 - Rear end,01 - Clear,01 - Daylight,01 - Dry,10 - No control,,2,0,0,0,,0,,,,,374535.9261,5033130.512,45.43462957,-75.60869885,4087
20--5078,6/22/2020,9:06 PM,WEST HUNT CLUB RD WB btwn 545 E OF ROYDON PL/SUNDERLAND ST & ANTARES D (__3ZA3JSB),__3ZA3JSB,01 - Non intersection,03 - P.D. only,07 - SMV other,01 - Clear,05 - Dusk,01 - Dry,10 - No control,,1,0,0,0,,0,,,,,366363.5728,5022414.055,45.33897267,-75.71447661,4088
20--5079,6/22/2020,9:08 AM,O'CONNOR ST @ SLATER ST (0002230),2230,03 - At intersection,02 - Non-fatal injury,07 - SMV other,01 - Clear,01 - Daylight,01 - Dry,01 - Traffic signal,01 - Functioning,1,0,0,1,02 - Minor,1,,1,,,367579.7021,5031450.579,45.42017323,-75.69781186,4089
20--508,1/12/2020,7:21 PM,PARKDALE AVE @ RUSKIN ST (0006697),6697,03 - At intersection,02 - Non-fatal injury,07 - SMV other,03 - Snow,07 - Dark,05 - Packed snow,01 - Traffic signal,01 - Functioning,1,0,0,1,02 - Minor,2,1,1,,,365507.6975,5028451.549,45.39337155,-75.72465437,4090
20--5080,6/22/2020,9:20 PM,CARLING AVE WB btwn CARLING AVE & WYLIE AVE (__3ZA4VK),__3ZA4VK,01 - Non intersection,03 - P.D. only,07 - SMV other,01 - Clear,05 - Dusk,01 - Dry,10 - No control,,1,0,0,0,,0,,,,,359114.4806,5024060.217,45.35438352,-75.80678372,4091
20--5081,6/22/2020,9:36 AM,LIVERPOOL CRT @ NEWMARKET ST (0007617),7617,02 - Intersection related,03 - P.D. only,04 - Sideswipe,01 - Clear,01 - Daylight,01 - Dry,02 - Stop sign,01 - Functioning,2,0,0,0,,0,,,,,373498.7326,5030383.54,45.41001636,-75.6223368,4092
20--5082,6/23/2020,1:30 PM,LANTHIER DR @ VANTAGE DR (0004631),4631,03 - At intersection,03 - P.D. only,02 - Angle,01 - Clear,01 - Daylight,01 - Dry,02 - Stop sign,01 - Functioning,2,0,0,0,,0,,,,,383600.7663,5035848.558,45.45812144,-75.49242199,4093
20--5083,6/23/2020,1:50 PM,RICHMOND RD @ WOODROFFE AVE (0011466),11466,02 - Intersection related,03 - P.D. only,03 - Rear end,01 - Clear,01 - Daylight,01 - Dry,01 - Traffic signal,01 - Functioning,2,0,0,0,,0,,,,,361584.6859,5026654.519,45.37753117,-75.77496079,4094
20--5084,6/23/2020,10:01 AM,PERTH ST btwn ROCHELLE DR & FORTUNE ST (__3ZA42V),__3ZA42V,04 - At/near private drive,03 - P.D. only,05 - Turning movement,01 - Clear,01 - Daylight,01 - Dry,10 - No control,,2,0,0,0,,0,,,,,356246.3346,5005799.129,45.1902828,-75.84527952,4095
20--5085,6/23/2020,10:02 PM,BANK ST @ KILBORN AVE/BELANGER AVE (0007208),7208,02 - Intersection related,03 - P.D. only,03 - Rear end,01 - Clear,07 - Dark,01 - Dry,01 - Traffic signal,01 - Functioning,2,0,0,0,,0,,,,,369653.7304,5027427.537,45.38378612,-75.67184208,4096
20--5086,6/23/2020,10:40 AM,WESTBURY RD btwn HIGHGATE RD & RIDEOUT CRES (__3ZAA4U),__3ZAA4U,01 - Non intersection,03 - P.D. only,06 - SMV unattended vehicle,01 - Clear,01 - Daylight,01 - Dry,10 - No control,,1,0,0,0,,0,,,,,362009.8816,5023631.786,45.35029828,-75.7698822,4097
20--5087,6/23/2020,10:42 AM,RIVER RD @ SOUTH GOWER BOUNDARY RD (0012899),12899,03 - At intersection,03 - P.D. only,07 - SMV other,01 - Clear,01 - Daylight,01 - Dry,02 - Stop sign,01 - Functioning,1,0,0,0,,0,,,,,374599.5854,4996521.458,45.10522546,-75.61303103,4098
20--5088,6/23/2020,11:00 AM,WOODROFFE AVE @ GEORGINA DR/LENESTER AVE (0002351),2351,03 - At intersection,03 - P.D. only,02 - Angle,01 - Clear,01 - Daylight,01 - Dry,01 - Traffic signal,01 - Functioning,2,0,0,0,,0,,,,,361909.6921,5025370.517,45.36595142,-75.77095983,4099
20--5089,6/23/2020,11:26 AM,TRAIL RD btwn MOODIE DR & CAMBRIAN RD (__3ZAB0H),__3ZAB0H,01 - Non intersection,03 - P.D. only,06 - SMV unattended vehicle,01 - Clear,01 - Daylight,08 - Loose sand or gravel,10 - No control,,1,0,0,0,,0,,,,,361179.9146,5010794.684,45.23485655,-75.78193266,4100
20--509,1/12/2020,7:30 PM,ST. LAURENT BLVD @ QUEEN MARY ST (0008798),8798,02 - Intersection related,03 - P.D. only,04 - Sideswipe,03 - Snow,07 - Dark,03 - Loose snow,02 - Stop sign,01 - Functioning,2,0,0,0,,0,,,,,372214.7249,5032177.582,45.42628319,-75.63849336,4101
20--5090,6/23/2020,12:32 PM,FISHER AVE btwn HOLLAND AVE & CRERAR AVE (__3ZA4ND),__3ZA4ND,04 - At/near private drive,03 - P.D. only,02 - Angle,01 - Clear,01 - Daylight,01 - Dry,10 - No control,,2,0,0,0,,0,,,,,365410.9645,5027798.528,45.38750418,-75.72596992,4102
20--5091,6/23/2020,12:34 PM,CHAPEL CRES btwn CHAPEL ST & WIGGINS PRIV (__3ZA3MB),__3ZA3MB,01 - Non intersection,03 - P.D. only,07 - SMV other,01 - Clear,01 - Daylight,08 - Loose sand or gravel,10 - No control,,1,0,0,0,,0,,,,,369556.9976,5031543.999,45.42083356,-75.67253666,4103
20--5272,7/2/2020,12:52 PM,RICHMOND RD btwn FRASER AVE & BROADVIEW AVE (__3ZA303),__3ZA303,01 - Non intersection,03 - P.D. only,07 - SMV other,01 - Clear,01 - Daylight,01 - Dry,10 - No control,,1,0,0,0,,0,,,,,362505.4949,5027706.027,45.38691727,-75.76308176,4104
20--5182,6/27/2020,10:20 AM,ST. JOSEPH BLVD @ ST. PIERRE ST (0004140),4140,02 - Intersection related,03 - P.D. only,03 - Rear end,01 - Clear,01 - Daylight,01 - Dry,02 - Stop sign,01 - Functioning,2,0,0,0,,0,,,,,381375.7529,5037514.593,45.47335844,-75.5206081,4105
20--5183,6/27/2020,11:59 PM,MEADOWLANDS DR btwn CHESTERTON DR & TIVERTON DR (__3ZA4H3),__3ZA4H3,01 - Non intersection,03 - P.D. only,06 - SMV unattended vehicle,01 - Clear,07 - Dark,01 - Dry,10 - No control,,1,0,0,0,,0,,,,,365198.7151,5024324.425,45.35626316,-75.729105,4106
20--5273,7/2/2020,12:57 PM,BLAIR RD @ MEADOWBROOK RD (0004163),4163,03 - At intersection,02 - Non-fatal injury,05 - Turning movement,01 - Clear,01 - Daylight,01 - Dry,01 - Traffic signal,01 - Functioning,2,0,0,0,02 - Minor,1,,1,,,375194.7329,5032311.557,45.42719507,-75.6003967,4107
20--4642,6/1/2020,4:23 PM,MERIVALE RD @ 170 N OF HUNTCLUB RD/COSTCO/CANA (0004681),4681,03 - At intersection,02 - Non-fatal injury,02 - Angle,01 - Clear,01 - Daylight,01 - Dry,01 - Traffic signal,01 - Functioning,2,0,0,0,01 - Minimal,1,1,,,,365548.522,5022100.089,45.33621869,-75.72491387,4108
20--4822,6/11/2020,2:39 AM,DALHOUSIE ST @ YORK ST (0008500),8500,03 - At intersection,03 - P.D. only,07 - SMV other,02 - Rain,07 - Dark,02 - Wet,01 - Traffic signal,01 - Functioning,1,0,0,0,,0,,,,,368093.7023,5032419.596,45.4288458,-75.6911202,4109
20--5184,6/27/2020,12:42 PM,ST. JOSEPH BLVD/OLD MONTREAL RD @ TRIM RD (0004118),4118,03 - At intersection,03 - P.D. only,04 - Sideswipe,01 - Clear,01 - Daylight,01 - Dry,11 - Roundabout,01 - Functioning,2,0,0,0,,0,,,,,384682.7555,5039285.579,45.4889216,-75.47803063,4110
20--5274,7/2/2020,2:05 PM,MITCH OWENS RD/BRIDGE ST @ RIVER RD (0003573),3573,02 - Intersection related,03 - P.D. only,03 - Rear end,01 - Clear,01 - Daylight,01 - Dry,01 - Traffic signal,01 - Functioning,2,0,0,0,,0,,,,,369499.7158,5010770.397,45.2339227,-75.67598324,4111
20--4643,6/1/2020,6:03 AM,MONTREAL RD btwn OLMSTEAD ST & Continuation of MONTREAL RD (__3ZA3L2),__3ZA3L2,01 - Non intersection,02 - Non-fatal injury,07 - SMV other,01 - Clear,01 - Daylight,01 - Dry,10 - No control,,1,0,0,1,02 - Minor,1,,1,,,370372.8291,5033235.478,45.43597679,-75.66188788,4112
20--4552,5/26/2020,3:45 PM,HIGHWAY 417 btwn HWY417 IC121A RAMP16 & HWY417 IC121A RAMP61 (__3ZA2YY),__3ZA2YY,01 - Non intersection,03 - P.D. only,03 - Rear end,01 - Clear,01 - Daylight,01 - Dry,10 - No control,,3,0,0,0,,0,,,,,367146.8077,5029714.067,45.40458732,-75.70356243,4113
20--4823,6/11/2020,3:52 PM,INDUSTRIAL AVE @ RIVERSIDE DR (0011905),11905,02 - Intersection related,03 - P.D. only,03 - Rear end,01 - Clear,01 - Daylight,01 - Dry,01 - Traffic signal,01 - Functioning,2,0,0,0,,0,,,,,370684.7081,5030592.558,45.41216759,-75.65825556,4114
20--5275,7/2/2020,2:20 PM,BASELINE RD btwn FERGUSON ST & CORDOVA ST (__3ZA4HA),__3ZA4HA,01 - Non intersection,03 - P.D. only,04 - Sideswipe,01 - Clear,01 - Daylight,01 - Dry,10 - No control,,2,0,0,0,,0,,,,,363489.465,5024345.482,45.35659778,-75.7509165,4115
20--5185,6/27/2020,2:08 PM,PLACE D'ORLEANS DR @ OR174 IC102 RAMP51/TRANSI (0008777),8777,02 - Intersection related,03 - P.D. only,03 - Rear end,02 - Rain,01 - Daylight,02 - Wet,01 - Traffic signal,01 - Functioning,2,0,0,0,,0,,,,,381391.7361,5038030.603,45.47799931,-75.52032325,4116
20--4644,6/1/2020,6:39 PM,RICHARDSON SIDE RD btwn OAK CREEK RD & HUNTMAR DR (__3ZACYD),__3ZACYD,01 - Non intersection,02 - Non-fatal injury,07 - SMV other,01 - Clear,01 - Daylight,01 - Dry,10 - No control,,1,0,1,0,02 - Minor,1,,1,,,347578.3554,5018423.639,45.30446261,-75.95449887,4117
20--4553,5/26/2020,4:38 PM,MERIVALE RD @ 170 N OF HUNTCLUB RD/COSTCO/CANA (0004681),4681,03 - At intersection,03 - P.D. only,02 - Angle,01 - Clear,01 - Daylight,01 - Dry,01 - Traffic signal,01 - Functioning,2,0,0,0,,0,,,,,365548.538,5022100.098,45.33621877,-75.72491367,4118
20--4554,5/26/2020,5:59 PM,TERRY FOX DR @ HALKIRK AVE/WINCHESTER DR (0012574),12574,02 - Intersection related,03 - P.D. only,03 - Rear end,01 - Clear,01 - Daylight,01 - Dry,01 - Traffic signal,01 - Functioning,2,0,0,0,,0,,,,,352511.8874,5016870.012,45.29016491,-75.89174031,4119
20--4555,5/26/2020,6:23 PM,OTTAWA ROAD 29 btwn BIG HORN WAY & Continuation of OTTAWA ROAD 29 (__5SO60N),__5SO60N,01 - Non intersection,03 - P.D. only,07 - SMV other,01 - Clear,01 - Daylight,01 - Dry,10 - No control,,1,0,0,0,,0,,,,,317814.9625,5030252.565,45.41208872,-76.33372086,4120
20--4556,5/26/2020,6:55 AM,MARCHURST RD btwn JOHN ASELFORD DRWY & MURPHY SIDE RD (__3ZAC3M),__3ZAC3M,01 - Non intersection,03 - P.D. only,07 - SMV other,01 - Clear,01 - Daylight,01 - Dry,10 - No control,,1,0,0,0,,0,,,,,342815.7609,5026845.933,45.38052336,-76.01458098,4121
20--4557,5/26/2020,6:56 PM,COOPER ST @ METCALFE ST (0006940),6940,03 - At intersection,03 - P.D. only,02 - Angle,01 - Clear,01 - Daylight,01 - Dry,02 - Stop sign,01 - Functioning,2,0,0,0,,0,,,,,367962.7103,5031178.568,45.41769129,-75.69295321,4122
20--4558,5/26/2020,7:41 AM,CARP RD @ MARCH RD (0001689),1689,02 - Intersection related,03 - P.D. only,03 - Rear end,01 - Clear,01 - Daylight,01 - Dry,01 - Traffic signal,01 - Functioning,2,0,0,0,,0,,,,,342164.5521,5021732.506,45.334546,-76.02328243,4123
20--4559,5/26/2020,8:29 AM,REGIONAL ROAD 174 btwn OR174 IC105 RAMP51 & OR174 IC105 RAMP35 (__3ZA2XC),__3ZA2XC,01 - Non intersection,02 - Non-fatal injury,07 - SMV other,01 - Clear,01 - Daylight,01 - Dry,10 - No control,,1,0,0,0,02 - Minor,1,,1,,,379061.8404,5036805.272,45.4672264,-75.55030571,4124
20--456,1/11/2020,5:24 PM,LONGFIELDS DR @ VIA VERONA AVE (0015389),15389,03 - At intersection,02 - Non-fatal injury,03 - Rear end,02 - Rain,05 - Dusk,02 - Wet,02 - Stop sign,00 - Unknown,2,0,0,0,02 - Minor,1,,1,,,364068.1159,5016055.452,45.28195594,-75.74452351,4125
20--4560,5/26/2020,8:51 AM,FISHER AVE btwn BASELINE RD & MALIBU TER (__3ZA4JK),__3ZA4JK,01 - Non intersection,03 - P.D. only,05 - Turning movement,01 - Clear,01 - Daylight,01 - Dry,10 - No control,,2,0,0,0,,0,,,,,366212.5901,5025916.832,45.37050326,-75.71596779,4126
20--4561,5/27/2020,1:06 PM,MERIVALE RD @ WEST HUNT CLUB RD (0000584),584,02 - Intersection related,03 - P.D. only,99 - Other,01 - Clear,01 - Daylight,01 - Dry,01 - Traffic signal,01 - Functioning,2,0,1,0,,0,,,,,365612.6922,5021942.497,45.33479514,-75.72411457,4127