Anom_ID,Accident_Date,Accident_Time,Location,Geo_ID,Accident_Location,Classification_of_Accident,Initial_Impact_Type,Environment_Condition,Light,Road_Surface_Condition,Traffic_Control,Traffic_Control_Condition,No__of_Vehicles,No__of_Bicycles,No__of_Motorcycles,No__of_Pedestrians,Max_Injury,No__of_Injuries,No__of_Minimal,No__of_Minor,No__of_Major,No__of_Fatal,X,Y,Latitude,Longitude,ObjectId
20--4562,5/27/2020,1:50 AM,HWY417 IC131 RAMP66 btwn HWY417 IC130 RAMP36 & HWY417 IC131 RAMP63 (__3ZA1SX),__3ZA1SX,01 - Non intersection,03 - P.D. only,07 - SMV other,01 - Clear,07 - Dark,01 - Dry,10 - No control,,1,0,0,0,,0,,,,,358567.8546,5022931.544,45.34426982,-75.81388252,4128
20--4563,5/27/2020,10:30 AM,HIGHWAY 417 btwn HWY417 IC155 RAMP51 & HWY417 IC155 RAMP35 (__3ZAZNR),__3ZAZNR,01 - Non intersection,03 - P.D. only,07 - SMV other,01 - Clear,01 - Daylight,01 - Dry,10 - No control,,1,0,0,0,,0,,,,,339210.0471,5019397.042,45.31368156,-76.06113877,4129
20--4564,5/27/2020,11:30 AM,PRINCE OF WALES DR btwn GREENBANK RD & BARNSDALE RD (__3ZA296),__3ZA296,01 - Non intersection,02 - Non-fatal injury,03 - Rear end,01 - Clear,01 - Daylight,01 - Dry,10 - No control,,2,0,0,0,02 - Minor,2,1,1,,,366643.2059,5011434.309,45.24015326,-75.71227773,4130
20--4565,5/27/2020,11:30 AM,ABBOTT ST @ LANCELEAF WAY/MALAHAT WAY (0018144),18144,03 - At intersection,03 - P.D. only,02 - Angle,01 - Clear,01 - Daylight,01 - Dry,02 - Stop sign,01 - Functioning,2,0,0,0,,0,,,,,352547.5061,5015909.964,45.28152372,-75.89137864,4131
20--4566,5/27/2020,11:31 PM,RIVERSIDE DR btwn 175 S OF HUNT CLUB  RD & GL/OT BOUNDARY (__7JIWK3A),__7JIWK3A,01 - Non intersection,03 - P.D. only,04 - Sideswipe,01 - Clear,07 - Dark,01 - Dry,10 - No control,,2,0,0,0,,0,,,,,368024.1806,5021746.363,45.33281723,-75.69337539,4132
20--4567,5/27/2020,11:53 AM,MONTREAL RD @ ST. LAURENT BLVD (0002604),2604,02 - Intersection related,02 - Non-fatal injury,03 - Rear end,01 - Clear,01 - Daylight,01 - Dry,01 - Traffic signal,01 - Functioning,3,0,0,0,02 - Minor,1,,1,,,371545.6995,5033817.602,45.4411035,-75.64681968,4133
20--4568,5/27/2020,12:18 AM,STRANDHERD DR @ 210 W OF WOODROFFE AVE (0010890),10890,03 - At intersection,03 - P.D. only,05 - Turning movement,01 - Clear,07 - Dark,01 - Dry,01 - Traffic signal,01 - Functioning,2,0,0,0,,0,,,,,365924.3409,5015321.485,45.27519279,-75.7209552,4134
20--4569,5/27/2020,12:30 PM,CARLING AVE @ FOX CRES (0002767),2767,02 - Intersection related,03 - P.D. only,04 - Sideswipe,01 - Clear,01 - Daylight,01 - Dry,02 - Stop sign,00 - Unknown,2,0,0,0,,0,,,,,361526.6769,5025575.538,45.36782729,-75.77582532,4135
20--457,1/11/2020,6:00 PM,INNES RD btwn ORCHARDVIEW AVE & PORTOBELLO BLVD (__3ZA1VW),__3ZA1VW,04 - At/near private drive,03 - P.D. only,02 - Angle,02 - Rain,07 - Dark,02 - Wet,10 - No control,,2,0,0,0,,0,,,,,385239.1242,5036737.852,45.46593576,-75.47133115,4136
20--4570,5/27/2020,3:10 PM,HIGHWAY 417 btwn HWY417 IC122 RAMP16 & HWY417 IC122 RAMP61 (__3ZA2RA),__3ZA2RA,01 - Non intersection,03 - P.D. only,03 - Rear end,01 - Clear,01 - Daylight,01 - Dry,10 - No control,,3,0,0,0,,0,,,,,365397.3653,5028938.947,45.3977666,-75.72600351,4137
20--4571,5/27/2020,3:15 PM,KING EDWARD AVE @ MURRAY ST (0002713),2713,02 - Intersection related,03 - P.D. only,03 - Rear end,01 - Clear,01 - Daylight,01 - Dry,01 - Traffic signal,01 - Functioning,2,0,0,0,,0,,,,,368291.6999,5032753.582,45.43183294,-75.68854703,4138
20--4572,5/27/2020,3:15 PM,SMYTH RD E/LANCASTER RD @ ST. LAURENT BLVD N/R (0002256),2256,02 - Intersection related,02 - Non-fatal injury,03 - Rear end,01 - Clear,01 - Daylight,01 - Dry,01 - Traffic signal,01 - Functioning,2,0,0,0,01 - Minimal,1,1,,,,373364.7246,5029424.554,45.40140099,-75.62418198,4139
20--4573,5/27/2020,4:07 PM,BASIL MACDONALD WAY btwn MERIVALE RD & GRANT CARMAN DR (__4BBEMB),__4BBEMB,04 - At/near private drive,03 - P.D. only,02 - Angle,01 - Clear,01 - Daylight,01 - Dry,10 - No control,,2,0,0,0,,0,,,,,365188.3118,5023226.249,45.34638283,-75.72937189,4140
20--4574,5/27/2020,4:38 PM,MICHAEL ST btwn KENASTON ST & BELFAST RD (__3ZA794),__3ZA794,05 - At railway crossing,03 - P.D. only,07 - SMV other,01 - Clear,01 - Daylight,01 - Dry,10 - No control,,1,0,0,0,,0,,,,,373065.6004,5030842.412,45.41418745,-75.6278061,4141
20--4575,5/27/2020,5:02 PM,HIGHWAY 417 btwn HWY417 IC124 RAMP65 & HWY417 IC122 RAMP51 (__3ZA2R8),__3ZA2R8,01 - Non intersection,03 - P.D. only,03 - Rear end,01 - Clear,01 - Daylight,01 - Dry,10 - No control,,3,0,0,0,,0,,,,,365127.3719,5028668.269,45.39535441,-75.72948486,4142
20--4576,5/27/2020,5:13 PM,BLACKBURN BYPASS WB btwn NAVAN RD & INNES RD E (__3ZA3J9),__3ZA3J9,01 - Non intersection,02 - Non-fatal injury,07 - SMV other,01 - Clear,01 - Daylight,01 - Dry,10 - No control,,1,0,0,0,02 - Minor,1,,1,,,379644.6596,5033309.063,45.43570791,-75.54338537,4143
20--4577,5/27/2020,5:15 PM,HIGHWAY 417 btwn HWY417 IC117 RAMP51 & HWY417 IC117 RAMP35 (__3ZA2YN),__3ZA2YN,01 - Non intersection,03 - P.D. only,04 - Sideswipe,01 - Clear,01 - Daylight,01 - Dry,10 - No control,,2,0,0,0,,0,,,,,370506.5532,5031144.925,45.41715431,-75.66045778,4144
20--4578,5/27/2020,5:20 PM,CUMMINGS AVE btwn OGILVIE RD & LABELLE ST (__3ZA7QG),__3ZA7QG,04 - At/near private drive,03 - P.D. only,02 - Angle,01 - Clear,01 - Daylight,01 - Dry,10 - No control,,2,0,0,0,,0,,,,,372766.641,5032133.382,45.42583209,-75.63144722,4145
20--4579,5/27/2020,5:30 PM,RUSSELL AVE @ TEMPLETON ST (0007310),7310,03 - At intersection,02 - Non-fatal injury,02 - Angle,01 - Clear,01 - Daylight,01 - Dry,02 - Stop sign,01 - Functioning,2,0,0,0,01 - Minimal,1,1,,,,369360.704,5031686.56,45.42213441,-75.67502595,4146
20--458,1/11/2020,6:01 PM,UPPER LORNE PL btwn SOMERSET ST W & END (__3ZA4GN),__3ZA4GN,01 - Non intersection,03 - P.D. only,06 - SMV unattended vehicle,02 - Rain,07 - Dark,02 - Wet,10 - No control,,1,0,0,0,,0,,,,,366630.7126,5030354.276,45.41039352,-75.71007426,4147
20--4580,5/27/2020,6:40 PM,BASELINE RD @ FARLANE BLVD (0002725),2725,03 - At intersection,02 - Non-fatal injury,02 - Angle,01 - Clear,01 - Daylight,01 - Dry,01 - Traffic signal,01 - Functioning,2,1,0,0,02 - Minor,1,,1,,,365356.6925,5025517.533,45.36698492,-75.72694266,4148
20--4581,5/27/2020,6:56 PM,TRIM RD @ DAIRY DR/TAYLOR CREEK DR (0012921),12921,02 - Intersection related,03 - P.D. only,07 - SMV other,01 - Clear,01 - Daylight,01 - Dry,11 - Roundabout,00 - Unknown,1,0,0,0,,0,,,,,384535.0388,5039595.39,45.49172587,-75.4798698,4149
20--4582,5/27/2020,9:10 AM,INDUSTRIAL AVE @ RIVERSIDE DR (0011905),11905,02 - Intersection related,03 - P.D. only,03 - Rear end,01 - Clear,01 - Daylight,01 - Dry,01 - Traffic signal,01 - Functioning,2,0,0,0,,0,,,,,370684.7313,5030592.56,45.4121676,-75.65825526,4150
20--4583,5/27/2020,9:20 AM,BRONSON AVE @ CARLING AVE/GLEBE AVE (0002134),2134,02 - Intersection related,03 - P.D. only,03 - Rear end,01 - Clear,01 - Daylight,01 - Dry,01 - Traffic signal,01 - Functioning,4,0,0,0,,0,,,,,367447.7,5029335.567,45.40115482,-75.6997672,4151
20--4584,5/27/2020,9:30 AM,MERIVALE RD @ WEST HUNT CLUB RD (0000584),584,02 - Intersection related,03 - P.D. only,04 - Sideswipe,01 - Clear,01 - Daylight,01 - Dry,01 - Traffic signal,01 - Functioning,2,0,0,0,,0,,,,,365612.6872,5021942.507,45.33479523,-75.72411463,4152
20--4585,5/28/2020,10:28 PM,CYRVILLE RD btwn STAR TOP RD & MEADOWBROOK RD (__3ZA3SN),__3ZA3SN,04 - At/near private drive,03 - P.D. only,02 - Angle,01 - Clear,07 - Dark,01 - Dry,10 - No control,,2,0,0,0,,0,,,,,374452.5806,5031301.748,45.41818364,-75.61002259,4153
20--4586,5/28/2020,Unknown,DONALD ST btwn EVE ST & LOLA ST (__3ZBOX2),__3ZBOX2,01 - Non intersection,03 - P.D. only,06 - SMV unattended vehicle,01 - Clear,00 - Unknown,01 - Dry,10 - No control,,1,0,0,0,,0,,,,,371036.9666,5032352.801,45.42797226,-75.65351894,4154
20--4587,5/28/2020,Unknown,BANK ST btwn SOMERSET ST W & MACLAREN ST (__3ZA3RM),__3ZA3RM,01 - Non intersection,03 - P.D. only,06 - SMV unattended vehicle,01 - Clear,00 - Unknown,01 - Dry,10 - No control,,1,0,0,0,,0,,,,,367735.3957,5030854.964,45.41480009,-75.69589871,4155
20--4588,5/28/2020,Unknown,FOXLEIGH CRES btwn BLUEGRASS DR & TROTTING WAY (__3ZBNCC),__3ZBNCC,01 - Non intersection,03 - P.D. only,06 - SMV unattended vehicle,01 - Clear,00 - Unknown,01 - Dry,10 - No control,,1,0,0,0,,0,,,,,354889.0356,5016110.735,45.28316737,-75.8615135,4156
20--4589,5/28/2020,12:45 PM,BANK ST @ BLAIS RD (0009264),9264,02 - Intersection related,03 - P.D. only,03 - Rear end,01 - Clear,01 - Daylight,01 - Dry,02 - Stop sign,01 - Functioning,2,0,0,0,,0,,,,,376154.7538,5019727.483,45.31387257,-75.58994749,4157
20--459,1/11/2020,6:10 PM,MALAHAT WAY btwn EGO TERR & OXALIS CRES (e___2HYA),e___2HYA,04 - At/near private drive,03 - P.D. only,06 - SMV unattended vehicle,02 - Rain,07 - Dark,02 - Wet,10 - No control,,1,0,0,0,,0,,,,,352427.415,5016046.306,45.28275871,-75.89289623,4158
20--4590,5/28/2020,12:46 PM,PRINCE OF WALES DR @ MERIVALE RD (0000564),564,02 - Intersection related,03 - P.D. only,01 - Approaching,01 - Clear,01 - Daylight,01 - Dry,01 - Traffic signal,01 - Functioning,2,0,0,0,,0,,,,,367449.707,5017616.453,45.29570843,-75.70122614,4159
20--4591,5/28/2020,2:02 PM,INNES RD @ STONEHENGE CRES W (0009354),9354,03 - At intersection,02 - Non-fatal injury,02 - Angle,01 - Clear,01 - Daylight,01 - Dry,01 - Traffic signal,01 - Functioning,2,1,0,0,02 - Minor,1,,1,,,375199.7392,5031216.564,45.41734242,-75.60048921,4160
20--4592,5/28/2020,3:00 PM,UPLANDS DR @ AIRPORT PKWY RAMP 36 (0008654),8654,02 - Intersection related,03 - P.D. only,02 - Angle,01 - Clear,01 - Daylight,01 - Dry,03 - Yield sign,01 - Functioning,2,0,0,0,,0,,,,,371084.7239,5021380.483,45.32924272,-75.65438164,4161
20--4593,5/28/2020,3:00 PM,HIGHWAY 417 btwn HWY417 IC124 RAMP76 & HWY417 IC124 RAMP67 (__3ZA2R7),__3ZA2R7,01 - Non intersection,03 - P.D. only,07 - SMV other,01 - Clear,01 - Daylight,01 - Dry,10 - No control,,1,0,0,0,,0,,,,,364206.2052,5027249.428,45.3826667,-75.74141997,4162
20--4594,5/28/2020,4:52 AM,HIGHWAY 416 btwn HWY416 IC75A RAMP43 & HWY416 IC72 RAMP34 (__3ZAZLD),__3ZAZLD,01 - Non intersection,02 - Non-fatal injury,07 - SMV other,01 - Clear,07 - Dark,01 - Dry,10 - No control,,1,0,1,0,03 - Major,1,,,1,,359220.0859,5020484.931,45.3222048,-75.80582919,4163
20--4595,5/28/2020,5:26 PM,GLADSTONE AVE @ LEBRETON ST (0005746),5746,03 - At intersection,03 - P.D. only,02 - Angle,01 - Clear,01 - Daylight,01 - Dry,02 - Stop sign,01 - Functioning,2,0,0,0,,0,,,,,366855.7027,5029922.579,45.40648932,-75.70725449,4164
20--4596,5/28/2020,5:35 PM,FALLOWFIELD RD @ HWY 416 FALLOWFI IC66R34 (0005504),5504,02 - Intersection related,02 - Non-fatal injury,03 - Rear end,01 - Clear,01 - Daylight,01 - Dry,01 - Traffic signal,01 - Functioning,2,0,0,0,01 - Minimal,1,1,,,,359823.4759,5014725.687,45.27033562,-75.79877208,4165
20--4597,5/28/2020,7:09 AM,BESSERER ST @ WALLER ST (0008859),8859,03 - At intersection,03 - P.D. only,04 - Sideswipe,01 - Clear,01 - Daylight,01 - Dry,01 - Traffic signal,01 - Functioning,2,0,0,0,,0,,,,,368315.9207,5032191.976,45.42677761,-75.68830994,4166
20--4598,5/28/2020,9:09 AM,MERIVALE RD @ WEST HUNT CLUB RD (0000584),584,02 - Intersection related,03 - P.D. only,03 - Rear end,01 - Clear,01 - Daylight,01 - Dry,01 - Traffic signal,01 - Functioning,2,0,0,0,,0,,,,,365612.686,5021942.498,45.33479515,-75.72411465,4167
20--4599,5/29/2020,1:13 PM,BANK ST btwn ARENA PL & WHITE ALDER AVE (__3ZA29N),__3ZA29N,04 - At/near private drive,03 - P.D. only,03 - Rear end,01 - Clear,01 - Daylight,01 - Dry,10 - No control,,2,0,0,0,,0,,,,,375576.3951,5021101.316,45.32629231,-75.59712658,4168
20--46,1/2/2020,5:30 PM,MEADOWLANDS DR btwn VIEWMOUNT DR & INDIAN RD (__3ZA4HJ),__3ZA4HJ,01 - Non intersection,03 - P.D. only,06 - SMV unattended vehicle,01 - Clear,05 - Dusk,02 - Wet,10 - No control,,1,0,0,0,,0,,,,,363935.5841,5023213.974,45.34637911,-75.74535827,4169
20--460,1/11/2020,6:19 PM,SMYTH RD @ SMYTH RD NORTH SIDE RAMP/SMYTH RD S (0006582),6582,02 - Intersection related,03 - P.D. only,03 - Rear end,02 - Rain,07 - Dark,02 - Wet,03 - Yield sign,00 - Unknown,2,0,0,0,,0,,,,,369917.193,5029121.406,45.39900254,-75.66825459,4170
20--4600,5/29/2020,1:15 PM,GREENBANK RD btwn GREENBANK SQUARE SC & GIBBARD AVE (__3ZA4YOB),__3ZA4YOB,04 - At/near private drive,03 - P.D. only,02 - Angle,01 - Clear,01 - Daylight,01 - Dry,10 - No control,,2,0,0,0,,0,,,,,361400.802,5020682.906,45.32381374,-75.777992,4171
20--4601,5/29/2020,10:01 PM,RICHMOND RD @ WOODROFFE AVE (0011466),11466,03 - At intersection,02 - Non-fatal injury,02 - Angle,01 - Clear,07 - Dark,01 - Dry,01 - Traffic signal,01 - Functioning,2,0,0,0,01 - Minimal,1,1,,,,361584.6851,5026654.523,45.37753121,-75.7749608,4172
20--4602,5/29/2020,10:30 AM,BANK ST btwn ARENA PL & WHITE ALDER AVE (__3ZA29N),__3ZA29N,04 - At/near private drive,03 - P.D. only,02 - Angle,01 - Clear,01 - Daylight,01 - Dry,10 - No control,,2,0,0,0,,0,,,,,375492.7344,5021299.542,45.32808429,-75.59816538,4173
20--4603,5/29/2020,10:52 AM,CARP RD @ MARCH RD (0001689),1689,03 - At intersection,02 - Non-fatal injury,02 - Angle,01 - Clear,01 - Daylight,01 - Dry,01 - Traffic signal,01 - Functioning,2,0,0,0,03 - Major,1,,,1,,342164.5563,5021732.515,45.33454608,-76.02328237,4174
20--4604,5/29/2020,11:00 AM,COPPERMINE ST btwn HORSESHOE FALLS WAY & POINT PRIM CRES (e___2LJB),e___2LJB,01 - Non intersection,03 - P.D. only,06 - SMV unattended vehicle,01 - Clear,01 - Daylight,01 - Dry,10 - No control,,1,0,0,0,,0,,,,,363625.537,5013767.913,45.26140978,-75.75043547,4175
20--4605,5/29/2020,11:05 AM,SOMERSET ST    W btwn O'CONNOR ST & METCALFE ST (__3ZBOEW),__3ZBOEW,01 - Non intersection,03 - P.D. only,06 - SMV unattended vehicle,01 - Clear,01 - Daylight,01 - Dry,10 - No control,,1,0,0,0,,0,,,,,367947.4359,5031067.021,45.416689,-75.69316265,4176
20--4606,5/29/2020,11:55 AM,MERIVALE RD @ CAPILANO DR/WITHROW AVE (0009820),9820,03 - At intersection,03 - P.D. only,05 - Turning movement,01 - Clear,01 - Daylight,01 - Dry,01 - Traffic signal,01 - Functioning,2,0,0,0,,0,,,,,364642.4329,5024227.768,45.35544115,-75.73621614,4177
20--4607,5/29/2020,2:30 PM,RICHMOND RD @ WEST HUNT CLUB RD (0000598),598,03 - At intersection,03 - P.D. only,02 - Angle,01 - Clear,01 - Daylight,01 - Dry,11 - Roundabout,01 - Functioning,2,0,0,0,,0,,,,,357145.0288,5018152.11,45.3013716,-75.83254277,4178
20--4608,5/29/2020,3:01 PM,O'CONNOR ST btwn WAVERLEY ST & FRANK ST (__3ZA3Q8),__3ZA3Q8,01 - Non intersection,03 - P.D. only,06 - SMV unattended vehicle,01 - Clear,01 - Daylight,01 - Dry,10 - No control,,1,0,0,0,,0,,,,,368050.7129,5030699.141,45.41336961,-75.69189042,4179
20--4609,5/29/2020,3:10 PM,MAYVIEW AVE btwn MEDFORD ST & MERIVALE RD (__3ZA14A),__3ZA14A,01 - Non intersection,03 - P.D. only,06 - SMV unattended vehicle,01 - Clear,01 - Daylight,01 - Dry,10 - No control,,1,0,0,0,,0,,,,,364667.7174,5026280.364,45.37390794,-75.73564476,4180
20--461,1/11/2020,6:30 PM,NIXON DR btwn CABIN RD & TAYLOR WAY (__3ZA7GN),__3ZA7GN,01 - Non intersection,03 - P.D. only,07 - SMV other,02 - Rain,07 - Dark,02 - Wet,10 - No control,,1,0,0,0,,0,,,,,374045.891,5001327.835,45.14852748,-75.61940098,4181
20--4610,5/29/2020,3:49 PM,GLADSTONE AVE btwn BANK ST & O'CONNOR ST (__3ZA3QP),__3ZA3QP,01 - Non intersection,03 - P.D. only,06 - SMV unattended vehicle,01 - Clear,01 - Daylight,01 - Dry,10 - No control,,1,0,0,0,,0,,,,,368067.8446,5030654.398,45.41296548,-75.69167731,4182
20--4611,5/29/2020,4:00 PM,BASELINE RD @ CLYDE AVE (0002343),2343,02 - Intersection related,03 - P.D. only,03 - Rear end,01 - Clear,01 - Daylight,01 - Dry,01 - Traffic signal,01 - Functioning,2,0,0,0,,0,,,,,364358.6965,5024890.496,45.36142845,-75.73975736,4183
20--4612,5/29/2020,5:59 PM,HIGHWAY 417 btwn HWY417 IC122 RAMP61 & HWY417 IC121B RAMP16 (__3ZA2Y4),__3ZA2Y4,01 - Non intersection,03 - P.D. only,03 - Rear end,01 - Clear,01 - Daylight,01 - Dry,10 - No control,,3,0,0,0,,0,,,,,366059.9082,5029338.353,45.4013027,-75.71749218,4184
20--4613,5/29/2020,7:20 PM,WALKLEY RD btwn AIRPORT PKWY & TRANSIT (__3ZA1KU),__3ZA1KU,01 - Non intersection,03 - P.D. only,03 - Rear end,01 - Clear,01 - Daylight,01 - Dry,10 - No control,,2,0,0,0,,0,,,,,369923.6177,5025699.801,45.36821547,-75.66862393,4185
20--4614,5/29/2020,7:45 AM,HIGHWAY 417 btwn HWY417 IC126 RAMP61 & HWY417 IC124 RAMP76 (__3ZA2Y2),__3ZA2Y2,01 - Non intersection,03 - P.D. only,99 - Other,01 - Clear,01 - Daylight,01 - Dry,10 - No control,,2,0,0,0,,0,,,,,363314.0608,5026065.715,45.3720909,-75.75295138,4186
20--4615,5/29/2020,7:57 PM,DALY AVE @ WALLER ST (0008233),8233,03 - At intersection,02 - Non-fatal injury,07 - SMV other,01 - Clear,01 - Daylight,01 - Dry,01 - Traffic signal,01 - Functioning,1,0,0,1,02 - Minor,1,,1,,,368341.1897,5032119.485,45.42612306,-75.6879964,4187
20--4616,5/29/2020,9:20 AM,WALKLEY RD @ DON REID DR/RYDER ST (0008218),8218,02 - Intersection related,03 - P.D. only,03 - Rear end,01 - Clear,01 - Daylight,01 - Dry,01 - Traffic signal,01 - Functioning,2,0,0,0,,0,,,,,372601.7205,5027284.55,45.38222045,-75.63422122,4188
20--4617,5/30/2020,1:41 PM,KNOXDALE RD @ WEST HUNT CLUB RD (0005165),5165,03 - At intersection,03 - P.D. only,05 - Turning movement,01 - Clear,01 - Daylight,01 - Dry,01 - Traffic signal,01 - Functioning,2,0,0,0,,0,,,,,361863.6843,5020584.488,45.3228907,-75.77209923,4189
20--4618,5/30/2020,10:00 PM,FAIRLEA CRES @ GORE PRIV (0006832),6832,03 - At intersection,03 - P.D. only,02 - Angle,01 - Clear,07 - Dark,01 - Dry,02 - Stop sign,01 - Functioning,2,0,0,0,,0,,,,,372051.7096,5026554.526,45.375705,-75.64134309,4190
20--4619,5/30/2020,10:57 PM,WESLEY AVE @ KIRKWOOD AVE (0006685),6685,03 - At intersection,03 - P.D. only,02 - Angle,01 - Clear,07 - Dark,01 - Dry,02 - Stop sign,01 - Functioning,2,0,0,0,,0,,,,,363900.6924,5028349.555,45.39259129,-75.74518909,4191
20--462,1/11/2020,6:45 PM,EARL GREY DR btwn ROLAND MICHENER DR & 175 S OF KANATA AVE/WALMART SC (__3ZBPJBB),__3ZBPJBB,04 - At/near private drive,03 - P.D. only,05 - Turning movement,02 - Rain,07 - Dark,04 - Slush,10 - No control,,2,0,0,0,,0,,,,,350789.7885,5018992.187,45.30937564,-75.91349664,4192
20--4620,5/30/2020,11:43 AM,CATHERINE ST btwn HWY417 IC120B RAMP36 & KENT ST (__3ZBOE0),__3ZBOE0,04 - At/near private drive,03 - P.D. only,07 - SMV other,01 - Clear,01 - Daylight,01 - Dry,10 - No control,,1,0,0,0,,0,,,,,367824.8341,5030138.842,45.4083486,-75.69484766,4193
20--4621,5/30/2020,12:00 PM,BASELINE RD btwn CLYDE AVE & 207 E OF CLYDE AVE (__3ZA4ISA),__3ZA4ISA,04 - At/near private drive,03 - P.D. only,02 - Angle,01 - Clear,01 - Daylight,01 - Dry,10 - No control,,2,0,0,0,,0,,,,,364401.5598,5024917.89,45.36167129,-75.73920697,4194
20--4622,5/30/2020,3:05 PM,ANDERSON RD @ RIDGE RD (0003631),3631,03 - At intersection,03 - P.D. only,02 - Angle,01 - Clear,01 - Daylight,01 - Dry,02 - Stop sign,01 - Functioning,2,0,0,0,,0,,,,,379029.7589,5028508.54,45.39258154,-75.55196655,4195
20--4623,5/30/2020,5:30 PM,TWIST WAY btwn ABBOTT ST & EGO TERR (e___2HWG),e___2HWG,04 - At/near private drive,03 - P.D. only,02 - Angle,01 - Clear,01 - Daylight,01 - Dry,10 - No control,,2,0,0,0,,0,,,,,352446.884,5015909.516,45.28152652,-75.8926612,4196
20--4624,5/30/2020,5:45 PM,ROGER STEVENS DR btwn CRAIGHURST DR & PERKINS DR (__3ZA4KZ),__3ZA4KZ,01 - Non intersection,03 - P.D. only,07 - SMV other,02 - Rain,01 - Daylight,02 - Wet,10 - No control,,1,0,0,0,,0,,,,,366116.1979,4999184.766,45.12997677,-75.72049562,4197
20--4625,5/30/2020,5:46 PM,MERIVALE RD btwn KIMWAY CRES & LOBLAWS SC (__3ZA4IOB),__3ZA4IOB,01 - Non intersection,03 - P.D. only,07 - SMV other,02 - Rain,01 - Daylight,02 - Wet,10 - No control,,1,0,0,0,,0,,,,,364737.3709,5024817.204,45.3607367,-75.73493305,4198
20--4626,5/30/2020,6:11 PM,CATHERINE ST @ KENT ST (0002707),2707,03 - At intersection,03 - P.D. only,05 - Turning movement,02 - Rain,01 - Daylight,02 - Wet,01 - Traffic signal,01 - Functioning,2,0,0,0,,0,,,,,367907.7069,5030188.564,45.40878851,-75.69378269,4199
20--4627,5/30/2020,7:59 PM,MERIVALE RD @ WEST HUNT CLUB RD (0000584),584,02 - Intersection related,03 - P.D. only,03 - Rear end,01 - Clear,05 - Dusk,01 - Dry,01 - Traffic signal,00 - Unknown,2,0,0,0,,0,,,,,365612.6833,5021942.5,45.33479517,-75.72411468,4200
20--4628,5/30/2020,9:35 AM,GOLF CLUB WAY btwn DWYER HILL RD & NO NAME (__7JQ7KC),__7JQ7KC,01 - Non intersection,03 - P.D. only,07 - SMV other,01 - Clear,01 - Daylight,01 - Dry,10 - No control,,1,0,0,0,,0,,,,,341515.141,5007169.346,45.20353369,-76.03264439,4201
20--4629,5/31/2020,1:06 PM,ISLAND PARK DR btwn CLEARVIEW AVE & SUNNYMEDE AVE (__3ZA230),__3ZA230,01 - Non intersection,02 - Non-fatal injury,03 - Rear end,01 - Clear,01 - Daylight,01 - Dry,10 - No control,,3,0,1,0,02 - Minor,1,,1,,,363574.6846,5029353.874,45.40165542,-75.74923271,4202
20--463,1/11/2020,6:57 PM,EARL ARMSTRONG RD @ SPRATT RD (0013063),13063,03 - At intersection,03 - P.D. only,05 - Turning movement,04 - Freezing Rain,07 - Dark,02 - Wet,01 - Traffic signal,01 - Functioning,3,0,0,0,,0,,,,,368396.7078,5015011.424,45.27218363,-75.6894871,4203
20--4630,5/31/2020,1:30 PM,HIGHWAY 417 btwn HWY417 IC122 RAMP61 & HWY417 IC121B RAMP16 (__3ZA2Y4),__3ZA2Y4,01 - Non intersection,03 - P.D. only,03 - Rear end,01 - Clear,01 - Daylight,01 - Dry,10 - No control,,2,0,0,0,,0,,,,,365761.7429,5029179.66,45.39990085,-75.72132008,4204
20--4631,5/31/2020,1:47 AM,FAIRLOP WAY btwn TO BE DETERMINED & GOSPEL OAK DR (__4O3PFJ),__4O3PFJ,01 - Non intersection,03 - P.D. only,06 - SMV unattended vehicle,01 - Clear,07 - Dark,01 - Dry,10 - No control,,1,0,0,0,,0,,,,,364926.4371,5016127.674,45.2825329,-75.73357492,4205
20--4632,5/31/2020,3:20 PM,HIGHWAY 417 btwn HWY417 IC124 RAMP76 & HWY417 IC124 RAMP67 (__3ZA2R7),__3ZA2R7,01 - Non intersection,03 - P.D. only,03 - Rear end,01 - Clear,01 - Daylight,01 - Dry,10 - No control,,3,0,0,0,,0,,,,,364325.818,5027399.036,45.38400269,-75.73987468,4206
20--4633,5/31/2020,3:41 PM,CARP RD btwn KITTIWAKE DR & HAZELDEAN RD (__3ZA3DY),__3ZA3DY,01 - Non intersection,03 - P.D. only,04 - Sideswipe,01 - Clear,01 - Daylight,01 - Dry,10 - No control,,2,0,0,0,,0,,,,,348732.8926,5014430.677,45.26846131,-75.9401307,4207
20--4634,5/31/2020,5:00 PM,WALKLEY RD btwn BANFF AVE & AYERS AVE (__3ZA1RR),__3ZA1RR,04 - At/near private drive,03 - P.D. only,05 - Turning movement,01 - Clear,01 - Daylight,01 - Dry,10 - No control,,2,0,0,0,,0,,,,,370541.1571,5026065.736,45.37145038,-75.66069249,4208
20--4635,5/31/2020,7:00 PM,SHADOW HILL CRES btwn APPLE HILL DR & Continuation of SHADOW HILL CRES (__3ZAZGR),__3ZAZGR,04 - At/near private drive,03 - P.D. only,06 - SMV unattended vehicle,01 - Clear,01 - Daylight,01 - Dry,10 - No control,,1,0,0,0,,0,,,,,372682.9587,5024143.854,45.35395382,-75.63361552,4209