Anom_ID,Accident_Date,Accident_Time,Location,Geo_ID,Accident_Location,Classification_of_Accident,Initial_Impact_Type,Environment_Condition,Light,Road_Surface_Condition,Traffic_Control,Traffic_Control_Condition,No__of_Vehicles,No__of_Bicycles,No__of_Motorcycles,No__of_Pedestrians,Max_Injury,No__of_Injuries,No__of_Minimal,No__of_Minor,No__of_Major,No__of_Fatal,X,Y,Latitude,Longitude,ObjectId
20--4636,5/31/2020,7:59 PM,DES EPINETTES AVE btwn COTTONWOOD CRES & PRESTWICK DR (__3ZA6SJ),__3ZA6SJ,01 - Non intersection,03 - P.D. only,04 - Sideswipe,01 - Clear,01 - Daylight,01 - Dry,10 - No control,,2,1,0,0,,0,,,,,383301.04,5036631.839,45.46520244,-75.49612874,4210
20--4637,6/1/2020,10:14 PM,BLAIR RD @ INNES RD (0004165),4165,02 - Intersection related,03 - P.D. only,04 - Sideswipe,01 - Clear,07 - Dark,01 - Dry,01 - Traffic signal,01 - Functioning,2,0,0,0,,0,,,,,375578.7407,5031439.561,45.41931059,-75.59561521,4211
20--4638,6/1/2020,11:30 AM,FRASER AVE btwn KEENAN AVE & DOVERCOURT AVE (__3ZA0Q6),__3ZA0Q6,01 - Non intersection,03 - P.D. only,06 - SMV unattended vehicle,02 - Rain,01 - Daylight,02 - Wet,10 - No control,,1,0,0,0,,0,,,,,362701.5415,5027168.26,45.38206234,-75.76064147,4212
20--4639,6/1/2020,12:29 PM,BANK ST btwn MACLAREN ST & GILMOUR ST (__3ZA3QF),__3ZA3QF,01 - Non intersection,03 - P.D. only,06 - SMV unattended vehicle,01 - Clear,01 - Daylight,01 - Dry,10 - No control,,1,0,0,0,,0,,,,,367768.4084,5030803.442,45.41433354,-75.69548354,4213
20--464,1/11/2020,7:10 PM,COLONEL BY DR @ HAWTHORNE AVE/PRETORIA BRIDGE (0002122),2122,02 - Intersection related,03 - P.D. only,99 - Other,02 - Rain,07 - Dark,02 - Wet,01 - Traffic signal,01 - Functioning,2,0,0,0,,0,,,,,368767.7081,5030525.562,45.41174263,-75.68275334,4214
20--4640,6/1/2020,3:08 AM,REGIONAL ROAD 174 btwn OR174 IC105 RAMP25 & OR174 IC102 RAMP51 (__3ZA27G),__3ZA27G,01 - Non intersection,03 - P.D. only,07 - SMV other,01 - Clear,07 - Dark,01 - Dry,10 - No control,,1,0,0,0,,0,,,,,380237.2818,5037470.273,45.47308359,-75.53517367,4215
20--5092,6/23/2020,12:48 PM,BANK ST @ GLADSTONE AVE (0002253),2253,02 - Intersection related,03 - P.D. only,04 - Sideswipe,01 - Clear,01 - Daylight,01 - Dry,01 - Traffic signal,01 - Functioning,2,0,0,0,,0,,,,,367916.7076,5030562.572,45.41215291,-75.69361983,4216
20--4731,6/5/2020,9:03 PM,BANTREE ST @ INNES RD (0007684),7684,02 - Intersection related,02 - Non-fatal injury,03 - Rear end,01 - Clear,05 - Dusk,01 - Dry,01 - Traffic signal,01 - Functioning,2,0,0,0,01 - Minimal,2,2,,,,373705.7165,5030406.549,45.41020303,-75.61968957,4217
20--4732,6/6/2020,1:21 PM,TERRY FOX DR btwn 329 N OF CAMPEAU DR/SIGNATURE CENTRE & CAMPEAU DR (__49GU9G),__49GU9G,04 - At/near private drive,02 - Non-fatal injury,02 - Angle,01 - Clear,01 - Daylight,01 - Dry,10 - No control,,2,0,0,0,02 - Minor,3,,3,,,350281.4315,5019037.616,45.30981753,-75.91997516,4218
20--4824,6/11/2020,4:30 PM,KENNEVALE DR @ STRANDHERD DR (0010896),10896,02 - Intersection related,03 - P.D. only,99 - Other,01 - Clear,01 - Daylight,01 - Dry,01 - Traffic signal,01 - Functioning,2,0,0,0,,0,,,,,361491.8503,5014099.539,45.26456897,-75.7775832,4219
20--5362,7/6/2020,1:50 AM,FALLOWFIELD RD btwn HOLITMAN DR & 482 E OF HOLITMAN DR/BARRHAVEN CROSS (__5UXZZVA),__5UXZZVA,01 - Non intersection,03 - P.D. only,07 - SMV other,01 - Clear,07 - Dark,01 - Dry,10 - No control,,1,0,0,0,,0,,,,,363786.4862,5017159.517,45.291914,-75.7479818,4220
20--5093,6/23/2020,2:30 PM,PELHAM CRES btwn MEYNELL RD & MEYNELL RD (e___2J75),e___2J75,04 - At/near private drive,03 - P.D. only,06 - SMV unattended vehicle,01 - Clear,01 - Daylight,01 - Dry,10 - No control,,1,0,0,0,,0,,,,,356150.435,5005304.023,45.18583466,-75.84655086,4221
20--5276,7/2/2020,3:44 PM,CYRVILLE RD @ MEADOWBROOK RD (0012477),12477,03 - At intersection,03 - P.D. only,02 - Angle,01 - Clear,01 - Daylight,01 - Dry,01 - Traffic signal,01 - Functioning,2,0,0,0,,0,,,,,374629.7445,5031242.562,45.41763346,-75.60776756,4222
20--4645,6/1/2020,6:49 PM,PRINCE OF WALES DR @ WEST HUNT CLUB RD (0000567),567,02 - Intersection related,03 - P.D. only,04 - Sideswipe,01 - Clear,01 - Daylight,01 - Dry,01 - Traffic signal,01 - Functioning,2,0,0,0,,0,,,,,367458.712,5021891.506,45.33417392,-75.70057065,4223
20--5186,6/27/2020,3:00 PM,HIGHWAY 417 btwn HIGHWAY 417 & HWY417 IC129 RAMP51 (__3ZA290),__3ZA290,01 - Non intersection,03 - P.D. only,04 - Sideswipe,01 - Clear,01 - Daylight,01 - Dry,10 - No control,,2,0,0,0,,0,,,,,359986.6018,5023196.893,45.34654724,-75.79575002,4224
20--4825,6/11/2020,4:30 PM,BORRISOKANE RD/TARTAN DR @ STRANDHERD DR (0010634),10634,02 - Intersection related,03 - P.D. only,03 - Rear end,01 - Clear,01 - Daylight,01 - Dry,01 - Traffic signal,01 - Functioning,2,0,0,0,,0,,,,,362291.2171,5013545.399,45.2595179,-75.76746193,4225
20--5094,6/23/2020,3:21 PM,IBER RD btwn HUNTMAR DR & HARRY DOUGLAS DR (__3ZA4XQ),__3ZA4XQ,04 - At/near private drive,02 - Non-fatal injury,05 - Turning movement,01 - Clear,01 - Daylight,01 - Dry,10 - No control,,2,0,0,0,01 - Minimal,1,1,,,,351460.7754,5015476.092,45.27769259,-75.90527086,4226
20--4646,6/1/2020,7:00 AM,BOUNDARY RD @ HWY 417 BOUNDARY IC96R15/51 (0004216),4216,02 - Intersection related,03 - P.D. only,03 - Rear end,01 - Clear,01 - Daylight,01 - Dry,01 - Traffic signal,01 - Functioning,2,0,0,0,,0,,,,,387508.4893,5023592.973,45.3474056,-75.44452004,4227
20--5187,6/27/2020,3:22 PM,ALTA VISTA DR btwn BANK ST & EDGE HILL PL (__3ZA0TQ),__3ZA0TQ,04 - At/near private drive,03 - P.D. only,02 - Angle,01 - Clear,01 - Daylight,01 - Dry,10 - No control,,2,0,0,0,,0,,,,,370332.9063,5026257.211,45.37319271,-75.66332551,4228
20--4826,6/11/2020,5:27 PM,PAGE RD btwn NAVAN RD & RENAUD RD (__3ZA7L1),__3ZA7L1,01 - Non intersection,02 - Non-fatal injury,03 - Rear end,01 - Clear,01 - Daylight,01 - Dry,10 - No control,,2,0,0,0,01 - Minimal,1,1,,,,381695.7507,5032688.973,45.42990628,-75.51727036,4229
20--4827,6/11/2020,6:30 PM,HIGHWAY 416 btwn HWY416 IC49 RAMP43 & HWY416 IC42 RAMP34 (__3ZAZJ7),__3ZAZJ7,01 - Non intersection,03 - P.D. only,07 - SMV other,01 - Clear,01 - Daylight,01 - Dry,10 - No control,,1,0,0,0,,0,,,,,369229.9863,5000953.799,45.14561766,-75.68068648,4230
20--4828,6/11/2020,7:45 PM,BYRON AVE @ LOCKHART AVE E (0009019),9019,03 - At intersection,03 - P.D. only,02 - Angle,01 - Clear,01 - Daylight,01 - Dry,02 - Stop sign,01 - Functioning,2,0,0,0,,0,,,,,361743.3408,5026821.285,45.37901884,-75.77291598,4231
20--4829,6/11/2020,7:45 PM,ALTA VISTA DR btwn ROLLAND AVE & INDUSTRIAL AVE (__3ZA8F8),__3ZA8F8,04 - At/near private drive,03 - P.D. only,03 - Rear end,01 - Clear,01 - Daylight,01 - Dry,10 - No control,,2,0,0,0,,0,,,,,370868.7764,5030511.321,45.41141929,-75.65591504,4232
20--483,1/12/2020,10:56 PM,RIVERSIDE DR SB btwn BILLINGS BRIDGESC RAMP NB & DATA CENTRE RD (__3ZBOFM),__3ZBOFM,01 - Non intersection,03 - P.D. only,07 - SMV other,03 - Snow,07 - Dark,03 - Loose snow,10 - No control,,1,0,0,0,,0,,,,,369009.1402,5027782.394,45.3870384,-75.68002625,4233
20--4830,6/11/2020,8:05 PM,STONEHAVEN DR btwn TAMARA WAY & BRIDGESTONE DR (__3ZBO77),__3ZBO77,01 - Non intersection,02 - Non-fatal injury,02 - Angle,01 - Clear,01 - Daylight,01 - Dry,10 - No control,,2,1,0,0,02 - Minor,1,,1,,,355034.4087,5016981.811,45.29099512,-75.85957235,4234
20--4831,6/11/2020,8:40 PM,CONN ST btwn POULIN AVE & PRISCILLA ST (__3ZABXU),__3ZABXU,04 - At/near private drive,03 - P.D. only,06 - SMV unattended vehicle,01 - Clear,05 - Dusk,01 - Dry,10 - No control,,1,0,0,0,,0,,,,,360299.6469,5025150.028,45.3640968,-75.79153621,4235
20--4832,6/11/2020,8:50 AM,AVENUE RD btwn GLENCAIRN AVE & GLENVIEW AVE (__3ZA9M8),__3ZA9M8,01 - Non intersection,03 - P.D. only,06 - SMV unattended vehicle,01 - Clear,01 - Daylight,01 - Dry,10 - No control,,1,0,0,0,,0,,,,,369361.0879,5029140.743,45.39922802,-75.67535447,4236
20--4833,6/12/2020,1:10 PM,ST. LAURENT BLVD SERVICE RD btwn RUSSELL RD & ST. LAURENT BLVD (__3ZA775),__3ZA775,01 - Non intersection,03 - P.D. only,07 - SMV other,01 - Clear,01 - Daylight,01 - Dry,10 - No control,,1,0,0,0,,0,,,,,373404.2982,5029281.971,45.40011422,-75.62369638,4237
20--4834,6/12/2020,1:17 PM,CUMBERLAND ST @ YORK ST (0008416),8416,03 - At intersection,03 - P.D. only,02 - Angle,01 - Clear,01 - Daylight,01 - Dry,01 - Traffic signal,01 - Functioning,2,0,0,0,,0,,,,,368262.6973,5032521.6,45.42974828,-75.68894755,4238
20--4835,6/12/2020,1:28 PM,MERIVALE RD @ WEST HUNT CLUB RD (0000584),584,02 - Intersection related,03 - P.D. only,03 - Rear end,01 - Clear,01 - Daylight,01 - Dry,01 - Traffic signal,01 - Functioning,2,0,0,0,,0,,,,,365612.6908,5021942.501,45.33479518,-75.72411459,4239
20--4836,6/12/2020,1:47 PM,HIGHWAY 417 btwn HWY417 IC124 RAMP76 & HWY417 IC124 RAMP67 (__3ZA2R7),__3ZA2R7,01 - Non intersection,02 - Non-fatal injury,03 - Rear end,01 - Clear,01 - Daylight,01 - Dry,10 - No control,,3,0,0,0,02 - Minor,1,,1,,,364314.0025,5027384.184,45.38387006,-75.74002734,4240
20--4837,6/12/2020,10:00 PM,BANK ST btwn HERON RD & ANOKA ST (__3ZA360),__3ZA360,04 - At/near private drive,03 - P.D. only,03 - Rear end,02 - Rain,07 - Dark,02 - Wet,10 - No control,,2,0,0,0,,0,,,,,370001.925,5026833.844,45.37841195,-75.66747465,4241
20--4838,6/12/2020,10:00 PM,HIGHWAY 417 btwn HWY417 IC180 RAMP61 & HWY417 IC169 RAMP36 (__5DVYB1),__5DVYB1,01 - Non intersection,03 - P.D. only,07 - SMV other,01 - Clear,07 - Dark,01 - Dry,10 - No control,,1,0,0,0,,0,,,,,322365.3812,5028262.402,45.39408078,-76.27565601,4242
20--4839,6/12/2020,10:21 AM,MACKENZIE AVE @ MURRAY ST (0011914),11914,02 - Intersection related,03 - P.D. only,99 - Other,01 - Clear,01 - Daylight,01 - Dry,01 - Traffic signal,01 - Functioning,2,0,0,0,,0,,,,,367639.6979,5032383.6,45.42856285,-75.6969263,4243
20--5277,7/2/2020,4:00 PM,KINBURN SIDE RD btwn WOODKILTON RD & DUNROBIN RD (__3ZA3GH),__3ZA3GH,01 - Non intersection,03 - P.D. only,07 - SMV other,01 - Clear,01 - Daylight,01 - Dry,10 - No control,,1,0,0,0,,0,,,,,337652.0793,5035602.222,45.45957642,-76.07992967,4244
20--4733,6/6/2020,1:31 PM,HIGHWAY 417 btwn HWY417 IC124 RAMP76 & HWY417 IC124 RAMP67 (__3ZA2R7),__3ZA2R7,01 - Non intersection,02 - Non-fatal injury,03 - Rear end,01 - Clear,01 - Daylight,01 - Dry,10 - No control,,2,0,0,0,02 - Minor,2,1,1,,,364216.985,5027262.894,45.38278695,-75.74128071,4245
20--5363,7/6/2020,10:09 PM,ALBION RD btwn 210 S OF HIGH RD/EARL ARMSTRONG RD/RIDEAU CARLETON RACE (__3ZA3S0B),__3ZA3S0B,01 - Non intersection,03 - P.D. only,07 - SMV other,01 - Clear,07 - Dark,01 - Dry,10 - No control,,1,0,0,0,,0,,,,,375077.0286,5016710.079,45.28683172,-75.6041187,4246
20--484,1/12/2020,11:00 AM,ARLINGTON AVE @ BRONSON AVE (0006759),6759,03 - At intersection,03 - P.D. only,05 - Turning movement,03 - Snow,01 - Daylight,04 - Slush,01 - Traffic signal,01 - Functioning,2,0,0,0,,0,,,,,367222.7012,5029867.578,45.4059618,-75.7025736,4247
20--4840,6/12/2020,10:25 PM,HWY417 IC131 RAMP55 btwn HIGHWAY 417 & HWY416 IC75B RAMP25 (__3ZAYG7),__3ZAYG7,01 - Non intersection,03 - P.D. only,07 - SMV other,01 - Clear,07 - Dark,01 - Dry,10 - No control,,1,0,0,0,,0,,,,,358432.9914,5022781.141,45.34292681,-75.81561966,4248
20--4841,6/12/2020,10:26 AM,INNES RD btwn TAUVETTE ST & GRAVELLE CRES (__3ZA3J3),__3ZA3J3,01 - Non intersection,03 - P.D. only,04 - Sideswipe,01 - Clear,01 - Daylight,01 - Dry,10 - No control,,2,0,0,0,,0,,,,,377381.0272,5032485.955,45.42854074,-75.57243507,4249
20--4842,6/12/2020,11:27 PM,JOCKVALE RD btwn CAMBRIAN RD & BLACKLEAF DR (__6ZT251),__6ZT251,01 - Non intersection,03 - P.D. only,07 - SMV other,01 - Clear,07 - Dark,01 - Dry,10 - No control,,1,0,0,0,,0,,,,,365402.2442,5013194.93,45.25610327,-75.7278683,4250
20--4843,6/12/2020,11:36 PM,REGIONAL ROAD 174 btwn QUIGLEY HILL RD & REGIONAL ROAD 174 DIVIDED (__3ZA2Y5),__3ZA2Y5,01 - Non intersection,03 - P.D. only,07 - SMV other,02 - Rain,07 - Dark,02 - Wet,10 - No control,,1,0,0,0,,0,,,,,386256.3413,5042156.668,45.51457075,-75.45742579,4251
20--4844,6/12/2020,12:14 PM,AVIATION PKWY @ MONTREAL RD (0008799),8799,03 - At intersection,02 - Non-fatal injury,05 - Turning movement,01 - Clear,01 - Daylight,01 - Dry,01 - Traffic signal,01 - Functioning,2,0,0,0,02 - Minor,1,,1,,,372146.7187,5034108.586,45.44366399,-75.63909817,4252
20--4845,6/12/2020,12:16 PM,FRASER FIELDS WAY @ STRANDHERD DR (0013567),13567,03 - At intersection,03 - P.D. only,05 - Turning movement,01 - Clear,01 - Daylight,01 - Dry,02 - Stop sign,00 - Unknown,2,0,0,0,,0,,,,,362949.5871,5013991.964,45.26348201,-75.75902158,4253
20--4846,6/12/2020,2:02 AM,VALIN ST btwn BREEZEWOOD ST & MONDAVI ST (__4BPF61),__4BPF61,01 - Non intersection,03 - P.D. only,07 - SMV other,01 - Clear,07 - Dark,01 - Dry,10 - No control,,1,0,0,0,,0,,,,,386538.2308,5037727.67,45.47469033,-75.45455608,4254
20--4847,6/12/2020,2:15 PM,HIGHWAY 417 btwn HWY417 IC121A RAMP61 & HWY417 IC120B RAMP36 (__3ZA2YV),__3ZA2YV,01 - Non intersection,03 - P.D. only,04 - Sideswipe,01 - Clear,01 - Daylight,01 - Dry,10 - No control,,2,0,0,0,,0,,,,,367677.0399,5029958.606,45.40674018,-75.69675856,4255
20--4848,6/12/2020,2:15 PM,HIGHWAY 417 btwn HWY417 IC124 RAMP57 & HWY417 IC124 RAMP55 (__3ZA2Y1),__3ZA2Y1,01 - Non intersection,03 - P.D. only,03 - Rear end,01 - Clear,01 - Daylight,01 - Dry,10 - No control,,2,0,0,0,,0,,,,,364454.7714,5027539.285,45.38525365,-75.73821118,4256
20--4849,6/12/2020,3:15 PM,DONNELLY DR btwn BURRITTS AVE & JOE DREW LANE (__3ZA4ZT),__3ZA4ZT,01 - Non intersection,03 - P.D. only,07 - SMV other,01 - Clear,01 - Daylight,01 - Dry,10 - No control,,1,0,0,0,,0,,,,,360190.2353,4982873.294,44.98368802,-75.79762481,4257
20--485,1/12/2020,11:00 AM,FERNBANK RD btwn JINKINSON RD & BLACK'S SIDE RD (__3ZACRF),__3ZACRF,01 - Non intersection,03 - P.D. only,07 - SMV other,03 - Snow,01 - Daylight,06 - Ice,10 - No control,,1,0,0,0,,0,,,,,349433.3563,5010816.937,45.23589939,-75.93152912,4258
20--4850,6/12/2020,3:27 PM,BEECHWOOD AVE @ CHARLEVOIX ST/MACKAY ST (0002248),2248,02 - Intersection related,03 - P.D. only,04 - Sideswipe,01 - Clear,01 - Daylight,01 - Dry,01 - Traffic signal,00 - Unknown,2,0,0,0,,0,,,,,369185.8719,5033592.351,45.4392981,-75.67701058,4259
20--4851,6/12/2020,4:03 PM,HAZELDEAN RD btwn TURN LANE & SPRINGBROOK DR (__3ZBOGB),__3ZBOGB,01 - Non intersection,03 - P.D. only,07 - SMV other,01 - Clear,01 - Daylight,01 - Dry,10 - No control,,1,0,0,0,,0,,,,,349727.0809,5014986.322,45.27339839,-75.92741138,4260
20--4852,6/12/2020,4:30 PM,BRIGADE AVE @ STITTSVILLE MAIN ST (0000078),78,02 - Intersection related,03 - P.D. only,03 - Rear end,01 - Clear,01 - Daylight,01 - Dry,02 - Stop sign,01 - Functioning,2,0,0,0,,0,,,,,350950.5886,5012496.418,45.25091416,-75.91205009,4261
20--4853,6/12/2020,4:30 PM,MARIER AVE btwn LAVAL ST & GENEST ST (__3ZA8YA),__3ZA8YA,04 - At/near private drive,03 - P.D. only,02 - Angle,01 - Clear,01 - Daylight,01 - Dry,10 - No control,,2,0,0,0,,0,,,,,369725.8651,5033841.421,45.44148919,-75.67007618,4262
20--4854,6/12/2020,5:04 AM,9TH LINE RD btwn VICTORIA ST & SPRINGHILL RD (__3ZA6V9),__3ZA6V9,01 - Non intersection,03 - P.D. only,07 - SMV other,02 - Rain,03 - Dawn,02 - Wet,10 - No control,,1,0,0,0,,0,,,,,387872.8471,5010351.984,45.22823031,-75.44208817,4263
20--4855,6/12/2020,5:24 PM,ALBERT ST @ METCALFE ST (0002117),2117,03 - At intersection,02 - Non-fatal injury,02 - Angle,01 - Clear,01 - Daylight,01 - Dry,01 - Traffic signal,01 - Functioning,2,0,0,0,01 - Minimal,1,1,,,,367691.6975,5031613.583,45.42162982,-75.69636014,4264
20--4856,6/12/2020,5:26 PM,RICHMOND RD @ HOLLY ACRES RD/NANAIMO DR (0001068),1068,03 - At intersection,03 - P.D. only,04 - Sideswipe,01 - Clear,01 - Daylight,01 - Dry,01 - Traffic signal,01 - Functioning,2,0,0,0,,0,,,,,359058.6675,5022748.506,45.34258504,-75.80763992,4265
20--4857,6/12/2020,5:45 PM,HIGHWAY 417 btwn HWY417 IC127 RAMP25 & HWY417 IC126 RAMP51 (__3ZA2XA),__3ZA2XA,01 - Non intersection,03 - P.D. only,03 - Rear end,01 - Clear,01 - Daylight,01 - Dry,10 - No control,,2,0,0,0,,0,,,,,363202.6353,5025879.319,45.37042302,-75.75439586,4266
20--4858,6/12/2020,5:55 PM,JOCKVALE RD btwn WEYBRIDGE DR & TARTAN DR (__3ZAAA4),__3ZAAA4,01 - Non intersection,03 - P.D. only,03 - Rear end,01 - Clear,01 - Daylight,01 - Dry,10 - No control,,2,0,0,0,,0,,,,,362998.3261,5014936.134,45.27197366,-75.75828993,4267
20--4859,6/12/2020,6:51 PM,CAMBRIAN RD/GOLFLINKS DR W @ LONGFIELDS DR (0009702),9702,03 - At intersection,02 - Non-fatal injury,02 - Angle,01 - Clear,01 - Daylight,01 - Dry,11 - Roundabout,01 - Functioning,2,1,0,0,02 - Minor,1,,1,,,365382.684,5013223.418,45.25636129,-75.72811402,4268
20--486,1/12/2020,11:06 AM,BANK ST @ RIVERDALE AVE (0007210),7210,02 - Intersection related,03 - P.D. only,07 - SMV other,03 - Snow,01 - Daylight,03 - Loose snow,01 - Traffic signal,01 - Functioning,1,0,0,0,,0,,,,,369077.5294,5028116.974,45.39004257,-75.6791094,4269
20--4860,6/12/2020,7:46 PM,CATHERINE ST @ ELGIN ST (0002638),2638,03 - At intersection,02 - Non-fatal injury,05 - Turning movement,01 - Clear,01 - Daylight,01 - Dry,01 - Traffic signal,01 - Functioning,2,1,0,0,03 - Major,1,,,1,,368552.7017,5030577.57,45.4122302,-75.68549324,4270
20--4861,6/12/2020,8:11 AM,RUSSELL RD @ ST. LAURENT SERVICE RD (0002711),2711,02 - Intersection related,02 - Non-fatal injury,02 - Angle,01 - Clear,01 - Daylight,01 - Dry,02 - Stop sign,01 - Functioning,3,0,0,0,02 - Minor,1,,1,,,373432.7403,5029359.561,45.40080955,-75.62332232,4271
20--4862,6/12/2020,9:14 PM,CUMMINGS AVE @ DONALD ST (0009936),9936,02 - Intersection related,03 - P.D. only,04 - Sideswipe,01 - Clear,05 - Dusk,01 - Dry,01 - Traffic signal,01 - Functioning,3,0,0,0,,0,,,,,372650.724,5032411.579,45.42834643,-75.63289004,4272
20--4863,6/13/2020,1:01 AM,BOWESVILLE RD btwn HIGH RD & EARL ARMSTRONG RD (__3ZA7ZY),__3ZA7ZY,01 - Non intersection,03 - P.D. only,03 - Rear end,01 - Clear,07 - Dark,02 - Wet,10 - No control,,2,0,0,0,,0,,,,,371993.3304,5018801.433,45.30595076,-75.64314135,4273
20--4864,6/13/2020,1:06 PM,HAZELDEAN RD @ HUNTMAR DR/IBER RD (0000075),75,02 - Intersection related,03 - P.D. only,03 - Rear end,01 - Clear,01 - Daylight,01 - Dry,01 - Traffic signal,01 - Functioning,2,0,0,0,,0,,,,,350942.5937,5016079.434,45.28315584,-75.91181906,4274
20--4865,6/13/2020,11:10 AM,HIGHWAY 417 btwn HWY417 IC122 RAMP16 & HWY417 IC122 RAMP61 (__3ZA2RA),__3ZA2RA,01 - Non intersection,03 - P.D. only,03 - Rear end,01 - Clear,01 - Daylight,01 - Dry,10 - No control,,2,0,0,0,,0,,,,,365399.1924,5028940.177,45.39777751,-75.72598002,4275
20--4866,6/13/2020,Unknown,BALSAM ST btwn PRESTON ST & ROCHESTER ST (__3ZAAJN),__3ZAAJN,01 - Non intersection,03 - P.D. only,06 - SMV unattended vehicle,01 - Clear,00 - Unknown,01 - Dry,10 - No control,,1,0,0,0,,0,,,,,366564.3902,5029834.052,45.40571854,-75.71098667,4276
20--4867,6/13/2020,12:01 AM,OLD ALMONTE RD btwn BEAVERTAIL RD & SPRUCE RIDGE RD (__3ZACCM),__3ZACCM,01 - Non intersection,03 - P.D. only,07 - SMV other,01 - Clear,07 - Dark,01 - Dry,10 - No control,,1,0,0,0,,0,,,,,342172.4498,5015391.184,45.27748364,-76.02365982,4277
20--4868,6/13/2020,2:15 PM,HIGHWAY 417 btwn HWY417 IC155 RAMP61 & HWY417 IC145 RAMP56 (__3ZA2Q2),__3ZA2Q2,01 - Non intersection,03 - P.D. only,07 - SMV other,01 - Clear,01 - Daylight,01 - Dry,10 - No control,,1,0,0,0,,0,,,,,344197.6916,5015624.628,45.2794737,-75.99782902,4278
20--4869,6/13/2020,2:30 PM,HIGHWAY 417 btwn HWY417 IC122 RAMP61 & HWY417 IC121B RAMP16 (__3ZA2Y4),__3ZA2Y4,01 - Non intersection,03 - P.D. only,03 - Rear end,01 - Clear,01 - Daylight,01 - Dry,10 - No control,,2,0,0,0,,0,,,,,365701.6123,5029143.849,45.39958386,-75.72209249,4279
20--487,1/12/2020,11:30 AM,BARNSDALE RD btwn GREENBANK RD & PRINCE OF WALES DR (__3ZABML),__3ZABML,04 - At/near private drive,03 - P.D. only,02 - Angle,03 - Snow,01 - Daylight,04 - Slush,10 - No control,,2,0,0,0,,0,,,,,366644.7516,5011531.272,45.24102559,-75.71224599,4280
20--4870,6/13/2020,3:00 PM,PINECREST RD/HWY 417 PINECRE IC129R63 @ TRANSI (0008264),8264,03 - At intersection,03 - P.D. only,02 - Angle,01 - Clear,01 - Daylight,01 - Dry,01 - Traffic signal,01 - Functioning,2,0,0,0,,0,,,,,360388.0798,5023677.849,45.35084317,-75.79057299,4281
20--4871,6/13/2020,3:18 PM,CROYDON AVE @ RICHMOND RD (0002652),2652,02 - Intersection related,03 - P.D. only,03 - Rear end,01 - Clear,01 - Daylight,01 - Dry,01 - Traffic signal,01 - Functioning,2,0,0,0,,0,,,,,360545.6874,5025272.521,45.36517947,-75.78838188,4282
20--4872,6/13/2020,4:22 PM,LOGGERS WAY btwn RABBIT PATH & KINBURN SIDE RD (__3ZBN00),__3ZBN00,01 - Non intersection,02 - Non-fatal injury,07 - SMV other,01 - Clear,01 - Daylight,01 - Dry,10 - No control,,1,0,0,0,02 - Minor,1,,1,,,328409.9411,5028863.016,45.39930767,-76.19842744,4283
20--4873,6/13/2020,4:43 PM,PINECREST RD @ RICHMOND RD (0002353),2353,03 - At intersection,02 - Non-fatal injury,05 - Turning movement,01 - Clear,01 - Daylight,01 - Dry,01 - Traffic signal,01 - Functioning,2,0,0,0,02 - Minor,1,,1,,,360072.6625,5024471.515,45.3580095,-75.79450937,4284
20--4874,6/13/2020,6:20 PM,TERRY FOX DR @ PALLADIUM DR/KATIMAVIK RD (0011858),11858,02 - Intersection related,03 - P.D. only,03 - Rear end,01 - Clear,01 - Daylight,01 - Dry,01 - Traffic signal,01 - Functioning,2,0,0,0,,0,,,,,351269.7165,5018181.77,45.30205171,-75.90745247,4285
20--4875,6/13/2020,6:45 PM,PORTOBELLO BLVD @ CELESTE WAY/NESTING WAY (0009152),9152,03 - At intersection,03 - P.D. only,05 - Turning movement,01 - Clear,01 - Daylight,01 - Dry,02 - Stop sign,01 - Functioning,2,0,0,0,,0,,,,,385533.7591,5037116.569,45.46930909,-75.46750171,4286
20--4876,6/13/2020,7:08 AM,BEAUMARIS DR btwn DRAPER PL & QUALICUM ST (__3ZBOH1),__3ZBOH1,01 - Non intersection,03 - P.D. only,07 - SMV other,01 - Clear,01 - Daylight,01 - Dry,10 - No control,,1,0,0,0,,0,,,,,359876.8802,5022320.478,45.33866988,-75.79724767,4287
20--4877,6/13/2020,7:20 AM,REGIONAL ROAD 174 btwn TRANSIT & OR174 IC105 RAMP51 (__3ZA28H),__3ZA28H,01 - Non intersection,03 - P.D. only,07 - SMV other,01 - Clear,01 - Daylight,01 - Dry,10 - No control,,1,0,0,0,,0,,,,,377040.4078,5035665.615,45.45718453,-75.57632075,4288
20--4878,6/13/2020,8:10 AM,O'CONNOR ST @ SPARKS ST (0005688),5688,02 - Intersection related,02 - Non-fatal injury,03 - Rear end,01 - Clear,01 - Daylight,01 - Dry,01 - Traffic signal,01 - Functioning,2,0,0,0,01 - Minimal,1,1,,,,367456.6981,5031652.564,45.42200165,-75.69935775,4289
20--4879,6/13/2020,8:26 PM,BANK ST @ PARKWAY RD (0005709),5709,03 - At intersection,02 - Non-fatal injury,02 - Angle,01 - Clear,05 - Dusk,01 - Dry,01 - Traffic signal,01 - Functioning,2,0,0,0,02 - Minor,1,,1,,,378746.7588,5014207.441,45.26393755,-75.55771648,4290
20--488,1/12/2020,11:36 AM,FALLOWFIELD RD @ WOODROFFE AVE (0010372),10372,03 - At intersection,03 - P.D. only,05 - Turning movement,03 - Snow,01 - Daylight,04 - Slush,01 - Traffic signal,01 - Functioning,2,0,0,0,,0,,,,,365085.1471,5017903.18,45.29849524,-75.73133627,4291
20--4880,6/13/2020,9:29 PM,GLAMORGAN DR @ ROTHESAY DR (0004042),4042,02 - Intersection related,03 - P.D. only,07 - SMV other,01 - Clear,07 - Dark,01 - Dry,02 - Stop sign,00 - Unknown,1,0,0,0,,0,,,,,353679.6193,5016544.435,45.28715504,-75.87688632,4292