Anom_ID,Accident_Date,Accident_Time,Location,Geo_ID,Accident_Location,Classification_of_Accident,Initial_Impact_Type,Environment_Condition,Light,Road_Surface_Condition,Traffic_Control,Traffic_Control_Condition,No__of_Vehicles,No__of_Bicycles,No__of_Motorcycles,No__of_Pedestrians,Max_Injury,No__of_Injuries,No__of_Minimal,No__of_Minor,No__of_Major,No__of_Fatal,X,Y,Latitude,Longitude,ObjectId
20--4881,6/14/2020,1:00 PM,HIGHWAY 417 btwn HWY417 IC124 RAMP76 & HWY417 IC124 RAMP67 (__3ZA2R7),__3ZA2R7,01 - Non intersection,03 - P.D. only,03 - Rear end,01 - Clear,01 - Daylight,01 - Dry,10 - No control,,2,0,0,0,,0,,,,,364119.5123,5027136.257,45.38165575,-75.74254048,4293
20--4882,6/14/2020,1:53 PM,HIGHWAY 417 btwn HWY417 IC129 RAMP25 & TRANSIT (__3ZA2SH),__3ZA2SH,01 - Non intersection,03 - P.D. only,03 - Rear end,01 - Clear,01 - Daylight,01 - Dry,10 - No control,,2,0,0,0,,0,,,,,361767.4981,5024545.692,45.35854128,-75.77286996,4294
20--4883,6/14/2020,10:39 AM,BROME CRES btwn BEAUCOURT PL & PRINCESS LOUISE DR (2) (__3ZAZ0Z),__3ZAZ0Z,04 - At/near private drive,03 - P.D. only,99 - Other,01 - Clear,01 - Daylight,01 - Dry,10 - No control,,2,0,0,0,,0,,,,,384076.2723,5038546.145,45.48233803,-75.48590775,4295
20--4884,6/14/2020,11:35 AM,ST. JOSEPH BLVD/OLD MONTREAL RD @ TRIM RD (0004118),4118,03 - At intersection,02 - Non-fatal injury,03 - Rear end,01 - Clear,01 - Daylight,01 - Dry,11 - Roundabout,01 - Functioning,2,0,0,0,02 - Minor,1,,1,,,384682.7452,5039285.58,45.48892161,-75.47803076,4296
20--4885,6/14/2020,12:20 AM,MARCH RD btwn BEARHILL RD & ROB LYTLE'S LANE (__3ZA2QA),__3ZA2QA,01 - Non intersection,03 - P.D. only,07 - SMV other,01 - Clear,07 - Dark,01 - Dry,10 - No control,,1,0,0,0,,0,,,,,338199.0263,5018012.696,45.30127335,-76.07412612,4297
20--4886,6/14/2020,2:28 PM,DESCHAMPS AVE @ VANIER PKWY (0009243),9243,03 - At intersection,02 - Non-fatal injury,07 - SMV other,01 - Clear,01 - Daylight,01 - Dry,01 - Traffic signal,01 - Functioning,1,0,0,1,01 - Minimal,1,1,,,,369851.7246,5033267.584,45.43631434,-75.66854337,4298
20--4887,6/14/2020,3:00 PM,GREY FOX DR @ MARCH RD (0010803),10803,02 - Intersection related,03 - P.D. only,03 - Rear end,01 - Clear,01 - Daylight,01 - Dry,02 - Stop sign,00 - Unknown,2,0,0,0,,0,,,,,336349.4747,5016469.492,45.28747227,-76.09780749,4299
20--4888,6/14/2020,3:32 PM,BLACKBURN BYPASS @ INNES RD W (0009340),9340,02 - Intersection related,03 - P.D. only,03 - Rear end,01 - Clear,01 - Daylight,01 - Dry,01 - Traffic signal,01 - Functioning,3,0,0,0,,0,,,,,377187.2009,5032175.69,45.42576926,-75.57495739,4300
20--4889,6/14/2020,4:15 PM,HIGHWAY 417 btwn HWY417 IC124 RAMP76 & HWY417 IC124 RAMP67 (__3ZA2R7),__3ZA2R7,01 - Non intersection,03 - P.D. only,03 - Rear end,01 - Clear,01 - Daylight,01 - Dry,10 - No control,,3,0,0,0,,0,,,,,364288.4326,5027352.228,45.38358469,-75.74035768,4301
20--489,1/12/2020,11:45 PM,GLOUCESTER ST btwn LYON ST N & KENT ST (__3ZA9NX),__3ZA9NX,01 - Non intersection,03 - P.D. only,04 - Sideswipe,03 - Snow,07 - Dark,06 - Ice,10 - No control,,2,0,0,0,,0,,,,,367228.7985,5031022.117,45.41634946,-75.7023495,4302
20--4890,6/14/2020,4:35 PM,UNION ST btwn CRICHTON ST & AVON LANE (__3ZA5BL),__3ZA5BL,04 - At/near private drive,03 - P.D. only,02 - Angle,01 - Clear,01 - Daylight,01 - Dry,10 - No control,,2,1,0,0,,0,,,,,368200.5993,5033892.116,45.44208531,-75.68956458,4303
20--4891,6/14/2020,4:44 PM,HUNT CLUB RD @ DOWNPATRICK RD/MCCARTHY RD (0006931),6931,03 - At intersection,03 - P.D. only,05 - Turning movement,01 - Clear,01 - Daylight,01 - Dry,01 - Traffic signal,01 - Functioning,2,0,0,0,,0,,,,,370507.7199,5023400.511,45.34747264,-75.66147365,4304
20--4892,6/14/2020,5:00 PM,ROWERS WAY btwn QUARTET AVE & QUARTET AVE (e___2J22),e___2J22,01 - Non intersection,03 - P.D. only,06 - SMV unattended vehicle,01 - Clear,01 - Daylight,01 - Dry,10 - No control,,1,0,0,0,,0,,,,,369334.153,5014622.013,45.26859435,-75.67759159,4305
20--4893,6/14/2020,5:49 AM,GOLF CLUB WAY btwn NO NAME & WESTLEIGH BLVD (__7JQ7KA),__7JQ7KA,01 - Non intersection,03 - P.D. only,07 - SMV other,01 - Clear,01 - Daylight,01 - Dry,10 - No control,,1,0,0,0,,0,,,,,341678.8718,5007704.957,45.20834489,-76.03052064,4306
20--4894,6/14/2020,6:15 PM,HWY417 IC134 RAMP51 btwn HIGHWAY 417 & HWY417 IC134 RAMP53 (__3ZAYBU),__3ZAYBU,01 - Non intersection,03 - P.D. only,07 - SMV other,01 - Clear,01 - Daylight,01 - Dry,10 - No control,,1,0,0,0,,0,,,,,356350.4984,5022027.515,45.33630174,-75.8422699,4307
20--4895,6/14/2020,9:02 AM,DONALD ST @ ST. LAURENT BLVD (0008630),8630,03 - At intersection,02 - Non-fatal injury,07 - SMV other,01 - Clear,01 - Daylight,01 - Dry,01 - Traffic signal,01 - Functioning,1,0,0,0,02 - Minor,1,,1,,,372093.7191,5032472.586,45.42894915,-75.63999923,4308
20--4896,6/15/2020,1:05 PM,INNES RD @ ORLEANS BLVD (0003611),3611,02 - Intersection related,03 - P.D. only,03 - Rear end,01 - Clear,01 - Daylight,01 - Dry,01 - Traffic signal,01 - Functioning,2,0,0,0,,0,,,,,380460.7952,5034296.398,45.44450338,-75.53280378,4309
20--4897,6/15/2020,1:39 PM,HIGHWAY 417 btwn HWY417 IC127 RAMP35 & HWY417 IC127 RAMP25 (__3ZA2RE),__3ZA2RE,01 - Non intersection,03 - P.D. only,99 - Other,01 - Clear,01 - Daylight,01 - Dry,10 - No control,,2,0,0,0,,0,,,,,362084.3306,5024792.698,45.360738,-75.76879763,4310
20--4898,6/15/2020,10:15 AM,BASELINE RD @ WOODROFFE AVE (0002225),2225,02 - Intersection related,03 - P.D. only,03 - Rear end,01 - Clear,01 - Daylight,01 - Dry,01 - Traffic signal,01 - Functioning,2,0,0,0,,0,,,,,362549.6909,5023770.497,45.35150214,-75.76297747,4311
20--4899,6/15/2020,10:36 AM,MERIVALE RD @ WEST HUNT CLUB RD (0000584),584,02 - Intersection related,03 - P.D. only,04 - Sideswipe,01 - Clear,01 - Daylight,01 - Dry,01 - Traffic signal,01 - Functioning,2,0,0,0,,0,,,,,365612.6834,5021942.486,45.33479504,-75.72411468,4312
20--49,1/2/2020,6:26 PM,EAGLESON RD btwn FAULKNER TR & FALLOWFIELD RD (__3ZA410),__3ZA410,01 - Non intersection,03 - P.D. only,99 - Other,01 - Clear,07 - Dark,01 - Dry,10 - No control,,2,0,0,0,,0,,,,,355767.4737,5013088.922,45.25591328,-75.85062688,4313
20--490,1/12/2020,Unknown,DRUMMOND ST btwn HAZEL ST & END (__3ZA966),__3ZA966,01 - Non intersection,03 - P.D. only,06 - SMV unattended vehicle,03 - Snow,00 - Unknown,05 - Packed snow,10 - No control,,1,0,0,0,,0,,,,,368985.1754,5030199.327,45.40878737,-75.68001776,4314
20--4900,6/15/2020,11:00 AM,AIRPORT PKWY @ HUNT CLUB RD (0010856),10856,02 - Intersection related,03 - P.D. only,03 - Rear end,01 - Clear,01 - Daylight,01 - Dry,01 - Traffic signal,01 - Functioning,2,0,0,0,,0,,,,,371018.5312,5023702.998,45.35014629,-75.65491516,4315
20--4901,6/15/2020,11:30 AM,ST. LAURENT BLVD btwn COVENTRY RD & LEMIEUX ST (__3ZA2C9),__3ZA2C9,04 - At/near private drive,03 - P.D. only,03 - Rear end,01 - Clear,01 - Daylight,01 - Dry,10 - No control,,2,0,0,0,,0,,,,,372376.6242,5031779.467,45.42268552,-75.63647927,4316
20--4902,6/15/2020,11:47 AM,CUMBERLAND ST @ RIDEAU ST (0007759),7759,02 - Intersection related,03 - P.D. only,03 - Rear end,01 - Clear,01 - Daylight,01 - Dry,01 - Traffic signal,01 - Functioning,2,0,0,0,,0,,,,,368374.5174,5032329.985,45.42801404,-75.68754338,4317
20--4903,6/15/2020,12:02 PM,BASELINE RD @ FISHER AVE (0002346),2346,02 - Intersection related,03 - P.D. only,04 - Sideswipe,01 - Clear,01 - Daylight,01 - Dry,01 - Traffic signal,01 - Functioning,2,0,0,0,,0,,,,,366166.6892,5026028.534,45.37151235,-75.71653985,4318
20--4904,6/15/2020,12:37 PM,BANK ST btwn BANK ST EXTENSION NB & JOHNSTON RD (__3ZA37U),__3ZA37U,01 - Non intersection,03 - P.D. only,03 - Rear end,01 - Clear,01 - Daylight,01 - Dry,10 - No control,,2,0,0,0,,0,,,,,370755.0575,5025038.865,45.36219083,-75.65809903,4319
20--4905,6/15/2020,12:37 PM,ST. LAURENT BLVD @ WALKLEY RD (0007653),7653,03 - At intersection,02 - Non-fatal injury,05 - Turning movement,01 - Clear,01 - Daylight,01 - Dry,01 - Traffic signal,01 - Functioning,2,0,0,0,02 - Minor,1,,1,,,373902.7546,5028046.869,45.38895233,-75.61750319,4320
20--4906,6/15/2020,2:00 PM,MEADOWLANDS DR @ MERIVALE RD (0000625),625,02 - Intersection related,03 - P.D. only,03 - Rear end,01 - Clear,01 - Daylight,01 - Dry,01 - Traffic signal,01 - Functioning,2,0,0,0,,0,,,,,364858.6884,5023725.518,45.35090348,-75.73351727,4321
20--4907,6/15/2020,2:38 PM,OTTAWA RIVER PKWY btwn TRANSITWAY - TIME POINT & VIMY PLACE PRIV (__5VHJ2QA),__5VHJ2QA,01 - Non intersection,03 - P.D. only,04 - Sideswipe,01 - Clear,01 - Daylight,01 - Dry,10 - No control,,2,0,0,0,,0,,,,,365601.4485,5030446.95,45.41131755,-75.7232111,4322
20--4908,6/15/2020,3:00 AM,HIGHWAY 417 btwn HWY417 IC144 RAMP35 & HWY417 IC144 RAMP25 (__3ZA2QT),__3ZA2QT,01 - Non intersection,03 - P.D. only,07 - SMV other,01 - Clear,07 - Dark,01 - Dry,10 - No control,,1,0,0,0,,0,,,,,347843.869,5016213.861,45.28456205,-75.95130504,4323
20--4909,6/15/2020,3:00 PM,ISLAND VIEW DR btwn MANOTICK MAIN ST & MANOTICK MAIN ST (__3ZA984),__3ZA984,01 - Non intersection,03 - P.D. only,07 - SMV other,01 - Clear,01 - Daylight,01 - Dry,10 - No control,,1,0,0,0,,0,,,,,369855.4867,5009060.336,45.21850292,-75.67167612,4324
20--491,1/12/2020,Unknown,UPWOOD ST btwn ALLANFORD AVE & ALLANFORD AVE (__3ZAZUX),__3ZAZUX,01 - Non intersection,03 - P.D. only,06 - SMV unattended vehicle,01 - Clear,00 - Unknown,03 - Loose snow,10 - No control,,1,0,0,0,,0,,,,,373431.2244,5025951.515,45.37014559,-75.62381555,4325
20--4910,6/15/2020,3:06 PM,WOODROFFE AVE @ CLARIDGE DR/STONEWAY DR N (0009791),9791,02 - Intersection related,02 - Non-fatal injury,07 - SMV other,01 - Clear,01 - Daylight,01 - Dry,01 - Traffic signal,01 - Functioning,1,0,1,0,01 - Minimal,1,1,,,,365576.7032,5016707.434,45.28769364,-75.72521579,4326
20--4647,6/1/2020,7:51 PM,MAITLAND AVE/GLENMOUNT AVE @ ERINDALE DR (0002724),2724,03 - At intersection,03 - P.D. only,05 - Turning movement,01 - Clear,01 - Daylight,01 - Dry,01 - Traffic signal,01 - Functioning,2,0,0,0,,0,,,,,363697.6939,5025211.5,45.36437265,-75.7481558,4327
20--5278,7/2/2020,4:02 PM,HUNT CLUB RD @ RIVERSIDE DR (0002237),2237,02 - Intersection related,03 - P.D. only,03 - Rear end,01 - Clear,01 - Daylight,01 - Dry,01 - Traffic signal,01 - Functioning,2,0,0,0,,0,,,,,368036.7021,5021945.495,45.33460785,-75.69319021,4328
20--5188,6/27/2020,3:30 PM,MER BLEUE RD @ 210 S OF INNES RD (0012453),12453,03 - At intersection,03 - P.D. only,02 - Angle,01 - Clear,01 - Daylight,01 - Dry,01 - Traffic signal,01 - Functioning,2,0,0,0,,0,,,,,382729.7135,5035375.8,45.45396566,-75.50363283,4329
20--4648,6/1/2020,9:10 PM,SNAKE ISLAND RD btwn KEARNS WAY & 5TH LINE RD (__3ZA2CU),__3ZA2CU,01 - Non intersection,03 - P.D. only,07 - SMV other,01 - Clear,05 - Dusk,01 - Dry,10 - No control,,1,0,0,0,,0,,,,,378328.2913,5006740.134,45.19679315,-75.56415153,4330
20--5189,6/27/2020,4:45 PM,PRINCE OF WALES DR @ STRANDHERD DR (0013339),13339,02 - Intersection related,03 - P.D. only,03 - Rear end,02 - Rain,01 - Daylight,02 - Wet,01 - Traffic signal,01 - Functioning,2,0,0,0,,0,,,,,367175.2879,5014824.194,45.27060835,-75.70507557,4331
20--5279,7/2/2020,4:28 PM,ALBION RD btwn LEITRIM RD & QUINN RD (__3ZA3SC),__3ZA3SC,01 - Non intersection,03 - P.D. only,02 - Angle,01 - Clear,01 - Daylight,01 - Dry,10 - No control,,2,0,0,0,,0,,,,,373512.5267,5020385.869,45.32006003,-75.62355087,4332
20--519,1/13/2020,10:30 PM,DUNROBIN RD btwn HARWOOD LANE & KERWIN RD (__3ZA3FH),__3ZA3FH,01 - Non intersection,03 - P.D. only,07 - SMV other,03 - Snow,07 - Dark,04 - Slush,10 - No control,,1,0,0,0,,0,,,,,346095.4585,5027365.285,45.38501097,-75.97266116,4333
20--4649,6/1/2020,9:30 PM,GALETTA SIDE RD btwn HOMESTEADERS RD & CARP RD (__3ZA4RU),__3ZA4RU,01 - Non intersection,03 - P.D. only,07 - SMV other,01 - Clear,07 - Dark,01 - Dry,10 - No control,,1,0,0,0,,0,,,,,327245.5254,5034545.598,45.45048035,-76.21304152,4334
20--528,1/13/2020,4:15 PM,HIGHWAY 417 btwn REGIONAL ROAD 174 & HWY417 IC113 RAMP85 (__3ZA289),__3ZA289,01 - Non intersection,02 - Non-fatal injury,03 - Rear end,04 - Freezing Rain,05 - Dusk,02 - Wet,10 - No control,,2,0,0,0,01 - Minimal,1,1,,,,373456.1088,5031771.709,45.42251061,-75.62268788,4335
20--5190,6/27/2020,7:05 PM,GOLDEN AVE @ RICHMOND RD (0006932),6932,02 - Intersection related,02 - Non-fatal injury,05 - Turning movement,01 - Clear,01 - Daylight,01 - Dry,01 - Traffic signal,01 - Functioning,2,1,0,0,02 - Minor,1,,1,,,362862.6837,5028026.548,45.38977176,-75.75848301,4336
20--465,1/11/2020,7:14 PM,AIRPORT PKWY/WALKLEY RD NB OFF RAMP @ WALKLEY RD (0011348),11348,02 - Intersection related,03 - P.D. only,04 - Sideswipe,02 - Rain,07 - Dark,02 - Wet,01 - Traffic signal,01 - Functioning,2,0,0,0,,0,,,,,370077.7093,5025791.531,45.36902649,-75.66664486,4337
20--5280,7/2/2020,4:40 PM,FORTUNE DR @ ST. JOVITE RDG N (0004379),4379,03 - At intersection,02 - Non-fatal injury,02 - Angle,01 - Clear,01 - Daylight,01 - Dry,02 - Stop sign,01 - Functioning,2,0,0,0,02 - Minor,1,,1,,,380076.746,5037696.6,45.47513723,-75.53719192,4338
20--5191,6/27/2020,8:00 PM,HAWTHORNE RD @ HUNT CLUB RD (0007651),7651,02 - Intersection related,03 - P.D. only,03 - Rear end,01 - Clear,01 - Daylight,01 - Dry,01 - Traffic signal,00 - Unknown,2,0,0,0,,0,,,,,375507.7584,5026406.533,45.3740332,-75.59724348,4339
20--5192,6/27/2020,9:17 PM,SONNET CRES btwn SEYTON DR & SEYTON DR (__3ZABEZ),__3ZABEZ,01 - Non intersection,03 - P.D. only,07 - SMV other,01 - Clear,07 - Dark,01 - Dry,10 - No control,,1,0,0,0,,0,,,,,357329.9225,5019413.01,45.31270353,-75.83005169,4340
20--5193,6/28/2020,Unknown,SUMMERVILLE AVE btwn HOLLINGTON ST & CHEVRIER ST (__3ZA0NT),__3ZA0NT,01 - Non intersection,03 - P.D. only,06 - SMV unattended vehicle,01 - Clear,00 - Unknown,01 - Dry,10 - No control,,1,0,0,0,,0,,,,,365536.034,5026858.423,45.37903448,-75.72448853,4341
20--5364,7/6/2020,10:15 AM,ORCHARD AVE @ COURTICE AVE (0008093),8093,03 - At intersection,03 - P.D. only,02 - Angle,01 - Clear,01 - Daylight,01 - Dry,02 - Stop sign,01 - Functioning,2,0,0,0,,0,,,,,370943.7159,5027566.524,45.38491606,-75.65535261,4342
20--5194,6/28/2020,12:31 PM,INNES RD @ BEARBROOK RD/GLEN PARK DR E (0003630),3630,03 - At intersection,03 - P.D. only,02 - Angle,02 - Rain,01 - Daylight,02 - Wet,01 - Traffic signal,01 - Functioning,2,0,0,0,,0,,,,,377994.7275,5032842.573,45.4316854,-75.56454019,4343
20--5195,6/28/2020,12:45 PM,HIGHWAY 417 btwn HWY417 IC127 RAMP16 & HWY417 IC127 RAMP63 (__3ZA2UP),__3ZA2UP,01 - Non intersection,03 - P.D. only,03 - Rear end,01 - Clear,01 - Daylight,01 - Dry,10 - No control,,2,0,0,0,,0,,,,,361989.4781,5024750.976,45.36037034,-75.7700131,4344
20--4734,6/6/2020,11:07 AM,BEAVERBROOK RD btwn BEAVERBROOK LANE & LEACOCK DR E (__3ZABAD),__3ZABAD,01 - Non intersection,03 - P.D. only,99 - Other,01 - Clear,01 - Daylight,01 - Dry,10 - No control,,2,0,0,0,,0,,,,,351755.1647,5021105.785,45.3283304,-75.90098559,4345
20--5196,6/28/2020,3:21 PM,AIRPORT PKWY btwn AIRPORT PARKWAY PRIV & RAMP (__3ZA23H),__3ZA23H,01 - Non intersection,02 - Non-fatal injury,07 - SMV other,02 - Rain,01 - Daylight,02 - Wet,10 - No control,,1,1,0,0,02 - Minor,1,,1,,,370974.248,5021192.123,45.32755834,-75.65581604,4346
20--5197,6/28/2020,3:23 PM,CARLING AVE @ IROQUOIS RD (0003145),3145,03 - At intersection,02 - Non-fatal injury,02 - Angle,01 - Clear,01 - Daylight,01 - Dry,01 - Traffic signal,01 - Functioning,2,1,0,0,02 - Minor,1,,1,,,362213.692,5026025.531,45.37182034,-75.76700328,4347
20--5198,6/28/2020,3:42 PM,CLOVER ST @ HERON RD (0006837),6837,02 - Intersection related,02 - Non-fatal injury,03 - Rear end,02 - Rain,01 - Daylight,02 - Wet,01 - Traffic signal,01 - Functioning,2,0,0,0,02 - Minor,1,,1,,,369292.7029,5026764.545,45.37785406,-75.67653839,4348
20--5199,6/28/2020,6:33 PM,HIGHWAY 417 btwn HWY417 IC124 RAMP55 & HWY417 IC124 RAMP65 (__3ZAZPV),__3ZAZPV,01 - Non intersection,03 - P.D. only,04 - Sideswipe,01 - Clear,01 - Daylight,01 - Dry,10 - No control,,2,0,0,0,,0,,,,,364602.863,5027738.867,45.38703683,-75.73629605,4349
20--52,1/2/2020,7:20 AM,CENTERRA CRT btwn END & KILBIRNIE DR (__77AX1B),__77AX1B,04 - At/near private drive,03 - P.D. only,06 - SMV unattended vehicle,01 - Clear,03 - Dawn,05 - Packed snow,10 - No control,,1,0,0,0,,0,,,,,365289.891,5011825.474,45.24379055,-75.7294663,4350
20--520,1/13/2020,10:45 AM,ISLAND PARK DR btwn SCOTT ST & MAILES AVE (__3ZA237),__3ZA237,01 - Non intersection,03 - P.D. only,99 - Other,03 - Snow,01 - Daylight,04 - Slush,10 - No control,,2,0,0,0,,0,,,,,363867.2765,5029012.145,45.39855598,-75.7455365,4351
20--5200,6/28/2020,8:54 PM,RIVERGATE WAY @ RIVERSIDE DR (0007177),7177,03 - At intersection,03 - P.D. only,05 - Turning movement,01 - Clear,05 - Dusk,08 - Loose sand or gravel,01 - Traffic signal,01 - Functioning,2,0,0,0,,0,,,,,368116.7091,5023242.52,45.34627099,-75.69200355,4352
20--5201,6/28/2020,8:57 AM,HIGHWAY 417 btwn HWY417 IC134 RAMP25 & HWY417 IC131 RAMP53 (__3ZA2LE),__3ZA2LE,01 - Non intersection,02 - Non-fatal injury,07 - SMV other,01 - Clear,01 - Daylight,01 - Dry,10 - No control,,1,0,0,0,01 - Minimal,1,1,,,,357445.0173,5022639.931,45.34173103,-75.82824079,4353
20--5202,6/29/2020,1:16 PM,RIVERSIDE DR RAMP 42A @ RIVERSIDE DR RAMP 42B (0002522),2522,02 - Intersection related,03 - P.D. only,03 - Rear end,01 - Clear,01 - Daylight,01 - Dry,03 - Yield sign,01 - Functioning,2,0,0,0,,0,,,,,368480.7125,5027090.544,45.38086158,-75.68686302,4354
20--5203,6/29/2020,10:30 AM,EAGLESON RD @ HWY 417 EAGLESO IC138R51/PARK AN (0009698),9698,02 - Intersection related,03 - P.D. only,02 - Angle,01 - Clear,01 - Daylight,01 - Dry,01 - Traffic signal,01 - Functioning,2,0,0,0,,0,,,,,353037.1854,5020013.788,45.31841746,-75.88473796,4355
20--5204,6/29/2020,11:25 AM,BRIDGE ST @ WEST RIVER DR/ARTHUR CRES S (0008226),8226,02 - Intersection related,03 - P.D. only,03 - Rear end,01 - Clear,01 - Daylight,01 - Dry,02 - Stop sign,01 - Functioning,2,0,0,0,,0,,,,,368974.7095,5010210.387,45.22893181,-75.68274127,4356
20--5205,6/29/2020,12:05 PM,MORRISON DR btwn DRAPER AVE & GREENBANK RD (__3ZABJH),__3ZABJH,04 - At/near private drive,03 - P.D. only,02 - Angle,01 - Clear,01 - Daylight,01 - Dry,10 - No control,,2,0,0,0,,0,,,,,360475.2192,5023129.847,45.34590535,-75.78952267,4357
20--5206,6/29/2020,12:07 PM,CAMPEAU DR/HWY 417 MARCH IC138R63 @ MARCH RD (0009710),9710,02 - Intersection related,03 - P.D. only,03 - Rear end,01 - Clear,01 - Daylight,01 - Dry,01 - Traffic signal,01 - Functioning,3,0,0,0,,0,,,,,352841.609,5020476.477,45.32259424,-75.88718749,4358
20--5207,6/29/2020,12:33 PM,HALIFAX DR @ WALKLEY RD (0008803),8803,02 - Intersection related,03 - P.D. only,03 - Rear end,01 - Clear,01 - Daylight,01 - Dry,01 - Traffic signal,01 - Functioning,2,0,0,0,,0,,,,,373643.7436,5027899.527,45.38765212,-75.62083113,4359
20--5208,6/29/2020,12:37 AM,BARNSDALE RD S @ MOODIE DR (0010279),10279,02 - Intersection related,03 - P.D. only,07 - SMV other,"07 - Fog, mist, smoke, dust",07 - Dark,01 - Dry,02 - Stop sign,01 - Functioning,1,0,0,0,,0,,,,,361949.6519,5008824.378,45.21706541,-75.77235613,4360
20--5209,6/29/2020,2:15 PM,CRICHTON ST btwn QUEEN VICTORIA ST & KEEFER ST (__3ZA8YN),__3ZA8YN,01 - Non intersection,03 - P.D. only,01 - Approaching,01 - Clear,01 - Daylight,01 - Dry,10 - No control,,2,0,0,0,,0,,,,,368433.5785,5033741.969,45.44071318,-75.68660617,4361
20--521,1/13/2020,11:49 AM,BIRCHFIELD AVE btwn Continuation of BIRCHFIELD AVE & Continuation of B (__3ZA54G),__3ZA54G,01 - Non intersection,03 - P.D. only,06 - SMV unattended vehicle,01 - Clear,01 - Daylight,05 - Packed snow,10 - No control,,1,0,0,0,,0,,,,,355770.2664,5015708.416,45.27948387,-75.85032247,4362
20--5210,6/29/2020,2:18 PM,CAMBRIAN RD/GOLFLINKS DR W @ LONGFIELDS DR (0009702),9702,02 - Intersection related,03 - P.D. only,03 - Rear end,01 - Clear,01 - Daylight,01 - Dry,11 - Roundabout,01 - Functioning,2,0,0,0,,0,,,,,365382.6909,5013223.422,45.25636133,-75.72811393,4363
20--5211,6/29/2020,2:22 PM,GLADSTONE AVE @ METCALFE ST (0002709),2709,02 - Intersection related,03 - P.D. only,04 - Sideswipe,01 - Clear,01 - Daylight,01 - Dry,01 - Traffic signal,01 - Functioning,2,0,0,0,,0,,,,,368230.711,5030750.572,45.41381608,-75.68958432,4364
20--5212,6/29/2020,3:18 PM,DUFORD ST btwn BOUDREAU ST & LAVERGNE ST (__308WNI),__308WNI,01 - Non intersection,03 - P.D. only,01 - Approaching,01 - Clear,01 - Daylight,01 - Dry,10 - No control,,2,0,0,0,,0,,,,,370680.6891,5033911.237,45.44202804,-75.65786298,4365
20--5213,6/29/2020,3:56 PM,BANK ST @ RIDEAU RD (0009263),9263,02 - Intersection related,03 - P.D. only,03 - Rear end,02 - Rain,01 - Daylight,02 - Wet,01 - Traffic signal,01 - Functioning,2,0,0,0,,0,,,,,376954.7526,5017844.476,45.29684832,-75.58001979,4366
20--5214,6/29/2020,4:30 PM,FALLOWFIELD RD @ GREENBANK RD (0000549),549,02 - Intersection related,03 - P.D. only,03 - Rear end,01 - Clear,01 - Daylight,02 - Wet,01 - Traffic signal,01 - Functioning,2,0,0,0,,0,,,,,363080.6761,5016732.461,45.28813024,-75.75702958,4367
20--5215,6/29/2020,5:12 PM,ST. JOSEPH BLVD @ FOREST VALLEY DR/YOUVILLE DR (0004440),4440,02 - Intersection related,03 - P.D. only,03 - Rear end,01 - Clear,01 - Daylight,01 - Dry,01 - Traffic signal,01 - Functioning,2,0,0,0,,0,,,,,379164.7376,5036156.581,45.46137902,-75.54908813,4368
20--5216,6/29/2020,5:54 PM,MERIVALE RD @ THAMES ST (0006168),6168,02 - Intersection related,03 - P.D. only,03 - Rear end,01 - Clear,01 - Daylight,01 - Dry,02 - Stop sign,01 - Functioning,3,0,0,0,,0,,,,,364913.9616,5027526.47,45.38509909,-75.73234943,4369
20--5217,6/29/2020,6:28 PM,CARLING AVE @ SCRIVENS ST (0002720),2720,02 - Intersection related,03 - P.D. only,03 - Rear end,02 - Rain,01 - Daylight,02 - Wet,01 - Traffic signal,01 - Functioning,2,0,0,0,,0,,,,,359423.6753,5024258.511,45.35614375,-75.80281585,4370
20--5218,6/29/2020,6:30 PM,"OLD MONTREAL RD btwn Continuation of OLD MONTREAL RD & GRAND-CH-NE, CO (__3ZA2L8)",__3ZA2L8,01 - Non intersection,03 - P.D. only,07 - SMV other,01 - Clear,01 - Daylight,01 - Dry,10 - No control,,1,0,0,0,,0,,,,,385219.106,5039708.169,45.49266205,-75.47110078,4371
20--5219,6/29/2020,6:49 AM,CARLING AVE @ MELROSE AVE (0006992),6992,02 - Intersection related,03 - P.D. only,03 - Rear end,01 - Clear,01 - Daylight,01 - Dry,02 - Stop sign,01 - Functioning,4,0,0,0,,0,,,,,365970.7124,5028391.544,45.39279134,-75.71874883,4372
20--522,1/13/2020,Unknown,IRENE CRES btwn CHURCHILL AVE N & TO BE DETERMINED (__3ZA06P),__3ZA06P,01 - Non intersection,03 - P.D. only,06 - SMV unattended vehicle,03 - Snow,00 - Unknown,05 - Packed snow,10 - No control,,1,0,0,0,,0,,,,,363737.923,5027314.457,45.38329137,-75.74739135,4373
20--5220,6/29/2020,8:31 AM,WOODKILTON RD btwn KILMAURS SIDE RD & KINBURN SIDE RD (__3ZACCE),__3ZACCE,04 - At/near private drive,03 - P.D. only,05 - Turning movement,01 - Clear,01 - Daylight,01 - Dry,10 - No control,,2,0,0,0,,0,,,,,336101.4943,5035920.391,45.46251059,-76.09973581,4374