Anom_ID,Accident_Date,Accident_Time,Location,Geo_ID,Accident_Location,Classification_of_Accident,Initial_Impact_Type,Environment_Condition,Light,Road_Surface_Condition,Traffic_Control,Traffic_Control_Condition,No__of_Vehicles,No__of_Bicycles,No__of_Motorcycles,No__of_Pedestrians,Max_Injury,No__of_Injuries,No__of_Minimal,No__of_Minor,No__of_Major,No__of_Fatal,X,Y,Latitude,Longitude,ObjectId
20--5221,6/29/2020,8:33 AM,BLOHM DR @ HUNT CLUB RD (0011392),11392,02 - Intersection related,03 - P.D. only,03 - Rear end,01 - Clear,01 - Daylight,01 - Dry,01 - Traffic signal,01 - Functioning,2,0,0,0,,0,,,,,375129.7577,5026189.527,45.37211872,-75.60209989,4375
20--5222,6/29/2020,8:53 AM,BEECHWOOD AVE @ CHARLEVOIX ST/MACKAY ST (0002248),2248,03 - At intersection,03 - P.D. only,04 - Sideswipe,01 - Clear,01 - Daylight,01 - Dry,01 - Traffic signal,01 - Functioning,2,0,0,0,,0,,,,,369185.8716,5033592.347,45.43929806,-75.67701058,4376
20--5223,6/29/2020,9:27 AM,CAMBRIAN RD/GOLFLINKS DR W @ LONGFIELDS DR (0009702),9702,03 - At intersection,03 - P.D. only,04 - Sideswipe,01 - Clear,01 - Daylight,01 - Dry,11 - Roundabout,01 - Functioning,3,0,0,0,,0,,,,,365382.6799,5013223.417,45.25636128,-75.72811407,4377
20--5224,6/30/2020,1:00 PM,INNES RD @ 260 E OF BELCOURT BLVD/WALMART SC (0012533),12533,02 - Intersection related,03 - P.D. only,03 - Rear end,01 - Clear,01 - Daylight,01 - Dry,01 - Traffic signal,01 - Functioning,2,0,0,0,,0,,,,,382347.1976,5035398.968,45.45421666,-75.50851908,4378
20--5225,6/30/2020,1:19 PM,RIVERSIDE DR @ TREMBLAY RD/HWY417 IC117 RAMP52 (0010790),10790,02 - Intersection related,03 - P.D. only,03 - Rear end,01 - Clear,01 - Daylight,01 - Dry,01 - Traffic signal,01 - Functioning,2,0,0,0,,0,,,,,370802.0771,5031015.908,45.41596566,-75.65669952,4379
20--5226,6/30/2020,1:43 PM,MONTREAL RD btwn GATESTONE PRIV & SINCLAIR ST (__3ZA2D9),__3ZA2D9,04 - At/near private drive,02 - Non-fatal injury,02 - Angle,01 - Clear,01 - Daylight,01 - Dry,10 - No control,,2,0,0,0,02 - Minor,1,,1,,,375939.5001,5034738.352,45.44895456,-75.59052948,4380
20--5227,6/30/2020,11:00 AM,CAMPEAU DR @ HAWKSTONE GT (0008754),8754,03 - At intersection,02 - Non-fatal injury,07 - SMV other,01 - Clear,01 - Daylight,01 - Dry,01 - Traffic signal,01 - Functioning,1,0,0,1,01 - Minimal,1,1,,,,352308.9079,5020329.159,45.32130489,-75.89399631,4381
20--5228,6/30/2020,11:00 PM,HIGHWAY 416 btwn HWY416 IC42 RAMP43 & END (__3ZAZJE),__3ZAZJE,01 - Non intersection,03 - P.D. only,07 - SMV other,01 - Clear,07 - Dark,01 - Dry,10 - No control,,1,0,0,0,,0,,,,,372453.1945,4994062.658,45.08330959,-75.64063479,4382
20--5229,6/30/2020,11:20 PM,HIGHWAY 416 btwn HWY416 IC75A RAMP26 & HWY416 IC72 RAMP62 (__3ZAZLF),__3ZAZLF,01 - Non intersection,03 - P.D. only,07 - SMV other,01 - Clear,07 - Dark,01 - Dry,10 - No control,,1,0,0,0,,0,,,,,359243.9922,5020205.485,45.31968848,-75.80555499,4383
20--523,1/13/2020,12:30 PM,DONALD ST @ QUILL ST (0007960),7960,02 - Intersection related,03 - P.D. only,03 - Rear end,03 - Snow,01 - Daylight,03 - Loose snow,01 - Traffic signal,00 - Unknown,2,0,0,0,,0,,,,,370699.7185,5032313.588,45.42765129,-75.65783361,4384
20--5230,6/30/2020,11:47 AM,MONTREAL RD @ VANIER PKWY (0004630),4630,03 - At intersection,02 - Non-fatal injury,05 - Turning movement,01 - Clear,01 - Daylight,01 - Dry,01 - Traffic signal,01 - Functioning,2,0,0,0,02 - Minor,1,,1,,,370072.7192,5033065.591,45.4344763,-75.66574582,4385
20--5231,6/30/2020,11:51 AM,MONTREAL RD @ OLMSTEAD ST (0009345),9345,02 - Intersection related,03 - P.D. only,05 - Turning movement,01 - Clear,01 - Daylight,01 - Dry,01 - Traffic signal,01 - Functioning,2,0,0,0,,0,,,,,370332.7152,5033213.588,45.4357836,-75.66240345,4386
20--5232,6/30/2020,11:56 PM,SHAWINIGAN ST @ WATTERS RD (0004820),4820,03 - At intersection,03 - P.D. only,07 - SMV other,01 - Clear,07 - Dark,01 - Dry,02 - Stop sign,01 - Functioning,1,0,0,1,,0,,,,,384814.7653,5038355.576,45.48053923,-75.47649359,4387
20--5233,6/30/2020,Unknown,BRADFORD ST btwn ROWATT ST & JAMIESON ST (__3ZAAER),__3ZAAER,01 - Non intersection,03 - P.D. only,06 - SMV unattended vehicle,01 - Clear,00 - Unknown,01 - Dry,10 - No control,,1,0,0,0,,0,,,,,359597.4077,5025788.116,45.36989355,-75.80042898,4388
20--5234,6/30/2020,12:40 PM,STRANDHERD DR btwn CRESTHAVEN DR & CRESTWAY DR (__44ZGJV),__44ZGJV,01 - Non intersection,03 - P.D. only,07 - SMV other,01 - Clear,01 - Daylight,01 - Dry,10 - No control,,1,0,1,0,,0,,,,,366693.504,5015247.717,45.27446175,-75.71116215,4389
20--5235,6/30/2020,12:45 PM,CYRVILLE RD btwn STAR TOP RD & MEADOWBROOK RD (__3ZA3SN),__3ZA3SN,04 - At/near private drive,03 - P.D. only,02 - Angle,01 - Clear,01 - Daylight,01 - Dry,10 - No control,,2,0,0,0,,0,,,,,373875.2796,5031503.384,45.42005509,-75.61736983,4390
20--5236,6/30/2020,2:56 PM,WEST HUNT CLUB RD @ ROYDON PL/SUNDERLAND ST (0009775),9775,02 - Intersection related,03 - P.D. only,04 - Sideswipe,01 - Clear,01 - Daylight,01 - Dry,01 - Traffic signal,01 - Functioning,2,0,0,0,,0,,,,,365973.7028,5022169.475,45.33680607,-75.71948095,4391
20--5237,6/30/2020,3:50 PM,RIVERSIDE DR @ HERON RD (0002236),2236,02 - Intersection related,03 - P.D. only,03 - Rear end,01 - Clear,01 - Daylight,01 - Dry,01 - Traffic signal,01 - Functioning,2,0,0,0,,0,,,,,368121.1,5026647.232,45.37690537,-75.69151129,4392
20--5238,6/30/2020,3:55 PM,HUNT CLUB RD btwn LINDBERGH PRIV & NORTH BOWESVILLE RD (__3ZA35F),__3ZA35F,01 - Non intersection,03 - P.D. only,03 - Rear end,01 - Clear,01 - Daylight,01 - Dry,10 - No control,,4,0,0,0,,0,,,,,368654.5224,5022306.61,45.33780113,-75.68526191,4393
20--5239,6/30/2020,4:00 PM,CARLING AVE @ FAIRLAWN AVE/WOODROFFE AVE E (0002393),2393,02 - Intersection related,03 - P.D. only,03 - Rear end,01 - Clear,01 - Daylight,01 - Dry,01 - Traffic signal,01 - Functioning,3,0,0,0,,0,,,,,361934.6841,5025830.528,45.37008852,-75.77058762,4394
20--524,1/13/2020,2:00 PM,RIVERSIDE DR SB btwn BANK ST & BILLINGS BRIDGE NB RAMP (__3ZA1VA),__3ZA1VA,01 - Non intersection,03 - P.D. only,03 - Rear end,01 - Clear,01 - Daylight,01 - Dry,10 - No control,,2,0,0,0,,0,,,,,369247.1648,5028011.521,45.38907815,-75.67695698,4395
20--5240,6/30/2020,5:14 PM,HAWTHORNE RD @ HUNT CLUB RD (0007651),7651,02 - Intersection related,03 - P.D. only,02 - Angle,01 - Clear,01 - Daylight,01 - Dry,01 - Traffic signal,01 - Functioning,2,0,0,0,,0,,,,,375507.7464,5026406.525,45.37403313,-75.59724364,4396
20--5241,6/30/2020,5:42 PM,MERIVALE RD @ WOODFIELD DR/ROYDON PL (0009776),9776,02 - Intersection related,02 - Non-fatal injury,03 - Rear end,01 - Clear,01 - Daylight,01 - Dry,01 - Traffic signal,01 - Functioning,2,0,0,0,01 - Minimal,1,1,,,,365462.7142,5022298.503,45.33801142,-75.72598426,4397
20--5242,6/30/2020,6:00 PM,CEDARVIEW RD @ KENNEVALE DR (0010465),10465,03 - At intersection,03 - P.D. only,02 - Angle,01 - Clear,01 - Daylight,01 - Dry,02 - Stop sign,01 - Functioning,2,0,0,0,,0,,,,,361873.6765,5014315.411,45.26648053,-75.77269323,4398
20--5243,6/30/2020,7:27 PM,BANK ST @ FINDLAY CREEK SC/310 S OF FINDLAY CREEK DR (0013532),13532,02 - Intersection related,03 - P.D. only,07 - SMV other,01 - Clear,01 - Daylight,01 - Dry,01 - Traffic signal,01 - Functioning,1,0,0,0,,0,,,,,375967.5345,5020175.263,45.31792052,-75.59227064,4399
20--5244,6/30/2020,7:50 AM,LEES AVE / GRAHAM AVE @ MAIN ST (0002252),2252,03 - At intersection,03 - P.D. only,03 - Rear end,01 - Clear,01 - Daylight,01 - Dry,01 - Traffic signal,01 - Functioning,2,0,0,0,,0,,,,,369001.7003,5030560.564,45.41203614,-75.67975962,4400
20--5245,6/30/2020,8:30 PM,FRANKTOWN RD @ MUNSTER RD (0005278),5278,03 - At intersection,02 - Non-fatal injury,07 - SMV other,01 - Clear,05 - Dusk,01 - Dry,02 - Stop sign,01 - Functioning,1,0,0,0,03 - Major,3,,2,1,,350728.5436,5000781.327,45.14551111,-75.91595821,4401
20--5246,6/30/2020,9:40 AM,STRANDHERD DR @ 215 W OF GREENBANK RD/BARRHAVE (0005413),5413,03 - At intersection,03 - P.D. only,02 - Angle,01 - Clear,01 - Daylight,01 - Dry,01 - Traffic signal,01 - Functioning,2,0,0,0,,0,,,,,363743.8582,5014679.356,45.26960107,-75.74881978,4402
20--5247,6/30/2020,9:59 PM,FRANK ST btwn MACDONALD ST & ROBERT ST (__3ZA9N2),__3ZA9N2,01 - Non intersection,03 - P.D. only,06 - SMV unattended vehicle,01 - Clear,07 - Dark,01 - Dry,10 - No control,,1,0,0,0,,0,,,,,368699.4976,5031094.723,45.41686998,-75.68355091,4403
20--5248,7/1/2020,1:08 PM,DUMAURIER AVE @ RAMSEY CRES N (0003317),3317,03 - At intersection,03 - P.D. only,04 - Sideswipe,01 - Clear,01 - Daylight,01 - Dry,02 - Stop sign,01 - Functioning,2,0,0,0,,0,,,,,360219.7806,5023566.518,45.34985474,-75.79273317,4404
20--5249,7/1/2020,10:00 PM,BERRIGAN DR @ COLINDALE AVE/OAKWELL DR (0004564),4564,02 - Intersection related,03 - P.D. only,02 - Angle,01 - Clear,07 - Dark,01 - Dry,02 - Stop sign,01 - Functioning,2,0,0,0,,0,,,,,364155.1054,5015568.786,45.27756958,-75.74347297,4405
20--525,1/13/2020,3:08 PM,CYRVILLE RD btwn STAR TOP RD & MEADOWBROOK RD (__3ZA3SN),__3ZA3SN,01 - Non intersection,03 - P.D. only,07 - SMV other,04 - Freezing Rain,01 - Daylight,03 - Loose snow,10 - No control,,1,0,0,0,,0,,,,,373872.0871,5031504.452,45.42006502,-75.61741047,4406
20--5250,7/1/2020,10:20 PM,HIGHWAY 417 btwn HWY417 IC122 RAMP15 & HWY417 IC121B RAMP51 (__3ZA2RB),__3ZA2RB,01 - Non intersection,03 - P.D. only,04 - Sideswipe,01 - Clear,07 - Dark,01 - Dry,10 - No control,,2,0,0,0,,0,,,,,365665.6242,5029096.184,45.39915811,-75.72255801,4407
20--5251,7/1/2020,10:28 AM,REGIONAL ROAD 174 btwn OR174 IC112 RAMP36 & OR174 IC112 RAMP26 (__3ZAZFK),__3ZAZFK,01 - Non intersection,03 - P.D. only,99 - Other,01 - Clear,01 - Daylight,01 - Dry,10 - No control,,2,0,0,0,,0,,,,,374753.3098,5032810.619,45.43172964,-75.60596624,4408
20--5252,7/1/2020,11:00 PM,GERANIUM WALK btwn BANDELIER WAY & BANDELIER WAY (e___2JK3),e___2JK3,01 - Non intersection,03 - P.D. only,06 - SMV unattended vehicle,01 - Clear,07 - Dark,01 - Dry,10 - No control,,1,0,0,0,,0,,,,,349137.953,5014901.168,45.27266954,-75.93492696,4409
20--5253,7/1/2020,11:00 PM,CONSTANCE BAY RD btwn TO BE DETERMINED & WILLAND LANE (__3ZA4GW),__3ZA4GW,01 - Non intersection,03 - P.D. only,07 - SMV other,01 - Clear,07 - Dark,01 - Dry,10 - No control,,1,0,0,0,,0,,,,,336935.3912,5037438.081,45.47612928,-76.08897348,4410
20--5254,7/1/2020,11:20 PM,HIGHWAY 416 btwn HWY416 IC57 RAMP24 & HWY416 IC49 RAMP42 (__3ZAZGI),__3ZAZGI,01 - Non intersection,03 - P.D. only,07 - SMV other,01 - Clear,07 - Dark,01 - Dry,10 - No control,,1,0,0,0,,0,,,,,365485.2822,5006804.302,45.19859295,-75.72758963,4411
20--5255,7/1/2020,Unknown,CLAYMOR AVE btwn GREENBRIAR AVE & NORMANDY CRES (__3ZAAOI),__3ZAAOI,01 - Non intersection,03 - P.D. only,06 - SMV unattended vehicle,01 - Clear,00 - Unknown,01 - Dry,10 - No control,,1,0,0,0,,0,,,,,367066.1001,5025147.244,45.36350337,-75.70516937,4412
20--5256,7/1/2020,Unknown,EQUESTRIAN DR btwn SPUR AVE & SILVER HORSE CRES (__3ZA17M),__3ZA17M,01 - Non intersection,03 - P.D. only,06 - SMV unattended vehicle,01 - Clear,00 - Unknown,01 - Dry,10 - No control,,1,0,0,0,,0,,,,,355168.5197,5016019.665,45.28232793,-75.85796038,4413
20--5257,7/1/2020,3:15 PM,CLARENCE ST @ SUSSEX DR (0011909),11909,03 - At intersection,02 - Non-fatal injury,02 - Angle,01 - Clear,01 - Daylight,01 - Dry,02 - Stop sign,01 - Functioning,2,1,0,0,01 - Minimal,1,1,,,,367751.5539,5032322.012,45.42799865,-75.69550482,4414
20--5258,7/1/2020,5:08 PM,BATHGATE DR btwn LAFAYETTE PRIV & QUIGG PRIV (__3ZA7XO),__3ZA7XO,01 - Non intersection,03 - P.D. only,99 - Other,01 - Clear,01 - Daylight,01 - Dry,10 - No control,,2,0,0,0,,0,,,,,373331.997,5034106.812,45.44353284,-75.62394862,4415
20--5259,7/1/2020,5:19 PM,CAMBRIAN RD/GOLFLINKS DR W @ LONGFIELDS DR (0009702),9702,03 - At intersection,02 - Non-fatal injury,02 - Angle,01 - Clear,01 - Daylight,01 - Dry,11 - Roundabout,01 - Functioning,2,1,0,0,01 - Minimal,1,1,,,,365382.6851,5013223.408,45.2563612,-75.72811401,4416
20--526,1/13/2020,3:58 PM,RICHMOND RD @ WOODROFFE AVE (0011466),11466,02 - Intersection related,03 - P.D. only,03 - Rear end,01 - Clear,01 - Daylight,04 - Slush,01 - Traffic signal,01 - Functioning,4,0,0,0,,0,,,,,361584.6832,5026654.52,45.37753118,-75.77496083,4417
20--5260,7/1/2020,8:25 PM,BASELINE RD @ WOODROFFE AVE (0002225),2225,02 - Intersection related,03 - P.D. only,03 - Rear end,01 - Clear,05 - Dusk,01 - Dry,01 - Traffic signal,01 - Functioning,2,0,0,0,,0,,,,,362549.6878,5023770.508,45.35150224,-75.76297751,4418
20--5261,7/1/2020,8:30 AM,OTTAWA ROAD 29 btwn BIG HORN WAY & UPPER DWYER HILL RD (__5SO6A3),__5SO6A3,01 - Non intersection,03 - P.D. only,07 - SMV other,01 - Clear,01 - Daylight,01 - Dry,10 - No control,,1,0,0,0,,0,,,,,317860.4381,5030500.049,45.41431487,-76.33313331,4419
20--5262,7/1/2020,8:40 AM,MAITLAND AVE @ WOODWARD DR (0003185),3185,02 - Intersection related,03 - P.D. only,03 - Rear end,01 - Clear,01 - Daylight,01 - Dry,01 - Traffic signal,01 - Functioning,2,0,0,0,,0,,,,,363273.6961,5025662.533,45.36846648,-75.7535144,4420
20--5263,7/1/2020,9:20 AM,MERIVALE RD/LOTTA AVE @ CLYDE AVE (0001112),1112,03 - At intersection,03 - P.D. only,02 - Angle,01 - Clear,01 - Daylight,01 - Dry,01 - Traffic signal,01 - Functioning,2,0,0,0,,0,,,,,364521.689,5024507.522,45.35796863,-75.73772329,4421
20--5264,7/2/2020,1:15 PM,ST. JOSEPH BLVD btwn PRESTONE DR & TENTH LINE RD (__3ZA11U),__3ZA11U,01 - Non intersection,03 - P.D. only,04 - Sideswipe,01 - Clear,01 - Daylight,01 - Dry,10 - No control,,2,0,0,0,,0,,,,,382813.8208,5038641.131,45.48333485,-75.50203929,4422
20--5265,7/2/2020,1:40 PM,JOCKVALE RD btwn BREN-MAUR RD & RIVERSTONE DR (__33D305),__33D305,01 - Non intersection,03 - P.D. only,03 - Rear end,01 - Clear,01 - Daylight,01 - Dry,10 - No control,,2,0,0,0,,0,,,,,365145.3602,5013573.744,45.25953392,-75.73109495,4423
20--5266,7/2/2020,1:54 PM,LYON ST @ WELLINGTON ST (0002388),2388,02 - Intersection related,02 - Non-fatal injury,05 - Turning movement,01 - Clear,01 - Daylight,01 - Dry,01 - Traffic signal,01 - Functioning,2,1,0,0,03 - Major,1,,,1,,366935.2559,5031426.163,45.42001107,-75.70604877,4424
20--5267,7/2/2020,10:02 PM,PRESTON ST @ SOMERSET ST (0002215),2215,03 - At intersection,03 - P.D. only,05 - Turning movement,01 - Clear,07 - Dark,01 - Dry,01 - Traffic signal,01 - Functioning,2,0,0,0,,0,,,,,366307.7003,5030127.576,45.4083822,-75.71422884,4425
20--5268,7/2/2020,10:48 PM,HWY 416 WESTHUNT IC72R34 @ WEST HUNT CLUB RD (0005218),5218,02 - Intersection related,03 - P.D. only,03 - Rear end,01 - Clear,07 - Dark,01 - Dry,01 - Traffic signal,01 - Functioning,2,0,0,0,,0,,,,,359370.9122,5019361.436,45.31208382,-75.8040292,4426
20--5269,7/2/2020,10:50 PM,HIGHWAY 7 btwn ASHTON STATION RD & OVERPASS RD (__3ZA2QE),__3ZA2QE,01 - Non intersection,03 - P.D. only,07 - SMV other,01 - Clear,07 - Dark,01 - Dry,10 - No control,,1,0,0,0,,0,,,,,340331.0341,5004066.692,45.17567469,-76.04793775,4427
20--527,1/13/2020,4:15 PM,FERNBANK RD @ STITTSVILLE MAIN ST (0000084),84,02 - Intersection related,03 - P.D. only,03 - Rear end,01 - Clear,05 - Dusk,02 - Wet,01 - Traffic signal,01 - Functioning,2,0,0,0,,0,,,,,350934.5928,5012161.411,45.2479007,-75.91228495,4428
20--5270,7/2/2020,11:00 PM,THOMAS A. DOLAN PKWY btwn CARP RD & STONECREST RD (__3ZA1XZ),__3ZA1XZ,01 - Non intersection,03 - P.D. only,07 - SMV other,01 - Clear,07 - Dark,01 - Dry,10 - No control,,1,0,0,0,,0,,,,,338317.4687,5027657.887,45.38805928,-76.07196232,4429
20--5271,7/2/2020,11:30 PM,CARLING AVE @ MOODIE DR/JAMES CUMMINGS AVE W (0000158),158,02 - Intersection related,03 - P.D. only,03 - Rear end,01 - Clear,07 - Dark,02 - Wet,01 - Traffic signal,01 - Functioning,2,0,0,0,,0,,,,,356001.6573,5023937.526,45.35351374,-75.84652275,4430
20--5095,6/23/2020,3:49 PM,POULIN AVE @ RICHMOND RD (0002748),2748,03 - At intersection,02 - Non-fatal injury,07 - SMV other,01 - Clear,01 - Daylight,01 - Dry,01 - Traffic signal,01 - Functioning,1,0,0,1,02 - Minor,1,,1,,,360325.6879,5024900.508,45.36184957,-75.79123185,4431
20--4650,6/1/2020,9:40 AM,HIGHWAY 417 btwn HWY417 IC122 RAMP15 & HWY417 IC121B RAMP51 (__3ZA2RB),__3ZA2RB,01 - Non intersection,03 - P.D. only,04 - Sideswipe,01 - Clear,01 - Daylight,01 - Dry,10 - No control,,2,0,0,0,,0,,,,,366359.364,5029443.784,45.40222508,-75.71365426,4432
20--4651,6/2/2020,1:41 PM,LEIKIN DR btwn BECKSTEAD RD & BILL LEATHEM DR (__3ZA105),__3ZA105,01 - Non intersection,03 - P.D. only,99 - Other,02 - Rain,01 - Daylight,02 - Wet,10 - No control,,2,0,0,0,,0,,,,,366954.8091,5017456.717,45.29431509,-75.70755542,4433
20--4652,6/2/2020,10:26 PM,ANDERSON RD btwn LEITRIM RD & EIGHTH LINE RD (__3ZA2B8),__3ZA2B8,01 - Non intersection,02 - Non-fatal injury,03 - Rear end,01 - Clear,07 - Dark,01 - Dry,10 - No control,,2,0,0,0,02 - Minor,2,,2,,,380943.1072,5023722.569,45.3493151,-75.52827123,4434
20--4653,6/2/2020,10:30 AM,BANK ST @ HUNT CLUB RD (0002119),2119,02 - Intersection related,03 - P.D. only,04 - Sideswipe,01 - Clear,01 - Daylight,01 - Dry,01 - Traffic signal,01 - Functioning,2,0,0,0,,0,,,,,371608.7302,5024096.494,45.35363086,-75.64733067,4435
20--4654,6/2/2020,2:30 PM,SALAMANDER WAY btwn CEDAR CREEK DR & KELLY FARM DR (e___2J69),e___2J69,01 - Non intersection,03 - P.D. only,06 - SMV unattended vehicle,01 - Clear,01 - Daylight,01 - Dry,10 - No control,,1,0,0,0,,0,,,,,376012.465,5019493.427,45.31178108,-75.59179564,4436
20--4655,6/2/2020,4:00 PM,BESSERER ST btwn CUMBERLAND ST & KING EDWARD AVE (__3ZA8Z6),__3ZA8Z6,01 - Non intersection,03 - P.D. only,06 - SMV unattended vehicle,01 - Clear,01 - Daylight,01 - Dry,10 - No control,,1,0,0,0,,0,,,,,368514.8263,5032318.864,45.42790121,-75.68575191,4437
20--4656,6/2/2020,4:01 PM,HAZELDEAN RD @ SPRINGBROOK DR (0005279),5279,02 - Intersection related,03 - P.D. only,03 - Rear end,01 - Clear,01 - Daylight,01 - Dry,01 - Traffic signal,01 - Functioning,2,0,0,0,,0,,,,,349870.5819,5015110.441,45.27450608,-75.92557131,4438
20--4657,6/2/2020,6:15 AM,BOOTH ST @ 148 N OF MIDDLE ST/E.B.EDDY S (0012189),12189,02 - Intersection related,03 - P.D. only,03 - Rear end,01 - Clear,01 - Daylight,01 - Dry,01 - Traffic signal,01 - Functioning,2,0,0,0,,0,,,,,366035.5372,5031416.427,45.4200028,-75.71754531,4439
20--4658,6/2/2020,7:20 PM,HIGHWAY 417 btwn HWY417 IC118 RAMP57 & HWY417 IC118 RAMP35 (__3ZA2YQ),__3ZA2YQ,01 - Non intersection,03 - P.D. only,07 - SMV other,01 - Clear,01 - Daylight,01 - Dry,10 - No control,,1,0,0,0,,0,,,,,369432.2766,5031021.682,45.41614548,-75.67419868,4440
20--4659,6/2/2020,7:22 AM,GREENBANK RD @ IRIS ST/HWY 417 IC129 RAMP51 (0009073),9073,02 - Intersection related,03 - P.D. only,03 - Rear end,02 - Rain,01 - Daylight,02 - Wet,01 - Traffic signal,01 - Functioning,3,0,0,0,,0,,,,,360531.3022,5023312.498,45.34754439,-75.78878647,4441
20--5281,7/2/2020,4:40 PM,EAGLESON RD btwn MICHAEL COWPLAND DR/STONEHAVEN DR & 240 N OF CADENCE  (__3ZA41IA),__3ZA41IA,01 - Non intersection,03 - P.D. only,04 - Sideswipe,01 - Clear,01 - Daylight,01 - Dry,10 - No control,,2,0,0,0,,0,,,,,354436.8453,5016488.839,45.28660171,-75.86723941,4442
20--466,1/11/2020,7:25 PM,MAPLE GROVE RD @ TERRY FOX DR (0003177),3177,02 - Intersection related,03 - P.D. only,03 - Rear end,02 - Rain,07 - Dark,02 - Wet,01 - Traffic signal,01 - Functioning,2,0,0,0,,0,,,,,351553.6061,5017864.473,45.29917775,-75.90386264,4443
20--5282,7/2/2020,4:43 PM,DONALD ST @ FRANCES ST (0011534),11534,02 - Intersection related,02 - Non-fatal injury,07 - SMV other,01 - Clear,01 - Daylight,02 - Wet,02 - Stop sign,01 - Functioning,1,0,0,1,01 - Minimal,1,1,,,,371488.7191,5032403.57,45.42838613,-75.6477395,4444
20--4660,6/3/2020,1:52 PM,CARLING AVE EB btwn SAIGON CRT & HWY417 IC124 RAMP57 (__3ZA3AN),__3ZA3AN,01 - Non intersection,03 - P.D. only,04 - Sideswipe,01 - Clear,01 - Daylight,01 - Dry,10 - No control,,2,0,0,0,,0,,,,,364179.3245,5027119.781,45.38150243,-75.74177878,4445
20--5283,7/2/2020,5:03 PM,BANK ST @ WALKLEY RD (0011423),11423,02 - Intersection related,03 - P.D. only,04 - Sideswipe,02 - Rain,01 - Daylight,02 - Wet,01 - Traffic signal,01 - Functioning,2,0,0,0,,0,,,,,370337.8538,5025947.733,45.37040767,-75.66330341,4446
20--4661,6/3/2020,11:36 PM,VESTA ST btwn TIBER GT & HENNEPIN ST (__3ZA1Y8),__3ZA1Y8,01 - Non intersection,03 - P.D. only,06 - SMV unattended vehicle,01 - Clear,07 - Dark,01 - Dry,10 - No control,,1,0,0,0,,0,,,,,362223.5478,5014108.968,45.26459446,-75.76825894,4447
20--5284,7/2/2020,5:17 PM,SNAKE ISLAND RD @ STAGECOACH RD (0001642),1642,03 - At intersection,03 - P.D. only,02 - Angle,01 - Clear,01 - Daylight,02 - Wet,02 - Stop sign,01 - Functioning,2,0,0,0,,0,,,,,378062.7597,5006581.386,45.19539242,-75.56755403,4448
20--5285,7/2/2020,5:40 PM,HWY417 IC118 RAMP76 btwn HIGHWAY 417 & HWY417 IC118 RAMP43 (__3ZAY9N),__3ZAY9N,01 - Non intersection,03 - P.D. only,07 - SMV other,02 - Rain,01 - Daylight,02 - Wet,10 - No control,,1,0,0,0,,0,,,,,369374.5539,5031031.64,45.41624041,-75.67493482,4449
20--5286,7/2/2020,7:25 PM,AGINCOURT RD @ MAITLAND AVE (0003375),3375,03 - At intersection,02 - Non-fatal injury,07 - SMV other,01 - Clear,01 - Daylight,01 - Dry,02 - Stop sign,00 - Unknown,1,0,1,0,02 - Minor,1,,1,,,363446.6858,5025450.528,45.36654444,-75.75133133,4450
20--5287,7/2/2020,8:03 AM,BESSERER ST @ DALHOUSIE ST (0011452),11452,02 - Intersection related,03 - P.D. only,03 - Rear end,01 - Clear,01 - Daylight,01 - Dry,01 - Traffic signal,01 - Functioning,2,0,0,0,,0,,,,,368252.6984,5032157.573,45.4264738,-75.68912223,4451
20--5288,7/2/2020,9:15 AM,DRESDEN CRES btwn PARKHAVEN AVE & SADLER CRES (2) (__3ZABXH),__3ZABXH,04 - At/near private drive,03 - P.D. only,06 - SMV unattended vehicle,01 - Clear,01 - Daylight,01 - Dry,10 - No control,,1,0,0,0,,0,,,,,361621.0925,5024992.926,45.36257734,-75.77468711,4452
20--5289,7/2/2020,9:15 PM,HUNT CLUB RD @ BRIDLE PATH DR/DAZE ST (0008214),8214,02 - Intersection related,03 - P.D. only,03 - Rear end,01 - Clear,05 - Dusk,01 - Dry,01 - Traffic signal,01 - Functioning,2,0,0,0,,0,,,,,371291.7356,5023864.493,45.35157352,-75.65140718,4453
20--529,1/13/2020,4:45 AM,LEITRIM RD btwn 810 W OF HAWTHORNE & BANK ST (__3ZA3SPA),__3ZA3SPA,01 - Non intersection,03 - P.D. only,07 - SMV other,03 - Snow,07 - Dark,04 - Slush,10 - No control,,1,0,0,0,,0,,,,,376274.8572,5022135.294,45.33552481,-75.58806834,4454
20--5290,7/2/2020,9:45 PM,CEDARWOOD DR @ WALKLEY RD (0002235),2235,02 - Intersection related,02 - Non-fatal injury,03 - Rear end,01 - Clear,07 - Dark,01 - Dry,01 - Traffic signal,01 - Functioning,2,0,0,0,01 - Minimal,1,1,,,,371194.731,5026455.522,45.37489592,-75.65229693,4455
20--5291,7/3/2020,1:00 PM,MOODIE DR @ HWY 417 MOODIE IC134R63 (0000649),649,02 - Intersection related,03 - P.D. only,05 - Turning movement,01 - Clear,01 - Daylight,01 - Dry,01 - Traffic signal,01 - Functioning,2,0,0,0,,0,,,,,356389.6462,5022479.5,45.34036587,-75.84172333,4456