Anom_ID,Accident_Date,Accident_Time,Location,Geo_ID,Accident_Location,Classification_of_Accident,Initial_Impact_Type,Environment_Condition,Light,Road_Surface_Condition,Traffic_Control,Traffic_Control_Condition,No__of_Vehicles,No__of_Bicycles,No__of_Motorcycles,No__of_Pedestrians,Max_Injury,No__of_Injuries,No__of_Minimal,No__of_Minor,No__of_Major,No__of_Fatal,X,Y,Latitude,Longitude,ObjectId
20--5292,7/3/2020,1:25 PM,RIVERSIDE DR @ HERON RD (0002236),2236,02 - Intersection related,03 - P.D. only,03 - Rear end,01 - Clear,01 - Daylight,01 - Dry,01 - Traffic signal,01 - Functioning,2,0,0,0,,0,,,,,368121.1018,5026647.229,45.37690534,-75.69151127,4457
20--5293,7/3/2020,1:30 PM,CARLING AVE @ IRVING PL/MAPLE DR (0006872),6872,03 - At intersection,03 - P.D. only,05 - Turning movement,01 - Clear,01 - Daylight,01 - Dry,01 - Traffic signal,01 - Functioning,2,0,0,0,,0,,,,,366186.7032,5028527.559,45.39399627,-75.71597361,4458
20--5294,7/3/2020,1:31 PM,GLADSTONE AVE @ ROCHESTER ST (0006496),6496,02 - Intersection related,02 - Non-fatal injury,03 - Rear end,01 - Clear,01 - Daylight,01 - Dry,01 - Traffic signal,01 - Functioning,3,0,0,0,02 - Minor,2,1,1,,,366662.7014,5029787.56,45.40529154,-75.70973674,4459
20--5295,7/3/2020,1:39 PM,RIVERSIDE DR @ HERON RD (0002236),2236,03 - At intersection,03 - P.D. only,02 - Angle,01 - Clear,01 - Daylight,01 - Dry,01 - Traffic signal,01 - Functioning,2,0,0,0,,0,,,,,368121.1165,5026647.215,45.37690522,-75.69151108,4460
20--5296,7/3/2020,10:18 AM,CAMPEAU DR @ CONACHER GT (0011761),11761,03 - At intersection,02 - Non-fatal injury,05 - Turning movement,01 - Clear,01 - Daylight,01 - Dry,02 - Stop sign,01 - Functioning,3,0,0,0,02 - Minor,1,,1,,,351581.2554,5019753.183,45.31617099,-75.90333183,4461
20--5297,7/3/2020,11:07 AM,PLEASANT PARK RD btwn RODNEY CRES & NO NAME (__5DB6SQ),__5DB6SQ,01 - Non intersection,03 - P.D. only,06 - SMV unattended vehicle,01 - Clear,01 - Daylight,01 - Dry,10 - No control,,1,0,0,0,,0,,,,,370083.2534,5028435.554,45.39281602,-75.66622447,4462
20--5298,7/3/2020,11:31 AM,LONGFIELDS DR @ WOODROFFE AVE (0000096),96,02 - Intersection related,02 - Non-fatal injury,03 - Rear end,01 - Clear,01 - Daylight,01 - Dry,01 - Traffic signal,01 - Functioning,2,0,0,0,02 - Minor,1,,1,,,365421.1651,5017106.947,45.29130187,-75.7271496,4463
20--5299,7/3/2020,11:45 AM,RIVERSIDE DR RAMP 34 @ RIVERSIDE DR (0010857),10857,02 - Intersection related,02 - Non-fatal injury,03 - Rear end,01 - Clear,01 - Daylight,01 - Dry,03 - Yield sign,01 - Functioning,2,0,0,0,02 - Minor,1,,1,,,368340.095,5027182.883,45.38170518,-75.6886465,4464
20--53,1/2/2020,7:52 AM,KINGSTON AVE btwn MERIVALE RD & PRINCE ST (__3ZA0D1),__3ZA0D1,04 - At/near private drive,03 - P.D. only,06 - SMV unattended vehicle,03 - Snow,03 - Dawn,05 - Packed snow,10 - No control,,1,0,0,0,,0,,,,,364944.7719,5026295.9,45.374024,-75.73210592,4465
20--530,1/13/2020,4:50 AM,HIGHWAY 417 btwn Continuation of HIGHWAY 417 & HWY417 IC134 RAMP51 (__3ZA29B),__3ZA29B,01 - Non intersection,03 - P.D. only,07 - SMV other,01 - Clear,07 - Dark,01 - Dry,10 - No control,,1,0,0,0,,0,,,,,355629.0434,5021778.746,45.33411592,-75.85149986,4466
20--5300,7/3/2020,12:03 PM,NAVAN RD @ TENTH LINE RD (0004718),4718,03 - At intersection,02 - Non-fatal injury,02 - Angle,01 - Clear,01 - Daylight,01 - Dry,01 - Traffic signal,02 - Not functioning,2,0,0,0,01 - Minimal,1,1,,,,385757.7718,5031832.527,45.42174237,-75.46550669,4467
20--5301,7/3/2020,12:12 PM,HUNTMAR DR btwn OLD CARP RD & BRADLEY SIDE RD (__3ZACWD),__3ZACWD,01 - Non intersection,02 - Non-fatal injury,03 - Rear end,01 - Clear,01 - Daylight,01 - Dry,10 - No control,,2,0,0,0,02 - Minor,2,1,1,,,346600.9607,5020820.309,45.3260875,-75.96675964,4468
20--5302,7/3/2020,12:28 PM,CARLING AVE @ FAIRMONT AVE (0006303),6303,03 - At intersection,03 - P.D. only,03 - Rear end,01 - Clear,01 - Daylight,01 - Dry,02 - Stop sign,00 - Unknown,3,0,0,0,,0,,,,,366115.6934,5028486.562,45.39363361,-75.71688555,4469
20--5303,7/3/2020,2:18 PM,CARLING AVE @ SHERWOOD DR (0006380),6380,02 - Intersection related,03 - P.D. only,99 - Other,01 - Clear,01 - Daylight,01 - Dry,01 - Traffic signal,01 - Functioning,2,0,0,0,,0,,,,,366485.6998,5028717.558,45.39567956,-75.71213145,4470
20--5304,7/3/2020,2:52 PM,ALBERT ST @ PRESTON ST (0002217),2217,03 - At intersection,02 - Non-fatal injury,05 - Turning movement,01 - Clear,01 - Daylight,01 - Dry,01 - Traffic signal,01 - Functioning,2,0,0,0,02 - Minor,3,,3,,,366160.6997,5030464.569,45.41142727,-75.71606467,4471
20--5305,7/3/2020,2:53 PM,BEARBROOK RD/ROCKCLIFFE PKWY @ ST. JOSEPH BLVD (0012382),12382,03 - At intersection,02 - Non-fatal injury,05 - Turning movement,01 - Clear,01 - Daylight,01 - Dry,01 - Traffic signal,01 - Functioning,2,0,0,0,02 - Minor,3,,3,,,377128.7233,5035239.59,45.45334231,-75.57525434,4472
20--5306,7/3/2020,3:00 PM,MONTREAL RD @ VANIER PKWY (0004630),4630,03 - At intersection,03 - P.D. only,05 - Turning movement,01 - Clear,01 - Daylight,01 - Dry,01 - Traffic signal,01 - Functioning,2,0,0,0,,0,,,,,370072.714,5033065.59,45.43447629,-75.66574588,4473
20--5307,7/3/2020,3:35 PM,GLADSTONE AVE btwn BAYSWATER AVE & BREEZEHILL AVE N (__3ZA3Z9),__3ZA3Z9,01 - Non intersection,03 - P.D. only,03 - Rear end,01 - Clear,01 - Daylight,01 - Dry,10 - No control,,2,0,0,0,,0,,,,,366074.0489,5029512.551,45.40286886,-75.71728993,4474
20--5308,7/3/2020,5:08 PM,FALLOWFIELD RD btwn CEDARVIEW RD & LARKIN DR (__3ZA1XU),__3ZA1XU,01 - Non intersection,03 - P.D. only,03 - Rear end,01 - Clear,01 - Daylight,01 - Dry,10 - No control,,3,0,0,0,,0,,,,,361656.7987,5015877.696,45.28055565,-75.77527783,4475
20--5309,7/3/2020,5:11 PM,CARSONBY RD    W btwn THIRD LINE RD N & PRINCE OF WALES DR (__3ZABMW),__3ZABMW,01 - Non intersection,02 - Non-fatal injury,07 - SMV other,01 - Clear,01 - Daylight,01 - Dry,10 - No control,,1,0,0,0,02 - Minor,2,,2,,,365425.3192,5003562.918,45.16943175,-75.72874672,4476
20--531,1/13/2020,5:08 PM,BOOTH ST @ RAYMOND ST (0006498),6498,03 - At intersection,03 - P.D. only,04 - Sideswipe,01 - Clear,05 - Dusk,02 - Wet,01 - Traffic signal,01 - Functioning,2,0,0,0,,0,,,,,366860.6988,5029641.554,45.40396029,-75.70722605,4477
20--5310,7/3/2020,6:03 AM,MERIVALE RD btwn PINEGLEN CRES & GERVIN ST (__3ZA3IE),__3ZA3IE,01 - Non intersection,02 - Non-fatal injury,07 - SMV other,01 - Clear,01 - Daylight,01 - Dry,10 - No control,,1,0,0,0,02 - Minor,1,,1,,,366288.6889,5020302.113,45.31997628,-75.71569433,4478
20--5311,7/3/2020,6:07 PM,MARCH RD btwn CARLING AVE/STATION RD & 280 S OF CARLING AVE/STATION RD (__3ZA42DA),__3ZA42DA,01 - Non intersection,03 - P.D. only,04 - Sideswipe,01 - Clear,01 - Daylight,01 - Dry,10 - No control,,2,0,0,0,,0,,,,,350988.6111,5022156.897,45.33783941,-75.91066602,4479
20--5312,7/3/2020,6:36 PM,FRANKTOWN RD btwn CONLEY RD & JOY'S RD (__3ZA42P),__3ZA42P,01 - Non intersection,03 - P.D. only,07 - SMV other,01 - Clear,01 - Daylight,01 - Dry,10 - No control,,1,0,0,0,,0,,,,,353921.5618,5003631.987,45.17094775,-75.87507679,4480
20--5313,7/3/2020,6:56 PM,PAUL ANKA DR @ UPLANDS DR (0007476),7476,03 - At intersection,03 - P.D. only,02 - Angle,01 - Clear,01 - Daylight,01 - Dry,02 - Stop sign,01 - Functioning,2,0,0,0,,0,,,,,369456.7894,5023575.779,45.34914732,-75.67486073,4481
20--5314,7/3/2020,7:06 PM,STANLEY AVE @ UNION ST (0008269),8269,03 - At intersection,02 - Non-fatal injury,02 - Angle,01 - Clear,01 - Daylight,01 - Dry,02 - Stop sign,01 - Functioning,2,1,0,0,01 - Minimal,1,1,,,,368132.7106,5033743.616,45.44075532,-75.69045141,4482
20--5315,7/3/2020,7:30 AM,BOOTH ST @ RAYMOND ST (0006498),6498,03 - At intersection,03 - P.D. only,07 - SMV other,01 - Clear,01 - Daylight,01 - Dry,01 - Traffic signal,01 - Functioning,1,0,0,0,,0,,,,,366860.7115,5029641.56,45.40396034,-75.70722588,4483
20--5316,7/3/2020,7:38 AM,CATHERINE ST @ METCALFE ST (0011239),11239,03 - At intersection,03 - P.D. only,02 - Angle,01 - Clear,01 - Daylight,01 - Dry,01 - Traffic signal,01 - Functioning,2,0,0,0,,0,,,,,368393.697,5030486.559,45.41142578,-75.68753622,4484
20--5317,7/3/2020,7:47 PM,CARLING AVE @ CROYDON AVE (0002642),2642,02 - Intersection related,03 - P.D. only,05 - Turning movement,01 - Clear,01 - Daylight,01 - Dry,01 - Traffic signal,01 - Functioning,2,0,0,0,,0,,,,,360658.6773,5025042.514,45.36310088,-75.78696562,4485
20--5318,7/3/2020,7:49 PM,KENT ST btwn QUEEN ST & ALBERT ST (__3ZA1XM),__3ZA1XM,01 - Non intersection,03 - P.D. only,04 - Sideswipe,01 - Clear,01 - Daylight,01 - Dry,10 - No control,,2,0,0,0,,0,,,,,367203.0397,5031349.411,45.41929665,-75.70263713,4486
20--5319,7/3/2020,7:50 PM,CONROY RD @ HUNT CLUB RD (0002257),2257,02 - Intersection related,03 - P.D. only,03 - Rear end,01 - Clear,01 - Daylight,01 - Dry,01 - Traffic signal,01 - Functioning,2,0,0,0,,0,,,,,373763.7346,5025404.518,45.3651913,-75.6196474,4487
20--532,1/13/2020,5:45 PM,HIGHWAY 416 btwn HWY416 IC66 RAMP34 & HWY416 IC72 RAMP53 (__3ZAZM6),__3ZAZM6,01 - Non intersection,03 - P.D. only,07 - SMV other,01 - Clear,07 - Dark,02 - Wet,10 - No control,,1,0,0,0,,0,,,,,359282.885,5016092.501,45.28267647,-75.80551094,4488
20--5320,7/3/2020,8:35 PM,HIGHWAY 417 btwn HWY417 IC163 RAMP61 & HWY417 IC155 RAMP36 (__3ZA2QB),__3ZA2QB,01 - Non intersection,03 - P.D. only,07 - SMV other,01 - Clear,05 - Dusk,01 - Dry,10 - No control,,1,0,0,0,,0,,,,,332317.7704,5021234.237,45.33051757,-76.14893801,4489
20--5321,7/3/2020,9:03 AM,METCALFE ST @ LAURIER AVE (0002231),2231,02 - Intersection related,03 - P.D. only,03 - Rear end,01 - Clear,01 - Daylight,01 - Dry,01 - Traffic signal,01 - Functioning,2,0,0,0,,0,,,,,367792.7064,5031451.57,45.420163,-75.69509027,4490
20--5322,7/4/2020,1:21 PM,COVENTRY RD @ VANIER PKWY (0002139),2139,02 - Intersection related,03 - P.D. only,03 - Rear end,01 - Clear,01 - Daylight,01 - Dry,01 - Traffic signal,01 - Functioning,2,0,0,0,,0,,,,,370676.3733,5031611.701,45.42133821,-75.65822579,4491
20--5323,7/4/2020,10:05 AM,AMBLESIDE DR @ NEW ORCHARD AVE (0009120),9120,03 - At intersection,03 - P.D. only,02 - Angle,01 - Clear,01 - Daylight,01 - Dry,03 - Yield sign,01 - Functioning,2,0,0,0,,0,,,,,361268.1329,5026281.69,45.37420207,-75.77904492,4492
20--5324,7/4/2020,10:20 AM,HERON RD EB btwn RIVERSIDE DR & BRONSON AVE RAMP 35 (__5FD4WD),__5FD4WD,01 - Non intersection,02 - Non-fatal injury,03 - Rear end,01 - Clear,01 - Daylight,01 - Dry,10 - No control,,2,0,0,0,01 - Minimal,1,1,,,,368392.0325,5026663.264,45.37702508,-75.68805029,4493
20--5325,7/4/2020,11:27 AM,MARCH RD btwn JACOB'S GT & BEARHILL RD (__3ZA2Q0),__3ZA2Q0,01 - Non intersection,03 - P.D. only,07 - SMV other,01 - Clear,01 - Daylight,01 - Dry,10 - No control,,1,0,0,0,,0,,,,,338152.2479,5017970.853,45.30089905,-76.0747254,4494
20--5326,7/4/2020,11:44 AM,ST. JOSEPH BLVD btwn HART RD & R.C.M.P. COMPLEX (__3ZA2BHA),__3ZA2BHA,04 - At/near private drive,03 - P.D. only,02 - Angle,01 - Clear,01 - Daylight,01 - Dry,10 - No control,,2,0,0,0,,0,,,,,377743.2487,5035700.381,45.45742431,-75.56733013,4495
20--5327,7/4/2020,12:45 PM,CHAMBERLAIN AVE @ KENT ST (0002131),2131,02 - Intersection related,03 - P.D. only,03 - Rear end,01 - Clear,01 - Daylight,01 - Dry,12 - IPS,01 - Functioning,2,0,0,0,,0,,,,,367933.7048,5030047.552,45.40751738,-75.69346865,4496
20--5328,7/4/2020,3:56 PM,WOODROFFE AVE @ SPORTSPLEX S (0010592),10592,03 - At intersection,02 - Non-fatal injury,05 - Turning movement,01 - Clear,01 - Daylight,01 - Dry,01 - Traffic signal,01 - Functioning,2,1,0,0,03 - Major,2,1,,1,,363832.1348,5020899.446,45.3255619,-75.74695439,4497
20--5329,7/4/2020,4:14 PM,CARLING AVE @ MELROSE AVE (0006992),6992,03 - At intersection,02 - Non-fatal injury,05 - Turning movement,01 - Clear,01 - Daylight,01 - Dry,02 - Stop sign,00 - Unknown,2,0,0,0,02 - Minor,1,,1,,,365970.6997,5028391.554,45.39279143,-75.71874899,4498
20--533,1/13/2020,5:48 PM,HAZELDEAN RD btwn YOUNG RD & CASTLEFRANK RD (__3ZA41L),__3ZA41L,01 - Non intersection,03 - P.D. only,04 - Sideswipe,01 - Clear,07 - Dark,04 - Slush,10 - No control,,2,0,0,0,,0,,,,,352672.7059,5017672.011,45.29737056,-75.88961281,4499
20--5330,7/4/2020,4:18 PM,CARLING AVE @ CIVIC HOSPITAL (0008793),8793,03 - At intersection,03 - P.D. only,05 - Turning movement,01 - Clear,01 - Daylight,01 - Dry,01 - Traffic signal,01 - Functioning,2,0,0,0,,0,,,,,365791.6129,5028278.06,45.39178586,-75.72105004,4500
20--5331,7/4/2020,4:44 PM,FAIRLAKES WAY btwn BEVINGTON WALK & STONEHAM PLACE (2) (__6ZT42Y),__6ZT42Y,01 - Non intersection,03 - P.D. only,06 - SMV unattended vehicle,01 - Clear,01 - Daylight,01 - Dry,10 - No control,,1,0,0,0,,0,,,,,384821.0773,5034211.374,45.44325288,-75.47708741,4501
20--5332,7/4/2020,5:30 PM,RUSSELL RD btwn RAMSAYVILLE RD & TREADWELL RD (__3ZA2CN),__3ZA2CN,01 - Non intersection,02 - Non-fatal injury,07 - SMV other,01 - Clear,01 - Daylight,01 - Dry,10 - No control,,1,0,0,0,02 - Minor,1,,1,,,377834.6473,5026813.971,45.37746045,-75.56747873,4502
20--5333,7/4/2020,6:10 PM,BANKFIELD RD btwn PRINCE OF WALES DR & FIRST LINE RD (__3ZA2XY),__3ZA2XY,01 - Non intersection,03 - P.D. only,07 - SMV other,01 - Clear,01 - Daylight,01 - Dry,10 - No control,,1,0,0,0,,0,,,,,366462.7886,5009031.288,45.21854666,-75.71487332,4503
20--5334,7/4/2020,6:30 PM,QUEEN MARY ST btwn NAUGHTON ST & FRANCES ST (__3ZA8KM),__3ZA8KM,04 - At/near private drive,03 - P.D. only,05 - Turning movement,01 - Clear,01 - Daylight,01 - Dry,10 - No control,,2,0,0,0,,0,,,,,371349.3828,5032069.279,45.4253916,-75.64956514,4504
20--5335,7/4/2020,7:24 PM,RICHMOND RD @ WEST HUNT CLUB RD (0000598),598,03 - At intersection,03 - P.D. only,02 - Angle,01 - Clear,01 - Daylight,01 - Dry,11 - Roundabout,01 - Functioning,2,0,0,0,,0,,,,,357146.2664,5018152.74,45.30137717,-75.83252693,4505
20--5336,7/4/2020,8:00 AM,BRONSON AVE @ CARLING AVE/GLEBE AVE (0002134),2134,02 - Intersection related,03 - P.D. only,04 - Sideswipe,01 - Clear,01 - Daylight,01 - Dry,01 - Traffic signal,01 - Functioning,2,0,0,0,,0,,,,,367447.6991,5029335.559,45.40115475,-75.69976721,4506
20--5337,7/5/2020,1:30 PM,KING EDWARD AVE @ SUSSEX DR (0002653),2653,03 - At intersection,03 - P.D. only,05 - Turning movement,01 - Clear,01 - Daylight,01 - Dry,01 - Traffic signal,01 - Functioning,2,0,0,0,,0,,,,,367663.6928,5033503.597,45.43863804,-75.69647668,4507
20--5338,7/5/2020,11:40 PM,LIMEBANK RD @ RIDEAU RD (0004455),4455,02 - Intersection related,03 - P.D. only,03 - Rear end,01 - Clear,07 - Dark,01 - Dry,02 - Stop sign,01 - Functioning,2,0,0,0,,0,,,,,370882.7279,5014019.437,45.26302868,-75.65793919,4508
20--5339,7/5/2020,Unknown,"AUBEPINES, PROMENADE DES btwn BRIAN COBURN BLVD & HYSSOP ST/YELLOWCRESS WAY (e___2ICB)",e___2ICB,01 - Non intersection,03 - P.D. only,06 - SMV unattended vehicle,01 - Clear,00 - Unknown,01 - Dry,10 - No control,,1,0,0,0,,0,,,,,384065.362,5034806.322,45.44869179,-75.48665038,4509
20--534,1/13/2020,5:55 PM,HIGHWAY 417 btwn HWY417 IC121A RAMP51 & HWY417 IC120A RAMP52 (__3ZA2R6),__3ZA2R6,01 - Non intersection,03 - P.D. only,03 - Rear end,01 - Clear,07 - Dark,02 - Wet,10 - No control,,2,0,0,0,,0,,,,,367359.6907,5029772.828,45.40509704,-75.7008358,4510
20--5340,7/5/2020,Unknown,BOYER RD btwn NOTRE DAME ST & LOIRE DR (__3ZA6EP),__3ZA6EP,01 - Non intersection,03 - P.D. only,06 - SMV unattended vehicle,01 - Clear,00 - Unknown,01 - Dry,10 - No control,,1,0,0,0,,0,,,,,380585.7343,5036420.865,45.46360414,-75.53087951,4511
20--5341,7/5/2020,Unknown,WHERNSIDE TER btwn ROY ERRINGTON WAY & SCAMPTON DR (__4BZ0W8),__4BZ0W8,01 - Non intersection,03 - P.D. only,06 - SMV unattended vehicle,01 - Clear,00 - Unknown,01 - Dry,10 - No control,,1,0,0,0,,0,,,,,348043.4297,5023311.16,45.34841348,-75.94814173,4512
20--5342,7/5/2020,12:00 PM,BRONSON AVE/BRONSON/HERON RAMP 35 @ HERON RD (0002386),2386,02 - Intersection related,03 - P.D. only,03 - Rear end,01 - Clear,01 - Daylight,01 - Dry,01 - Traffic signal,01 - Functioning,2,0,0,0,,0,,,,,368641.5909,5026697.638,45.37731168,-75.68485978,4513
20--5343,7/5/2020,12:12 AM,CARLING AVE @ KIRKWOOD AVE S (0002209),2209,02 - Intersection related,03 - P.D. only,03 - Rear end,01 - Clear,07 - Dark,01 - Dry,01 - Traffic signal,01 - Functioning,2,0,0,0,,0,,,,,364351.6993,5027337.546,45.38344721,-75.73955163,4514
20--5344,7/5/2020,12:40 PM,RIVERSIDE DR @ HERON RD (0002236),2236,02 - Intersection related,03 - P.D. only,03 - Rear end,01 - Clear,01 - Daylight,01 - Dry,01 - Traffic signal,01 - Functioning,2,0,0,0,,0,,,,,368121.1051,5026647.217,45.37690523,-75.69151123,4515
20--5345,7/5/2020,2:00 PM,CLEMOW AVE @ BRONSON AVE (0007248),7248,03 - At intersection,03 - P.D. only,02 - Angle,01 - Clear,01 - Daylight,01 - Dry,02 - Stop sign,01 - Functioning,2,0,0,0,,0,,,,,367420.7068,5029397.548,45.40171492,-75.70010409,4516
20--5346,7/5/2020,2:00 PM,HWY416 IC66 RAMP62 btwn HIGHWAY 416 & FALLOWFIELD RD (__3ZAY49),__3ZAY49,01 - Non intersection,03 - P.D. only,07 - SMV other,01 - Clear,01 - Daylight,01 - Dry,10 - No control,,1,0,0,0,,0,,,,,360057.5389,5014911.897,45.27199281,-75.79576865,4517
20--5347,7/5/2020,2:51 PM,FALLOWFIELD RD @ KOLO DR (0000094),94,03 - At intersection,01 - Fatal injury,05 - Turning movement,01 - Clear,01 - Daylight,01 - Dry,02 - Stop sign,00 - Unknown,2,0,1,0,04 - Fatal,2,,1,,1,345412.5369,5003497.376,45.17027745,-75.98333446,4518
20--5348,7/5/2020,2:58 PM,SWEETNAM DR btwn ORCHARD DR & HARRY DOUGLAS DR (__3ZA2HY),__3ZA2HY,01 - Non intersection,03 - P.D. only,07 - SMV other,01 - Clear,01 - Daylight,01 - Dry,10 - No control,,1,0,0,0,,0,,,,,350785.6056,5015099.014,45.274344,-75.91391092,4519
20--5349,7/5/2020,3:02 PM,METCALFE ST @ WELLINGTON ST (0002227),2227,02 - Intersection related,03 - P.D. only,04 - Sideswipe,01 - Clear,01 - Daylight,01 - Dry,01 - Traffic signal,00 - Unknown,2,0,1,0,,0,,,,,367565.7022,5031817.592,45.42347675,-75.69794398,4520
20--535,1/13/2020,5:56 PM,HIGHWAY 7 btwn HAZELDEAN IC RAMP 53 & HIGHWAY 7 (__7JQ7LK),__7JQ7LK,01 - Non intersection,03 - P.D. only,07 - SMV other,01 - Clear,07 - Dark,02 - Wet,10 - No control,,1,0,0,0,,0,,,,,341745.204,5007878.898,45.20990664,-76.02966334,4521
20--5350,7/5/2020,3:30 PM,SECOND LINE RD btwn THOMAS A. DOLAN PKWY & MURPHY SIDE RD (__3ZBNBL),__3ZBNBL,01 - Non intersection,03 - P.D. only,01 - Approaching,01 - Clear,01 - Daylight,01 - Dry,10 - No control,,2,0,0,0,,0,,,,,341153.7826,5030429.059,45.41285363,-76.03553782,4522
20--5351,7/5/2020,3:30 PM,CARLING AVE EB btwn WOODROFFE AVE & WOODROFFE AVE (__3ZA4VF),__3ZA4VF,01 - Non intersection,03 - P.D. only,04 - Sideswipe,01 - Clear,01 - Daylight,01 - Dry,10 - No control,,2,0,0,0,,0,,,,,361846.0693,5025775.799,45.3696033,-75.77172516,4523
20--5352,7/5/2020,3:33 AM,HIGHWAY 416 btwn HWY416 IC72 RAMP34 & HWY416 IC72 RAMP63 (__3ZAZER),__3ZAZER,01 - Non intersection,02 - Non-fatal injury,07 - SMV other,01 - Clear,07 - Dark,01 - Dry,10 - No control,,1,0,0,0,02 - Minor,1,,1,,,359464.6288,5019590.45,45.31413722,-75.8028088,4524
20--5353,7/5/2020,4:14 PM,BOUNDARY RD @ MITCH OWENS RD (0001708),1708,03 - At intersection,02 - Non-fatal injury,02 - Angle,01 - Clear,01 - Daylight,01 - Dry,02 - Stop sign,01 - Functioning,2,0,0,0,02 - Minor,2,,2,,,388065.8317,5022162.479,45.33446931,-75.43764952,4525
20--5354,7/5/2020,4:20 PM,OTTAWA RIVER PKWY @ ISLAND PARK DR (0002127),2127,02 - Intersection related,03 - P.D. only,03 - Rear end,01 - Clear,01 - Daylight,01 - Dry,01 - Traffic signal,01 - Functioning,4,0,0,0,,0,,,,,363298.6939,5029453.561,45.4025755,-75.75274599,4526
20--5355,7/5/2020,5:18 PM,MEADOWLANDS DR @ MERIVALE RD (0000625),625,03 - At intersection,03 - P.D. only,05 - Turning movement,01 - Clear,01 - Daylight,01 - Dry,01 - Traffic signal,01 - Functioning,2,0,0,0,,0,,,,,364858.7117,5023725.515,45.35090346,-75.73351697,4527
20--5356,7/5/2020,6:10 PM,PERTH ST btwn NIXONFARM DR & LENNOX ST (__3ZA42Z),__3ZA42Z,01 - Non intersection,03 - P.D. only,03 - Rear end,01 - Clear,01 - Daylight,01 - Dry,10 - No control,,2,0,0,0,,0,,,,,356551.8813,5006079.064,45.1927794,-75.84136225,4528
20--5357,7/5/2020,7:27 AM,NIXON DR btwn DALMENY RD & GABERT RD (__3ZA724),__3ZA724,01 - Non intersection,01 - Fatal injury,07 - SMV other,01 - Clear,01 - Daylight,01 - Dry,10 - No control,,1,0,0,0,04 - Fatal,3,,2,,1,375655.4428,4997566.043,45.11451959,-75.59946771,4529
20--5358,7/5/2020,8:48 PM,BEECHWOOD AVE @ MARQUETTE AVE (0005737),5737,03 - At intersection,02 - Non-fatal injury,07 - SMV other,01 - Clear,05 - Dusk,01 - Dry,02 - Stop sign,01 - Functioning,1,0,1,0,02 - Minor,1,,1,,,369680.7075,5034039.602,45.44327653,-75.67062722,4530
20--5359,7/5/2020,9:50 PM,HIGHWAY 417 btwn HWY417 IC142 RAMP25 & HIGHWAY 417 (__3ZA1ZP),__3ZA1ZP,01 - Non intersection,03 - P.D. only,07 - SMV other,01 - Clear,07 - Dark,01 - Dry,10 - No control,,1,0,0,0,,0,,,,,349408.1219,5017635.87,45.29726021,-75.93123806,4531
20--536,1/13/2020,5:57 PM,TERRY FOX DR btwn HWY417 IC140 RAMP35 & HWY417 IC140 RAMP52 (__3ZAZEZ),__3ZAZEZ,01 - Non intersection,03 - P.D. only,04 - Sideswipe,01 - Clear,07 - Dark,02 - Wet,10 - No control,,2,0,0,0,,0,,,,,351031.957,5018456.619,45.30454056,-75.91045841,4532
20--5360,7/5/2020,9:54 PM,HIGHWAY 417 btwn HWY417 IC163 RAMP16 & HWY417 IC169 RAMP61 (__5SPO79),__5SPO79,01 - Non intersection,03 - P.D. only,07 - SMV other,01 - Clear,07 - Dark,01 - Dry,10 - No control,,1,0,0,0,,0,,,,,327980.7023,5023209.446,45.34844828,-76.20417544,4533
20--5361,7/6/2020,1:40 PM,CARLING AVE @ CHURCHILL AVE (0002149),2149,02 - Intersection related,02 - Non-fatal injury,03 - Rear end,01 - Clear,01 - Daylight,01 - Dry,01 - Traffic signal,01 - Functioning,2,0,0,0,02 - Minor,1,,1,,,363775.6999,5027013.537,45.38058056,-75.74694495,4534
20--4911,6/15/2020,3:30 PM,RIVERSIDE DR @ WALKLEY RD (0002158),2158,03 - At intersection,03 - P.D. only,05 - Turning movement,01 - Clear,01 - Daylight,01 - Dry,01 - Traffic signal,01 - Functioning,2,0,0,0,,0,,,,,368418.7302,5024853.525,45.36073911,-75.6879425,4535
20--5365,7/6/2020,10:23 PM,STANLEY AVE @ SUSSEX DR (0007143),7143,02 - Intersection related,02 - Non-fatal injury,03 - Rear end,01 - Clear,07 - Dark,01 - Dry,12 - IPS,01 - Functioning,2,0,1,0,02 - Minor,1,,1,,,367832.0908,5033871.923,45.44193695,-75.69427726,4536
20--4735,6/6/2020,Unknown,RAVENHILL AVE btwn ROOSEVELT AVE & END (__3ZA5W5),__3ZA5W5,01 - Non intersection,03 - P.D. only,06 - SMV unattended vehicle,01 - Clear,00 - Unknown,01 - Dry,10 - No control,,1,0,0,0,,0,,,,,363109.768,5028004.22,45.38955033,-75.75533041,4537
20--5096,6/23/2020,4:00 PM,CUMMINGS AVE @ MONTREAL RD (0007748),7748,02 - Intersection related,03 - P.D. only,03 - Rear end,01 - Clear,01 - Daylight,01 - Dry,01 - Traffic signal,01 - Functioning,2,0,0,0,,0,,,,,372007.7157,5034040.578,45.44306547,-75.64088415,4538
20--4662,6/3/2020,11:50 AM,CYRVILLE RD @ INNES RD (0009352),9352,02 - Intersection related,03 - P.D. only,03 - Rear end,01 - Clear,01 - Daylight,01 - Dry,01 - Traffic signal,01 - Functioning,2,0,0,0,,0,,,,,375047.7196,5031119.561,45.41648492,-75.60244518,4539