Anom_ID,Accident_Date,Accident_Time,Location,Geo_ID,Accident_Location,Classification_of_Accident,Initial_Impact_Type,Environment_Condition,Light,Road_Surface_Condition,Traffic_Control,Traffic_Control_Condition,No__of_Vehicles,No__of_Bicycles,No__of_Motorcycles,No__of_Pedestrians,Max_Injury,No__of_Injuries,No__of_Minimal,No__of_Minor,No__of_Major,No__of_Fatal,X,Y,Latitude,Longitude,ObjectId
20--4912,6/15/2020,3:42 PM,VISCOUNT AVE btwn VETERAN AVE & CARLING AVE (__3ZA08C),__3ZA08C,01 - Non intersection,03 - P.D. only,04 - Sideswipe,01 - Clear,01 - Daylight,01 - Dry,10 - No control,,2,0,0,0,,0,,,,,365144.8972,5027775.201,45.38731726,-75.72937026,4540
20--4663,6/3/2020,Unknown,FORESTBROOK ST btwn ABBEYDALE CIRC & HUNTERBROOK ST N (__5GNZGP),__5GNZGP,01 - Non intersection,03 - P.D. only,06 - SMV unattended vehicle,01 - Clear,00 - Unknown,01 - Dry,10 - No control,,1,0,0,0,,0,,,,,348418.8736,5022949.745,45.34513813,-75.94338254,4541
20--4664,6/3/2020,12:00 PM,GRANITE CRT btwn Continuation of GRANITE CRT & Continuation of GRANITE (__51NRLT),__51NRLT,04 - At/near private drive,03 - P.D. only,06 - SMV unattended vehicle,01 - Clear,01 - Daylight,01 - Dry,10 - No control,,1,0,0,0,,0,,,,,355314.35,5015800.195,45.28034263,-75.85612396,4542
20--4665,6/3/2020,12:05 AM,HIGHWAY 417 btwn HWY417 IC104 RAMP15 & HWY417 IC96 RAMP51 (__3ZA2W4),__3ZA2W4,01 - Non intersection,03 - P.D. only,07 - SMV other,01 - Clear,07 - Dark,01 - Dry,10 - No control,,1,0,0,0,,0,,,,,386465.8888,5023980.394,45.35101347,-75.45775893,4543
20--4666,6/3/2020,12:38 AM,LIMEBANK RD/RIVERSIDE DR @ RIVER RD (0013336),13336,02 - Intersection related,02 - Non-fatal injury,07 - SMV other,01 - Clear,07 - Dark,01 - Dry,01 - Traffic signal,01 - Functioning,1,0,0,0,02 - Minor,1,,1,,,368404.0022,5020477.307,45.32136418,-75.68869308,4544
20--4667,6/3/2020,2:07 PM,ALERT RD/AIRPORT PKWY/UPLANDS DR RAMP 62 @ LES (0003652),3652,03 - At intersection,03 - P.D. only,02 - Angle,01 - Clear,01 - Daylight,01 - Dry,01 - Traffic signal,01 - Functioning,2,0,0,0,,0,,,,,371306.7071,5021353.784,45.32898149,-75.65155362,4545
20--4668,6/3/2020,2:27 PM,GLEBE AVE btwn PERCY ST & LYON ST S (__3ZA920),__3ZA920,01 - Non intersection,03 - P.D. only,04 - Sideswipe,01 - Clear,01 - Daylight,01 - Dry,10 - No control,,2,0,0,0,,0,,,,,368005.4451,5029646.37,45.4039012,-75.69260369,4546
20--4669,6/3/2020,3:00 PM,CYRVILLE RD @ ST. LAURENT BLVD (0002647),2647,02 - Intersection related,03 - P.D. only,03 - Rear end,01 - Clear,01 - Daylight,01 - Dry,01 - Traffic signal,01 - Functioning,2,0,0,0,,0,,,,,372241.7312,5032111.588,45.42568681,-75.63815732,4547
20--467,1/11/2020,7:52 PM,WILLOWMERE WAY btwn CREEKVIEW WAY/MANORWOOD CRES & HAZELNUT CRES (__727TFH),__727TFH,01 - Non intersection,03 - P.D. only,06 - SMV unattended vehicle,04 - Freezing Rain,07 - Dark,04 - Slush,10 - No control,,1,0,0,0,,0,,,,,374095.32,5019510.82,45.31212936,-75.61624045,4548
20--4670,6/3/2020,3:10 PM,CARTWRIGHT RD @ VICTORIA ST (0001709),1709,03 - At intersection,01 - Fatal injury,01 - Approaching,01 - Clear,01 - Daylight,01 - Dry,02 - Stop sign,00 - Unknown,2,0,0,0,04 - Fatal,3,1,1,,1,390242.9479,5014192.196,45.26249797,-75.41125105,4549
20--4671,6/3/2020,4:00 PM,HIGHWAY 417 btwn HIGHWAY 417 & Continuation of HIGHWAY 417 (__3ZAZOB),__3ZAZOB,01 - Non intersection,03 - P.D. only,07 - SMV other,01 - Clear,01 - Daylight,01 - Dry,10 - No control,,1,0,0,0,,0,,,,,353296.1462,5020412.955,45.3219914,-75.88139604,4550
20--4672,6/3/2020,4:10 PM,FRANKTOWN RD btwn CONLEY RD & JOY'S RD (__3ZA42P),__3ZA42P,01 - Non intersection,03 - P.D. only,04 - Sideswipe,01 - Clear,01 - Daylight,01 - Dry,10 - No control,,2,0,0,0,,0,,,,,353174.9173,5002935.459,45.16473166,-75.88464252,4551
20--4673,6/3/2020,5:00 PM,HAZELDEAN RD btwn KINCARDINE DR & TERRY FOX DR (__3ZAZ88),__3ZAZ88,01 - Non intersection,03 - P.D. only,03 - Rear end,02 - Rain,01 - Daylight,02 - Wet,10 - No control,,2,0,0,0,,0,,,,,352137.5198,5017177.519,45.29295726,-75.89648336,4552
20--4674,6/3/2020,5:30 AM,HIGHWAY 417 btwn HIGHWAY 417 & Continuation of HIGHWAY 417 (__3ZAZOB),__3ZAZOB,01 - Non intersection,03 - P.D. only,07 - SMV other,01 - Clear,03 - Dawn,01 - Dry,10 - No control,,1,0,0,0,,0,,,,,353296.3782,5020413.086,45.32199256,-75.88139306,4553
20--4675,6/3/2020,7:03 AM,JEANNE D'ARC BLVD @ BORLAND DR/VINETTE CRES (0004527),4527,03 - At intersection,02 - Non-fatal injury,07 - SMV other,01 - Clear,01 - Daylight,01 - Dry,02 - Stop sign,01 - Functioning,1,0,0,1,02 - Minor,1,,1,,,381727.7315,5038909.606,45.48587088,-75.51588852,4554
20--4676,6/3/2020,7:14 PM,ROBERTSON RD @ VANIER RD (0000640),640,03 - At intersection,02 - Non-fatal injury,03 - Rear end,01 - Clear,01 - Daylight,01 - Dry,01 - Traffic signal,01 - Functioning,2,0,0,0,01 - Minimal,1,1,,,,357395.6438,5020645.476,45.32378847,-75.8290827,4555
20--4677,6/3/2020,7:15 PM,DATA CENTRE RD @ RIVERSIDE DR (0010863),10863,02 - Intersection related,03 - P.D. only,03 - Rear end,01 - Clear,01 - Daylight,01 - Dry,01 - Traffic signal,01 - Functioning,2,0,0,0,,0,,,,,368897.4447,5027671.901,45.38605445,-75.68146684,4556
20--4678,6/3/2020,7:48 PM,CARLING AVE @ GRENON AVE (0002645),2645,03 - At intersection,02 - Non-fatal injury,02 - Angle,01 - Clear,01 - Daylight,01 - Dry,01 - Traffic signal,01 - Functioning,2,1,0,0,02 - Minor,1,,1,,,359593.6717,5024350.508,45.35695828,-75.80063608,4557
20--4736,6/6/2020,Unknown,LOYER ST btwn GENEST ST & LANDRY ST (__3ZA8VY),__3ZA8VY,01 - Non intersection,03 - P.D. only,06 - SMV unattended vehicle,01 - Clear,00 - Unknown,01 - Dry,10 - No control,,1,0,0,0,,0,,,,,369476.786,5033498.042,45.43842269,-75.67330485,4558
20--4679,6/3/2020,8:31 PM,EAGLESON RD btwn COPE DR & Continuation of EAGLESON RD (__5VUCMW),__5VUCMW,01 - Non intersection,03 - P.D. only,03 - Rear end,01 - Clear,05 - Dusk,01 - Dry,10 - No control,,2,0,0,0,,0,,,,,354627.9461,5016009.368,45.2822738,-75.86485159,4559
20--468,1/11/2020,8:12 AM,OLD CARP RD btwn HUNTMAR DR & SECOND LINE RD (__3ZACVV),__3ZACVV,01 - Non intersection,03 - P.D. only,07 - SMV other,02 - Rain,01 - Daylight,06 - Ice,10 - No control,,1,0,0,0,,0,,,,,347649.1336,5023436.542,45.3495659,-75.95316251,4560
20--4680,6/4/2020,1:11 PM,PRINCE OF WALES DR btwn MAPLEHILL WAY & LODGE RD (__3ZA29Y),__3ZA29Y,01 - Non intersection,03 - P.D. only,99 - Other,01 - Clear,01 - Daylight,01 - Dry,10 - No control,,2,0,0,0,,0,,,,,366763.9961,5012620.866,45.25081925,-75.71059146,4561
20--4681,6/4/2020,10:18 AM,ST. PATRICK ST btwn SUSSEX DR & SUSSEX DR (__3ZA3U3),__3ZA3U3,01 - Non intersection,02 - Non-fatal injury,04 - Sideswipe,01 - Clear,01 - Daylight,01 - Dry,10 - No control,,2,1,0,0,02 - Minor,1,,1,,,367636.9382,5032439.07,45.4290622,-75.69695448,4562
20--5366,7/6/2020,10:35 AM,HIGHWAY 417 btwn HWY417 IC126 RAMP25 & HWY417 IC124 RAMP57 (__3ZA2R5),__3ZA2R5,01 - Non intersection,03 - P.D. only,04 - Sideswipe,01 - Clear,01 - Daylight,01 - Dry,10 - No control,,2,0,0,0,,0,,,,,363921.6335,5026838.022,45.378989,-75.74510272,4563
20--4682,6/4/2020,10:30 AM,JOSEPH DROUIN AVE btwn PARC DU VILLAGE ST & END (__3ZA48J),__3ZA48J,01 - Non intersection,03 - P.D. only,06 - SMV unattended vehicle,01 - Clear,01 - Daylight,01 - Dry,10 - No control,,1,0,0,0,,0,,,,,380909.9665,5037572.719,45.47393233,-75.52655556,4564
20--4683,6/4/2020,11:00 AM,CARLSEN AVE btwn HERON RD & GREGG ST (__3ZA0TE),__3ZA0TE,04 - At/near private drive,03 - P.D. only,06 - SMV unattended vehicle,01 - Clear,01 - Daylight,01 - Dry,10 - No control,,1,0,0,0,,0,,,,,369378.2314,5026674.475,45.37703576,-75.67545823,4565
20--4684,6/4/2020,11:17 AM,HAWTHORNE RD @ HUNT CLUB RD (0007651),7651,02 - Intersection related,03 - P.D. only,03 - Rear end,01 - Clear,01 - Daylight,01 - Dry,01 - Traffic signal,02 - Not functioning,2,0,0,0,,0,,,,,375507.74,5026406.534,45.37403321,-75.59724372,4566
20--4685,6/4/2020,11:45 AM,KIMMINS CRT @ WALDEN DR (0011874),11874,03 - At intersection,03 - P.D. only,02 - Angle,01 - Clear,01 - Daylight,01 - Dry,02 - Stop sign,01 - Functioning,2,0,0,0,,0,,,,,350494.596,5021551.479,45.33242406,-75.91702487,4567
20--4686,6/4/2020,Unknown,OGILVIE RD btwn JASMINE CRES & ELMRIDGE DR (__3ZA2DT),__3ZA2DT,01 - Non intersection,03 - P.D. only,06 - SMV unattended vehicle,01 - Clear,00 - Unknown,01 - Dry,10 - No control,,1,0,0,0,,0,,,,,375412.147,5034007.783,45.44243481,-75.59737533,4568
20--4687,6/4/2020,12:11 AM,BRIDGESTONE DR btwn WAYMARK CRES & CEDAR VALLEY DR (__5RG4EW),__5RG4EW,01 - Non intersection,03 - P.D. only,07 - SMV other,01 - Clear,07 - Dark,01 - Dry,10 - No control,,1,0,0,0,,0,,,,,355353.8671,5016194.14,45.28388459,-75.85558016,4569
20--4688,6/4/2020,12:23 PM,RICHMOND RD btwn WEST HUNT CLUB RD & STONEHAVEN DR (__3ZA41H),__3ZA41H,01 - Non intersection,03 - P.D. only,03 - Rear end,01 - Clear,01 - Daylight,01 - Dry,10 - No control,,2,0,0,0,,0,,,,,357077.6696,5017840.521,45.29857289,-75.83343447,4570
20--4689,6/4/2020,12:30 PM,HWY417 IC138 RAMP61 btwn HWY417 IC138 RAMP62 & HIGHWAY 417 (__3ZAYB2),__3ZAYB2,01 - Non intersection,03 - P.D. only,04 - Sideswipe,01 - Clear,01 - Daylight,01 - Dry,10 - No control,,2,0,0,0,,0,,,,,353329.2162,5020514.616,45.32290388,-75.88096427,4571
20--469,1/11/2020,8:33 PM,CYCLONE TAYLOR BLVD btwn AUTOPARK PRIV & FRANK FINNIGAN WAY (__3ZA56W),__3ZA56W,01 - Non intersection,02 - Non-fatal injury,07 - SMV other,02 - Rain,07 - Dark,02 - Wet,10 - No control,,1,0,0,2,03 - Major,2,,1,1,,349552.9962,5017583.095,45.29677611,-75.92939574,4572
20--4690,6/4/2020,12:50 PM,O'CONNOR ST @ WELLINGTON ST (0002234),2234,02 - Intersection related,02 - Non-fatal injury,03 - Rear end,01 - Clear,01 - Daylight,01 - Dry,01 - Traffic signal,01 - Functioning,2,0,0,0,01 - Minimal,1,1,,,,367413.6986,5031722.587,45.42263554,-75.69989825,4573
20--4691,6/4/2020,2:23 PM,CHAPMAN MILLS DR btwn CLEARBROOK DR & SUMMERLINE GT (__4FP8A3),__4FP8A3,01 - Non intersection,03 - P.D. only,06 - SMV unattended vehicle,01 - Clear,01 - Daylight,01 - Dry,10 - No control,,1,0,0,0,,0,,,,,366010.3047,5015130.741,45.27346901,-75.71988319,4574
20--4692,6/4/2020,2:30 PM,BRONSON AVE @ COMMISSIONER ST/SLATER ST (0001679),1679,03 - At intersection,03 - P.D. only,02 - Angle,01 - Clear,01 - Daylight,01 - Dry,01 - Traffic signal,01 - Functioning,2,0,0,0,,0,,,,,366768.7162,5030948.575,45.41572865,-75.70823663,4575
20--4693,6/4/2020,2:32 PM,REVELSTOKE DR @ RIVERSIDE DR (0006918),6918,02 - Intersection related,03 - P.D. only,03 - Rear end,01 - Clear,01 - Daylight,01 - Dry,01 - Traffic signal,01 - Functioning,2,0,0,0,,0,,,,,368217.7101,5024423.515,45.35688819,-75.69056332,4576
20--4694,6/4/2020,3:14 PM,BRONSON AVE @ COMMISSIONER ST/SLATER ST (0001679),1679,03 - At intersection,03 - P.D. only,02 - Angle,01 - Clear,01 - Daylight,01 - Dry,01 - Traffic signal,01 - Functioning,2,0,0,0,,0,,,,,366768.7048,5030948.569,45.41572859,-75.70823678,4577
20--4695,6/4/2020,3:20 PM,BANK ST @ DUN SKIPPER DR (0014771),14771,02 - Intersection related,03 - P.D. only,05 - Turning movement,01 - Clear,01 - Daylight,01 - Dry,01 - Traffic signal,01 - Functioning,2,0,0,0,,0,,,,,376333.15,5019313.32,45.31012795,-75.58773232,4578
20--4696,6/4/2020,3:32 PM,HIGHWAY 416 btwn HWY416 IC66 RAMP34 & HWY416 IC72 RAMP53 (__3ZAZM6),__3ZAZM6,01 - Non intersection,02 - Non-fatal injury,07 - SMV other,01 - Clear,01 - Daylight,01 - Dry,10 - No control,,1,0,0,0,02 - Minor,1,,1,,,360077.0153,5018549.708,45.30472462,-75.79511512,4579
20--4697,6/4/2020,4:00 PM,STRANDHERD DR @ WOODROFFE AVE (0009688),9688,02 - Intersection related,03 - P.D. only,03 - Rear end,01 - Clear,01 - Daylight,01 - Dry,01 - Traffic signal,01 - Functioning,2,0,0,0,,0,,,,,366106.1555,5015395.146,45.27583976,-75.71862905,4580
20--4698,6/4/2020,4:21 PM,HOLLY ACRES RD @ TRANSITWAY - BAYSHORE/278 N O (0009787),9787,03 - At intersection,02 - Non-fatal injury,02 - Angle,01 - Clear,01 - Daylight,01 - Dry,01 - Traffic signal,01 - Functioning,2,1,0,0,02 - Minor,1,,1,,,358496.6737,5022986.459,45.3447694,-75.81478482,4581
20--4699,6/4/2020,6:00 PM,MONTREAL RD @ SHEFFORD RD (0012423),12423,02 - Intersection related,03 - P.D. only,04 - Sideswipe,01 - Clear,01 - Daylight,01 - Dry,01 - Traffic signal,01 - Functioning,2,0,0,0,,0,,,,,376125.7225,5034853.58,45.44997233,-75.58813235,4582
20--47,1/2/2020,5:43 PM,KENNEVALE DR @ STRANDHERD DR (0010896),10896,03 - At intersection,03 - P.D. only,05 - Turning movement,01 - Clear,07 - Dark,02 - Wet,01 - Traffic signal,01 - Functioning,3,0,0,0,,0,,,,,361491.8529,5014099.545,45.26456903,-75.77758317,4583
20--470,1/11/2020,9:20 PM,OGILVIE RD btwn MATHESON RD & CADBORO RD (__3ZA2DM),__3ZA2DM,01 - Non intersection,03 - P.D. only,03 - Rear end,01 - Clear,07 - Dark,02 - Wet,10 - No control,,2,0,0,0,,0,,,,,373394.3684,5032544.509,45.42946993,-75.62336911,4584
20--4700,6/5/2020,1:15 PM,LOLA ST @ DONALD ST (0008513),8513,02 - Intersection related,02 - Non-fatal injury,03 - Rear end,01 - Clear,01 - Daylight,01 - Dry,01 - Traffic signal,01 - Functioning,2,0,0,0,02 - Minor,2,1,1,,,371094.7216,5032359.589,45.42802786,-75.65278003,4585
20--4701,6/5/2020,10:10 AM,WEST HUNT CLUB RD @ ANTARES DR/LASER ST (0000116),116,02 - Intersection related,03 - P.D. only,03 - Rear end,01 - Clear,01 - Daylight,01 - Dry,01 - Traffic signal,01 - Functioning,3,0,0,0,,0,,,,,367107.7151,5022081.495,45.33591466,-75.70502448,4586
20--4702,6/5/2020,10:32 AM,EAGLESON RD @ HAZELDEAN RD/ROBERTSON RD (0002715),2715,02 - Intersection related,03 - P.D. only,03 - Rear end,01 - Clear,01 - Daylight,01 - Dry,01 - Traffic signal,01 - Functioning,2,0,0,0,,0,,,,,353673.6178,5018424.456,45.30407231,-75.87677754,4587
20--4703,6/5/2020,Unknown,REMNOR AVE btwn KEYROCK DR & BADGELEY AVE (__54M2QD),__54M2QD,01 - Non intersection,03 - P.D. only,06 - SMV unattended vehicle,01 - Clear,00 - Unknown,01 - Dry,10 - No control,,1,0,0,0,,0,,,,,349648.1008,5020247.5,45.32074513,-75.92794209,4588
20--4704,6/5/2020,Unknown,PUTMAN AVE btwn CHAPLEAU AVE & BEECHWOOD AVE (__3ZA8A0),__3ZA8A0,01 - Non intersection,03 - P.D. only,06 - SMV unattended vehicle,01 - Clear,00 - Unknown,01 - Dry,10 - No control,,1,0,0,0,,0,,,,,369535.7022,5033941.492,45.44240722,-75.67249354,4589
20--4705,6/5/2020,12:22 AM,REGIONAL ROAD 174 btwn TRANSIT & OR174 IC105 RAMP51 (__3ZA28H),__3ZA28H,01 - Non intersection,02 - Non-fatal injury,07 - SMV other,01 - Clear,07 - Dark,01 - Dry,10 - No control,,1,0,0,0,01 - Minimal,1,1,,,,378971.1074,5036751.235,45.46674986,-75.55147404,4590
20--4706,6/5/2020,12:39 PM,MERIVALE RD btwn EMERALD PLAZA SC & MEADOWLANDS DR (__3ZA4HZB),__3ZA4HZB,04 - At/near private drive,03 - P.D. only,02 - Angle,01 - Clear,01 - Daylight,01 - Dry,10 - No control,,2,0,0,0,,0,,,,,364803.1957,5023853.316,45.35205814,-75.73420991,4591
20--4707,6/5/2020,2:44 PM,GRASSY PLAINS DR btwn SUNNYBROOKE DR & EMERALD MEADOWS DR (__3ZA1CK),__3ZA1CK,04 - At/near private drive,03 - P.D. only,99 - Other,01 - Clear,01 - Daylight,01 - Dry,10 - No control,,2,0,0,0,,0,,,,,355419.0967,5015550.609,45.27808926,-75.85481435,4592
20--4708,6/5/2020,2:47 PM,HIGHWAY 417 btwn HWY417 IC124 RAMP57 & HWY417 IC124 RAMP55 (__3ZA2Y1),__3ZA2Y1,01 - Non intersection,03 - P.D. only,03 - Rear end,01 - Clear,01 - Daylight,01 - Dry,10 - No control,,2,0,0,0,,0,,,,,364402.8619,5027472.071,45.38465329,-75.73888212,4593
20--4709,6/5/2020,2:50 PM,LAJOIE ST @ MONTREAL RD (0009795),9795,02 - Intersection related,03 - P.D. only,03 - Rear end,01 - Clear,01 - Daylight,01 - Dry,01 - Traffic signal,01 - Functioning,2,0,0,0,,0,,,,,370534.6998,5033326.589,45.43678137,-75.659807,4594
20--471,1/11/2020,9:30 PM,HUNT CLUB RD @ DOWNPATRICK RD/MCCARTHY RD (0006931),6931,02 - Intersection related,03 - P.D. only,03 - Rear end,03 - Snow,07 - Dark,04 - Slush,01 - Traffic signal,01 - Functioning,2,0,0,0,,0,,,,,370507.7217,5023400.493,45.34747248,-75.66147363,4595
20--4710,6/5/2020,3:00 PM,QUEEN ST btwn BANK ST & O'CONNOR ST (__3ZA2FQ),__3ZA2FQ,01 - Non intersection,03 - P.D. only,05 - Turning movement,01 - Clear,01 - Daylight,01 - Dry,10 - No control,,2,0,0,0,,0,,,,,367452.8606,5031557.636,45.42114786,-75.69941885,4596
20--4711,6/5/2020,3:10 PM,FALLOWFIELD RD @ STRANDHERD DR (0005238),5238,02 - Intersection related,03 - P.D. only,03 - Rear end,01 - Clear,01 - Daylight,01 - Dry,01 - Traffic signal,01 - Functioning,2,0,0,0,,0,,,,,360752.2152,5014962.15,45.27239006,-75.78691035,4597
20--4712,6/5/2020,3:16 PM,KITCHENER AVE @ BANK ST (0011963),11963,03 - At intersection,03 - P.D. only,05 - Turning movement,01 - Clear,01 - Daylight,01 - Dry,01 - Traffic signal,01 - Functioning,2,0,0,0,,0,,,,,370540.8788,5025499.971,45.36635983,-75.66077133,4598
20--4713,6/5/2020,3:19 PM,HIGHWAY 417 btwn HWY417 IC126 RAMP25 & HWY417 IC124 RAMP57 (__3ZA2R5),__3ZA2R5,01 - Non intersection,03 - P.D. only,04 - Sideswipe,01 - Clear,01 - Daylight,01 - Dry,10 - No control,,2,0,0,0,,0,,,,,363938.0043,5026860.059,45.37918591,-75.74489106,4599
20--4714,6/5/2020,3:45 PM,HIGHWAY 417 btwn HWY417 IC129 RAMP25 & HWY417 IC129 RAMP35 (__3ZAYFR),__3ZAYFR,01 - Non intersection,03 - P.D. only,03 - Rear end,01 - Clear,01 - Daylight,01 - Dry,10 - No control,,2,0,0,0,,0,,,,,360859.1799,5023840.564,45.35226978,-75.78454273,4600
20--4715,6/5/2020,3:55 PM,CRESTWAY DR @ PRINCE OF WALES DR (0010323),10323,02 - Intersection related,03 - P.D. only,03 - Rear end,02 - Rain,01 - Daylight,02 - Wet,01 - Traffic signal,01 - Functioning,2,0,0,0,,0,,,,,367370.5316,5016576.908,45.28636177,-75.70236664,4601
20--4716,6/5/2020,4:17 PM,ANTOCHI LANE @ MANOTICK MAIN ST (0009650),9650,03 - At intersection,02 - Non-fatal injury,02 - Angle,01 - Clear,01 - Daylight,01 - Dry,02 - Stop sign,01 - Functioning,2,0,1,0,01 - Minimal,1,1,,,,369646.3455,5009135.402,45.21919764,-75.67432897,4602
20--4717,6/5/2020,5:16 PM,HAZELDEAN RD/HAZELDEAN RD IC RAMP 62 @ HAZELDE (0005570),5570,02 - Intersection related,03 - P.D. only,03 - Rear end,01 - Clear,01 - Daylight,01 - Dry,02 - Stop sign,00 - Unknown,2,0,0,0,,0,,,,,346897.0802,5012420.706,45.25048703,-75.96369507,4603
20--4718,6/5/2020,5:18 PM,CARLING AVE @ CROYDON AVE (0002642),2642,02 - Intersection related,03 - P.D. only,03 - Rear end,01 - Clear,01 - Daylight,01 - Dry,01 - Traffic signal,01 - Functioning,2,0,0,0,,0,,,,,360658.6815,5025042.52,45.36310093,-75.78696557,4604
20--4719,6/5/2020,5:22 AM,BANK ST btwn SPRINGHILL RD & DALMENY RD (__3ZA27C),__3ZA27C,01 - Non intersection,03 - P.D. only,07 - SMV other,01 - Clear,03 - Dawn,01 - Dry,10 - No control,,1,0,0,0,,0,,,,,385450.569,5005418.186,45.18412024,-75.47372883,4605
20--472,1/11/2020,9:35 PM,HIGHWAY 417 btwn HWY417 IC138 RAMP26 & HWY417 IC138 RAMP61 (__3ZA20H),__3ZA20H,01 - Non intersection,03 - P.D. only,07 - SMV other,04 - Freezing Rain,07 - Dark,04 - Slush,10 - No control,,1,0,0,0,,0,,,,,353004.9912,5020291.31,45.32091687,-75.88512156,4606
20--4720,6/5/2020,5:49 PM,PERTH ST btwn NIXONFARM DR & LENNOX ST (__3ZA42Z),__3ZA42Z,01 - Non intersection,03 - P.D. only,03 - Rear end,01 - Clear,01 - Daylight,01 - Dry,10 - No control,,2,0,0,0,,0,,,,,356528.6419,5006057.783,45.19258961,-75.8416602,4607
20--4721,6/5/2020,6:08 PM,RIOCAN AVE btwn MARKETPLACE AVE & END (__4LZBNN),__4LZBNN,04 - At/near private drive,03 - P.D. only,02 - Angle,01 - Clear,01 - Daylight,01 - Dry,10 - No control,,2,0,0,0,,0,,,,,364339.7172,5014669.601,45.2694631,-75.74122799,4608
20--4722,6/5/2020,6:08 PM,HIGHWAY 417 btwn HWY417 IC121B RAMP16 & HWY417 IC121A RAMP16 (__3ZA2YX),__3ZA2YX,01 - Non intersection,03 - P.D. only,03 - Rear end,01 - Clear,01 - Daylight,01 - Dry,10 - No control,,3,0,0,0,,0,,,,,366928.3903,5029637.81,45.4039206,-75.7063619,4609
20--4723,6/5/2020,6:15 PM,BANK ST btwn ALTA VISTA DR & WALKLEY RD (__3ZA4TX),__3ZA4TX,04 - At/near private drive,03 - P.D. only,03 - Rear end,01 - Clear,01 - Daylight,01 - Dry,10 - No control,,2,0,0,0,,0,,,,,370284.0836,5026108.621,45.37186031,-75.66396847,4610
20--4724,6/5/2020,6:30 PM,CAMBRIAN RD @ GREENBANK RD (0001095),1095,02 - Intersection related,03 - P.D. only,03 - Rear end,01 - Clear,01 - Daylight,01 - Dry,11 - Roundabout,01 - Functioning,2,0,0,0,,0,,,,,364764.6666,5012872.42,45.25325595,-75.73602985,4611
20--4725,6/5/2020,6:40 PM,TERRY FOX DR @ PALLADIUM DR/KATIMAVIK RD (0011858),11858,02 - Intersection related,03 - P.D. only,03 - Rear end,02 - Rain,01 - Daylight,02 - Wet,01 - Traffic signal,01 - Functioning,2,0,0,0,,0,,,,,351269.715,5018181.775,45.30205175,-75.90745249,4612
20--4726,6/5/2020,7:04 AM,MCKEOWN DR @ OLD PRESCOTT RD (0005863),5863,02 - Intersection related,03 - P.D. only,07 - SMV other,01 - Clear,01 - Daylight,01 - Dry,02 - Stop sign,01 - Functioning,1,0,0,0,,0,,,,,377768.7437,5013960.444,45.2618173,-75.57021368,4613
20--4727,6/5/2020,7:30 PM,AVIATION PKWY @ OGILVIE RD (0004114),4114,02 - Intersection related,03 - P.D. only,03 - Rear end,01 - Clear,01 - Daylight,01 - Dry,01 - Traffic signal,01 - Functioning,2,0,0,0,,0,,,,,373110.7174,5032376.586,45.4279868,-75.62701701,4614
20--4728,6/5/2020,7:40 AM,SHEFFIELD RD @ WALKLEY RD (0005156),5156,03 - At intersection,02 - Non-fatal injury,05 - Turning movement,01 - Clear,01 - Daylight,01 - Dry,01 - Traffic signal,01 - Functioning,2,0,0,0,01 - Minimal,2,2,,,,375257.7221,5028784.546,45.39545457,-75.60009598,4615
20--4729,6/5/2020,8:30 AM,CARLING AVE @ FAIRLAWN AVE/WOODROFFE AVE E (0002393),2393,03 - At intersection,03 - P.D. only,02 - Angle,01 - Clear,01 - Daylight,01 - Dry,01 - Traffic signal,01 - Functioning,2,0,0,0,,0,,,,,361934.6841,5025830.528,45.37008852,-75.77058762,4616
20--473,1/11/2020,9:39 PM,HIGHWAY 417 btwn HWY417 IC121B RAMP51 & HWY417 IC121A RAMP51 (__3ZA2YW),__3ZA2YW,01 - Non intersection,03 - P.D. only,07 - SMV other,03 - Snow,07 - Dark,05 - Packed snow,10 - No control,,1,0,0,0,,0,,,,,366985.9532,5029636.84,45.40390676,-75.70562677,4617
20--4730,6/5/2020,8:48 PM,HIGHWAY 417 btwn HWY417 IC96 RAMP61 & HWY417 IC88 RAMP16 (__3ZA27Z),__3ZA27Z,01 - Non intersection,03 - P.D. only,07 - SMV other,02 - Rain,05 - Dusk,02 - Wet,10 - No control,,1,0,0,0,,0,,,,,393886.7865,5022526.522,45.33702973,-75.36333131,4618
20--5097,6/23/2020,5:29 PM,LAURIER AVE @ NICHOLAS ST (0010711),10711,02 - Intersection related,03 - P.D. only,03 - Rear end,01 - Clear,01 - Daylight,01 - Dry,01 - Traffic signal,01 - Functioning,2,0,0,0,,0,,,,,368373.6278,5031798.274,45.42322997,-75.68762337,4619
20--4913,6/15/2020,3:55 PM,KILBORN AVE @ FEATHERSTON DR/ROSEGLEN PRIV (0008972),8972,02 - Intersection related,03 - P.D. only,03 - Rear end,01 - Clear,01 - Daylight,01 - Dry,02 - Stop sign,01 - Functioning,2,0,0,0,,0,,,,,371263.729,5027849.528,45.38743214,-75.65122842,4620
20--4914,6/15/2020,4:21 PM,PLACE D'ORLEANS DR @ OR174 IC102 RAMP51/TRANSI (0008777),8777,02 - Intersection related,03 - P.D. only,03 - Rear end,01 - Clear,01 - Daylight,01 - Dry,01 - Traffic signal,01 - Functioning,2,0,0,0,,0,,,,,381391.7334,5038030.589,45.47799918,-75.52032329,4621