Anom_ID,Accident_Date,Accident_Time,Location,Geo_ID,Accident_Location,Classification_of_Accident,Initial_Impact_Type,Environment_Condition,Light,Road_Surface_Condition,Traffic_Control,Traffic_Control_Condition,No__of_Vehicles,No__of_Bicycles,No__of_Motorcycles,No__of_Pedestrians,Max_Injury,No__of_Injuries,No__of_Minimal,No__of_Minor,No__of_Major,No__of_Fatal,X,Y,Latitude,Longitude,ObjectId
20--4915,6/15/2020,4:50 PM,BASELINE RD @ CENTREPOINTE DR W/COBDEN RD (0002108),2108,03 - At intersection,03 - P.D. only,05 - Turning movement,01 - Clear,01 - Daylight,01 - Dry,01 - Traffic signal,01 - Functioning,2,0,0,0,,0,,,,,361633.677,5023207.52,45.34651134,-75.77473172,4622
20--4916,6/15/2020,5:13 PM,BAYSWATER AVE @ SOMERSET ST (0006486),6486,02 - Intersection related,03 - P.D. only,02 - Angle,01 - Clear,01 - Daylight,01 - Dry,01 - Traffic signal,01 - Functioning,2,0,0,0,,0,,,,,365812.6959,5029911.561,45.40648188,-75.72057875,4623
20--4917,6/15/2020,5:27 AM,DUNROBIN RD btwn DUNROBIN RD & MURPHY SIDE RD (__3ZA3EB),__3ZA3EB,01 - Non intersection,03 - P.D. only,07 - SMV other,01 - Clear,03 - Dawn,02 - Wet,10 - No control,,1,0,0,0,,0,,,,,344769.5964,5028684.72,45.39696049,-75.98948472,4624
20--4918,6/15/2020,5:40 PM,HAWTHORNE RD @ HUNT CLUB RD (0007651),7651,02 - Intersection related,03 - P.D. only,03 - Rear end,01 - Clear,01 - Daylight,01 - Dry,01 - Traffic signal,01 - Functioning,2,0,0,0,,0,,,,,375507.7532,5026406.538,45.37403325,-75.59724355,4625
20--4919,6/15/2020,8:30 AM,EARL ARMSTRONG RD @ RIVER RD (0012470),12470,02 - Intersection related,03 - P.D. only,03 - Rear end,01 - Clear,01 - Daylight,01 - Dry,01 - Traffic signal,01 - Functioning,3,0,0,0,,0,,,,,367572.7184,5014684.391,45.26931505,-75.7000288,4626
20--492,1/12/2020,12:01 AM,VANIER PKWY SB btwn COVENTRY RD & HWY417 IC117 RAMP36 (__3ZA4S4),__3ZA4S4,01 - Non intersection,03 - P.D. only,06 - SMV unattended vehicle,04 - Freezing Rain,07 - Dark,06 - Ice,10 - No control,,1,0,0,0,,0,,,,,370730.0434,5031527.791,45.42057816,-75.65755129,4627
20--4920,6/15/2020,8:37 AM,TRIM RD @ WALL RD (0005000),5000,03 - At intersection,01 - Fatal injury,05 - Turning movement,01 - Clear,01 - Daylight,01 - Dry,02 - Stop sign,00 - Unknown,2,0,1,0,04 - Fatal,2,,1,,1,387628.7829,5034669.531,45.44704788,-75.44112534,4628
20--4921,6/15/2020,8:41 AM,CAMPEAU DR/HWY 417 MARCH IC138R63 @ MARCH RD (0009710),9710,02 - Intersection related,03 - P.D. only,03 - Rear end,01 - Clear,01 - Daylight,01 - Dry,01 - Traffic signal,01 - Functioning,2,0,0,0,,0,,,,,352841.6217,5020476.467,45.32259414,-75.88718733,4629
20--4922,6/15/2020,9:25 AM,ST. JOSEPH BLVD btwn OR174 IC109 RAMP54 & ROCKCLIFFE PKWY (__3ZA2DI),__3ZA2DI,01 - Non intersection,03 - P.D. only,03 - Rear end,01 - Clear,01 - Daylight,01 - Dry,10 - No control,,2,0,0,0,,0,,,,,377021.2373,5035187.069,45.45288088,-75.57663611,4630
20--4923,6/16/2020,1:35 AM,HIGHWAY 417 btwn HWY417 IC124 RAMP67 & HWY417 IC123 RAMP62 (__3ZA2YZ),__3ZA2YZ,01 - Non intersection,03 - P.D. only,07 - SMV other,01 - Clear,07 - Dark,01 - Dry,10 - No control,,1,0,0,0,,0,,,,,364646.6757,5027841.008,45.38795213,-75.73572421,4631
20--4924,6/16/2020,11:24 PM,LAUREL ST btwn IRVING AVE & SPADINA AVE (__3ZAAH9),__3ZAAH9,01 - Non intersection,03 - P.D. only,06 - SMV unattended vehicle,01 - Clear,07 - Dark,01 - Dry,10 - No control,,1,0,0,0,,0,,,,,365799.1328,5029643.586,45.40407189,-75.72078515,4632
20--4925,6/16/2020,11:45 PM,HIGHWAY 417 btwn HWY417 IC180 RAMP61 & HWY417 IC169 RAMP36 (__5DVYB1),__5DVYB1,01 - Non intersection,03 - P.D. only,07 - SMV other,01 - Clear,07 - Dark,01 - Dry,10 - No control,,1,0,0,0,,0,,,,,324542.4962,5025937.824,45.37310499,-76.24794325,4633
20--4926,6/16/2020,11:55 AM,DATA CENTRE RD @ RIVERSIDE DR (0010863),10863,02 - Intersection related,03 - P.D. only,02 - Angle,01 - Clear,01 - Daylight,01 - Dry,01 - Traffic signal,01 - Functioning,2,0,0,0,,0,,,,,368897.9495,5027671.752,45.38605306,-75.68146041,4634
20--4927,6/16/2020,Unknown,ROSEMOUNT AVE btwn WELLINGTON ST W & GLADSTONE AVE (__3ZA05K),__3ZA05K,01 - Non intersection,03 - P.D. only,06 - SMV unattended vehicle,01 - Clear,00 - Unknown,01 - Dry,10 - No control,,1,0,0,0,,0,,,,,365432.5908,5029272.062,45.40076084,-75.72551267,4635
20--4928,6/16/2020,12:15 PM,HAZELDEAN RD @ TERRY FOX DR (0003682),3682,02 - Intersection related,03 - P.D. only,05 - Turning movement,01 - Clear,01 - Daylight,01 - Dry,01 - Traffic signal,01 - Functioning,2,0,0,0,,0,,,,,352207.6165,5017242.454,45.29353683,-75.89558353,4636
20--4929,6/16/2020,12:15 PM,PEMBERTON CRES btwn BATEMAN DR & BATEMAN DR (__3ZABQB),__3ZABQB,01 - Non intersection,03 - P.D. only,06 - SMV unattended vehicle,01 - Clear,01 - Daylight,01 - Dry,10 - No control,,1,0,0,0,,0,,,,,361870.8023,5021010.897,45.32672695,-75.77195929,4637
20--493,1/12/2020,12:10 PM,BASELINE RD btwn NAVAHO DR & COLLEGE SQUARE SC (__3ZAZDQB),__3ZAZDQB,04 - At/near private drive,03 - P.D. only,02 - Angle,03 - Snow,01 - Daylight,03 - Loose snow,10 - No control,,2,0,0,0,,0,,,,,363015.8354,5024054.292,45.35401716,-75.75699545,4638
20--4930,6/16/2020,12:25 PM,WEST HUNT CLUB RD @ ROYDON PL/SUNDERLAND ST (0009775),9775,02 - Intersection related,03 - P.D. only,03 - Rear end,01 - Clear,01 - Daylight,01 - Dry,01 - Traffic signal,01 - Functioning,2,0,0,0,,0,,,,,365973.7042,5022169.497,45.33680627,-75.71948093,4639
20--4931,6/16/2020,12:45 PM,BELVAL CRES btwn BELCOURT BLVD & BELCOURT BLVD (__3ZA6DY),__3ZA6DY,01 - Non intersection,03 - P.D. only,06 - SMV unattended vehicle,01 - Clear,01 - Daylight,01 - Dry,10 - No control,,1,0,0,0,,0,,,,,381731.1556,5036344.217,45.46278932,-75.51624643,4640
20--4932,6/16/2020,12:46 PM,STITTSVILLE MAIN ST/HUNTLEY RD @ FLEWELLYN RD (0004602),4602,03 - At intersection,02 - Non-fatal injury,03 - Rear end,01 - Clear,01 - Daylight,01 - Dry,02 - Stop sign,01 - Functioning,2,0,0,0,01 - Minimal,3,3,,,,351416.5967,5010740.402,45.23508219,-75.90627817,4641
20--4933,6/16/2020,3:28 PM,ALPINE AVE @ CARLING AVE (0011382),11382,03 - At intersection,03 - P.D. only,02 - Angle,01 - Clear,01 - Daylight,01 - Dry,01 - Traffic signal,01 - Functioning,2,0,0,0,,0,,,,,360496.6738,5024942.517,45.362214,-75.7890447,4642
20--4934,6/16/2020,4:25 PM,DATA CENTRE RD btwn HERON RD & RIVERSIDE DR (__5FDU4W),__5FDU4W,01 - Non intersection,03 - P.D. only,03 - Rear end,01 - Clear,01 - Daylight,01 - Dry,10 - No control,,2,0,0,0,,0,,,,,368989.2686,5026923.922,45.37931595,-75.68039161,4643
20--4935,6/16/2020,4:27 PM,MITCH OWENS RD/BRIDGE ST @ RIVER RD (0003573),3573,03 - At intersection,02 - Non-fatal injury,05 - Turning movement,01 - Clear,01 - Daylight,01 - Dry,01 - Traffic signal,01 - Functioning,2,0,0,0,02 - Minor,1,,1,,,369499.7133,5010770.389,45.23392263,-75.67598327,4644
20--4936,6/16/2020,5:41 PM,HIGHWAY 417 btwn HWY417 IC117 RAMP25 & HWY417 IC115 RAMP51 (__3ZA2R3),__3ZA2R3,01 - Non intersection,03 - P.D. only,04 - Sideswipe,01 - Clear,01 - Daylight,01 - Dry,10 - No control,,2,0,0,0,,0,,,,,371913.7016,5031440.753,45.41968249,-75.64244015,4645
20--4937,6/16/2020,6:33 PM,ABBOTT ST @ CRANESBILL RD/ROUNCEY RD (0018110),18110,03 - At intersection,02 - Non-fatal injury,07 - SMV other,01 - Clear,01 - Daylight,01 - Dry,11 - Roundabout,01 - Functioning,1,0,0,0,02 - Minor,2,1,1,,,352720.6724,5016063.277,45.28289149,-75.88915667,4646
20--4938,6/16/2020,6:47 AM,PRINCE OF WALES DR @ STRANDHERD DR (0013339),13339,02 - Intersection related,03 - P.D. only,04 - Sideswipe,01 - Clear,01 - Daylight,01 - Dry,01 - Traffic signal,01 - Functioning,3,0,0,0,,0,,,,,367175.2815,5014824.197,45.27060837,-75.70507565,4647
20--4939,6/16/2020,6:55 PM,MOJAVE CRES btwn HORSESHOE CRES & CHEROKEE WAY (2) (__6NGPAH),__6NGPAH,04 - At/near private drive,03 - P.D. only,02 - Angle,01 - Clear,01 - Daylight,01 - Dry,10 - No control,,2,0,0,0,,0,,,,,349476.9324,5015422.257,45.27733703,-75.9305601,4648
20--494,1/12/2020,12:30 PM,CYRVILLE RD @ OGILVIE RD (0003554),3554,03 - At intersection,03 - P.D. only,05 - Turning movement,04 - Freezing Rain,01 - Daylight,06 - Ice,01 - Traffic signal,01 - Functioning,2,0,0,0,,0,,,,,372453.7209,5032005.567,45.42471241,-75.63546316,4649
20--4940,6/16/2020,7:36 PM,SLACK RD @ WOODROFFE AVE (0000102),102,03 - At intersection,02 - Non-fatal injury,05 - Turning movement,01 - Clear,01 - Daylight,01 - Dry,01 - Traffic signal,01 - Functioning,2,0,0,0,02 - Minor,2,,2,,,364233.6948,5019974.471,45.31720515,-75.74194333,4650
20--4941,6/16/2020,7:45 PM,OTTAWA RIVER PKWY WB btwn TUNNEY'S PASTURE/REMIC RAPIDS ENT & PARKDALE (__3ZA24KB),__3ZA24KB,01 - Non intersection,02 - Non-fatal injury,04 - Sideswipe,01 - Clear,01 - Daylight,01 - Dry,10 - No control,,2,0,0,0,01 - Minimal,1,1,,,,364532.9239,5030458.066,45.41150959,-75.73685981,4651
20--4942,6/16/2020,8:20 PM,GEORGE ST @ DALHOUSIE ST (0008516),8516,02 - Intersection related,03 - P.D. only,05 - Turning movement,01 - Clear,01 - Daylight,01 - Dry,01 - Traffic signal,01 - Functioning,2,0,0,0,,0,,,,,368157.6917,5032315.597,45.42790426,-75.69031589,4652
20--4943,6/16/2020,9:55 PM,ALBION RD @ LESTER RD (0004175),4175,02 - Intersection related,03 - P.D. only,03 - Rear end,01 - Clear,07 - Dark,01 - Dry,01 - Traffic signal,01 - Functioning,2,0,0,0,,0,,,,,372694.7335,5022332.506,45.33765481,-75.63371389,4653
20--4944,6/17/2020,1:05 PM,RIVERSIDE DR @ UPLANDS DR/KIMBERWICK CRES N (0006890),6890,02 - Intersection related,02 - Non-fatal injury,03 - Rear end,01 - Clear,01 - Daylight,01 - Dry,01 - Traffic signal,01 - Functioning,2,0,0,0,01 - Minimal,1,1,,,,368194.7196,5022793.49,45.34222367,-75.69106569,4654
20--4945,6/17/2020,1:45 PM,HIGHWAY 417 btwn HWY417 IC122 RAMP61 & HWY417 IC121B RAMP16 (__3ZA2Y4),__3ZA2Y4,01 - Non intersection,03 - P.D. only,03 - Rear end,01 - Clear,01 - Daylight,01 - Dry,10 - No control,,3,0,0,0,,0,,,,,366018.3232,5029320.274,45.40114367,-75.71802556,4655
20--4946,6/17/2020,1:59 PM,HIGHWAY 417 btwn HWY417 IC122 RAMP61 & HWY417 IC121B RAMP16 (__3ZA2Y4),__3ZA2Y4,01 - Non intersection,03 - P.D. only,04 - Sideswipe,01 - Clear,01 - Daylight,01 - Dry,10 - No control,,2,0,0,0,,0,,,,,365727.9445,5029160.277,45.39972939,-75.72175415,4656
20--4947,6/17/2020,11:30 AM,ABERDEEN ST btwn PRESTON ST & ROCHESTER ST (__3ZA4AN),__3ZA4AN,01 - Non intersection,03 - P.D. only,03 - Rear end,01 - Clear,01 - Daylight,01 - Dry,10 - No control,,2,0,0,0,,0,,,,,366760.1832,5029386.302,45.40167251,-75.708542,4657
20--4948,6/17/2020,11:30 PM,REGIONAL RD 174 WB btwn REGIONAL RD 174 & TRIM RD (__3ZA11L),__3ZA11L,01 - Non intersection,03 - P.D. only,07 - SMV other,"07 - Fog, mist, smoke, dust",07 - Dark,01 - Dry,10 - No control,,1,0,0,0,,0,,,,,384562.1963,5040155.136,45.49675881,-75.47943143,4658
20--4949,6/17/2020,11:36 PM,ELGIN ST @ LAURIER AVE (0002232),2232,02 - Intersection related,03 - P.D. only,99 - Other,01 - Clear,07 - Dark,01 - Dry,01 - Traffic signal,01 - Functioning,2,0,0,0,,0,,,,,367948.7117,5031549.573,45.42103073,-75.6930845,4659
20--495,1/12/2020,12:37 PM,TIMM DR btwn HAANEL DR & MOODIE DR (__3ZABFM),__3ZABFM,01 - Non intersection,03 - P.D. only,07 - SMV other,03 - Snow,01 - Daylight,04 - Slush,10 - No control,,1,0,0,0,,0,,,,,356359.0635,5020866.275,45.32585215,-75.84228159,4660
20--4950,6/17/2020,11:50 AM,BRONSON AVE @ SOMERSET ST (0002218),2218,02 - Intersection related,02 - Non-fatal injury,03 - Rear end,01 - Clear,01 - Daylight,01 - Dry,01 - Traffic signal,01 - Functioning,2,0,0,0,02 - Minor,1,,1,,,366967.695,5030476.574,45.41146407,-75.7057541,4661
20--4951,6/17/2020,12:26 PM,ALTA VISTA DR @ SMYTH RD (0011353),11353,02 - Intersection related,03 - P.D. only,02 - Angle,01 - Clear,01 - Daylight,01 - Dry,01 - Traffic signal,01 - Functioning,2,0,0,0,,0,,,,,370432.7089,5029081.567,45.39859594,-75.66167588,4662
20--4952,6/17/2020,12:35 PM,REGIONAL ROAD 174 EB btwn HWY417 IC113 RAMP65 & OR174 BLAIR IC112 RAMP51 (__3ZAZFJ),__3ZAZFJ,01 - Non intersection,02 - Non-fatal injury,07 - SMV other,01 - Clear,01 - Daylight,01 - Dry,10 - No control,,1,0,1,0,02 - Minor,1,,1,,,374180.3731,5032355.081,45.42768803,-75.61335192,4663
20--4953,6/17/2020,2:06 AM,MEADOWLANDS DR btwn TURN LANE & SULLIVAN AVE (__3ZA3GE),__3ZA3GE,01 - Non intersection,03 - P.D. only,06 - SMV unattended vehicle,01 - Clear,07 - Dark,01 - Dry,10 - No control,,1,0,0,0,,0,,,,,363293.9958,5022858.069,45.34323051,-75.7535871,4664
20--4954,6/17/2020,2:10 PM,BRONSON AVE @ POWELL AVE (0007212),7212,02 - Intersection related,03 - P.D. only,05 - Turning movement,01 - Clear,01 - Daylight,01 - Dry,01 - Traffic signal,01 - Functioning,2,0,0,0,,0,,,,,367387.8783,5029477.208,45.40243462,-75.70051328,4665
20--4955,6/17/2020,2:30 PM,BRONSON AVE @ POWELL AVE (0007212),7212,03 - At intersection,03 - P.D. only,05 - Turning movement,01 - Clear,01 - Daylight,01 - Dry,01 - Traffic signal,01 - Functioning,2,0,0,0,,0,,,,,367387.884,5029477.226,45.40243478,-75.7005132,4666
20--4956,6/17/2020,2:43 PM,HAZELDEAN RD @ SWEETNAM DR (0005271),5271,03 - At intersection,02 - Non-fatal injury,02 - Angle,01 - Clear,01 - Daylight,01 - Dry,02 - Stop sign,00 - Unknown,2,1,0,0,02 - Minor,1,,1,,,350475.5881,5015656.446,45.27938016,-75.91781061,4667
20--4957,6/17/2020,3:00 PM,METCALFE ST @ SOMERSET ST (0002689),2689,03 - At intersection,03 - P.D. only,05 - Turning movement,01 - Clear,01 - Daylight,01 - Dry,01 - Traffic signal,01 - Functioning,2,0,0,0,,0,,,,,368010.7057,5031104.569,45.41702113,-75.69234951,4668
20--4958,6/17/2020,3:10 PM,MERIVALE RD @ 110 S OF BURRIS LANE/LOBLAWS SC (0004606),4606,03 - At intersection,03 - P.D. only,05 - Turning movement,01 - Clear,01 - Daylight,01 - Dry,01 - Traffic signal,01 - Functioning,2,0,0,0,,0,,,,,364814.6898,5024952.53,45.36194773,-75.73392978,4669
20--4959,6/17/2020,3:36 PM,JEANNE D'ARC BLVD @ ORLEANS BLVD S (0004154),4154,03 - At intersection,02 - Non-fatal injury,05 - Turning movement,01 - Clear,01 - Daylight,01 - Dry,01 - Traffic signal,01 - Functioning,3,0,0,0,02 - Minor,2,1,1,,,380940.7381,5036250.58,45.46203345,-75.52636688,4670
20--496,1/12/2020,12:54 PM,HIGHWAY 417 btwn HWY417 IC117 RAMP25 & HWY417 IC115 RAMP51 (__3ZA2R3),__3ZA2R3,01 - Non intersection,03 - P.D. only,04 - Sideswipe,03 - Snow,01 - Daylight,03 - Loose snow,10 - No control,,2,0,0,0,,0,,,,,371599.7855,5031404.473,45.4193861,-75.64645575,4671
20--4960,6/17/2020,3:39 PM,CARP RD @ HAZELDEAN RD (0000086),86,03 - At intersection,02 - Non-fatal injury,05 - Turning movement,01 - Clear,01 - Daylight,01 - Dry,01 - Traffic signal,01 - Functioning,2,0,1,0,02 - Minor,1,,1,,,348804.5703,5014360.436,45.26782478,-75.93922353,4672
20--4961,6/17/2020,3:42 PM,BANK ST @ HERON RD (0002155),2155,02 - Intersection related,03 - P.D. only,03 - Rear end,01 - Clear,01 - Daylight,01 - Dry,01 - Traffic signal,01 - Functioning,3,0,0,0,,0,,,,,369995.7216,5026851.544,45.37857178,-75.66755151,4673
20--4962,6/17/2020,4:04 AM,WOODROFFE AVE btwn GEORGINA DR & HWY417 IC127 RAMP36 (__3ZA4L6),__3ZA4L6,01 - Non intersection,03 - P.D. only,07 - SMV other,01 - Clear,07 - Dark,01 - Dry,10 - No control,,1,0,1,0,,0,,,,,362024.3583,5025085.263,45.36337538,-75.7695292,4674
20--4963,6/17/2020,4:13 PM,MOODIE DR @ TIMM DR (0001106),1106,02 - Intersection related,01 - Fatal injury,07 - SMV other,01 - Clear,01 - Daylight,01 - Dry,01 - Traffic signal,01 - Functioning,1,1,0,0,04 - Fatal,1,,,,1,356815.6525,5021083.477,45.32777287,-75.83643463,4675
20--4964,6/17/2020,4:50 PM,CARLING AVE @ MAITLAND AVE/SHERBOURNE RD (0002641),2641,02 - Intersection related,03 - P.D. only,03 - Rear end,01 - Clear,01 - Daylight,01 - Dry,01 - Traffic signal,01 - Functioning,2,0,0,0,,0,,,,,362942.6963,5026488.531,45.37592625,-75.75764241,4676
20--4965,6/17/2020,5:08 PM,HIGHWAY 417 btwn HWY417 IC127 RAMP25 & HWY417 IC126 RAMP51 (__3ZA2XA),__3ZA2XA,01 - Non intersection,02 - Non-fatal injury,03 - Rear end,01 - Clear,01 - Daylight,01 - Dry,10 - No control,,5,0,0,0,01 - Minimal,1,1,,,,363170.3572,5025835.566,45.37003203,-75.75481308,4677
20--4966,6/17/2020,5:20 AM,GREENBANK RD btwn WEST HUNT CLUB RD & FALLOWFIELD RD (__3ZA1NE),__3ZA1NE,01 - Non intersection,03 - P.D. only,07 - SMV other,01 - Clear,03 - Dawn,01 - Dry,10 - No control,,1,0,0,0,,0,,,,,361877.4804,5019587.858,45.31392191,-75.7720381,4678
20--4967,6/17/2020,5:40 PM,HACKAMORE CRES btwn EQUITATION CIRC & MEYNELL RD (e___2J77),e___2J77,01 - Non intersection,03 - P.D. only,04 - Sideswipe,01 - Clear,01 - Daylight,01 - Dry,10 - No control,,2,0,0,0,,0,,,,,355996.367,5005354.185,45.18629724,-75.84850615,4679
20--4968,6/17/2020,5:45 AM,HIGHWAY 416 btwn HWY416 IC49 RAMP24 & HWY416 IC42 RAMP42 (__3ZA29T),__3ZA29T,01 - Non intersection,03 - P.D. only,07 - SMV other,01 - Clear,01 - Daylight,01 - Dry,10 - No control,,1,0,0,0,,0,,,,,371330.749,4995500.277,45.09635182,-75.6547003,4680
20--4969,6/17/2020,5:55 PM,MOODIE DR @ CORKSTOWN RD (0000577),577,03 - At intersection,02 - Non-fatal injury,02 - Angle,01 - Clear,01 - Daylight,01 - Dry,01 - Traffic signal,01 - Functioning,2,1,0,0,02 - Minor,1,,1,,,356345.651,5022761.499,45.34290655,-75.84225528,4681
20--497,1/12/2020,2:03 PM,BANK ST @ JOHNSTON RD (0006967),6967,03 - At intersection,02 - Non-fatal injury,05 - Turning movement,03 - Snow,01 - Daylight,04 - Slush,01 - Traffic signal,01 - Functioning,2,0,0,0,02 - Minor,1,,1,,,370851.7258,5024839.518,45.36038807,-75.65689186,4682
20--4970,6/17/2020,5:58 AM,SPRATT RD btwn EARL ARMSTRONG RD & RIDEAU RD (__3ZBO76),__3ZBO76,04 - At/near private drive,02 - Non-fatal injury,05 - Turning movement,01 - Clear,01 - Daylight,01 - Dry,10 - No control,,2,0,1,0,01 - Minimal,1,1,,,,368755.7166,5014064.191,45.26362797,-75.68503413,4683
20--4971,6/17/2020,6:53 AM,HIGHWAY 417 btwn HWY417 IC122 RAMP16 & HWY417 IC122 RAMP61 (__3ZA2RA),__3ZA2RA,01 - Non intersection,03 - P.D. only,03 - Rear end,01 - Clear,01 - Daylight,01 - Dry,10 - No control,,3,0,0,0,,0,,,,,365422.1969,5028955.69,45.3979151,-75.72568431,4684
20--4972,6/17/2020,7:29 AM,BRITTANY DR @ MONTREAL RD (0007685),7685,02 - Intersection related,03 - P.D. only,03 - Rear end,01 - Clear,01 - Daylight,01 - Dry,01 - Traffic signal,01 - Functioning,2,0,0,0,,0,,,,,371912.7096,5033994.588,45.4426608,-75.64210475,4685
20--4973,6/17/2020,7:30 AM,KNOXDALE RD @ SKIPTON RD (0000641),641,03 - At intersection,02 - Non-fatal injury,07 - SMV other,01 - Clear,01 - Daylight,01 - Dry,01 - Traffic signal,00 - Unknown,1,0,0,1,01 - Minimal,1,1,,,,362126.6716,5021087.484,45.32739522,-75.76868662,4686
20--4974,6/17/2020,7:33 PM,LONGFIELDS DR @ WOODROFFE AVE (0000096),96,02 - Intersection related,03 - P.D. only,03 - Rear end,01 - Clear,01 - Daylight,01 - Dry,01 - Traffic signal,01 - Functioning,2,0,0,0,,0,,,,,365421.1706,5017106.933,45.29130174,-75.72714953,4687
20--4975,6/17/2020,8:00 PM,MONTREAL RD @ STE. ANNE ST (0009798),9798,03 - At intersection,03 - P.D. only,02 - Angle,01 - Clear,01 - Daylight,01 - Dry,02 - Stop sign,01 - Functioning,2,0,0,0,,0,,,,,370706.7026,5033416.603,45.43757509,-75.65759672,4688
20--4976,6/17/2020,9:08 PM,DOWNEY RD @ MITCH OWENS RD (0004195),4195,03 - At intersection,02 - Non-fatal injury,03 - Rear end,01 - Clear,05 - Dusk,01 - Dry,02 - Stop sign,00 - Unknown,2,0,0,0,01 - Minimal,2,2,,,,372637.7185,5012717.437,45.25114649,-75.63575644,4689
20--4977,6/17/2020,9:30 AM,EAGLESON RD btwn EAGLESON BUSINESS CENTRE & MICHAEL COWPLAND DR/STONEH (__3ZA41JB),__3ZA41JB,01 - Non intersection,03 - P.D. only,04 - Sideswipe,01 - Clear,01 - Daylight,01 - Dry,10 - No control,,3,0,0,0,,0,,,,,354328.1363,5016762.918,45.2890756,-75.86859776,4690
20--4978,6/17/2020,9:32 AM,CARP RD @ HWY 417 CARP IC144R51 (0001683),1683,02 - Intersection related,03 - P.D. only,04 - Sideswipe,01 - Clear,01 - Daylight,01 - Dry,02 - Stop sign,01 - Functioning,2,0,0,0,,0,,,,,347517.5539,5015685.46,45.2798272,-75.95550999,4691
20--4979,6/18/2020,10:33 PM,FRANKTOWN RD btwn CONLEY RD & JOY'S RD (__3ZA42P),__3ZA42P,01 - Non intersection,03 - P.D. only,07 - SMV other,01 - Clear,07 - Dark,01 - Dry,10 - No control,,1,0,0,0,,0,,,,,353324.265,5003071.524,45.16594578,-75.88272962,4692
20--498,1/12/2020,2:13 AM,BY WARD MARKET SQ btwn CLARENCE ST & YORK ST (__3ZA81U),__3ZA81U,01 - Non intersection,03 - P.D. only,04 - Sideswipe,03 - Snow,07 - Dark,03 - Loose snow,10 - No control,,2,0,0,0,,0,,,,,367926.6758,5032345.621,45.42819529,-75.69326403,4693
20--4980,6/18/2020,10:41 AM,BASELINE RD @ WOODROFFE AVE (0002225),2225,02 - Intersection related,03 - P.D. only,03 - Rear end,01 - Clear,01 - Daylight,01 - Dry,01 - Traffic signal,01 - Functioning,2,0,0,0,,0,,,,,362549.7024,5023770.501,45.35150218,-75.76297733,4694
20--5367,7/6/2020,11:05 AM,CUMBERLAND ST @ MURRAY ST (0008237),8237,02 - Intersection related,03 - P.D. only,05 - Turning movement,01 - Clear,01 - Daylight,01 - Dry,01 - Traffic signal,01 - Functioning,2,0,0,0,,0,,,,,368170.6978,5032679.585,45.43117811,-75.69010286,4695
20--4737,6/6/2020,12:00 PM,MERIVALE RD/LOTTA AVE @ CLYDE AVE (0001112),1112,03 - At intersection,03 - P.D. only,02 - Angle,01 - Clear,01 - Daylight,01 - Dry,01 - Traffic signal,01 - Functioning,2,0,0,0,,0,,,,,364521.7032,5024507.52,45.35796861,-75.73772311,4696
20--5098,6/23/2020,8:45 AM,HIGHWAY 417 btwn HWY417 IC169 RAMP35 & HWY417 IC169 RAMP25 (__5SO7MP),__5SO7MP,01 - Non intersection,03 - P.D. only,07 - SMV other,01 - Clear,01 - Daylight,01 - Dry,10 - No control,,1,0,0,0,,0,,,,,325814.3807,5024548.875,45.36056948,-76.23176408,4697
20--4981,6/18/2020,11:00 PM,LEITRIM RD btwn RAMSAYVILLE RD & ANDERSON RD (__3ZA2BA),__3ZA2BA,01 - Non intersection,03 - P.D. only,07 - SMV other,01 - Clear,07 - Dark,01 - Dry,10 - No control,,1,0,0,0,,0,,,,,378900.1583,5023973.341,45.35179023,-75.55430189,4698
20--4982,6/18/2020,11:10 PM,OR174 IC109 RAMP55 btwn REGIONAL ROAD 174 & ST. JOSEPH BLVD (__3ZAY59),__3ZAY59,01 - Non intersection,03 - P.D. only,07 - SMV other,01 - Clear,07 - Dark,01 - Dry,10 - No control,,1,0,0,0,,0,,,,,376567.7042,5034955.942,45.45084807,-75.5824676,4699
20--4983,6/18/2020,11:47 AM,LEEDS AVE @ SHEFFIELD RD (0007680),7680,02 - Intersection related,03 - P.D. only,05 - Turning movement,01 - Clear,01 - Daylight,01 - Dry,03 - Yield sign,01 - Functioning,2,0,0,0,,0,,,,,374862.7343,5029550.548,45.40238631,-75.60503143,4700
20--4984,6/18/2020,11:47 PM,CAMBRIAN RD @ TWIN ELM RD N (0000847),847,03 - At intersection,02 - Non-fatal injury,07 - SMV other,01 - Clear,07 - Dark,01 - Dry,02 - Stop sign,01 - Functioning,1,0,0,0,02 - Minor,1,,1,,,359362.6442,5009763.379,45.22571983,-75.80518917,4701
20--4985,6/18/2020,11:55 AM,MERIVALE RD @ ROSSLAND AVE (0001757),1757,02 - Intersection related,02 - Non-fatal injury,03 - Rear end,01 - Clear,01 - Daylight,01 - Dry,02 - Stop sign,00 - Unknown,2,0,0,0,01 - Minimal,1,1,,,,364673.6948,5024151.506,45.35475229,-75.7358264,4702
20--4986,6/18/2020,12:00 PM,MERIVALE RD @ CLEOPATRA DR (0000112),112,02 - Intersection related,03 - P.D. only,03 - Rear end,01 - Clear,01 - Daylight,01 - Dry,01 - Traffic signal,01 - Functioning,2,0,0,0,,0,,,,,365950.7043,5021122.496,45.3273875,-75.71990371,4703