Anom_ID,Accident_Date,Accident_Time,Location,Geo_ID,Accident_Location,Classification_of_Accident,Initial_Impact_Type,Environment_Condition,Light,Road_Surface_Condition,Traffic_Control,Traffic_Control_Condition,No__of_Vehicles,No__of_Bicycles,No__of_Motorcycles,No__of_Pedestrians,Max_Injury,No__of_Injuries,No__of_Minimal,No__of_Minor,No__of_Major,No__of_Fatal,X,Y,Latitude,Longitude,ObjectId
20--4987,6/18/2020,12:01 PM,BOYER RD @ ST. JOSEPH BLVD (0003643),3643,02 - Intersection related,03 - P.D. only,02 - Angle,01 - Clear,01 - Daylight,01 - Dry,02 - Stop sign,00 - Unknown,2,0,0,0,,0,,,,,380405.7402,5036833.577,45.4673369,-75.5331174,4704
20--4988,6/18/2020,12:38 PM,CALDWELL AVE @ MERIVALE RD (0011432),11432,03 - At intersection,02 - Non-fatal injury,05 - Turning movement,01 - Clear,01 - Daylight,01 - Dry,01 - Traffic signal,01 - Functioning,2,0,0,0,02 - Minor,1,,1,,,364907.3973,5026230.422,45.37343805,-75.73259103,4705
20--4989,6/18/2020,2:15 PM,CLARENCE ST @ ROCKWOOD ST (0008610),8610,03 - At intersection,02 - Non-fatal injury,02 - Angle,01 - Clear,01 - Daylight,01 - Dry,02 - Stop sign,01 - Functioning,3,0,0,0,02 - Minor,2,1,1,,,369126.6764,5033163.605,45.43544586,-75.67782317,4706
20--499,1/12/2020,2:20 PM,HOLLAND AVE @ WELLINGTON ST (0002364),2364,03 - At intersection,02 - Non-fatal injury,07 - SMV other,03 - Snow,01 - Daylight,04 - Slush,01 - Traffic signal,01 - Functioning,1,0,0,1,01 - Minimal,1,1,,,,364929.6757,5029153.552,45.39973789,-75.7319505,4707
20--4990,6/18/2020,2:19 PM,HIGHWAY 417 btwn HWY417 IC122 RAMP61 & HWY417 IC121B RAMP16 (__3ZA2Y4),__3ZA2Y4,01 - Non intersection,03 - P.D. only,03 - Rear end,01 - Clear,01 - Daylight,01 - Dry,10 - No control,,2,0,0,0,,0,,,,,365733.4244,5029163.41,45.3997571,-75.72168377,4708
20--4991,6/18/2020,3:02 PM,SOMERSET ST    W btwn PRESTON ST & ROCHESTER ST (__3ZA321),__3ZA321,04 - At/near private drive,03 - P.D. only,99 - Other,01 - Clear,01 - Daylight,01 - Dry,10 - No control,,2,0,0,1,,0,,,,,366356.6913,5030148.683,45.40856781,-75.7136004,4709
20--4992,6/18/2020,3:45 PM,BOURASSA ST @ ST. LAURENT BLVD (0007731),7731,02 - Intersection related,03 - P.D. only,04 - Sideswipe,01 - Clear,01 - Daylight,01 - Dry,01 - Traffic signal,01 - Functioning,2,0,0,0,,0,,,,,373236.734,5029693.548,45.4038338,-75.62577936,4710
20--4993,6/18/2020,4:00 PM,JOCKVALE RD/RIDEAU VALLEY DR @ PRINCE OF WALES (0004638),4638,02 - Intersection related,03 - P.D. only,03 - Rear end,01 - Clear,01 - Daylight,01 - Dry,01 - Traffic signal,01 - Functioning,2,0,0,0,,0,,,,,366709.6999,5012195.392,45.24699563,-75.7113361,4711
20--4994,6/18/2020,4:15 PM,JEANNE D'ARC BLVD @ ORLEANS BLVD N (0003792),3792,02 - Intersection related,03 - P.D. only,03 - Rear end,01 - Clear,01 - Daylight,01 - Dry,01 - Traffic signal,01 - Functioning,2,0,0,0,,0,,,,,380028.7204,5038105.584,45.47882211,-75.53774346,4712
20--4995,6/18/2020,4:22 PM,CROSSKEYS PL/HELENE CAMPBELL RD @ STRANDHERD DR (0015337),15337,03 - At intersection,03 - P.D. only,02 - Angle,01 - Clear,01 - Daylight,01 - Dry,01 - Traffic signal,01 - Functioning,2,0,0,0,,0,,,,,360982.3112,5014901.733,45.27182808,-75.78398493,4713
20--4996,6/18/2020,4:45 PM,MONTREAL RD @ ST. LAURENT BLVD (0002604),2604,03 - At intersection,03 - P.D. only,02 - Angle,01 - Clear,01 - Daylight,01 - Dry,01 - Traffic signal,01 - Functioning,2,0,0,0,,0,,,,,371545.7105,5033817.595,45.44110344,-75.64681954,4714
20--4997,6/18/2020,7:01 AM,OLD PRESCOTT RD btwn CHRIS TIERNEY PRIV & BREANNA CARDILL ST (__673W91),__673W91,01 - Non intersection,02 - Non-fatal injury,07 - SMV other,01 - Clear,01 - Daylight,08 - Loose sand or gravel,10 - No control,,1,0,0,0,02 - Minor,1,,1,,,378556.9459,5009568.344,45.22221661,-75.56082294,4715
20--4998,6/18/2020,7:42 PM,PROVENCE AVE @ GRAPEFERN TER (0013181),13181,03 - At intersection,02 - Non-fatal injury,02 - Angle,01 - Clear,01 - Daylight,01 - Dry,99 - Other,01 - Functioning,2,1,0,0,02 - Minor,1,,1,,,386302.9545,5036194.328,45.46092236,-75.45781907,4716
20--4999,6/18/2020,8:02 PM,HAZELDEAN RD btwn 246 E OF CASTLEFRANK RD & IRWIN GT (__3ZA41NB),__3ZA41NB,04 - At/near private drive,03 - P.D. only,05 - Turning movement,01 - Clear,01 - Daylight,01 - Dry,10 - No control,,2,0,0,0,,0,,,,,352976.2661,5017945.838,45.29981377,-75.88571597,4717
20--50,1/2/2020,7:02 PM,RICHMOND RD btwn EDGEWORTH AVE/MCEWEN AVE & REGINA LANE (__3ZA4L9),__3ZA4L9,01 - Non intersection,02 - Non-fatal injury,07 - SMV other,01 - Clear,07 - Dark,02 - Wet,10 - No control,,1,0,0,1,02 - Minor,1,,1,,,361017.3468,5025822.212,45.37008788,-75.78229886,4718
20--500,1/12/2020,2:45 PM,CASTLEFRANK RD @ HAZELDEAN RD (0003608),3608,03 - At intersection,03 - P.D. only,02 - Angle,04 - Freezing Rain,01 - Daylight,04 - Slush,01 - Traffic signal,01 - Functioning,2,0,0,0,,0,,,,,352677.8655,5017676.775,45.29741308,-75.88954656,4719
20--5000,6/18/2020,8:52 AM,INNES RD @ ORLEANS BLVD (0003611),3611,02 - Intersection related,03 - P.D. only,04 - Sideswipe,01 - Clear,01 - Daylight,01 - Dry,01 - Traffic signal,01 - Functioning,2,0,0,0,,0,,,,,380460.7935,5034296.405,45.44450344,-75.5328038,4720
20--5099,6/23/2020,9:07 AM,MARCH RD btwn CORKERY RD & GREY FOX DR (__3ZA2LC),__3ZA2LC,01 - Non intersection,03 - P.D. only,07 - SMV other,01 - Clear,01 - Daylight,01 - Dry,10 - No control,,1,0,0,0,,0,,,,,336288.1846,5016418.794,45.28701881,-76.09859201,4721
20--51,1/2/2020,7:06 AM,UPPER DWYER HILL RD btwn MARCH RD & OLD ALMONTE RD (__3ZA4QB),__3ZA4QB,01 - Non intersection,03 - P.D. only,07 - SMV other,01 - Clear,03 - Dawn,03 - Loose snow,10 - No control,,1,0,0,0,,0,,,,,335581.0995,5012636.457,45.25301444,-76.1078401,4722
20--510,1/12/2020,7:39 AM,HIGHWAY 417 btwn HWY417 IC113 RAMP62 & HWY417 IC113 RAMP65 (__3ZA288),__3ZA288,01 - Non intersection,03 - P.D. only,07 - SMV other,04 - Freezing Rain,03 - Dawn,06 - Ice,10 - No control,,1,0,0,0,,0,,,,,373941.8612,5031801.878,45.42273421,-75.61647727,4723
20--5100,6/23/2020,9:55 AM,AVIATION PKWY @ OGILVIE RD (0004114),4114,03 - At intersection,03 - P.D. only,04 - Sideswipe,01 - Clear,01 - Daylight,01 - Dry,01 - Traffic signal,01 - Functioning,2,0,0,0,,0,,,,,373110.7086,5032376.588,45.42798682,-75.62701713,4724
20--5101,6/23/2020,9:55 AM,PALLADIUM DR @ SILVER SEVEN RD (0011839),11839,02 - Intersection related,03 - P.D. only,99 - Other,01 - Clear,01 - Daylight,01 - Dry,01 - Traffic signal,01 - Functioning,2,0,0,0,,0,,,,,351051.6001,5017887.444,45.29941767,-75.91026104,4725
20--5102,6/24/2020,1:07 AM,DOWNEY RD @ RIDEAU RD (0004454),4454,03 - At intersection,03 - P.D. only,02 - Angle,02 - Rain,07 - Dark,02 - Wet,02 - Stop sign,01 - Functioning,2,0,0,0,,0,,,,,371850.7258,5014592.433,45.26809278,-75.64552847,4726
20--5103,6/24/2020,1:30 PM,PRESTON ST @ PRINCE OF WALES DR/QUEEN ELIZABET (0006904),6904,02 - Intersection related,03 - P.D. only,03 - Rear end,01 - Clear,01 - Daylight,01 - Dry,01 - Traffic signal,01 - Functioning,2,0,0,0,,0,,,,,366900.7109,5028776.551,45.39617368,-75.70682389,4727
20--5104,6/24/2020,1:33 PM,TORMEY ST btwn COBOURG ST & BRIGADIER PRIV (__3ZA7CR),__3ZA7CR,04 - At/near private drive,02 - Non-fatal injury,07 - SMV other,01 - Clear,01 - Daylight,01 - Dry,10 - No control,,1,0,0,1,01 - Minimal,1,1,,,,369190.075,5032921.356,45.43326036,-75.67704463,4728
20--5105,6/24/2020,10:35 PM,KLONDIKE RD btwn MARCONI AVE & MARCH VALLEY RD (__3ZACV0),__3ZACV0,01 - Non intersection,03 - P.D. only,06 - SMV unattended vehicle,01 - Clear,07 - Dark,01 - Dry,10 - No control,,1,0,0,0,,0,,,,,349849.1717,5024604.847,45.35994069,-75.92498072,4729
20--5106,6/24/2020,11:53 AM,GREENBANK RD @ BERRIGAN DR/WESSEX RD (0004726),4726,03 - At intersection,03 - P.D. only,05 - Turning movement,01 - Clear,01 - Daylight,01 - Dry,01 - Traffic signal,01 - Functioning,2,0,0,0,,0,,,,,363723.6703,5015276.423,45.27497519,-75.74900617,4730
20--5107,6/24/2020,Unknown,MCEWEN AVE btwn AMBLESIDE DR & END (__3ZAZ44),__3ZAZ44,01 - Non intersection,03 - P.D. only,06 - SMV unattended vehicle,01 - Clear,00 - Unknown,01 - Dry,10 - No control,,1,0,0,0,,0,,,,,360925.4828,5026130.91,45.37287289,-75.78343648,4731
20--5108,6/24/2020,Unknown,DRUMMOND ST btwn HAZEL ST & END (__3ZA966),__3ZA966,01 - Non intersection,03 - P.D. only,06 - SMV unattended vehicle,01 - Clear,00 - Unknown,01 - Dry,10 - No control,,1,0,0,0,,0,,,,,369019.186,5030115.854,45.40803319,-75.67959418,4732
20--5109,6/24/2020,12:19 PM,GREENBANK RD btwn BATEMAN DR/BELLMAN DR & GREENBANK SQUARE SC (__3ZA4YOA),__3ZA4YOA,01 - Non intersection,03 - P.D. only,03 - Rear end,01 - Clear,01 - Daylight,01 - Dry,10 - No control,,4,0,0,0,,0,,,,,361336.6279,5020829.972,45.32514221,-75.77879376,4733
20--511,1/12/2020,7:47 AM,HIGHWAY 417 btwn HWY417 IC122 RAMP61 & HWY417 IC121B RAMP16 (__3ZA2Y4),__3ZA2Y4,01 - Non intersection,03 - P.D. only,04 - Sideswipe,02 - Rain,03 - Dawn,03 - Loose snow,10 - No control,,2,0,0,0,,0,,,,,365825.4234,5029216.886,45.40023025,-75.72050214,4734
20--5110,6/24/2020,12:30 PM,BLUE WILLOW CRES btwn DES GRANDS CHAMPS & LONGWATER ST (__30XHQS),__30XHQS,04 - At/near private drive,03 - P.D. only,06 - SMV unattended vehicle,01 - Clear,01 - Daylight,01 - Dry,10 - No control,,1,0,0,0,,0,,,,,380789.1198,5033263.594,45.43517538,-75.52876676,4735
20--5111,6/24/2020,3:30 PM,HIGHWAY 417 btwn HWY417 IC122 RAMP61 & HWY417 IC121B RAMP16 (__3ZA2Y4),__3ZA2Y4,01 - Non intersection,03 - P.D. only,03 - Rear end,01 - Clear,01 - Daylight,01 - Dry,10 - No control,,2,0,0,0,,0,,,,,365948.377,5029289.884,45.40087634,-75.71892271,4736
20--5112,6/24/2020,3:54 PM,KING EDWARD AVE @ MURRAY ST (0002713),2713,02 - Intersection related,03 - P.D. only,04 - Sideswipe,01 - Clear,01 - Daylight,01 - Dry,01 - Traffic signal,01 - Functioning,2,0,0,0,,0,,,,,368291.7037,5032753.58,45.43183292,-75.68854698,4737
20--5113,6/24/2020,3:55 PM,WEST HUNT CLUB RD @ ROYDON PL/SUNDERLAND ST (0009775),9775,03 - At intersection,02 - Non-fatal injury,02 - Angle,01 - Clear,01 - Daylight,01 - Dry,01 - Traffic signal,01 - Functioning,3,0,0,0,02 - Minor,2,1,1,,,365973.7094,5022169.494,45.33680624,-75.71948086,4738
20--5114,6/24/2020,4:00 PM,HIGHLAND AVE btwn KENWOOD AVE & PRINCETON AVE (__3ZA07V),__3ZA07V,04 - At/near private drive,03 - P.D. only,06 - SMV unattended vehicle,01 - Clear,01 - Daylight,01 - Dry,10 - No control,,1,0,0,0,,0,,,,,362860.8386,5027637.699,45.3862731,-75.75855232,4739
20--5115,6/24/2020,4:26 PM,BANK ST btwn CECIL AVE & HERON RD (__3ZA3AC),__3ZA3AC,01 - Non intersection,03 - P.D. only,04 - Sideswipe,01 - Clear,01 - Daylight,01 - Dry,10 - No control,,2,0,0,0,,0,,,,,369978.4105,5026898.37,45.37899472,-75.66776634,4740
20--5116,6/24/2020,4:30 PM,INDIAN CREEK RD @ SAUMURE RD (0012911),12911,02 - Intersection related,03 - P.D. only,03 - Rear end,01 - Clear,01 - Daylight,01 - Dry,02 - Stop sign,01 - Functioning,2,0,0,0,,0,,,,,401821.9178,5025206.439,45.36008746,-75.26158311,4741
20--5117,6/24/2020,5:04 PM,EAGLESON RD @ 300 N OF MICHAEL COWPLAND/EAGLES (0012143),12143,02 - Intersection related,02 - Non-fatal injury,03 - Rear end,01 - Clear,01 - Daylight,01 - Dry,01 - Traffic signal,01 - Functioning,4,0,0,0,02 - Minor,2,1,1,,,354273.2115,5016903.494,45.2903444,-75.8692839,4742
20--5118,6/24/2020,5:25 PM,BOUNDARY RD @ CARTWRIGHT RD (0001648),1648,02 - Intersection related,03 - P.D. only,03 - Rear end,01 - Clear,01 - Daylight,01 - Dry,02 - Stop sign,00 - Unknown,2,0,0,0,,0,,,,,390896.8375,5014589.417,45.2659921,-75.4028516,4743
20--5119,6/24/2020,5:30 PM,FLAMBOROUGH WAY btwn WOLISTON CRES & WOLISTON CRES (__4OELN0),__4OELN0,01 - Non intersection,03 - P.D. only,05 - Turning movement,01 - Clear,01 - Daylight,01 - Dry,10 - No control,,2,0,0,0,,0,,,,,348967.0249,5024007.128,45.35461841,-75.93629352,4744
20--512,1/12/2020,8:20 AM,HIGHWAY 417 btwn HWY417 IC115 RAMP61 & REGIONAL ROAD 174 (__3ZA2XG),__3ZA2XG,01 - Non intersection,03 - P.D. only,07 - SMV other,04 - Freezing Rain,01 - Daylight,06 - Ice,10 - No control,,1,0,0,0,,0,,,,,373253.4244,5031717.29,45.42204083,-75.62528511,4745
20--5120,6/24/2020,6:07 AM,DUNROBIN RD btwn KILMAURS SIDE RD & CONSTANCE BAY RD (__3ZA4EA),__3ZA4EA,01 - Non intersection,03 - P.D. only,07 - SMV other,01 - Clear,01 - Daylight,01 - Dry,10 - No control,,1,0,0,0,,0,,,,,336189.3016,5037810.638,45.47951558,-76.09849226,4746
20--5121,6/24/2020,6:30 AM,HIGHWAY 417 btwn HWY417 IC123 RAMP62 & HWY417 IC122 RAMP16 (__3ZA2R9),__3ZA2R9,01 - Non intersection,03 - P.D. only,04 - Sideswipe,01 - Clear,01 - Daylight,01 - Dry,10 - No control,,2,0,0,0,,0,,,,,365026.935,5028529.318,45.39411281,-75.73078451,4747
20--5122,6/24/2020,6:32 PM,TRIM RD @ SPRINGRIDGE DR N (0013165),13165,03 - At intersection,02 - Non-fatal injury,05 - Turning movement,01 - Clear,01 - Daylight,01 - Dry,02 - Stop sign,00 - Unknown,2,0,1,0,03 - Major,2,,1,1,,385392.2197,5038359.155,45.48050501,-75.46910771,4748
20--5123,6/24/2020,6:47 AM,BOUNDARY RD @ INDCUM RD (0009366),9366,03 - At intersection,03 - P.D. only,02 - Angle,01 - Clear,01 - Daylight,01 - Dry,02 - Stop sign,01 - Functioning,2,0,0,0,,0,,,,,387908.4955,5022577.394,45.33822102,-75.43958688,4749
20--5124,6/24/2020,7:30 AM,HIGHWAY 417 btwn HWY417 IC104 RAMP15 & HWY417 IC96 RAMP51 (__3ZA2W4),__3ZA2W4,01 - Non intersection,02 - Non-fatal injury,04 - Sideswipe,01 - Clear,01 - Daylight,01 - Dry,10 - No control,,3,0,0,0,02 - Minor,1,,1,,,380739.2423,5025754.356,45.36761794,-75.53056041,4750
20--5125,6/24/2020,7:51 AM,KING EDWARD AVE @ ST. PATRICK ST (0002714),2714,02 - Intersection related,03 - P.D. only,03 - Rear end,01 - Clear,01 - Daylight,01 - Dry,01 - Traffic signal,01 - Functioning,3,0,0,0,,0,,,,,368248.6996,5032823.589,45.43246674,-75.68908751,4751
20--5126,6/24/2020,8:44 AM,BASELINE RD/HWY 416 RICHMOND IC75R53 @ RICHMON (0000148),148,02 - Intersection related,02 - Non-fatal injury,03 - Rear end,01 - Clear,01 - Daylight,01 - Dry,01 - Traffic signal,01 - Functioning,2,0,0,0,02 - Minor,1,,1,,,358635.6635,5021821.479,45.33427621,-75.81313808,4752
20--5127,6/24/2020,9:10 PM,HIGHWAY 417 btwn HWY417 IC127 RAMP25 & HWY417 IC126 RAMP51 (__3ZA2XA),__3ZA2XA,01 - Non intersection,03 - P.D. only,03 - Rear end,01 - Clear,05 - Dusk,01 - Dry,10 - No control,,2,0,0,0,,0,,,,,362425.7339,5025062.208,45.36313505,-75.76440874,4753
20--5128,6/24/2020,9:13 PM,HUNT CLUB RD btwn PAUL ANKA DR & GIBFORD DR (__3ZAZYD),__3ZAZYD,01 - Non intersection,03 - P.D. only,03 - Rear end,01 - Clear,05 - Dusk,01 - Dry,10 - No control,,2,0,0,0,,0,,,,,369897.9212,5022968.487,45.34364227,-75.6693116,4754
20--5129,6/24/2020,9:30 PM,JAMIE AVE @ SUNDERLAND ST (0004576),4576,03 - At intersection,03 - P.D. only,02 - Angle,01 - Clear,07 - Dark,01 - Dry,02 - Stop sign,01 - Functioning,2,0,0,0,,0,,,,,366064.6983,5022022.504,45.33547571,-75.71833823,4755
20--513,1/12/2020,9:45 AM,ALTA VISTA DR @ RANDALL AVE (0008072),8072,02 - Intersection related,02 - Non-fatal injury,03 - Rear end,03 - Snow,01 - Daylight,03 - Loose snow,01 - Traffic signal,01 - Functioning,2,0,0,0,02 - Minor,2,1,1,,,370408.7112,5027366.537,45.38316696,-75.6622104,4756
20--5130,6/25/2020,1:07 AM,HAWTHORNE RD btwn BLAIS RD & RIDEAU RD (__3ZA6GZ),__3ZA6GZ,01 - Non intersection,03 - P.D. only,07 - SMV other,01 - Clear,07 - Dark,01 - Dry,10 - No control,,1,0,0,0,,0,,,,,377991.4681,5020446.631,45.32015409,-75.56641902,4757
20--5131,6/25/2020,1:30 PM,FERNBANK RD @ LIARD ST (0000296),296,03 - At intersection,03 - P.D. only,07 - SMV other,01 - Clear,01 - Daylight,01 - Dry,02 - Stop sign,01 - Functioning,1,0,1,0,,0,,,,,351492.5758,5012637.409,45.2521471,-75.9051324,4758
20--5132,6/25/2020,1:38 PM,DUMAURIER AVE @ PINECREST RD (0002743),2743,02 - Intersection related,03 - P.D. only,03 - Rear end,01 - Clear,01 - Daylight,01 - Dry,01 - Traffic signal,01 - Functioning,2,0,0,0,,0,,,,,360321.6855,5023834.494,45.35225792,-75.79140267,4759
20--5133,6/25/2020,10:00 AM,FALLOWFIELD RD @ WOODROFFE AVE (0010372),10372,02 - Intersection related,03 - P.D. only,03 - Rear end,01 - Clear,01 - Daylight,01 - Dry,01 - Traffic signal,01 - Functioning,2,0,0,0,,0,,,,,365085.1502,5017903.196,45.29849538,-75.73133623,4760
20--5134,6/25/2020,10:30 PM,HERON RD WB btwn BRONSON AVE RAMP 26 & BRONSON AVE RAMP 62 (__5FD69N),__5FD69N,01 - Non intersection,03 - P.D. only,99 - Other,01 - Clear,07 - Dark,01 - Dry,10 - No control,,2,0,0,0,,0,,,,,368753.8253,5026718.919,45.37749292,-75.68342414,4761
20--5135,6/25/2020,11:43 AM,HAWTHORNE RD/RUSSELL RD @ WALKLEY RD (0002618),2618,02 - Intersection related,03 - P.D. only,03 - Rear end,01 - Clear,01 - Daylight,01 - Dry,01 - Traffic signal,01 - Functioning,3,0,0,0,,0,,,,,374674.741,5028499.545,45.39294869,-75.60758141,4762
20--5136,6/25/2020,2:37 PM,ST. JOSEPH BLVD @ JEANNE D'ARC BLVD (0012421),12421,03 - At intersection,03 - P.D. only,04 - Sideswipe,01 - Clear,01 - Daylight,01 - Dry,11 - Roundabout,01 - Functioning,2,0,0,0,,0,,,,,379860.7421,5036471.577,45.46413868,-75.54014139,4763
20--5137,6/25/2020,2:40 PM,CYRVILLE RD @ INNES RD (0009352),9352,02 - Intersection related,03 - P.D. only,03 - Rear end,01 - Clear,01 - Daylight,01 - Dry,01 - Traffic signal,00 - Unknown,2,0,0,0,,0,,,,,375047.7252,5031119.556,45.41648487,-75.60244511,4764
20--5138,6/25/2020,2:55 PM,OAKFIELD CRES btwn DEERCROFT AVE & CLARIDGE DR (__4VGUN3),__4VGUN3,01 - Non intersection,03 - P.D. only,06 - SMV unattended vehicle,01 - Clear,01 - Daylight,01 - Dry,10 - No control,,1,0,0,0,,0,,,,,364730.5643,5015348.822,45.27554153,-75.73616551,4765
20--5139,6/25/2020,3:24 PM,BASELINE RD @ CLYDE AVE (0002343),2343,02 - Intersection related,03 - P.D. only,03 - Rear end,01 - Clear,01 - Daylight,01 - Dry,01 - Traffic signal,01 - Functioning,2,0,0,0,,0,,,,,364358.7133,5024890.518,45.36142864,-75.73975714,4766
20--514,1/12/2020,9:47 PM,BARNSDALE RD S @ MOODIE DR (0010279),10279,02 - Intersection related,03 - P.D. only,07 - SMV other,01 - Clear,07 - Dark,06 - Ice,02 - Stop sign,01 - Functioning,1,0,0,0,,0,,,,,361949.661,5008824.378,45.21706541,-75.77235601,4767
20--5140,6/25/2020,3:40 PM,WOODROFFE AVE btwn FOX CRES & GEORGINA DR (__3ZA4MF),__3ZA4MF,01 - Non intersection,03 - P.D. only,03 - Rear end,01 - Clear,01 - Daylight,01 - Dry,10 - No control,,3,0,0,0,,0,,,,,361813.3986,5025603.126,45.36805226,-75.77216214,4768
20--5141,6/25/2020,3:41 PM,TERRY FOX DR @ PALLADIUM DR/KATIMAVIK RD (0011858),11858,02 - Intersection related,03 - P.D. only,03 - Rear end,01 - Clear,01 - Daylight,01 - Dry,01 - Traffic signal,01 - Functioning,2,0,0,0,,0,,,,,351269.7179,5018181.785,45.30205184,-75.90745245,4769
20--5142,6/25/2020,4:22 PM,CYRVILLE RD @ MEADOWBROOK RD (0012477),12477,03 - At intersection,02 - Non-fatal injury,05 - Turning movement,01 - Clear,01 - Daylight,01 - Dry,01 - Traffic signal,01 - Functioning,2,0,1,0,02 - Minor,1,,1,,,374629.7326,5031242.555,45.41763339,-75.60776771,4770
20--5143,6/25/2020,5:14 PM,KANATA AVE/CASTLEFRANK RD @ AIRD PL (0011976),11976,02 - Intersection related,03 - P.D. only,03 - Rear end,01 - Clear,01 - Daylight,01 - Dry,01 - Traffic signal,01 - Functioning,2,0,0,0,,0,,,,,351811.2834,5019070.041,45.31000855,-75.90046293,4771
20--5144,6/25/2020,6:43 PM,HERON RD @ FINN CRT (0012186),12186,03 - At intersection,03 - P.D. only,07 - SMV other,01 - Clear,01 - Daylight,01 - Dry,01 - Traffic signal,01 - Functioning,1,0,0,0,,0,,,,,370831.495,5026945.114,45.37933542,-75.65686862,4772
20--5368,7/6/2020,11:15 AM,WEST HUNT CLUB RD EB btwn MERIVALE RD & SUNDERLAND ST (__3ZA3JQ),__3ZA3JQ,01 - Non intersection,03 - P.D. only,04 - Sideswipe,01 - Clear,01 - Daylight,01 - Dry,10 - No control,,2,0,0,0,,0,,,,,365634.7289,5021943.147,45.33479908,-75.72383336,4773
20--4738,6/6/2020,12:47 PM,DONALD ST @ ST. LAURENT BLVD (0008630),8630,02 - Intersection related,02 - Non-fatal injury,03 - Rear end,01 - Clear,01 - Daylight,01 - Dry,01 - Traffic signal,01 - Functioning,2,0,0,0,02 - Minor,3,1,2,,,372093.7186,5032472.575,45.42894905,-75.63999924,4774
20--5145,6/25/2020,7:20 PM,WOODROFFE AVE btwn GRENFELL CRES & 260 N OF FALLOWFIELD RD/TRANSITWAY  (__3ZA3IO),__3ZA3IO,01 - Non intersection,02 - Non-fatal injury,04 - Sideswipe,01 - Clear,01 - Daylight,01 - Dry,10 - No control,,2,0,0,0,01 - Minimal,1,1,,,,364586.032,5019140.834,45.30967423,-75.73755038,4775
20--5146,6/25/2020,7:42 AM,PRINCE OF WALES DR @ STRANDHERD DR (0013339),13339,02 - Intersection related,03 - P.D. only,06 - SMV unattended vehicle,01 - Clear,01 - Daylight,01 - Dry,01 - Traffic signal,01 - Functioning,1,0,0,0,,0,,,,,367175.2837,5014824.188,45.27060829,-75.70507563,4776
20--5147,6/25/2020,7:45 AM,ROCKCLIFFE PKWY btwn GL/OT BOUNDARY & ST. JOSEPH BLVD (__3ZA21V),__3ZA21V,01 - Non intersection,03 - P.D. only,05 - Turning movement,01 - Clear,01 - Daylight,01 - Dry,10 - No control,,2,0,0,0,,0,,,,,377085.2302,5035430.717,45.45506644,-75.57578225,4777
20--5148,6/25/2020,8:20 AM,BUTTONFIELD PL @ RAYMOND LABROSSE ST (0004271),4271,02 - Intersection related,03 - P.D. only,02 - Angle,01 - Clear,01 - Daylight,01 - Dry,02 - Stop sign,01 - Functioning,2,0,0,0,,0,,,,,380759.7163,5034286.559,45.44438243,-75.52898464,4778
20--5149,6/25/2020,9:28 PM,STRANDHERD DR btwn JOCKVALE RD & 215 W OF GREENBANK RD/BARRHAVEN MALL  (__3ZAZMMA),__3ZAZMMA,01 - Non intersection,03 - P.D. only,04 - Sideswipe,01 - Clear,07 - Dark,01 - Dry,10 - No control,,2,0,0,0,,0,,,,,363569.0341,5014582.583,45.26874494,-75.75105899,4779
20--515,1/12/2020,9:51 AM,COLONEL BY DR btwn CLEGG ST & ECHO DR S (__3ZBPHH),__3ZBPHH,01 - Non intersection,03 - P.D. only,07 - SMV other,01 - Clear,01 - Daylight,04 - Slush,10 - No control,,1,0,0,0,,0,,,,,368644.6709,5028777.55,45.39602583,-75.68455141,4780
20--5150,6/26/2020,1:19 PM,RIVERSIDE DR @ SMYTH RD SOUTH SIDE RAMP (0011480),11480,03 - At intersection,02 - Non-fatal injury,99 - Other,01 - Clear,01 - Daylight,01 - Dry,01 - Traffic signal,01 - Functioning,2,1,0,0,02 - Minor,1,,1,,,369788.439,5028997.985,45.397904,-75.66991526,4781
20--5151,6/26/2020,1:55 PM,TENTH LINE RD @ CHARLEMAGNE BLVD N/TOMPKINS AV (0009222),9222,03 - At intersection,02 - Non-fatal injury,05 - Turning movement,01 - Clear,01 - Daylight,01 - Dry,01 - Traffic signal,01 - Functioning,3,0,0,0,02 - Minor,3,1,2,,,383183.927,5037977.885,45.47732611,-75.49741143,4782
20--5152,6/26/2020,1:56 PM,RICHMOND RD @ STONEHAVEN DR (0010370),10370,02 - Intersection related,03 - P.D. only,03 - Rear end,01 - Clear,01 - Daylight,01 - Dry,11 - Roundabout,00 - Unknown,3,0,0,0,,0,,,,,356781.0224,5015891.085,45.28105355,-75.83742089,4783
20--5153,6/26/2020,10:24 PM,EAGLESON RD btwn FLEWELLYN RD & FAULKNER TR (__3ZA41A),__3ZA41A,01 - Non intersection,03 - P.D. only,07 - SMV other,01 - Clear,07 - Dark,01 - Dry,10 - No control,,1,0,0,0,,0,,,,,355456.6062,5013920.595,45.26341933,-75.85450258,4784