Anom_ID,Accident_Date,Accident_Time,Location,Geo_ID,Accident_Location,Classification_of_Accident,Initial_Impact_Type,Environment_Condition,Light,Road_Surface_Condition,Traffic_Control,Traffic_Control_Condition,No__of_Vehicles,No__of_Bicycles,No__of_Motorcycles,No__of_Pedestrians,Max_Injury,No__of_Injuries,No__of_Minimal,No__of_Minor,No__of_Major,No__of_Fatal,X,Y,Latitude,Longitude,ObjectId
20--5154,6/26/2020,10:59 AM,CARLING AVE @ REC PATH/525M E OF HOLLY ACRES (0014369),14369,03 - At intersection,03 - P.D. only,02 - Angle,01 - Clear,01 - Daylight,01 - Dry,13 - MPS,01 - Functioning,2,1,0,0,,0,,,,,358675.9685,5023773.639,45.35183872,-75.81241128,4785
20--5155,6/26/2020,11:10 AM,SAUNDERSON DR @ WINGATE DR (0008362),8362,02 - Intersection related,03 - P.D. only,03 - Rear end,01 - Clear,01 - Daylight,01 - Dry,02 - Stop sign,01 - Functioning,2,0,0,0,,0,,,,,373052.7364,5029060.538,45.39815623,-75.6282171,4786
20--5156,6/26/2020,11:30 AM,ESPRIT DR btwn VISTAPARK DR & Continuation of ESPRIT DR (__5Z1RZ5),__5Z1RZ5,01 - Non intersection,03 - P.D. only,04 - Sideswipe,01 - Clear,01 - Daylight,01 - Dry,10 - No control,,2,0,0,0,,0,,,,,385423.8497,5035124.598,45.45139995,-75.46923375,4787
20--5157,6/26/2020,Unknown,GRASSY PLAINS DR btwn CROWNRIDGE DR & FARMFIELD CRES (__3ZAZTX),__3ZAZTX,01 - Non intersection,03 - P.D. only,06 - SMV unattended vehicle,01 - Clear,00 - Unknown,01 - Dry,10 - No control,,1,0,0,0,,0,,,,,355978.1829,5015551.931,45.27806069,-75.84768863,4788
20--5158,6/26/2020,12:06 PM,BRONSON AVE @ FIRST AVE (0007719),7719,03 - At intersection,03 - P.D. only,02 - Angle,01 - Clear,01 - Daylight,01 - Dry,02 - Stop sign,01 - Functioning,4,0,0,0,,0,,,,,367489.7082,5029236.57,45.40026031,-75.69924324,4789
20--5159,6/26/2020,12:38 PM,BANK ST btwn GREY'S CREEK RD & CENOTE RD (__3ZA28I),__3ZA28I,04 - At/near private drive,03 - P.D. only,05 - Turning movement,01 - Clear,01 - Daylight,01 - Dry,10 - No control,,2,0,1,0,,0,,,,,380627.6887,5012674.707,45.24994648,-75.53398556,4790
20--516,1/13/2020,1:03 PM,BANK ST @ 80 S OF HUNT CLUB RD/TOWNGATE PLAZA  (0008230),8230,03 - At intersection,02 - Non-fatal injury,05 - Turning movement,01 - Clear,01 - Daylight,04 - Slush,01 - Traffic signal,00 - Unknown,2,0,0,0,02 - Minor,1,,1,,,371689.02,5024095.129,45.35361092,-75.64630624,4791
20--5160,6/26/2020,12:59 PM,BANK ST @ SECOND AVE (0007231),7231,03 - At intersection,02 - Non-fatal injury,07 - SMV other,01 - Clear,01 - Daylight,01 - Dry,02 - Stop sign,00 - Unknown,1,0,0,2,02 - Minor,2,,2,,,368305.7045,5029628.556,45.40371374,-75.68877081,4792
20--5161,6/26/2020,2:15 PM,JOHN ST btwn THOMAS ST & CHARLES ST (__3ZA8A7),__3ZA8A7,01 - Non intersection,03 - P.D. only,06 - SMV unattended vehicle,01 - Clear,01 - Daylight,01 - Dry,10 - No control,,1,0,0,0,,0,,,,,367995.5458,5033886.011,45.44204895,-75.69218625,4793
20--5162,6/26/2020,2:28 PM,TERRY FOX DR @ PALLADIUM DR/KATIMAVIK RD (0011858),11858,02 - Intersection related,03 - P.D. only,03 - Rear end,01 - Clear,01 - Daylight,01 - Dry,01 - Traffic signal,01 - Functioning,2,0,0,0,,0,,,,,351269.6963,5018181.787,45.30205186,-75.90745272,4794
20--5163,6/26/2020,2:53 PM,LEROY ST btwn ELIZABETH ST & BUCKLES ST (__3ZA72C),__3ZA72C,01 - Non intersection,03 - P.D. only,07 - SMV other,01 - Clear,01 - Daylight,01 - Dry,10 - No control,,1,0,0,0,,0,,,,,375018.0415,5000055.498,45.13698313,-75.60721837,4795
20--5164,6/26/2020,3:41 PM,HOLLINGTON ST @ KINGSTON AVE (0003060),3060,02 - Intersection related,02 - Non-fatal injury,05 - Turning movement,01 - Clear,01 - Daylight,01 - Dry,02 - Stop sign,01 - Functioning,2,1,0,0,01 - Minimal,1,1,,,,365464.7034,5026627.532,45.37696314,-75.72542761,4796
20--5165,6/26/2020,3:45 PM,HAZELDEAN RD @ TERRY FOX DR (0003682),3682,02 - Intersection related,03 - P.D. only,03 - Rear end,01 - Clear,01 - Daylight,01 - Dry,01 - Traffic signal,01 - Functioning,2,0,0,0,,0,,,,,352207.5977,5017242.44,45.29353671,-75.89558377,4797
20--5166,6/26/2020,4:10 PM,ISLAND PARK DR @ RICHMOND RD (0002125),2125,03 - At intersection,03 - P.D. only,05 - Turning movement,01 - Clear,01 - Daylight,01 - Dry,01 - Traffic signal,01 - Functioning,2,0,0,0,,0,,,,,364130.7009,5028867.561,45.39723277,-75.74218948,4798
20--5167,6/26/2020,4:45 PM,RIVERSIDE DR @ SMYTH RD NORTH SIDE RAMP (0011479),11479,02 - Intersection related,03 - P.D. only,04 - Sideswipe,01 - Clear,01 - Daylight,01 - Dry,01 - Traffic signal,01 - Functioning,2,0,0,0,,0,,,,,369937.5615,5029316.741,45.4007582,-75.66796865,4799
20--5168,6/26/2020,4:49 PM,REGIONAL ROAD 174 btwn OR174 IC112 RAMP26 & OR174 IC112 RAMP61 (__3ZA2XF),__3ZA2XF,01 - Non intersection,02 - Non-fatal injury,07 - SMV other,01 - Clear,01 - Daylight,01 - Dry,10 - No control,,1,0,0,0,01 - Minimal,1,1,,,,375090.9544,5033063.701,45.43397287,-75.6016154,4800
20--5169,6/26/2020,4:58 PM,LACASSE AVE btwn BLAKE BLVD & MCARTHUR AVE (__3ZBOXM),__3ZBOXM,01 - Non intersection,03 - P.D. only,06 - SMV unattended vehicle,01 - Clear,01 - Daylight,01 - Dry,10 - No control,,1,0,0,0,,0,,,,,370817.7427,5032796.818,45.43198806,-75.6562607,4801
20--517,1/13/2020,1:23 PM,"OLD MONTREAL RD btwn Continuation of OLD MONTREAL RD & GRAND-CH-NE, CO (__3ZA2L8)",__3ZA2L8,01 - Non intersection,03 - P.D. only,07 - SMV other,02 - Rain,01 - Daylight,02 - Wet,10 - No control,,1,0,0,0,,0,,,,,385068.5614,5039600.92,45.49171446,-75.4730441,4802
20--5170,6/26/2020,5:12 PM,HUNT CLUB RD @ TRANSITWAY OFFRAMP (0010854),10854,02 - Intersection related,03 - P.D. only,03 - Rear end,01 - Clear,01 - Daylight,01 - Dry,02 - Stop sign,01 - Functioning,2,0,0,0,,0,,,,,371092.7317,5023747.504,45.35053973,-75.65396234,4803
20--5171,6/26/2020,6:10 PM,CYRVILLE RD @ INNES RD (0009352),9352,02 - Intersection related,03 - P.D. only,03 - Rear end,01 - Clear,01 - Daylight,01 - Dry,01 - Traffic signal,01 - Functioning,2,0,0,0,,0,,,,,375047.7197,5031119.581,45.4164851,-75.60244517,4804
20--5172,6/26/2020,6:15 AM,BLAIR RD @ OGILVIE RD (0004120),4120,02 - Intersection related,03 - P.D. only,03 - Rear end,01 - Clear,01 - Daylight,01 - Dry,01 - Traffic signal,01 - Functioning,2,0,0,0,,0,,,,,374507.73,5033198.573,45.43524476,-75.60904955,4805
20--5173,6/26/2020,6:15 AM,COLONEL BY DR/MACKENZIE AVE @ DALY AVE (0008541),8541,02 - Intersection related,03 - P.D. only,03 - Rear end,01 - Clear,01 - Daylight,01 - Dry,01 - Traffic signal,01 - Functioning,2,0,0,0,,0,,,,,368002.711,5031904.579,45.42422008,-75.69234902,4806
20--5174,6/26/2020,7:41 AM,HIGHWAY 417 btwn HWY417 IC163 RAMP61 & HWY417 IC155 RAMP36 (__3ZA2QB),__3ZA2QB,01 - Non intersection,03 - P.D. only,07 - SMV other,01 - Clear,01 - Daylight,01 - Dry,10 - No control,,1,0,0,0,,0,,,,,336799.6935,5020061.921,45.31977845,-76.09183634,4807
20--5175,6/26/2020,8:00 AM,GOLDRIDGE DR btwn CHELTONIA WAY & INSMILL CRES (2) (__3ZA47S),__3ZA47S,01 - Non intersection,03 - P.D. only,06 - SMV unattended vehicle,01 - Clear,01 - Daylight,01 - Dry,10 - No control,,1,0,0,0,,0,,,,,349765.6718,5019305.758,45.31226356,-75.92652798,4808
20--5176,6/26/2020,8:14 AM,BANK ST @ CATHERINE ST (0002708),2708,03 - At intersection,02 - Non-fatal injury,02 - Angle,01 - Clear,01 - Daylight,01 - Dry,01 - Traffic signal,01 - Functioning,2,0,0,0,02 - Minor,2,1,1,,,368039.7196,5030267.572,45.40948748,-75.69208623,4809
20--5177,6/26/2020,8:31 AM,MONTREAL RD @ VANIER PKWY (0004630),4630,03 - At intersection,02 - Non-fatal injury,07 - SMV other,01 - Clear,01 - Daylight,01 - Dry,01 - Traffic signal,01 - Functioning,1,0,0,1,02 - Minor,1,,1,,,370072.7102,5033065.604,45.43447642,-75.66574593,4810
20--5178,6/26/2020,9:46 PM,MAXIME ST @ RIDGEBROOK DR (0009440),9440,02 - Intersection related,03 - P.D. only,03 - Rear end,01 - Clear,07 - Dark,01 - Dry,02 - Stop sign,01 - Functioning,2,0,0,0,,0,,,,,374668.7408,5031649.568,45.42129159,-75.60721164,4811
20--5179,6/27/2020,1:02 PM,MOODIE DR btwn HADLEY CIRC & TYRRELL PL (__3ZA41X),__3ZA41X,04 - At/near private drive,02 - Non-fatal injury,03 - Rear end,01 - Clear,01 - Daylight,01 - Dry,10 - No control,,2,0,0,0,02 - Minor,3,,3,,,357172.1878,5020220.26,45.31997904,-75.83197791,4812
20--518,1/13/2020,10:12 AM,KING EDWARD AVE @ LAURIER AVE (0002170),2170,02 - Intersection related,03 - P.D. only,04 - Sideswipe,03 - Snow,01 - Daylight,02 - Wet,01 - Traffic signal,01 - Functioning,2,0,0,0,,0,,,,,368739.7075,5032034.583,45.42532283,-75.68291522,4813
20--5180,6/27/2020,1:43 AM,DWYER HILL RD btwn FALLOWFIELD RD & MCCAFFREY TR (__3ZA3F7),__3ZA3F7,01 - Non intersection,03 - P.D. only,07 - SMV other,01 - Clear,07 - Dark,01 - Dry,10 - No control,,1,0,0,0,,0,,,,,344914.3713,5002791.64,45.16395531,-75.98972848,4814
20--5181,6/27/2020,10:00 AM,ELGIN ST @ WELLINGTON ST W (0002113),2113,02 - Intersection related,03 - P.D. only,04 - Sideswipe,01 - Clear,01 - Daylight,01 - Dry,01 - Traffic signal,00 - Unknown,2,0,0,0,,0,,,,,367664.7071,5031877.584,45.42400764,-75.6966713,4815
20--4739,6/6/2020,12:55 PM,BASELINE RD @ WOODROFFE AVE (0002225),2225,02 - Intersection related,03 - P.D. only,03 - Rear end,01 - Clear,01 - Daylight,01 - Dry,01 - Traffic signal,01 - Functioning,2,0,0,0,,0,,,,,362549.6846,5023770.493,45.35150211,-75.76297755,4816
20--474,1/12/2020,1:05 PM,CLYDE AVE @ WOODWARD DR (0003329),3329,03 - At intersection,03 - P.D. only,02 - Angle,01 - Clear,01 - Daylight,04 - Slush,02 - Stop sign,01 - Functioning,2,0,0,0,,0,,,,,363731.6583,5026363.534,45.37473564,-75.74758484,4817
20--4740,6/6/2020,3:42 PM,LANARK AVE/WEST VILLAGE PRIV @ SCOTT ST (0011272),11272,03 - At intersection,02 - Non-fatal injury,05 - Turning movement,01 - Clear,01 - Daylight,01 - Dry,01 - Traffic signal,01 - Functioning,2,1,0,0,01 - Minimal,1,1,,,,363624.6902,5028913.555,45.39768931,-75.74864653,4818
20--4741,6/6/2020,6:29 PM,FALLOWFIELD RD btwn CONLEY RD & HUNTLEY RD (__3ZA3ER),__3ZA3ER,01 - Non intersection,03 - P.D. only,07 - SMV other,02 - Rain,01 - Daylight,02 - Wet,10 - No control,,1,0,0,0,,0,,,,,350663.8273,5008079.73,45.21118982,-75.91611028,4819
20--4742,6/6/2020,7:19 PM,GREENBANK RD btwn MARKETPLACE AVE & JOCKVALE RD (__3ZA4JE),__3ZA4JE,01 - Non intersection,03 - P.D. only,05 - Turning movement,01 - Clear,01 - Daylight,01 - Dry,10 - No control,,2,0,0,0,,0,,,,,364042.8614,5014517.972,45.26812381,-75.74502886,4820
20--4743,6/7/2020,10:28 PM,RIVERSIDE DR SB btwn SAN REMO PRIV & TERMINAL AVE (__3ZA253),__3ZA253,01 - Non intersection,02 - Non-fatal injury,07 - SMV other,01 - Clear,07 - Dark,01 - Dry,10 - No control,,1,0,1,0,03 - Major,1,,,1,,370583.7204,5030465.446,45.41103338,-75.6595626,4821
20--4744,6/7/2020,12:55 PM,RICHMOND RD @ WOODROFFE AVE (0011466),11466,02 - Intersection related,03 - P.D. only,03 - Rear end,01 - Clear,01 - Daylight,01 - Dry,01 - Traffic signal,01 - Functioning,2,0,0,0,,0,,,,,361584.6851,5026654.524,45.37753121,-75.7749608,4822
20--4745,6/7/2020,4:06 PM,HIGHWAY 417 btwn HWY417 IC163 RAMP15 & HWY417 IC155 RAMP51 (__3ZAZNS),__3ZAZNS,01 - Non intersection,03 - P.D. only,07 - SMV other,01 - Clear,01 - Daylight,01 - Dry,10 - No control,,1,0,0,0,,0,,,,,337007.8421,5019964.55,45.31889274,-76.08918775,4823
20--4746,6/7/2020,4:57 PM,REGIONAL ROAD 174 btwn REGIONAL ROAD 174 & OR174 IC102 RAMP15 (__3ZA1QM),__3ZA1QM,01 - Non intersection,03 - P.D. only,07 - SMV other,01 - Clear,01 - Daylight,01 - Dry,10 - No control,,1,0,0,0,,0,,,,,381756.6121,5038329.353,45.48064708,-75.51561005,4824
20--4747,6/7/2020,6:11 AM,DEERCROFT AVE btwn KELTIE PRIV & LONGFIELDS DR (__4VGUPP),__4VGUPP,01 - Non intersection,03 - P.D. only,06 - SMV unattended vehicle,01 - Clear,01 - Daylight,01 - Dry,10 - No control,,1,0,0,0,,0,,,,,364435.0507,5015267.879,45.27483833,-75.73994131,4825
20--4748,6/7/2020,8:29 PM,NINTH LINE RD btwn RAMSAYVILLE RD & ANDERSON RD (__3ZA6G3),__3ZA6G3,01 - Non intersection,03 - P.D. only,07 - SMV other,01 - Clear,05 - Dusk,01 - Dry,10 - No control,,1,0,1,0,,0,,,,,380618.3198,5020256.396,45.31816369,-75.5329465,4826
20--4749,6/7/2020,8:29 PM,NINTH LINE RD btwn RAMSAYVILLE RD & ANDERSON RD (__3ZA6G3),__3ZA6G3,01 - Non intersection,03 - P.D. only,07 - SMV other,01 - Clear,05 - Dusk,01 - Dry,10 - No control,,1,0,1,0,,0,,,,,380617.0611,5020255.647,45.31815709,-75.53296267,4827
20--475,1/12/2020,1:13 AM,CYRVILLE RD btwn STAR TOP RD & MEADOWBROOK RD (__3ZA3SN),__3ZA3SN,01 - Non intersection,02 - Non-fatal injury,07 - SMV other,04 - Freezing Rain,07 - Dark,06 - Ice,10 - No control,,1,0,0,0,01 - Minimal,1,1,,,,374015.9787,5031446.933,45.41953327,-75.61558015,4828
20--4750,6/7/2020,9:20 PM,WOODROFFE AVE btwn GEORGINA DR & HWY417 IC127 RAMP36 (__3ZA4L6),__3ZA4L6,01 - Non intersection,03 - P.D. only,05 - Turning movement,01 - Clear,07 - Dark,01 - Dry,10 - No control,,2,0,0,0,,0,,,,,362027.2765,5025077.984,45.36330964,-75.7694928,4829
20--4751,6/8/2020,1:23 PM,CENTRAL PARK DR S @ MERIVALE RD (0009113),9113,03 - At intersection,03 - P.D. only,05 - Turning movement,01 - Clear,01 - Daylight,01 - Dry,01 - Traffic signal,01 - Functioning,2,0,0,0,,0,,,,,364987.2055,5025598.491,45.36774519,-75.73164918,4830
20--4752,6/8/2020,1:52 PM,HIGHWAY 417 btwn HWY417 IC126 RAMP51 & HWY417 IC126 RAMP25 (__3ZA2RD),__3ZA2RD,01 - Non intersection,03 - P.D. only,03 - Rear end,01 - Clear,01 - Daylight,01 - Dry,10 - No control,,2,0,0,0,,0,,,,,363257.3084,5025951.109,45.37106442,-75.75368944,4831
20--4753,6/8/2020,10:00 PM,KINBURN SIDE RD btwn FARMVIEW RD & MOHRS RD (__3ZA4RZ),__3ZA4RZ,01 - Non intersection,03 - P.D. only,07 - SMV other,01 - Clear,07 - Dark,01 - Dry,10 - No control,,1,0,0,0,,0,,,,,328063.2333,5027029.167,45.38281741,-76.20294238,4832
20--4754,6/8/2020,10:50 AM,HWY 417 NICHOLAS IC118R36 @ HWY 417 NICHOLAS I (0002511),2511,02 - Intersection related,03 - P.D. only,04 - Sideswipe,01 - Clear,01 - Daylight,01 - Dry,10 - No control,,2,0,0,0,,0,,,,,369322.8544,5031169.215,45.41748302,-75.6755773,4833
20--4755,6/8/2020,11:28 PM,JINKINSON RD btwn FERNBANK RD & HAZELDEAN RD (__7JQ7K3),__7JQ7K3,01 - Non intersection,03 - P.D. only,07 - SMV other,01 - Clear,07 - Dark,01 - Dry,10 - No control,,1,0,0,0,,0,,,,,345567.3038,5008046.034,45.21119988,-75.98099374,4834
20--4756,6/8/2020,11:30 AM,BIG DIPPER ST @ CAPRICORN CIRC (0019454),19454,03 - At intersection,03 - P.D. only,05 - Turning movement,01 - Clear,01 - Daylight,01 - Dry,02 - Stop sign,01 - Functioning,2,0,0,0,,0,,,,,367763.2438,5013797.279,45.26131585,-75.69771344,4835
20--4757,6/8/2020,11:57 AM,INDUSTRIAL AVE @ TRAINYARDS DR (0011906),11906,02 - Intersection related,03 - P.D. only,03 - Rear end,01 - Clear,01 - Daylight,01 - Dry,01 - Traffic signal,00 - Unknown,2,0,0,0,,0,,,,,371685.949,5030539.482,45.41159505,-75.6454723,4836
20--4758,6/8/2020,Unknown,LAMPLIGHTERS DR btwn FOSTERBROOK WAY & BELLISTER AVE (__6NDG5R),__6NDG5R,01 - Non intersection,03 - P.D. only,06 - SMV unattended vehicle,01 - Clear,00 - Unknown,01 - Dry,10 - No control,,1,0,0,0,,0,,,,,361598.0222,5014681.142,45.26979372,-75.77616386,4837
20--4759,6/8/2020,12:15 PM,BLAIR RD btwn BEAVERPOND DR & INNES RD (__3ZA2EZ),__3ZA2EZ,01 - Non intersection,03 - P.D. only,03 - Rear end,01 - Clear,01 - Daylight,01 - Dry,10 - No control,,3,0,0,0,,0,,,,,375560.1557,5031486.145,45.4197316,-75.59584596,4838
20--476,1/12/2020,1:48 PM,FOURTH AVE btwn BANK ST & O'CONNOR ST (__3ZA924),__3ZA924,04 - At/near private drive,03 - P.D. only,04 - Sideswipe,03 - Snow,01 - Daylight,05 - Packed snow,10 - No control,,2,0,0,0,,0,,,,,368510.1961,5029561.318,45.40309017,-75.68616756,4839
20--4760,6/8/2020,2:43 PM,HIGHWAY 417 btwn RAMP & HWY417 IC129 RAMP76 (__3ZA2X8),__3ZA2X8,01 - Non intersection,02 - Non-fatal injury,07 - SMV other,01 - Clear,01 - Daylight,01 - Dry,10 - No control,,1,0,0,0,02 - Minor,1,,1,,,359979.815,5023213.857,45.34670042,-75.79583472,4840
20--4761,6/8/2020,2:55 PM,HWY417 IC104 RAMP61 btwn ANDERSON RD & HIGHWAY 417 (__3ZAY0E),__3ZAY0E,01 - Non intersection,02 - Non-fatal injury,07 - SMV other,01 - Clear,01 - Daylight,01 - Dry,10 - No control,,1,0,0,0,02 - Minor,1,,1,,,380046.2182,5026260.511,45.37224675,-75.5393292,4841
20--4762,6/8/2020,3:55 PM,DWYER HILL RD btwn PADEN RD & DONNELLY DR (__3ZA4ZU),__3ZA4ZU,01 - Non intersection,03 - P.D. only,07 - SMV other,01 - Clear,01 - Daylight,01 - Dry,10 - No control,,1,0,0,0,,0,,,,,359814.3338,4983108.805,44.9858365,-75.80236537,4842
20--4763,6/8/2020,4:15 PM,OTTAWA RIVER PKWY @ ISLAND PARK DR (0002127),2127,02 - Intersection related,02 - Non-fatal injury,03 - Rear end,01 - Clear,01 - Daylight,01 - Dry,01 - Traffic signal,01 - Functioning,3,0,0,0,01 - Minimal,3,3,,,,363298.7035,5029453.569,45.40257557,-75.75274587,4843
20--4764,6/8/2020,4:17 AM,VANIER PKWY/CRICHTON ST @ BEECHWOOD AVE/ST. PA (0001604),1604,02 - Intersection related,03 - P.D. only,03 - Rear end,01 - Clear,07 - Dark,01 - Dry,01 - Traffic signal,01 - Functioning,2,0,0,0,,0,,,,,369127.8,5033487.123,45.43835664,-75.67776654,4844
20--4765,6/8/2020,4:54 PM,TERRY FOX DR btwn COPE DR & TRANS CANADA TRAIL (__355BDZB),__355BDZB,01 - Non intersection,03 - P.D. only,03 - Rear end,01 - Clear,01 - Daylight,01 - Dry,10 - No control,,2,0,0,0,,0,,,,,353450.2025,5015767.462,45.28017956,-75.87988691,4845
20--4766,6/8/2020,6:54 AM,HIGHWAY 417 btwn HWY417 IC129 RAMP25 & TRANSIT (__3ZA2SH),__3ZA2SH,01 - Non intersection,02 - Non-fatal injury,03 - Rear end,01 - Clear,01 - Daylight,01 - Dry,10 - No control,,2,0,0,0,02 - Minor,1,,1,,,360993.1921,5023946.739,45.35321441,-75.78282046,4846
20--4767,6/8/2020,7:15 PM,RIVERSIDE DR btwn MOONEY'S BAY PL & WALKLEY RD (__3ZA36Q),__3ZA36Q,01 - Non intersection,03 - P.D. only,03 - Rear end,01 - Clear,01 - Daylight,01 - Dry,10 - No control,,2,0,0,0,,0,,,,,368429.1845,5024957.292,45.36167183,-75.68779571,4847
20--4768,6/8/2020,7:43 AM,HIGHWAY 417 btwn HWY417 IC129 RAMP25 & TRANSIT (__3ZA2SH),__3ZA2SH,01 - Non intersection,03 - P.D. only,03 - Rear end,01 - Clear,01 - Daylight,01 - Dry,10 - No control,,3,0,0,0,,0,,,,,361493.1401,5024330.479,45.35662704,-75.77639625,4848
20--4769,6/8/2020,8:53 AM,LANCASTER RD @ WALKLEY RD (0003130),3130,02 - Intersection related,03 - P.D. only,03 - Rear end,01 - Clear,01 - Daylight,01 - Dry,01 - Traffic signal,01 - Functioning,2,0,0,0,,0,,,,,374908.7498,5028602.548,45.39385207,-75.60457845,4849
20--477,1/12/2020,1:52 PM,MICHAEL ST btwn PARISIEN ST & PARISIEN ST (__3ZA409),__3ZA409,01 - Non intersection,03 - P.D. only,06 - SMV unattended vehicle,03 - Snow,01 - Daylight,03 - Loose snow,10 - No control,,1,0,0,0,,0,,,,,372808.8908,5031485.532,45.41999894,-75.63099681,4850
20--4770,6/8/2020,9:15 PM,RIVERSIDE DR btwn MOONEY'S BAY PL & WALKLEY RD (__3ZA36Q),__3ZA36Q,01 - Non intersection,03 - P.D. only,04 - Sideswipe,01 - Clear,05 - Dusk,01 - Dry,10 - No control,,2,0,0,0,,0,,,,,368419.3542,5024856.582,45.36076655,-75.68793414,4851
20--4771,6/9/2020,11:54 AM,INNES RD btwn CYRVILLE RD & STONEHENGE CRES (__3ZA3RE),__3ZA3RE,01 - Non intersection,02 - Non-fatal injury,03 - Rear end,01 - Clear,01 - Daylight,01 - Dry,10 - No control,,3,0,0,0,01 - Minimal,1,1,,,,375092.4924,5031150.518,45.41675896,-75.60186877,4852
20--4772,6/9/2020,Unknown,EMERALD POND PRIV btwn HIDDEN MEADOW AVE & MEANDERING BROOK DR (__589XOR),__589XOR,01 - Non intersection,03 - P.D. only,06 - SMV unattended vehicle,01 - Clear,00 - Unknown,01 - Dry,10 - No control,,1,0,0,0,,0,,,,,373050.3894,5022924.589,45.34294765,-75.62909484,4853
20--4773,6/9/2020,12:35 PM,BASELINE RD @ WOODROFFE AVE (0002225),2225,02 - Intersection related,03 - P.D. only,03 - Rear end,01 - Clear,01 - Daylight,01 - Dry,01 - Traffic signal,01 - Functioning,2,0,0,0,,0,,,,,362549.6901,5023770.51,45.35150226,-75.76297748,4854
20--4774,6/9/2020,3:10 PM,HIGHWAY 417 btwn HWY417 IC124 RAMP76 & HWY417 IC124 RAMP67 (__3ZA2R7),__3ZA2R7,01 - Non intersection,03 - P.D. only,03 - Rear end,01 - Clear,01 - Daylight,01 - Dry,10 - No control,,2,0,0,0,,0,,,,,364390.1582,5027483.713,45.38475913,-75.73904293,4855
20--4775,6/9/2020,3:27 PM,LEITRIM RD btwn HIGH RD & ALBION RD (__4B2G24),__4B2G24,01 - Non intersection,03 - P.D. only,07 - SMV other,01 - Clear,01 - Daylight,01 - Dry,10 - No control,,1,0,0,0,,0,,,,,371712.8359,5019320.21,45.31064536,-75.64664781,4856
20--4776,6/9/2020,3:41 PM,GREENBANK RD @ MALVERN DR/FOXFIELD DR (0009821),9821,03 - At intersection,02 - Non-fatal injury,02 - Angle,01 - Clear,01 - Daylight,01 - Dry,01 - Traffic signal,01 - Functioning,2,0,0,0,03 - Major,2,,1,1,,363311.6826,5016194.439,45.28326992,-75.75414837,4857
20--4777,6/9/2020,5:44 PM,MEADOWLANDS DR @ MERIVALE RD (0000625),625,02 - Intersection related,03 - P.D. only,03 - Rear end,01 - Clear,01 - Daylight,01 - Dry,01 - Traffic signal,01 - Functioning,2,0,0,0,,0,,,,,364858.6946,5023725.518,45.35090348,-75.73351719,4858
20--4778,6/9/2020,6:04 PM,PRINCE OF WALES DR btwn BARNSDALE RD & JOCKVALE RD (__3ZA29W),__3ZA29W,01 - Non intersection,03 - P.D. only,05 - Turning movement,01 - Clear,01 - Daylight,01 - Dry,10 - No control,,2,0,0,0,,0,,,,,366647.7676,5011561.006,45.24129287,-75.71220388,4859
20--4779,6/9/2020,7:05 AM,HIGHWAY 417 btwn HWY417 IC126 RAMP25 & HWY417 IC124 RAMP57 (__3ZA2R5),__3ZA2R5,01 - Non intersection,03 - P.D. only,03 - Rear end,02 - Rain,01 - Daylight,02 - Wet,10 - No control,,2,0,0,0,,0,,,,,363378.2968,5026112.529,45.37250676,-75.7521258,4860
20--478,1/12/2020,1:59 PM,TERRY FOX DR @ HALKIRK AVE/WINCHESTER DR (0012574),12574,02 - Intersection related,02 - Non-fatal injury,03 - Rear end,03 - Snow,01 - Daylight,02 - Wet,01 - Traffic signal,01 - Functioning,2,0,0,0,02 - Minor,1,,1,,,352511.8916,5016870.017,45.29016496,-75.89174026,4861
20--4780,6/9/2020,7:30 AM,HWY417 IC118 RAMP76 btwn HIGHWAY 417 & HWY417 IC118 RAMP43 (__3ZAY9N),__3ZAY9N,01 - Non intersection,03 - P.D. only,07 - SMV other,02 - Rain,01 - Daylight,02 - Wet,10 - No control,,1,0,0,0,,0,,,,,369363.5581,5031017.099,45.41611059,-75.6750772,4862
20--4781,6/9/2020,7:38 PM,EAGLESON RD btwn PERTH ST & BARNSDALE RD (__3ZA4YA),__3ZA4YA,01 - Non intersection,03 - P.D. only,07 - SMV other,01 - Clear,01 - Daylight,01 - Dry,10 - No control,,1,0,0,0,,0,,,,,358319.1034,5006674.851,45.19800854,-75.81880871,4863
20--4782,6/9/2020,7:59 PM,NORTH RIVER RD btwn MONTREAL RD & SELKIRK ST (__3ZBOF1),__3ZBOF1,01 - Non intersection,02 - Non-fatal injury,07 - SMV other,01 - Clear,01 - Daylight,01 - Dry,10 - No control,,1,0,0,1,03 - Major,1,,,1,,369772.3664,5032784.845,45.43197823,-75.66962128,4864
20--4783,6/9/2020,8:26 AM,CARLING AVE @ KIRKWOOD AVE N (0002358),2358,03 - At intersection,03 - P.D. only,05 - Turning movement,01 - Clear,01 - Daylight,01 - Dry,01 - Traffic signal,01 - Functioning,2,0,0,0,,0,,,,,364275.6903,5027493.539,45.38485727,-75.74050335,4865
20--4784,6/9/2020,9:06 AM,SIXTH LINE RD btwn BERRY SIDE RD & RIDDELL DR (__3ZBPHD),__3ZBPHD,01 - Non intersection,03 - P.D. only,07 - SMV other,01 - Clear,01 - Daylight,02 - Wet,10 - No control,,1,0,0,0,,0,,,,,349570.4818,5029754.775,45.40629847,-75.92807074,4866
20--4785,6/9/2020,9:32 PM,SNAKE ISLAND RD btwn SCRIVENS DR & BANK ST (__3ZA206),__3ZA206,01 - Non intersection,03 - P.D. only,07 - SMV other,"07 - Fog, mist, smoke, dust",07 - Dark,01 - Dry,10 - No control,,1,0,0,0,,0,,,,,383419.8968,5009954.195,45.22516236,-75.49884927,4867