Anom_ID,Accident_Date,Accident_Time,Location,Geo_ID,Accident_Location,Classification_of_Accident,Initial_Impact_Type,Environment_Condition,Light,Road_Surface_Condition,Traffic_Control,Traffic_Control_Condition,No__of_Vehicles,No__of_Bicycles,No__of_Motorcycles,No__of_Pedestrians,Max_Injury,No__of_Injuries,No__of_Minimal,No__of_Minor,No__of_Major,No__of_Fatal,X,Y,Latitude,Longitude,ObjectId
20--4786,6/9/2020,9:55 AM,MERIVALE RD @ ROSSLAND AVE (0001757),1757,02 - Intersection related,03 - P.D. only,04 - Sideswipe,01 - Clear,01 - Daylight,01 - Dry,02 - Stop sign,01 - Functioning,2,0,0,0,,0,,,,,364673.6978,5024151.52,45.35475241,-75.73582636,4868
20--4787,6/10/2020,1:15 PM,HIGHWAY 417 btwn HWY417 IC126 RAMP25 & HWY417 IC124 RAMP57 (__3ZA2R5),__3ZA2R5,01 - Non intersection,03 - P.D. only,03 - Rear end,01 - Clear,01 - Daylight,01 - Dry,10 - No control,,4,0,0,0,,0,,,,,363779.6994,5026649.128,45.37730133,-75.74693741,4869
20--4788,6/10/2020,1:23 PM,HAZELDEAN RD @ TERRY FOX DR (0003682),3682,02 - Intersection related,03 - P.D. only,03 - Rear end,01 - Clear,01 - Daylight,01 - Dry,01 - Traffic signal,01 - Functioning,2,0,0,0,,0,,,,,352207.6048,5017242.458,45.29353687,-75.89558368,4870
20--4789,6/10/2020,1:31 PM,O'CONNOR ST btwn LEWIS ST & WAVERLEY ST (__3ZA3QD),__3ZA3QD,01 - Non intersection,03 - P.D. only,04 - Sideswipe,01 - Clear,01 - Daylight,01 - Dry,10 - No control,,2,0,0,0,,0,,,,,367993.0995,5030790.692,45.41419856,-75.69261469,4871
20--479,1/12/2020,10:20 AM,HIGHWAY 417 btwn HWY417 IC121A RAMP61 & HWY417 IC120B RAMP36 (__3ZA2YV),__3ZA2YV,01 - Non intersection,03 - P.D. only,07 - SMV other,01 - Clear,01 - Daylight,03 - Loose snow,10 - No control,,1,0,0,0,,0,,,,,367634.2273,5029935.658,45.40653755,-75.69730835,4872
20--4790,6/10/2020,10:50 AM,HIGHWAY 417 btwn HWY417 IC124 RAMP55 & HWY417 IC124 RAMP65 (__3ZAZPV),__3ZAZPV,01 - Non intersection,03 - P.D. only,03 - Rear end,01 - Clear,01 - Daylight,01 - Dry,10 - No control,,2,0,0,0,,0,,,,,364478.1659,5027570.455,45.38553212,-75.7379087,4873
20--4791,6/10/2020,11:03 AM,RICHMOND RD @ EDGEWORTH AVE/MCEWEN AVE (0002352),2352,03 - At intersection,02 - Non-fatal injury,02 - Angle,02 - Rain,01 - Daylight,02 - Wet,01 - Traffic signal,01 - Functioning,2,0,0,0,01 - Minimal,1,1,,,,361075.686,5025883.532,45.37063495,-75.78154715,4874
20--4792,6/10/2020,11:15 AM,HIGHWAY 417 btwn HWY417 IC122 RAMP61 & HWY417 IC121B RAMP16 (__3ZA2Y4),__3ZA2Y4,01 - Non intersection,03 - P.D. only,03 - Rear end,01 - Clear,01 - Daylight,01 - Dry,10 - No control,,2,0,0,0,,0,,,,,366191.5468,5029397.291,45.40182148,-75.71580351,4875
20--4793,6/10/2020,11:20 AM,OTTAWA RIVER PKWY EB btwn TUNNEY'S PASTURE/REMIC RAPIDS ENT & ISLAND P (__3ZA24JA),__3ZA24JA,01 - Non intersection,03 - P.D. only,03 - Rear end,02 - Rain,01 - Daylight,02 - Wet,10 - No control,,2,0,0,0,,0,,,,,363884.0664,5029925.653,45.40677413,-75.74521261,4876
20--4794,6/10/2020,11:22 AM,RIVERSIDE DR NB btwn SAN REMO PRIV & INDUSTRIAL AVE (__3ZAZ0A),__3ZAZ0A,01 - Non intersection,03 - P.D. only,03 - Rear end,01 - Clear,01 - Daylight,01 - Dry,10 - No control,,2,0,0,0,,0,,,,,370568.8092,5030435.297,45.41076352,-75.6597571,4877
20--4795,6/10/2020,12:41 PM,ABACA WAY btwn KITTIWAKE DR & KITTIWAKE DR (__4TYFW7),__4TYFW7,01 - Non intersection,03 - P.D. only,01 - Approaching,01 - Clear,01 - Daylight,01 - Dry,10 - No control,,2,0,0,0,,0,,,,,348408.2949,5014027.993,45.26485801,-75.94430245,4878
20--4796,6/10/2020,3:00 PM,HIGHWAY 417 btwn HWY417 IC124 RAMP76 & HWY417 IC124 RAMP67 (__3ZA2R7),__3ZA2R7,01 - Non intersection,03 - P.D. only,03 - Rear end,01 - Clear,01 - Daylight,01 - Dry,10 - No control,,2,0,0,0,,0,,,,,364282.6429,5027344.986,45.38352002,-75.74043248,4879
20--4797,6/10/2020,3:00 PM,HIGHWAY 417 btwn HWY417 IC138 RAMP61 & HWY417 IC134 RAMP36 (__3ZA20I),__3ZA20I,01 - Non intersection,03 - P.D. only,99 - Other,01 - Clear,01 - Daylight,01 - Dry,10 - No control,,2,0,0,0,,0,,,,,354495.5065,5021162.127,45.32864869,-75.86602305,4880
20--4798,6/10/2020,3:30 PM,HIGHWAY 417 btwn HWY417 IC124 RAMP67 & HWY417 IC123 RAMP62 (__3ZA2YZ),__3ZA2YZ,01 - Non intersection,03 - P.D. only,03 - Rear end,01 - Clear,01 - Daylight,01 - Dry,10 - No control,,2,0,0,0,,0,,,,,364676.9662,5027888.773,45.38837932,-75.73533162,4881
20--4799,6/10/2020,3:30 PM,HIGHWAY 417 btwn HWY417 IC124 RAMP76 & HWY417 IC124 RAMP67 (__3ZA2R7),__3ZA2R7,01 - Non intersection,03 - P.D. only,03 - Rear end,01 - Clear,01 - Daylight,01 - Dry,10 - No control,,2,0,0,0,,0,,,,,364365.3164,5027451.003,45.38446692,-75.73936407,4882
20--48,1/2/2020,6:00 PM,STRATHCONA AVE btwn BANK ST & O'CONNOR ST (__3ZA96M),__3ZA96M,01 - Non intersection,03 - P.D. only,06 - SMV unattended vehicle,01 - Clear,07 - Dark,01 - Dry,10 - No control,,1,0,0,0,,0,,,,,368178.1721,5030052.068,45.40753592,-75.69034532,4883
20--480,1/12/2020,10:30 AM,CHAMBERLAIN AVE btwn GLENDALE AVE & LYON ST S (__3ZA3OD),__3ZA3OD,01 - Non intersection,02 - Non-fatal injury,07 - SMV other,01 - Clear,01 - Daylight,03 - Loose snow,10 - No control,,1,0,0,0,02 - Minor,1,,1,,,367724.9854,5029924.529,45.40642926,-75.69615047,4884
20--4800,6/10/2020,3:30 PM,HIGHWAY 417 btwn HWY417 IC126 RAMP61 & HWY417 IC124 RAMP76 (__3ZA2Y2),__3ZA2Y2,01 - Non intersection,03 - P.D. only,03 - Rear end,01 - Clear,01 - Daylight,01 - Dry,10 - No control,,2,0,0,0,,0,,,,,363770.6504,5026663.96,45.37743554,-75.74705117,4885
20--4801,6/10/2020,3:45 PM,VISTAPARK DR/CORBRIDGE ST @ ESPRIT DR (0013456),13456,03 - At intersection,02 - Non-fatal injury,07 - SMV other,01 - Clear,01 - Daylight,01 - Dry,02 - Stop sign,01 - Functioning,1,0,0,1,02 - Minor,1,,1,,,385309.4693,5035175.104,45.45186754,-75.47068759,4886
20--4802,6/10/2020,4:16 PM,PARKDALE AVE @ SCOTT ST (0002213),2213,02 - Intersection related,03 - P.D. only,03 - Rear end,01 - Clear,01 - Daylight,01 - Dry,01 - Traffic signal,01 - Functioning,2,0,0,0,,0,,,,,364949.7124,5029726.565,45.40489202,-75.7316247,4887
20--4803,6/10/2020,4:22 AM,BASELINE RD @ CLYDE AVE (0002343),2343,03 - At intersection,02 - Non-fatal injury,02 - Angle,01 - Clear,07 - Dark,01 - Dry,01 - Traffic signal,01 - Functioning,2,0,0,0,01 - Minimal,1,1,,,,364358.6918,5024890.518,45.36142864,-75.73975742,4888
20--4804,6/10/2020,4:47 PM,CYCLONE TAYLOR BLVD @ HUNTMAR DR (0011819),11819,03 - At intersection,02 - Non-fatal injury,02 - Angle,01 - Clear,01 - Daylight,01 - Dry,01 - Traffic signal,01 - Functioning,2,0,0,0,02 - Minor,4,,4,,,349514.5818,5017549.447,45.29647578,-75.92988854,4889
20--4805,6/10/2020,5:54 AM,GREENBANK RD btwn WEST HUNT CLUB RD & FALLOWFIELD RD (__3ZA1NE),__3ZA1NE,01 - Non intersection,03 - P.D. only,07 - SMV other,01 - Clear,01 - Daylight,01 - Dry,10 - No control,,1,0,0,0,,0,,,,,362681.4111,5017658.108,45.29649222,-75.76201102,4890
20--4806,6/10/2020,6:08 PM,MERIVALE RD @ EMERALD PLAZA SC (0005311),5311,02 - Intersection related,03 - P.D. only,03 - Rear end,01 - Clear,01 - Daylight,01 - Dry,01 - Traffic signal,01 - Functioning,3,0,0,0,,0,,,,,364737.134,5024005.452,45.35343269,-75.7350345,4891
20--4807,6/10/2020,6:30 AM,DWYER HILL RD btwn CRAWFORD SIDE RD & FERNBANK RD (__3ZA3FA),__3ZA3FA,01 - Non intersection,03 - P.D. only,07 - SMV other,01 - Clear,01 - Daylight,01 - Dry,10 - No control,,1,0,0,0,,0,,,,,342176.7043,5005926.407,45.1923142,-76.02431668,4892
20--4808,6/10/2020,6:35 PM,STIRLING AVE btwn LADOUCEUR ST & ARMSTRONG ST (__3ZAAHS),__3ZAAHS,04 - At/near private drive,03 - P.D. only,06 - SMV unattended vehicle,01 - Clear,01 - Daylight,01 - Dry,10 - No control,,1,0,0,0,,0,,,,,365326.4936,5029625.63,45.40395135,-75.72682438,4893
20--4809,6/10/2020,6:51 PM,OTTAWA RIVER PKWY WB btwn TUNNEY'S PASTURE/REMIC RAPIDS ENT & PARKDALE (__3ZA24KA),__3ZA24KA,01 - Non intersection,01 - Fatal injury,03 - Rear end,01 - Clear,01 - Daylight,01 - Dry,10 - No control,,2,1,0,1,04 - Fatal,2,,,1,1,363346.8079,5029565.842,45.40358176,-75.75211811,4894
20--481,1/12/2020,10:52 PM,BANFF AVE btwn KITCHENER AVE & LEDBURY AVE (__3ZBOQZ),__3ZBOQZ,01 - Non intersection,03 - P.D. only,01 - Approaching,01 - Clear,07 - Dark,06 - Ice,10 - No control,,2,0,0,0,,0,,,,,370791.2587,5025451.97,45.36590441,-75.65758181,4895
20--4810,6/10/2020,7:55 AM,MARCH RD btwn PETER ROBINSON RD & CORKERY RD (__3ZA2RJ),__3ZA2RJ,01 - Non intersection,03 - P.D. only,99 - Other,01 - Clear,01 - Daylight,01 - Dry,10 - No control,,2,0,0,0,,0,,,,,335424.535,5015660.218,45.28023087,-76.10964828,4896
20--4811,6/10/2020,7:55 AM,MAITLAND AVE @ WOODWARD DR (0003185),3185,03 - At intersection,02 - Non-fatal injury,05 - Turning movement,01 - Clear,01 - Daylight,01 - Dry,01 - Traffic signal,01 - Functioning,2,1,0,0,01 - Minimal,1,1,,,,363273.6962,5025662.525,45.36846641,-75.7535144,4897
20--4812,6/10/2020,8:41 PM,GORDON MURDOCK @ GOWAN GT (0005367),5367,03 - At intersection,02 - Non-fatal injury,05 - Turning movement,01 - Clear,05 - Dusk,01 - Dry,02 - Stop sign,00 - Unknown,2,0,0,0,02 - Minor,2,,2,,,376356.6768,5000998.386,45.1453328,-75.59006558,4898
20--4813,6/10/2020,9:00 AM,HIGHWAY 416 btwn HWY416 IC72 RAMP34 & HWY416 IC72 RAMP63 (__3ZAZER),__3ZAZER,01 - Non intersection,03 - P.D. only,99 - Other,01 - Clear,01 - Daylight,01 - Dry,10 - No control,,2,0,0,0,,0,,,,,359342.9131,5019800.104,45.31603316,-75.80433797,4899
20--4814,6/10/2020,9:00 PM,GREENBANK RD @ MALVERN DR/FOXFIELD DR (0009821),9821,02 - Intersection related,03 - P.D. only,03 - Rear end,01 - Clear,05 - Dusk,01 - Dry,01 - Traffic signal,01 - Functioning,2,0,0,0,,0,,,,,363311.6841,5016194.432,45.28326985,-75.75414835,4900
20--4815,6/10/2020,9:00 PM,HIGHWAY 416 btwn HWY416 IC49 RAMP24 & HWY416 IC42 RAMP42 (__3ZA29T),__3ZA29T,01 - Non intersection,03 - P.D. only,07 - SMV other,01 - Clear,05 - Dusk,01 - Dry,10 - No control,,1,0,0,0,,0,,,,,370731.432,4996569.008,45.10602447,-75.66217339,4901
20--4816,6/10/2020,9:53 PM,GALLAGHER RD btwn MACKEY RD & MALAKOFF RD (__3ZAAZS),__3ZAAZS,01 - Non intersection,02 - Non-fatal injury,07 - SMV other,01 - Clear,07 - Dark,01 - Dry,10 - No control,,1,0,0,0,01 - Minimal,1,1,,,,363276.396,4994622.267,45.08916275,-75.75712729,4902
20--4817,6/11/2020,1:27 PM,AURA AVE @ STRANDHERD DR (0019091),19091,02 - Intersection related,03 - P.D. only,03 - Rear end,01 - Clear,01 - Daylight,01 - Dry,02 - Stop sign,00 - Unknown,2,0,0,0,,0,,,,,362787.2815,5013811.852,45.26187475,-75.76111064,4903
20--4818,6/11/2020,Unknown,LEDUC CRES btwn CARRIGAN DR & CARRIGAN DR (__3ZA6B6),__3ZA6B6,01 - Non intersection,03 - P.D. only,06 - SMV unattended vehicle,01 - Clear,00 - Unknown,01 - Dry,10 - No control,,1,0,0,0,,0,,,,,384567.3883,5037621.408,45.47396219,-75.47977662,4904
20--4819,6/11/2020,12:00 PM,HAZELDEAN RD btwn KINCARDINE DR & TERRY FOX DR (__3ZAZ88),__3ZAZ88,04 - At/near private drive,03 - P.D. only,02 - Angle,01 - Clear,01 - Daylight,01 - Dry,10 - No control,,2,0,0,0,,0,,,,,352140.053,5017179.881,45.29297834,-75.89645084,4905
20--482,1/12/2020,10:56 AM,HIGHWAY 416 btwn HWY416 IC49 RAMP24 & HWY416 IC42 RAMP42 (__3ZA29T),__3ZA29T,01 - Non intersection,03 - P.D. only,04 - Sideswipe,01 - Clear,01 - Daylight,03 - Loose snow,10 - No control,,2,0,0,0,,0,,,,,369763.7448,4997739.433,45.11664564,-75.67431718,4906
20--4820,6/11/2020,12:30 PM,HIGHWAY 417 btwn HWY417 IC127 RAMP25 & HWY417 IC126 RAMP51 (__3ZA2XA),__3ZA2XA,01 - Non intersection,03 - P.D. only,03 - Rear end,01 - Clear,01 - Daylight,01 - Dry,10 - No control,,3,0,0,0,,0,,,,,363211.3309,5025890.288,45.370521,-75.75428356,4907
20--5369,7/6/2020,11:23 AM,BANK ST @ CATHERINE ST (0002708),2708,03 - At intersection,03 - P.D. only,04 - Sideswipe,01 - Clear,01 - Daylight,01 - Dry,01 - Traffic signal,01 - Functioning,2,0,0,0,,0,,,,,368039.7025,5030267.564,45.40948741,-75.69208645,4908
20--537,1/13/2020,6:14 AM,MARCH RD btwn KLONDIKE RD & MORGAN'S GRANT WAY (__3ZA2EW),__3ZA2EW,01 - Non intersection,03 - P.D. only,04 - Sideswipe,01 - Clear,07 - Dark,02 - Wet,10 - No control,,2,0,0,0,,0,,,,,349313.3182,5024006.239,45.35458851,-75.93187406,4909
20--5370,7/6/2020,12:00 PM,LEITRIM RD btwn HIGH RD & ALBION RD (__4B2G24),__4B2G24,04 - At/near private drive,02 - Non-fatal injury,03 - Rear end,01 - Clear,01 - Daylight,01 - Dry,10 - No control,,2,0,0,0,02 - Minor,1,,1,,,372892.3933,5020032.064,45.31693703,-75.63150858,4910
20--5371,7/6/2020,12:22 PM,WEST HUNT CLUB RD @ CLEOPATRA DR/LANCELOT DR (0000114),114,02 - Intersection related,03 - P.D. only,03 - Rear end,01 - Clear,01 - Daylight,01 - Dry,01 - Traffic signal,01 - Functioning,2,0,0,0,,0,,,,,365235.7113,5021732.5,45.33293818,-75.72894953,4911
20--5372,7/6/2020,2:33 PM,WOODROFFE AVE @ KNOXDALE RD/MEDHURST DR (0000519),519,03 - At intersection,03 - P.D. only,05 - Turning movement,01 - Clear,01 - Daylight,01 - Dry,01 - Traffic signal,01 - Functioning,2,0,0,0,,0,,,,,363419.6836,5021826.485,45.3339379,-75.75210561,4912
20--5373,7/6/2020,2:50 PM,RICHMOND RD btwn WOODROFFE AVE & LOCKHART AVE (__3ZBPOH),__3ZBPOH,04 - At/near private drive,02 - Non-fatal injury,02 - Angle,01 - Clear,01 - Daylight,01 - Dry,10 - No control,,2,0,0,0,01 - Minimal,2,2,,,,361640.4602,5026736.543,45.37826469,-75.77423927,4913
20--5374,7/6/2020,2:55 PM,FISHER AVE @ TUNIS AVE (0006208),6208,03 - At intersection,03 - P.D. only,02 - Angle,01 - Clear,01 - Daylight,01 - Dry,01 - Traffic signal,01 - Functioning,2,0,0,0,,0,,,,,365496.6939,5027596.542,45.38567933,-75.72490005,4914
20--5375,7/6/2020,3:19 PM,CARLING AVE WB btwn ROCHESTER ST & BOOTH ST (__3ZA26I),__3ZA26I,01 - Non intersection,03 - P.D. only,03 - Rear end,01 - Clear,01 - Daylight,01 - Dry,10 - No control,,2,0,0,0,,0,,,,,367077.9375,5029096.032,45.39903254,-75.70452016,4915
20--5376,7/6/2020,3:30 PM,BENTLEY AVE btwn SUNDERLAND ST & CAMELOT DR (__3ZA53R),__3ZA53R,04 - At/near private drive,03 - P.D. only,02 - Angle,01 - Clear,01 - Daylight,01 - Dry,10 - No control,,2,0,0,0,,0,,,,,365908.3223,5021677.98,45.33238937,-75.72037575,4916
20--5377,7/6/2020,3:33 PM,FALLOWFIELD RD btwn MERIVALE RD & WOODROFFE AVE (__3ZA3IN),__3ZA3IN,01 - Non intersection,01 - Fatal injury,07 - SMV other,01 - Clear,01 - Daylight,01 - Dry,10 - No control,,1,0,0,0,04 - Fatal,1,,,,1,366799.4845,5018806.693,45.30647575,-75.70936673,4917
20--5378,7/6/2020,3:36 PM,RICHMOND RD @ WOODROFFE AVE (0011466),11466,02 - Intersection related,03 - P.D. only,03 - Rear end,01 - Clear,01 - Daylight,01 - Dry,01 - Traffic signal,01 - Functioning,2,0,0,0,,0,,,,,361584.6947,5026654.52,45.37753118,-75.77496068,4918
20--5379,7/6/2020,4:25 PM,RIVERSIDE DR NB btwn SMYTH RD SOUTH SIDE RAMP & TRANSITWAY - RIVERSIDE H (__3ZA4SA),__3ZA4SA,01 - Non intersection,02 - Non-fatal injury,07 - SMV other,01 - Clear,01 - Daylight,01 - Dry,10 - No control,,1,0,1,0,02 - Minor,1,,1,,,369954.2655,5029335.704,45.40092726,-75.6677528,4919
20--538,1/13/2020,6:15 AM,HAWTHORNE RD @ HUNT CLUB RD (0007651),7651,02 - Intersection related,03 - P.D. only,03 - Rear end,01 - Clear,07 - Dark,02 - Wet,01 - Traffic signal,01 - Functioning,2,0,0,0,,0,,,,,375507.7415,5026406.524,45.37403312,-75.5972437,4920
20--5380,7/6/2020,4:38 PM,MAITLAND AVE btwn DUNCAN PL & LENESTER AVE (__3ZBOCE),__3ZBOCE,01 - Non intersection,03 - P.D. only,03 - Rear end,01 - Clear,01 - Daylight,01 - Dry,10 - No control,,2,0,0,0,,0,,,,,363006.3825,5026330.146,45.37449584,-75.75684801,4921
20--5381,7/6/2020,4:40 PM,CUMBERLAND ST @ RIDEAU ST (0007759),7759,02 - Intersection related,03 - P.D. only,03 - Rear end,01 - Clear,01 - Daylight,01 - Dry,01 - Traffic signal,01 - Functioning,2,0,0,0,,0,,,,,368374.5177,5032329.965,45.42801386,-75.68754337,4922
20--5382,7/6/2020,4:55 PM,CARLING AVE @ BAYSHORE DR/BIRCHDALE AVE (0000021),21,03 - At intersection,02 - Non-fatal injury,05 - Turning movement,01 - Clear,01 - Daylight,01 - Dry,01 - Traffic signal,01 - Functioning,2,0,0,0,02 - Minor,1,,1,,,359004.8751,5023990.614,45.35376571,-75.80819014,4923
20--5383,7/6/2020,5:10 PM,CARLING AVE @ CIVIC HOSPITAL (0008793),8793,03 - At intersection,03 - P.D. only,05 - Turning movement,01 - Clear,01 - Daylight,01 - Dry,01 - Traffic signal,01 - Functioning,2,0,0,0,,0,,,,,365791.6023,5028278.04,45.39178568,-75.72105018,4924
20--5384,7/6/2020,5:38 PM,MCCOOEYE LANE @ NEIL AVE (0010499),10499,03 - At intersection,03 - P.D. only,02 - Angle,01 - Clear,01 - Daylight,01 - Dry,02 - Stop sign,01 - Functioning,2,0,0,0,,0,,,,,349272.5776,5014563.38,45.2696215,-75.93324155,4925
20--5385,7/6/2020,5:55 PM,INNES RD @ VISENEAU DR (0012442),12442,02 - Intersection related,03 - P.D. only,04 - Sideswipe,01 - Clear,01 - Daylight,01 - Dry,01 - Traffic signal,01 - Functioning,2,0,0,0,,0,,,,,381798.7503,5035073.557,45.45134953,-75.51558115,4926
20--5386,7/6/2020,6:23 AM,5TH LINE RD @ SNAKE ISLAND RD (0005065),5065,02 - Intersection related,03 - P.D. only,03 - Rear end,01 - Clear,01 - Daylight,01 - Dry,02 - Stop sign,01 - Functioning,2,0,0,0,,0,,,,,380262.7699,5007991.402,45.20784721,-75.53934396,4927
20--5387,7/6/2020,6:25 PM,HAZELDEAN RD btwn YOUNG RD & CASTLEFRANK RD (__3ZA41L),__3ZA41L,01 - Non intersection,03 - P.D. only,04 - Sideswipe,01 - Clear,01 - Daylight,01 - Dry,10 - No control,,2,0,0,0,,0,,,,,352570.2812,5017577.734,45.29652921,-75.89092775,4928
20--5388,7/6/2020,6:58 AM,CARLING AVE @ PRESTON ST (0002161),2161,03 - At intersection,03 - P.D. only,02 - Angle,01 - Clear,01 - Daylight,01 - Dry,01 - Traffic signal,01 - Functioning,2,0,0,0,,0,,,,,366829.708,5028935.56,45.39761069,-75.70771068,4929
20--5389,7/6/2020,7:05 AM,INNES RD btwn PAGE RD & 473 E OF PAGE RD/BUILDERS' WAREHOUSE SC (__3ZAYFDA),__3ZAYFDA,01 - Non intersection,02 - Non-fatal injury,07 - SMV other,01 - Clear,01 - Daylight,01 - Dry,10 - No control,,1,0,1,0,02 - Minor,1,,1,,,381149.2086,5034693.48,45.44800116,-75.52394323,4930
20--539,1/13/2020,6:20 AM,DALMENY RD btwn STAGECOACH RD & 4TH LINE RD (__3ZA2C7),__3ZA2C7,01 - Non intersection,03 - P.D. only,07 - SMV other,01 - Clear,07 - Dark,01 - Dry,10 - No control,,1,0,0,0,,0,,,,,377875.1125,4999244.974,45.12940045,-75.57101548,4931
20--5390,7/6/2020,7:17 AM,DES SOLDATS-RIENDEAU ST btwn LAMPREY ST & RIVER MIST RD (e___2HJX),e___2HJX,01 - Non intersection,03 - P.D. only,06 - SMV unattended vehicle,01 - Clear,01 - Daylight,01 - Dry,10 - No control,,1,0,0,0,,0,,,,,364763.601,5011681.383,45.24253905,-75.73618707,4932
20--5391,7/6/2020,9:20 PM,CUMMINGS AVE btwn GARDENVALE RD & SHANE ST (__3ZA1WG),__3ZA1WG,01 - Non intersection,03 - P.D. only,07 - SMV other,01 - Clear,07 - Dark,01 - Dry,10 - No control,,1,0,0,0,,0,,,,,372415.6212,5033005.374,45.43371188,-75.6358127,4933
20--5392,7/7/2020,1:10 PM,MITCH OWENS RD @ DOZOIS RD/LIMEBANK RD (0012469),12469,03 - At intersection,03 - P.D. only,02 - Angle,01 - Clear,01 - Daylight,01 - Dry,01 - Traffic signal,01 - Functioning,2,0,0,0,,0,,,,,371674.0265,5012109.315,45.24576695,-75.64811418,4934
20--5393,7/7/2020,10:30 AM,ISABELLA ST/HWY417 IC119AR75 @ METCALFE ST (0011380),11380,03 - At intersection,03 - P.D. only,05 - Turning movement,01 - Clear,01 - Daylight,01 - Dry,01 - Traffic signal,01 - Functioning,2,0,0,0,,0,,,,,368448.7088,5030399.546,45.41063787,-75.68684471,4935
20--5394,7/7/2020,10:30 AM,MONTFORT ST btwn STE. ANNE ST & GRANVILLE ST (__3ZA52J),__3ZA52J,04 - At/near private drive,03 - P.D. only,02 - Angle,01 - Clear,01 - Daylight,01 - Dry,10 - No control,,2,0,0,0,,0,,,,,370673.2346,5033584.342,45.43908748,-75.65800201,4936
20--5395,7/7/2020,10:30 PM,BASELINE RD btwn NAVAHO DR & DEERFIELD DR (__3ZA4H4),__3ZA4H4,01 - Non intersection,03 - P.D. only,03 - Rear end,01 - Clear,07 - Dark,01 - Dry,10 - No control,,2,0,0,0,,0,,,,,363294.7606,5024224.708,45.35552734,-75.75341569,4937
20--5396,7/7/2020,10:59 AM,RICHMOND RD btwn ROBERTSON RD & STINSON AVE (__3ZA4YR),__3ZA4YR,04 - At/near private drive,03 - P.D. only,99 - Other,01 - Clear,01 - Daylight,01 - Dry,10 - No control,,2,0,0,0,,0,,,,,357649.3745,5020793.125,45.32509797,-75.82583054,4938
20--5397,7/7/2020,11:23 AM,INVERNESS AVE @ MEADOWLANDS DR (0001758),1758,02 - Intersection related,03 - P.D. only,03 - Rear end,01 - Clear,01 - Daylight,01 - Dry,01 - Traffic signal,01 - Functioning,2,0,0,0,,0,,,,,365748.6985,5024716.522,45.35974359,-75.72203763,4939
20--5398,7/7/2020,11:27 AM,FLETCHER CIRC btwn Continuation of FLETCHER CIRC & Continuation of FLE (__54M2QT),__54M2QT,04 - At/near private drive,03 - P.D. only,05 - Turning movement,01 - Clear,01 - Daylight,01 - Dry,10 - No control,,2,0,0,0,,0,,,,,349276.1185,5019959.805,45.31818004,-75.93271249,4940
20--5399,7/7/2020,11:50 AM,IRIS ST btwn GREENBANK RD & TO BE DETERMINED (__3ZAYFO),__3ZAYFO,04 - At/near private drive,03 - P.D. only,05 - Turning movement,01 - Clear,01 - Daylight,01 - Dry,10 - No control,,2,0,0,0,,0,,,,,360582.6666,5023330.018,45.34769795,-75.78812906,4941
20--54,1/2/2020,8:05 PM,HIGHWAY 417 btwn HWY417 IC169 RAMP36 & HWY417 IC169 RAMP26 (__5SO7NF),__5SO7NF,01 - Non intersection,03 - P.D. only,04 - Sideswipe,01 - Clear,07 - Dark,01 - Dry,10 - No control,,2,0,0,0,,0,,,,,325325.1873,5025090.792,45.36546044,-76.23798576,4942
20--540,1/13/2020,6:20 PM,WALKLEY RD btwn CONROY RD & HARDING RD (__3ZA2EJ),__3ZA2EJ,04 - At/near private drive,02 - Non-fatal injury,03 - Rear end,03 - Snow,07 - Dark,06 - Ice,10 - No control,,2,0,0,0,01 - Minimal,3,3,,,,373049.252,5027550.336,45.38456843,-75.62847048,4943
20--5400,7/7/2020,11:54 AM,NICHOLAS ST btwn DALY AVE & SB RAMP FROM WALLER/NICHOLAS/MACKENZIE KIN (__3ZA3VJ),__3ZA3VJ,01 - Non intersection,03 - P.D. only,04 - Sideswipe,01 - Clear,01 - Daylight,01 - Dry,10 - No control,,2,0,0,0,,0,,,,,368281.1963,5031964.293,45.42473215,-75.68878299,4944
20--5401,7/7/2020,2:20 PM,LAURIER AVE @ NICHOLAS ST (0010711),10711,02 - Intersection related,03 - P.D. only,04 - Sideswipe,01 - Clear,01 - Daylight,01 - Dry,01 - Traffic signal,01 - Functioning,2,0,0,0,,0,,,,,368373.6359,5031798.274,45.42322997,-75.68762327,4945
20--5402,7/7/2020,3:00 PM,CUMMINGS AVE btwn WELDON DR & OGILVIE RD (__3ZA7UQ),__3ZA7UQ,04 - At/near private drive,03 - P.D. only,02 - Angle,01 - Clear,01 - Daylight,01 - Dry,10 - No control,,2,0,0,0,,0,,,,,372733.1044,5032204.059,45.42647127,-75.63186599,4946
20--5403,7/7/2020,3:56 PM,FALLOWFIELD RD btwn HWY416 IC66 RAMP53 & HWY416 IC66 RAMP34 (__3ZAZM5),__3ZAZM5,04 - At/near private drive,03 - P.D. only,03 - Rear end,01 - Clear,01 - Daylight,01 - Dry,10 - No control,,2,0,0,0,,0,,,,,359664.9885,5014682.285,45.26995747,-75.80079652,4947
20--5404,7/7/2020,5:02 PM,HWY 417 MAITLAND IC126R52 @ MAITLAND AVE (0002246),2246,02 - Intersection related,03 - P.D. only,03 - Rear end,01 - Clear,01 - Daylight,01 - Dry,03 - Yield sign,01 - Functioning,2,0,0,0,,0,,,,,363205.6832,5025833.53,45.37001077,-75.75436237,4948
20--5405,7/7/2020,6:50 AM,HIGHWAY 417 btwn HWY417 IC122 RAMP15 & HWY417 IC121B RAMP51 (__3ZA2RB),__3ZA2RB,01 - Non intersection,03 - P.D. only,99 - Other,01 - Clear,01 - Daylight,01 - Dry,10 - No control,,2,0,0,0,,0,,,,,366255.4587,5029404.507,45.4018808,-75.71498629,4949