Anom_ID,Accident_Date,Accident_Time,Location,Geo_ID,Accident_Location,Classification_of_Accident,Initial_Impact_Type,Environment_Condition,Light,Road_Surface_Condition,Traffic_Control,Traffic_Control_Condition,No__of_Vehicles,No__of_Bicycles,No__of_Motorcycles,No__of_Pedestrians,Max_Injury,No__of_Injuries,No__of_Minimal,No__of_Minor,No__of_Major,No__of_Fatal,X,Y,Latitude,Longitude,ObjectId
20--5406,7/7/2020,7:12 PM,MONTREAL RD @ OGILVIE RD (0009279),9279,03 - At intersection,02 - Non-fatal injury,02 - Angle,01 - Clear,01 - Daylight,01 - Dry,01 - Traffic signal,02 - Not functioning,3,0,0,0,02 - Minor,1,,1,,,375654.7299,5034556.579,45.447348,-75.5941958,4950
20--5407,7/7/2020,7:20 AM,RIVERSIDE DR NB btwn BANK ST & RIVERSIDE DR NB RAMP FROM EB TO WB (__3ZBOEF),__3ZBOEF,01 - Non intersection,03 - P.D. only,04 - Sideswipe,01 - Clear,01 - Daylight,01 - Dry,10 - No control,,2,0,0,0,,0,,,,,369361.4862,5027981.125,45.38879413,-75.67550113,4951
20--5408,7/7/2020,7:20 PM,HERON RD @ 155 W OF BANK ST/CANADIAN TIRE SC (0008219),8219,02 - Intersection related,02 - Non-fatal injury,99 - Other,01 - Clear,01 - Daylight,01 - Dry,01 - Traffic signal,01 - Functioning,2,0,0,0,01 - Minimal,1,1,,,,369847.82,5026831.498,45.37840516,-75.66944242,4952
20--5409,7/7/2020,8:36 AM,BANK ST btwn BLAIS RD & RIDEAU RD (__3ZA29L),__3ZA29L,01 - Non intersection,03 - P.D. only,03 - Rear end,01 - Clear,01 - Daylight,01 - Dry,10 - No control,,2,0,0,0,,0,,,,,376162.482,5019709.444,45.31370948,-75.58985153,4953
20--541,1/13/2020,6:30 PM,FERNBANK RD @ SHEA RD (0000399),399,02 - Intersection related,03 - P.D. only,03 - Rear end,03 - Snow,07 - Dark,06 - Ice,11 - Roundabout,01 - Functioning,2,0,0,0,,0,,,,,352117.5988,5013181.426,45.25700059,-75.8971182,4954
20--5410,7/8/2020,1:20 PM,MITCH OWENS RD/BRIDGE ST @ RIVER RD (0003573),3573,02 - Intersection related,03 - P.D. only,03 - Rear end,01 - Clear,01 - Daylight,01 - Dry,01 - Traffic signal,01 - Functioning,2,0,0,0,,0,,,,,369499.7095,5010770.415,45.23392287,-75.67598332,4955
20--5411,7/8/2020,1:48 PM,VANIER PKWY SB btwn MCARTHUR AVE & VANIER PKWY (__3ZBOBV),__3ZBOBV,01 - Non intersection,03 - P.D. only,04 - Sideswipe,01 - Clear,01 - Daylight,01 - Dry,10 - No control,,2,0,0,0,,0,,,,,370211.5232,5032669.05,45.43089542,-75.66402463,4956
20--5412,7/8/2020,10:07 AM,KING EDWARD AVE btwn DALY AVE & STEWART ST (__3ZA3V2),__3ZA3V2,01 - Non intersection,03 - P.D. only,06 - SMV unattended vehicle,01 - Clear,01 - Daylight,01 - Dry,10 - No control,,1,0,0,0,,0,,,,,368605.7979,5032251.313,45.42728512,-75.6845982,4957
20--5413,7/8/2020,10:09 AM,THUNDERBIRD DR btwn LAKES PARK DR & PEGASUS CRES (__3ZA1SQ),__3ZA1SQ,01 - Non intersection,03 - P.D. only,06 - SMV unattended vehicle,01 - Clear,01 - Daylight,01 - Dry,10 - No control,,1,0,0,0,,0,,,,,377099.4322,5014854.416,45.26993005,-75.57861098,4958
20--5414,7/8/2020,11:01 AM,WOODROFFE AVE btwn FALLOWFIELD RD & EARL MULLIGAN DR (__3ZA3IL),__3ZA3IL,04 - At/near private drive,03 - P.D. only,05 - Turning movement,01 - Clear,01 - Daylight,01 - Dry,10 - No control,,2,0,0,0,,0,,,,,365103.407,5017860.85,45.29811279,-75.73110861,4959
20--5415,7/8/2020,11:49 AM,AIRPORT PKWY btwn AIRPORT PKWY/HUNT CLUB RAMP 42 & WALKLEY RD NB RAMP (__3ZAZP9),__3ZAZP9,01 - Non intersection,03 - P.D. only,05 - Turning movement,01 - Clear,01 - Daylight,01 - Dry,10 - No control,,2,0,0,0,,0,,,,,370655.2066,5024246.26,45.3550686,-75.65947907,4960
20--5416,7/8/2020,12:05 PM,CARLING AVE @ KIRKWOOD AVE N (0002358),2358,02 - Intersection related,03 - P.D. only,03 - Rear end,01 - Clear,01 - Daylight,01 - Dry,01 - Traffic signal,01 - Functioning,2,0,0,0,,0,,,,,364275.6923,5027493.538,45.38485726,-75.74050333,4961
20--5417,7/8/2020,2:38 PM,LAURIER AVE @ NICHOLAS ST (0010711),10711,02 - Intersection related,03 - P.D. only,04 - Sideswipe,01 - Clear,01 - Daylight,01 - Dry,01 - Traffic signal,01 - Functioning,2,0,0,0,,0,,,,,368373.652,5031798.277,45.42323,-75.68762306,4962
20--5418,7/8/2020,3:00 PM,MCELROY DR @ RICKEY PL (0004017),4017,02 - Intersection related,03 - P.D. only,01 - Approaching,01 - Clear,01 - Daylight,01 - Dry,02 - Stop sign,01 - Functioning,2,0,0,0,,0,,,,,352832.623,5016880.453,45.29023701,-75.88765061,4963
20--5419,7/8/2020,3:00 PM,SHEFFIELD RD @ WALKLEY RD (0005156),5156,02 - Intersection related,03 - P.D. only,03 - Rear end,01 - Clear,01 - Daylight,01 - Dry,01 - Traffic signal,01 - Functioning,2,0,0,0,,0,,,,,375257.7477,5028784.551,45.39545462,-75.60009565,4964
20--542,1/13/2020,6:34 AM,HUNT CLUB RD @ BRIDLE PATH DR/DAZE ST (0008214),8214,03 - At intersection,02 - Non-fatal injury,02 - Angle,01 - Clear,07 - Dark,04 - Slush,01 - Traffic signal,01 - Functioning,2,0,0,0,02 - Minor,1,,1,,,371291.7292,5023864.5,45.35157358,-75.65140726,4965
20--5420,7/8/2020,3:52 PM,TENTH LINE RD btwn ST. JOSEPH BLVD & OR174 IC101 RAMP26 (__3ZA11V),__3ZA11V,01 - Non intersection,03 - P.D. only,04 - Sideswipe,01 - Clear,01 - Daylight,01 - Dry,10 - No control,,2,0,0,0,,0,,,,,382885.3773,5038678.878,45.48366646,-75.50111807,4966
20--5421,7/8/2020,3:56 PM,HWY 417 INNES IC112R68 @ INNES RD (0012300),12300,02 - Intersection related,03 - P.D. only,03 - Rear end,01 - Clear,01 - Daylight,01 - Dry,01 - Traffic signal,00 - Unknown,3,0,0,0,,0,,,,,374641.7239,5030921.562,45.41474407,-75.60766001,4967
20--5422,7/8/2020,3:59 PM,APPLETON DR btwn TAFT ST & BLOSSOMFIELD CRT (__4BRWWH),__4BRWWH,01 - Non intersection,02 - Non-fatal injury,02 - Angle,01 - Clear,01 - Daylight,01 - Dry,10 - No control,,2,1,0,0,03 - Major,1,,,1,,375177.5642,5032009.555,45.42447955,-75.60065923,4968
20--5423,7/8/2020,4:04 PM,CARLING AVE @ IROQUOIS RD (0003145),3145,03 - At intersection,02 - Non-fatal injury,02 - Angle,01 - Clear,01 - Daylight,01 - Dry,01 - Traffic signal,01 - Functioning,2,0,0,0,02 - Minor,1,,1,,,362213.6807,5026025.537,45.37182039,-75.76700343,4969
20--5424,7/8/2020,4:20 PM,CATHERINE ST/HWY 417 O'CONN IC119BR76 @ O'CONN (0001697),1697,02 - Intersection related,03 - P.D. only,03 - Rear end,01 - Clear,01 - Daylight,01 - Dry,01 - Traffic signal,01 - Functioning,2,0,0,0,,0,,,,,368243.7083,5030392.539,45.41059343,-75.68946437,4970
20--5425,7/8/2020,4:40 PM,REGIONAL ROAD 174 btwn OR174 IC101 RAMP26 & OR174 IC101 RAMP61 (__3ZA11T),__3ZA11T,01 - Non intersection,03 - P.D. only,99 - Other,01 - Clear,01 - Daylight,01 - Dry,10 - No control,,2,0,0,0,,0,,,,,383108.4124,5039146.222,45.48784621,-75.49819087,4971
20--5426,7/8/2020,5:20 PM,CRAIG HENRY DR btwn SHOREHAM AVE & MARKHAM AVE (__3ZAA2M),__3ZAA2M,01 - Non intersection,03 - P.D. only,07 - SMV other,01 - Clear,01 - Daylight,01 - Dry,10 - No control,,1,0,0,0,,0,,,,,361682.4393,5021692.383,45.33287423,-75.7742837,4972
20--5427,7/8/2020,5:36 PM,PRINCE OF WALES DR btwn WATERBEND LANE & TURN LANE (__3ZA1H4),__3ZA1H4,01 - Non intersection,03 - P.D. only,05 - Turning movement,01 - Clear,01 - Daylight,01 - Dry,10 - No control,,2,0,0,0,,0,,,,,367433.6757,5021726.345,45.33269006,-75.70091094,4973
20--5428,7/8/2020,5:43 AM,BANK ST @ QUEENSDALE AVE (0009260),9260,03 - At intersection,02 - Non-fatal injury,02 - Angle,01 - Clear,03 - Dawn,01 - Dry,01 - Traffic signal,01 - Functioning,2,0,0,0,02 - Minor,1,,1,,,373336.7365,5023445.513,45.34760682,-75.62536917,4974
20--5429,7/8/2020,6:18 AM,HAWTHORNE RD btwn LEITRIM RD & LOUISEIZE RD (__3ZBO24),__3ZBO24,01 - Non intersection,03 - P.D. only,07 - SMV other,01 - Clear,01 - Daylight,02 - Wet,10 - No control,,1,0,0,0,,0,,,,,377116.9876,5022524.948,45.33894444,-75.57726824,4975
20--543,1/13/2020,6:35 AM,HIGHWAY 417 btwn HWY 417 ANDERSON IC104R61 & HWY 417 BOUNDARY IC96R16 (__3ZA2W5),__3ZA2W5,01 - Non intersection,02 - Non-fatal injury,03 - Rear end,00 - Unknown,07 - Dark,02 - Wet,10 - No control,,2,0,0,0,02 - Minor,1,,1,,,385128.6604,5024885.387,45.35931033,-75.47467517,4976
20--5430,7/8/2020,6:35 PM,MARCH RD btwn CORKSTOWN RD & HWY417 IC138 RAMP62 (__3ZA417),__3ZA417,01 - Non intersection,02 - Non-fatal injury,07 - SMV other,01 - Clear,01 - Daylight,01 - Dry,10 - No control,,1,0,0,0,02 - Minor,1,,1,,,352703.5582,5020780.268,45.32533724,-75.88891896,4977
20--5431,7/8/2020,7:44 PM,BLAIR RD @ REGIONAL RD 174 N/OR174 IC112 RAMP61 (0003617),3617,02 - Intersection related,03 - P.D. only,99 - Other,01 - Clear,01 - Daylight,01 - Dry,01 - Traffic signal,01 - Functioning,2,0,0,0,,0,,,,,374634.7269,5032991.575,45.43336963,-75.60745593,4978
20--5432,7/8/2020,8:30 AM,ACONITUM WAY btwn BARRETT FARM DR & LAVATERA ST (e___2J44),e___2J44,01 - Non intersection,03 - P.D. only,06 - SMV unattended vehicle,01 - Clear,01 - Daylight,01 - Dry,10 - No control,,1,0,0,0,,0,,,,,374643.626,5020806.543,45.32373349,-75.60906577,4979
20--5433,7/8/2020,8:59 AM,BRONSON AVE @ CATHERINE ST/RAYMOND ST (0007198),7198,02 - Intersection related,03 - P.D. only,03 - Rear end,01 - Clear,01 - Daylight,01 - Dry,01 - Traffic signal,01 - Functioning,3,0,0,0,,0,,,,,367252.7064,5029796.571,45.40532023,-75.70219933,4980
20--5434,7/8/2020,9:10 PM,CASTLEFRANK RD @ HAZELDEAN RD (0003608),3608,03 - At intersection,03 - P.D. only,05 - Turning movement,01 - Clear,07 - Dark,01 - Dry,01 - Traffic signal,01 - Functioning,2,0,0,0,,0,,,,,352677.8815,5017676.756,45.29741291,-75.88954636,4981
20--5435,7/9/2020,1:00 PM,RIVERSIDE DR @ HERON RD (0002236),2236,02 - Intersection related,03 - P.D. only,03 - Rear end,01 - Clear,01 - Daylight,01 - Dry,01 - Traffic signal,01 - Functioning,2,0,0,0,,0,,,,,368121.0994,5026647.22,45.37690526,-75.6915113,4982
20--5436,7/9/2020,1:10 PM,CARP RD btwn KITTIWAKE DR & HAZELDEAN RD (__3ZA3DY),__3ZA3DY,04 - At/near private drive,03 - P.D. only,02 - Angle,01 - Clear,01 - Daylight,01 - Dry,10 - No control,,2,0,0,0,,0,,,,,348634.0143,5014526.327,45.26932818,-75.94138228,4983
20--5437,7/9/2020,10:37 AM,WOODROFFE AVE @ HWY 417 WOODROFF IC127R26/HWY4 (0002355),2355,03 - At intersection,02 - Non-fatal injury,05 - Turning movement,01 - Clear,01 - Daylight,01 - Dry,01 - Traffic signal,01 - Functioning,2,0,0,0,02 - Minor,2,,2,,,362082.6897,5024939.515,45.36205918,-75.76880156,4984
20--5438,7/9/2020,10:52 AM,CYRVILLE RD @ INNES RD (0009352),9352,03 - At intersection,02 - Non-fatal injury,02 - Angle,01 - Clear,01 - Daylight,01 - Dry,01 - Traffic signal,01 - Functioning,2,0,0,0,01 - Minimal,2,2,,,,375047.7271,5031119.573,45.41648503,-75.60244508,4985
20--5439,7/9/2020,12:30 PM,HIGHWAY 417 btwn HWY417 IC122 RAMP15 & HWY417 IC121B RAMP51 (__3ZA2RB),__3ZA2RB,01 - Non intersection,03 - P.D. only,03 - Rear end,01 - Clear,01 - Daylight,01 - Dry,10 - No control,,2,0,0,0,,0,,,,,366022.0566,5029295.06,45.40091647,-75.71798101,4986
20--544,1/13/2020,6:36 AM,DEAKIN ST @ PRINCE OF WALES DR (0001073),1073,02 - Intersection related,03 - P.D. only,03 - Rear end,03 - Snow,07 - Dark,02 - Wet,01 - Traffic signal,01 - Functioning,2,0,0,0,,0,,,,,367390.7198,5021523.481,45.33086856,-75.70148458,4987
20--5440,7/9/2020,2:16 PM,RIVER RD btwn 175 N OF EARL ARMSTRONG/LOBLAWS SC & 700 N OF EARL ARMST (__5DXOUQB),__5DXOUQB,04 - At/near private drive,03 - P.D. only,07 - SMV other,01 - Clear,01 - Daylight,01 - Dry,10 - No control,,1,0,0,0,,0,,,,,367751.4467,5015115.581,45.27317888,-75.69769665,4988
20--5441,7/9/2020,2:23 PM,BORRISOKANE RD/TARTAN DR @ STRANDHERD DR (0010634),10634,02 - Intersection related,03 - P.D. only,03 - Rear end,01 - Clear,01 - Daylight,01 - Dry,01 - Traffic signal,01 - Functioning,2,0,0,0,,0,,,,,362291.2046,5013545.403,45.25951794,-75.76746209,4989
20--5442,7/9/2020,2:24 PM,BANK ST @ MCLEOD ST (0007255),7255,02 - Intersection related,02 - Non-fatal injury,07 - SMV other,01 - Clear,01 - Daylight,01 - Dry,02 - Stop sign,00 - Unknown,1,0,0,1,02 - Minor,1,,1,,,367948.7091,5030487.569,45.41147517,-75.69322063,4990
20--5443,7/9/2020,2:38 PM,BAYSHORE DR @ WOODRIDGE CRES N (0001209),1209,02 - Intersection related,03 - P.D. only,99 - Other,01 - Clear,01 - Daylight,01 - Dry,01 - Traffic signal,01 - Functioning,2,0,0,0,,0,,,,,359072.8677,5023875.064,45.35272073,-75.80733511,4991
20--5444,7/9/2020,2:42 PM,WELLINGTON ST @ LETT ST (0012269),12269,02 - Intersection related,03 - P.D. only,03 - Rear end,01 - Clear,01 - Daylight,01 - Dry,01 - Traffic signal,01 - Functioning,2,0,0,0,,0,,,,,366355.2277,5031111.184,45.41722825,-75.71349889,4992
20--5445,7/9/2020,3:47 PM,KILSPINDIE RIDGE @ LONGFIELDS DR (0015336),15336,02 - Intersection related,03 - P.D. only,03 - Rear end,01 - Clear,01 - Daylight,01 - Dry,02 - Stop sign,01 - Functioning,2,0,0,0,,0,,,,,366290.7637,5012502.587,45.24979649,-75.71663441,4993
20--5446,7/9/2020,4:39 PM,KILMARNOCK WAY btwn RAVENDALE WAY & RAVENDALE WAY (__54YKUI),__54YKUI,04 - At/near private drive,03 - P.D. only,02 - Angle,01 - Clear,01 - Daylight,01 - Dry,10 - No control,,2,0,0,0,,0,,,,,365459.425,5012008.784,45.24542539,-75.72728457,4994
20--5447,7/9/2020,5:00 PM,VANIER PKWY SB btwn RIVERSIDE DR & TO BE DETERMINED (__3ZA1Q9),__3ZA1Q9,01 - Non intersection,02 - Non-fatal injury,03 - Rear end,01 - Clear,01 - Daylight,01 - Dry,10 - No control,,2,0,0,0,01 - Minimal,1,1,,,,370791.8154,5031357.771,45.41904257,-75.65678483,4995
20--5448,7/9/2020,6:00 AM,HIGHWAY 417 btwn HWY417 IC155 RAMP25 & RAMP (__3ZAZN1),__3ZAZN1,01 - Non intersection,03 - P.D. only,07 - SMV other,01 - Clear,01 - Daylight,01 - Dry,10 - No control,,1,0,0,0,,0,,,,,345070.1438,5014879.537,45.27271962,-75.98676945,4996
20--5449,7/9/2020,6:16 AM,BANKFIELD RD @ PRINCE OF WALES DR (0003618),3618,02 - Intersection related,03 - P.D. only,03 - Rear end,01 - Clear,01 - Daylight,01 - Dry,01 - Traffic signal,01 - Functioning,2,0,0,0,,0,,,,,366379.6941,5008975.395,45.218051,-75.71593814,4997
20--545,1/13/2020,6:41 PM,BANK ST btwn HERON RD & ANOKA ST (__3ZA360),__3ZA360,04 - At/near private drive,03 - P.D. only,02 - Angle,01 - Clear,07 - Dark,02 - Wet,10 - No control,,2,0,0,0,,0,,,,,370011.0721,5026807.745,45.37817626,-75.66736131,4998
20--5450,7/9/2020,6:21 AM,WEST HUNT CLUB RD WB btwn CEDARVIEW RD & GREENBANK RD (__3ZA199),__3ZA199,01 - Non intersection,03 - P.D. only,04 - Sideswipe,01 - Clear,01 - Daylight,01 - Dry,10 - No control,,2,0,0,0,,0,,,,,360182.2032,5019823.995,45.31618243,-75.79363147,4999
20--5451,7/9/2020,7:05 AM,HWY417 IC118 RAMP35 btwn HWY417 IC118 RAMP45 & MANN AVE OVERPASS (__3ZAYAW),__3ZAYAW,01 - Non intersection,03 - P.D. only,03 - Rear end,01 - Clear,01 - Daylight,01 - Dry,10 - No control,,2,0,0,0,,0,,,,,369517.2318,5031057.955,45.416464,-75.67310857,5000
20--6263,8/13/2020,12:59 PM,BANK ST @ RANDALL AVE (0007207),7207,03 - At intersection,03 - P.D. only,02 - Angle,01 - Clear,01 - Daylight,01 - Dry,01 - Traffic signal,01 - Functioning,2,0,0,0,,0,,,,,369739.7351,5027281.579,45.38246487,-75.67076315,5001
20--6264,8/13/2020,2:06 PM,BLACKBURN BYPASS EB btwn 1700 W OF NAVAN RD & NAVAN RD (__3ZA3J6B),__3ZA3J6B,01 - Non intersection,03 - P.D. only,04 - Sideswipe,01 - Clear,01 - Daylight,01 - Dry,10 - No control,,2,0,0,0,,0,,,,,379560.8343,5033195.641,45.43469639,-75.54447384,5002
20--6265,8/13/2020,2:08 PM,BANK ST @ CECIL AVE (0002601),2601,03 - At intersection,03 - P.D. only,02 - Angle,01 - Clear,01 - Daylight,01 - Dry,02 - Stop sign,01 - Functioning,2,0,0,0,,0,,,,,369944.7169,5026989.55,45.37981826,-75.66818448,5003
20--6266,8/13/2020,2:22 PM,SUE HOLLOWAY DR btwn BAYROSE DR & GLENROY GILBERT DR (__8JUTFN),__8JUTFN,01 - Non intersection,03 - P.D. only,06 - SMV unattended vehicle,01 - Clear,01 - Daylight,01 - Dry,10 - No control,,1,0,0,0,,0,,,,,364607.11,5014702.093,45.26973278,-75.73781673,5004
20--6267,8/13/2020,2:30 PM,MARCH RD @ TERRY FOX DR (0003173),3173,02 - Intersection related,03 - P.D. only,03 - Rear end,01 - Clear,01 - Daylight,01 - Dry,01 - Traffic signal,01 - Functioning,2,0,0,0,,0,,,,,349864.6082,5023399.506,45.34909378,-75.92489356,5005
20--6268,8/13/2020,3:12 PM,STRANDHERD DR @ WOODROFFE AVE (0009688),9688,02 - Intersection related,02 - Non-fatal injury,02 - Angle,01 - Clear,01 - Daylight,01 - Dry,01 - Traffic signal,01 - Functioning,2,1,0,0,02 - Minor,1,,1,,,366106.1614,5015395.16,45.27583989,-75.71862897,5006
20--6269,8/13/2020,3:17 PM,DUNROBIN RD btwn KILMAURS SIDE RD & CONSTANCE BAY RD (__3ZA4EA),__3ZA4EA,01 - Non intersection,03 - P.D. only,07 - SMV other,01 - Clear,01 - Daylight,01 - Dry,10 - No control,,1,0,0,0,,0,,,,,336314.745,5037682.443,45.4783564,-76.09689595,5007
20--627,1/15/2020,3:45 PM,NICHOLAS ST btwn DALY AVE & SB RAMP FROM WALLER/NICHOLAS/MACKENZIE KIN (__3ZA3VJ),__3ZA3VJ,01 - Non intersection,03 - P.D. only,04 - Sideswipe,01 - Clear,01 - Daylight,01 - Dry,10 - No control,,2,0,0,0,,0,,,,,368251.7058,5032009.668,45.42514309,-75.68915397,5008
20--6270,8/13/2020,3:39 PM,ALBION RD    N btwn KITCHENER AVE & END (__3ZA9X0),__3ZA9X0,04 - At/near private drive,03 - P.D. only,05 - Turning movement,01 - Clear,01 - Daylight,01 - Dry,10 - No control,,2,0,0,0,,0,,,,,371291.995,5025730.738,45.36836535,-75.6511528,5009
20--6271,8/13/2020,3:55 PM,HUNT CLUB RD @ BRIDLE PATH DR/DAZE ST (0008214),8214,02 - Intersection related,03 - P.D. only,04 - Sideswipe,01 - Clear,01 - Daylight,01 - Dry,01 - Traffic signal,01 - Functioning,2,0,0,0,,0,,,,,371291.735,5023864.492,45.35157351,-75.65140718,5010
20--6272,8/13/2020,4:00 PM,8TH LINE RD @ PARKWAY RD (0001611),1611,03 - At intersection,03 - P.D. only,02 - Angle,01 - Clear,01 - Daylight,01 - Dry,02 - Stop sign,01 - Functioning,2,0,0,0,,0,,,,,383165.7945,5016891.463,45.28760841,-75.50099058,5011
20--6273,8/13/2020,4:00 PM,MERIVALE RD btwn 210 S OF MEADOWLANDS DR/MERIVALE PL SC & FAMILY BROWN (__3ZBPLPB),__3ZBPLPB,04 - At/near private drive,03 - P.D. only,03 - Rear end,01 - Clear,01 - Daylight,01 - Dry,10 - No control,,2,0,0,0,,0,,,,,364992.906,5023414.347,45.3480921,-75.73184238,5012
20--6274,8/13/2020,4:40 PM,PALLADIUM DR btwn HWY417 IC142 RAMP62 & HUNTMAR DR (__3ZAZW8),__3ZAZW8,04 - At/near private drive,03 - P.D. only,03 - Rear end,01 - Clear,01 - Daylight,01 - Dry,10 - No control,,2,0,0,0,,0,,,,,348661.3901,5017553.118,45.29656259,-75.94076589,5013
20--6275,8/13/2020,5:29 PM,BANK ST @ JOHNSTON RD (0006967),6967,02 - Intersection related,02 - Non-fatal injury,03 - Rear end,01 - Clear,01 - Daylight,01 - Dry,01 - Traffic signal,01 - Functioning,2,0,0,0,02 - Minor,2,,2,,,370851.728,5024839.532,45.36038819,-75.65689183,5014
20--5542,7/14/2020,2:42 PM,BREWER RD @ BRONSON AVE (0002240),2240,02 - Intersection related,03 - P.D. only,04 - Sideswipe,01 - Clear,01 - Daylight,01 - Dry,01 - Traffic signal,01 - Functioning,2,0,0,0,,0,,,,,368109.0527,5027766.432,45.38697671,-75.69152157,5015
20--6276,8/13/2020,5:43 PM,GLADSTONE AVE @ ARTHUR ST/ARTHUR LANE (0005267),5267,03 - At intersection,03 - P.D. only,02 - Angle,01 - Clear,01 - Daylight,01 - Dry,01 - Traffic signal,01 - Functioning,2,0,0,0,,0,,,,,366993.7803,5029995.598,45.40713407,-75.70548155,5016
20--6277,8/13/2020,6:30 AM,BASELINE RD @ MERIVALE RD (0002342),2342,02 - Intersection related,03 - P.D. only,04 - Sideswipe,01 - Clear,01 - Daylight,01 - Dry,01 - Traffic signal,01 - Functioning,2,0,0,0,,0,,,,,365054.7006,5025325.521,45.36528325,-75.73082091,5017
20--6278,8/13/2020,6:36 AM,BRUIN RD @ CEDARVIEW RD (0005240),5240,03 - At intersection,02 - Non-fatal injury,02 - Angle,01 - Clear,01 - Daylight,01 - Dry,02 - Stop sign,01 - Functioning,2,1,0,0,02 - Minor,1,,1,,,359230.5289,5020937.036,45.32627206,-75.8056463,5018
20--6279,8/13/2020,7:10 PM,OLD TENTH LINE RD/OR174 IC101 RAMP63 @ ST. JOS (0009233),9233,02 - Intersection related,03 - P.D. only,07 - SMV other,01 - Clear,01 - Daylight,01 - Dry,01 - Traffic signal,01 - Functioning,1,0,0,0,,0,,,,,383119.7418,5038785.597,45.48460037,-75.49810348,5019
20--628,1/15/2020,3:58 PM,GREENBANK RD @ 220 N OF STRANDHERD DR (0010452),10452,03 - At intersection,03 - P.D. only,05 - Turning movement,01 - Clear,01 - Daylight,02 - Wet,01 - Traffic signal,01 - Functioning,2,0,0,0,,0,,,,,363848.3913,5014984.371,45.27233684,-75.74745145,5020
20--6280,8/13/2020,7:20 AM,BANK ST @ HERON RD (0002155),2155,02 - Intersection related,03 - P.D. only,03 - Rear end,01 - Clear,01 - Daylight,01 - Dry,01 - Traffic signal,01 - Functioning,2,0,0,0,,0,,,,,369995.7178,5026851.55,45.37857184,-75.66755155,5021
20--6281,8/13/2020,7:24 AM,REGIONAL ROAD 174 btwn OR174 IC101 RAMP61 & TRIM RD (__3ZA11N),__3ZA11N,01 - Non intersection,03 - P.D. only,04 - Sideswipe,01 - Clear,01 - Daylight,01 - Dry,10 - No control,,2,0,0,0,,0,,,,,384135.0388,5039843.062,45.49399977,-75.48494655,5022
20--6282,8/13/2020,7:35 AM,RICHMOND RD btwn STEEPLE HILL CRES & CAMBRIAN RD (__3ZAB9D),__3ZAB9D,01 - Non intersection,03 - P.D. only,07 - SMV other,01 - Clear,01 - Daylight,01 - Dry,10 - No control,,1,0,0,0,,0,,,,,359114.0149,5009591.018,45.22418811,-75.80837384,5023
20--6283,8/13/2020,9:00 PM,ST. JOSEPH BLVD/OLD MONTREAL RD @ TRIM RD (0004118),4118,02 - Intersection related,02 - Non-fatal injury,02 - Angle,01 - Clear,07 - Dark,01 - Dry,11 - Roundabout,01 - Functioning,2,1,0,0,01 - Minimal,1,1,,,,384682.7511,5039285.576,45.48892158,-75.47803068,5024
20--6284,8/13/2020,9:26 PM,MARCH RD btwn SOLANDT RD & STATION RD (__3ZA3CD),__3ZA3CD,01 - Non intersection,03 - P.D. only,03 - Rear end,01 - Clear,07 - Dark,01 - Dry,10 - No control,,2,0,0,0,,0,,,,,350631.389,5022549.449,45.3413951,-75.91518732,5025
20--5632,7/17/2020,7:29 PM,PARENT AVE @ ST. PATRICK ST (0008240),8240,03 - At intersection,03 - P.D. only,05 - Turning movement,01 - Clear,01 - Daylight,01 - Dry,01 - Traffic signal,01 - Functioning,2,0,0,0,,0,,,,,367821.7071,5032556.591,45.43010299,-75.69457836,5026
20--6285,8/13/2020,9:28 PM,PRINCE OF WALES DR btwn WILLIAM MCEWEN DR & CARSONBY RD W (__3ZAZ7Y),__3ZAZ7Y,01 - Non intersection,03 - P.D. only,07 - SMV other,01 - Clear,07 - Dark,01 - Dry,10 - No control,,1,0,0,0,,0,,,,,365719.8849,5005795.177,45.18949251,-75.72472716,5027
20--6286,8/13/2020,9:45 AM,HWY417 IC112 RAMP56 btwn INNES RD & HIGHWAY 417 (__3ZAYAS),__3ZAYAS,01 - Non intersection,03 - P.D. only,07 - SMV other,01 - Clear,01 - Daylight,01 - Dry,10 - No control,,1,0,0,0,,0,,,,,374610.7134,5030797.724,45.41363294,-75.60807371,5028
20--6287,8/13/2020,9:49 AM,KING EDWARD AVE @ ST. PATRICK ST (0002714),2714,02 - Intersection related,02 - Non-fatal injury,03 - Rear end,01 - Clear,01 - Daylight,01 - Dry,01 - Traffic signal,01 - Functioning,2,0,0,0,02 - Minor,1,,1,,,368248.7026,5032823.588,45.43246673,-75.68908748,5029
20--6288,8/13/2020,9:55 PM,HIGHWAY 417 btwn HWY417 IC118 RAMP35 & HWY417 IC117 RAMP51 (__3ZA2YP),__3ZA2YP,01 - Non intersection,03 - P.D. only,03 - Rear end,01 - Clear,07 - Dark,01 - Dry,10 - No control,,2,0,0,0,,0,,,,,370186.122,5031100.738,45.41678675,-75.6645574,5030
20--5993,8/1/2020,10:03 PM,TERRY FOX DR btwn HUNTSVILLE DR & OLD SECOND LINE RD (__8IAYIU),__8IAYIU,01 - Non intersection,03 - P.D. only,07 - SMV other,01 - Clear,07 - Dark,01 - Dry,10 - No control,,1,0,0,0,,0,,,,,348036.802,5021706.595,45.33397558,-75.94836654,5031