Anom_ID,Accident_Date,Accident_Time,Location,Geo_ID,Accident_Location,Classification_of_Accident,Initial_Impact_Type,Environment_Condition,Light,Road_Surface_Condition,Traffic_Control,Traffic_Control_Condition,No__of_Vehicles,No__of_Bicycles,No__of_Motorcycles,No__of_Pedestrians,Max_Injury,No__of_Injuries,No__of_Minimal,No__of_Minor,No__of_Major,No__of_Fatal,X,Y,Latitude,Longitude,ObjectId
20--6289,8/14/2020,1:17 PM,HIGHWAY 417 btwn HWY417 IC122 RAMP51 & HWY417 IC122 RAMP15 (__3ZA2R0),__3ZA2R0,01 - Non intersection,03 - P.D. only,03 - Rear end,01 - Clear,01 - Daylight,01 - Dry,10 - No control,,3,0,0,0,,0,,,,,365431.3705,5028941.024,45.39778235,-75.72556895,5032
20--5902,7/29/2020,11:00 AM,CHAMBERLAIN AVE @ PERCY ST (0007715),7715,03 - At intersection,03 - P.D. only,02 - Angle,01 - Clear,01 - Daylight,01 - Dry,01 - Traffic signal,01 - Functioning,2,0,0,0,,0,,,,,367559.022,5029824.661,45.40554557,-75.69828311,5033
20--6083,8/5/2020,2:12 PM,BLAIR PL btwn OGILVIE RD & END (__3ZA4B6),__3ZA4B6,04 - At/near private drive,03 - P.D. only,05 - Turning movement,01 - Clear,01 - Daylight,01 - Dry,10 - No control,,2,0,0,0,,0,,,,,374854.8471,5033236.979,45.43555562,-75.60460804,5034
20--629,1/15/2020,4:00 PM,RICHMOND RD btwn TURN LANE & JOHN SUTHERLAND DR (__3ZA4LM),__3ZA4LM,01 - Non intersection,03 - P.D. only,99 - Other,03 - Snow,01 - Daylight,02 - Wet,10 - No control,,2,0,0,0,,0,,,,,358735.4388,5022037.016,45.33620796,-75.8118417,5035
20--6290,8/14/2020,1:26 PM,WOODROFFE AVE btwn MEADOWLANDS DR/TALLWOOD DR & NORICE ST (__3ZBOCG),__3ZBOCG,01 - Non intersection,02 - Non-fatal injury,04 - Sideswipe,01 - Clear,01 - Daylight,01 - Dry,10 - No control,,2,1,0,0,01 - Minimal,1,1,,,,363190.9531,5022406.336,45.33917443,-75.75495518,5036
20--6291,8/14/2020,1:30 PM,HAZELDEAN RD @ TERRY FOX DR (0003682),3682,02 - Intersection related,03 - P.D. only,05 - Turning movement,01 - Clear,01 - Daylight,01 - Dry,01 - Traffic signal,01 - Functioning,2,0,0,0,,0,,,,,352207.6075,5017242.44,45.29353671,-75.89558364,5037
20--6292,8/14/2020,1:57 PM,STITTSVILLE MAIN ST @ HOBIN ST/WILDPINE CRT (0000052),52,02 - Intersection related,02 - Non-fatal injury,03 - Rear end,01 - Clear,01 - Daylight,01 - Dry,01 - Traffic signal,01 - Functioning,2,0,0,0,02 - Minor,1,,1,,,349665.5765,5014034.439,45.26483694,-75.92828121,5038
20--6293,8/14/2020,10:00 AM,BANK ST @ PARKWAY RD (0005709),5709,02 - Intersection related,03 - P.D. only,02 - Angle,01 - Clear,01 - Daylight,01 - Dry,01 - Traffic signal,01 - Functioning,2,0,0,0,,0,,,,,378746.7153,5014207.49,45.263938,-75.55771703,5039
20--6294,8/14/2020,10:08 AM,BANK ST @ LAURIER AVE (0002221),2221,02 - Intersection related,02 - Non-fatal injury,04 - Sideswipe,01 - Clear,01 - Daylight,01 - Dry,01 - Traffic signal,01 - Functioning,2,0,0,0,01 - Minimal,1,1,,,,367480.7001,5031265.59,45.41851763,-75.6991003,5040
20--6295,8/14/2020,10:19 AM,WOODROFFE AVE btwn GRENFELL CRES & 260 N OF FALLOWFIELD RD/TRANSITWAY  (__3ZA3IO),__3ZA3IO,05 - At railway crossing,03 - P.D. only,04 - Sideswipe,01 - Clear,01 - Daylight,01 - Dry,10 - No control,,2,0,0,0,,0,,,,,364884.1047,5018409.091,45.30306462,-75.73383811,5041
20--6296,8/14/2020,10:46 PM,INNES RD @ JEANNE D'ARC BLVD/MER BLEUE RD (0012475),12475,03 - At intersection,02 - Non-fatal injury,05 - Turning movement,01 - Clear,07 - Dark,01 - Dry,01 - Traffic signal,01 - Functioning,2,0,0,0,01 - Minimal,2,2,,,,382637.7572,5035567.563,45.45570123,-75.504778,5042
20--6297,8/14/2020,11:07 AM,HEMLOCK RD @ LANSDOWNE RD (0010754),10754,03 - At intersection,02 - Non-fatal injury,02 - Angle,01 - Clear,01 - Daylight,01 - Dry,02 - Stop sign,01 - Functioning,2,0,1,0,03 - Major,1,,,1,,369849.5298,5034511.568,45.44750739,-75.66840699,5043
20--6298,8/14/2020,11:30 AM,HERON RD btwn FINN CRT & BAYCREST DR (__3ZBOFO),__3ZBOFO,01 - Non intersection,03 - P.D. only,03 - Rear end,01 - Clear,01 - Daylight,01 - Dry,10 - No control,,2,0,0,0,,0,,,,,371064.0551,5026970.746,45.37954409,-75.65389603,5044
20--6299,8/14/2020,11:59 AM,BAYSHORE DR btwn WOODRIDGE CRES S & BAYSHORE CS (__3ZAA4OB),__3ZAA4OB,04 - At/near private drive,03 - P.D. only,04 - Sideswipe,01 - Clear,01 - Daylight,01 - Dry,10 - No control,,2,0,0,0,,0,,,,,359229.6347,5023515.805,45.34947597,-75.80537404,5045
20--63,1/3/2020,1:35 PM,STAGECOACH RD btwn FAWN LANE & KAYCOURT DR (__3ZA2L2),__3ZA2L2,01 - Non intersection,03 - P.D. only,07 - SMV other,01 - Clear,01 - Daylight,01 - Dry,10 - No control,,1,0,0,0,,0,,,,,379180.3472,4996719.644,45.10654183,-75.55479987,5046
20--630,1/15/2020,4:00 PM,HIGHWAY 417 btwn HWY417 IC126 RAMP25 & HWY417 IC124 RAMP57 (__3ZA2R5),__3ZA2R5,01 - Non intersection,03 - P.D. only,03 - Rear end,01 - Clear,01 - Daylight,01 - Dry,10 - No control,,3,0,0,0,,0,,,,,363862.3877,5026758.205,45.37827582,-75.74586868,5047
20--6300,8/14/2020,Unknown,SPROULE ST btwn SHILLINGTON AVE & END (__3ZA0RK),__3ZA0RK,04 - At/near private drive,03 - P.D. only,06 - SMV unattended vehicle,01 - Clear,00 - Unknown,01 - Dry,10 - No control,,1,0,0,0,,0,,,,,365318.0124,5027154.005,45.38171293,-75.72723587,5048
20--6301,8/14/2020,Unknown,WOODFORD WAY btwn WOODPARK WAY & ARMAGH WAY (__3ZA5AP),__3ZA5AP,01 - Non intersection,03 - P.D. only,06 - SMV unattended vehicle,01 - Clear,00 - Unknown,01 - Dry,10 - No control,,1,0,0,0,,0,,,,,365058.1366,5017084.791,45.29113373,-75.73178007,5049
20--6302,8/14/2020,12:35 PM,HWY 417 MAITLAND IC126R26/62 @ MAITLAND AVE (0008228),8228,03 - At intersection,02 - Non-fatal injury,05 - Turning movement,01 - Clear,01 - Daylight,01 - Dry,01 - Traffic signal,01 - Functioning,2,0,0,0,02 - Minor,1,,1,,,363145.6852,5025983.525,45.3713654,-75.75511055,5050
20--6303,8/14/2020,12:51 PM,MAISONNEUVE ST @ ST. JOSEPH BLVD (0004141),4141,02 - Intersection related,02 - Non-fatal injury,02 - Angle,01 - Clear,01 - Daylight,01 - Dry,02 - Stop sign,00 - Unknown,2,1,0,0,02 - Minor,1,,1,,,381463.7439,5037578.603,45.47392469,-75.51947288,5051
20--6304,8/14/2020,12:56 PM,BEECHWOOD AVE @ DOUGLAS AVE (0007706),7706,03 - At intersection,02 - Non-fatal injury,02 - Angle,01 - Clear,01 - Daylight,01 - Dry,02 - Stop sign,01 - Functioning,2,0,0,0,02 - Minor,1,,1,,,369306.7095,5033692.596,45.44018892,-75.67545304,5052
20--6305,8/14/2020,2:02 PM,HIGHWAY 417 btwn HWY417 IC124 RAMP65 & HWY417 IC122 RAMP51 (__3ZA2R8),__3ZA2R8,01 - Non intersection,03 - P.D. only,03 - Rear end,01 - Clear,01 - Daylight,01 - Dry,10 - No control,,2,0,0,0,,0,,,,,365124.3054,5028663.141,45.39530854,-75.72952465,5053
20--6306,8/14/2020,2:28 PM,PANMURE RD btwn HWY417 IC163 RAMP61 & LOGAN MACDONALD WAY (__3ZA173),__3ZA173,01 - Non intersection,03 - P.D. only,07 - SMV other,01 - Clear,01 - Daylight,01 - Dry,10 - No control,,1,0,0,0,,0,,,,,331567.2453,5021691.071,45.33465743,-76.15848807,5054
20--6307,8/14/2020,2:30 PM,HUNT CLUB RD @ RIVERSIDE DR (0002237),2237,02 - Intersection related,03 - P.D. only,03 - Rear end,01 - Clear,01 - Daylight,01 - Dry,01 - Traffic signal,01 - Functioning,2,0,0,0,,0,,,,,368036.6734,5021945.528,45.33460815,-75.69319057,5055
20--6308,8/14/2020,2:40 PM,RICHMOND RD @ HOLLY ACRES RD/NANAIMO DR (0001068),1068,02 - Intersection related,02 - Non-fatal injury,03 - Rear end,01 - Clear,01 - Daylight,01 - Dry,01 - Traffic signal,01 - Functioning,2,0,0,0,02 - Minor,2,1,1,,,359058.6599,5022748.483,45.34258484,-75.80764002,5056
20--6309,8/14/2020,2:42 AM,SCOTT ST btwn CHURCHILL AVE N & END (__3ZA1BF),__3ZA1BF,01 - Non intersection,03 - P.D. only,07 - SMV other,01 - Clear,07 - Dark,01 - Dry,10 - No control,,1,0,0,0,,0,,,,,363043.175,5028550.953,45.39447529,-75.75611626,5057
20--631,1/15/2020,4:06 PM,BASELINE RD/HERON RD @ PRINCE OF WALES DR (0002345),2345,02 - Intersection related,03 - P.D. only,03 - Rear end,01 - Clear,05 - Dusk,03 - Loose snow,01 - Traffic signal,01 - Functioning,2,0,0,0,,0,,,,,366873.7021,5026438.538,45.37513921,-75.70746285,5058
20--6310,8/14/2020,3:15 PM,INDUSTRIAL AVE @ RIVERSIDE DR (0011905),11905,02 - Intersection related,03 - P.D. only,04 - Sideswipe,01 - Clear,01 - Daylight,01 - Dry,01 - Traffic signal,01 - Functioning,2,0,0,0,,0,,,,,370684.7196,5030592.554,45.41216755,-75.65825541,5059
20--6311,8/14/2020,3:58 PM,OGILVIE RD @ ELMRIDGE DR/JASMINE CRES N (0008801),8801,03 - At intersection,03 - P.D. only,02 - Angle,01 - Clear,01 - Daylight,01 - Dry,01 - Traffic signal,01 - Functioning,2,0,0,0,,0,,,,,375419.1776,5034060.833,45.44291141,-75.59727786,5060
20--6312,8/14/2020,4:00 PM,TERRY FOX DR @ 135 S OF HAZELDEAN RD/SOBEY'S S (0012468),12468,03 - At intersection,03 - P.D. only,05 - Turning movement,01 - Clear,01 - Daylight,01 - Dry,01 - Traffic signal,01 - Functioning,2,0,0,0,,0,,,,,352292.5868,5017139.785,45.29260725,-75.8945101,5061
20--6313,8/14/2020,4:08 PM,HIGHWAY 417 btwn HWY417 IC126 RAMP25 & HWY417 IC124 RAMP57 (__3ZA2R5),__3ZA2R5,01 - Non intersection,03 - P.D. only,03 - Rear end,01 - Clear,01 - Daylight,01 - Dry,10 - No control,,3,0,0,0,,0,,,,,363469.7658,5026235.589,45.37360638,-75.75094349,5062
20--6314,8/14/2020,4:15 PM,MCARTHUR AVE @ VANIER PKWY (0004626),4626,02 - Intersection related,03 - P.D. only,03 - Rear end,01 - Clear,01 - Daylight,01 - Dry,01 - Traffic signal,00 - Unknown,2,0,0,0,,0,,,,,370218.7014,5032690.586,45.43108852,-75.66393004,5063
20--6315,8/14/2020,4:38 PM,DEER PARK RD @ MEADOWLANDS DR (0001119),1119,03 - At intersection,03 - P.D. only,02 - Angle,01 - Clear,01 - Daylight,01 - Dry,01 - Traffic signal,01 - Functioning,2,0,0,0,,0,,,,,365978.9306,5024860.703,45.36102085,-75.71908132,5064
20--6316,8/14/2020,4:48 PM,ANDERSON RD btwn LEITRIM RD & EIGHTH LINE RD (__3ZA2B8),__3ZA2B8,01 - Non intersection,03 - P.D. only,03 - Rear end,01 - Clear,01 - Daylight,01 - Dry,10 - No control,,2,0,0,0,,0,,,,,380588.527,5024632.451,45.35754006,-75.53265622,5065
20--6317,8/14/2020,5:26 PM,COLONEL BY DR/MACKENZIE AVE @ DALY AVE (0008541),8541,02 - Intersection related,03 - P.D. only,03 - Rear end,01 - Clear,01 - Daylight,01 - Dry,01 - Traffic signal,01 - Functioning,2,0,0,0,,0,,,,,368002.6929,5031904.584,45.42422012,-75.69234925,5066
20--6318,8/14/2020,5:48 PM,CARLING AVE WB btwn CAMBRIDGE ST S & BRONSON AVE (__3ZA25E),__3ZA25E,01 - Non intersection,03 - P.D. only,04 - Sideswipe,01 - Clear,01 - Daylight,01 - Dry,10 - No control,,2,0,0,0,,0,,,,,367439.0088,5029329.925,45.40110483,-75.69987892,5067
20--6319,8/14/2020,5:52 PM,HIGHWAY 417 btwn HWY417 IC126 RAMP25 & HWY417 IC124 RAMP57 (__3ZA2R5),__3ZA2R5,01 - Non intersection,03 - P.D. only,03 - Rear end,01 - Clear,01 - Daylight,01 - Dry,10 - No control,,2,0,0,0,,0,,,,,363741.3456,5026598.626,45.37685015,-75.74743311,5068
20--632,1/15/2020,4:15 PM,REGIONAL ROAD 174 btwn OR174 IC102 RAMP15 & OR174 IC101 RAMP63 (__3ZA11S),__3ZA11S,01 - Non intersection,03 - P.D. only,99 - Other,01 - Clear,01 - Daylight,01 - Dry,10 - No control,,2,0,0,0,,0,,,,,382341.8786,5038659.854,45.48355588,-75.50807256,5069
20--6320,8/14/2020,6:00 AM,BASELINE RD @ GREENBANK RD (0002357),2357,03 - At intersection,03 - P.D. only,02 - Angle,01 - Clear,03 - Dawn,01 - Dry,01 - Traffic signal,01 - Functioning,2,0,0,0,,0,,,,,360598.6132,5022584.781,45.34099105,-75.78800963,5070
20--6321,8/14/2020,6:00 PM,HILLHURST PL btwn CHESTERTON DR & BOWHILL AVE (__3ZAAVP),__3ZAAVP,04 - At/near private drive,03 - P.D. only,99 - Other,01 - Clear,01 - Daylight,01 - Dry,10 - No control,,2,0,0,0,,0,,,,,365490.0284,5023786.177,45.35139493,-75.72545326,5071
20--6322,8/14/2020,6:30 PM,BRANT ST @ MCARTHUR AVE (0004649),4649,02 - Intersection related,03 - P.D. only,03 - Rear end,01 - Clear,01 - Daylight,01 - Dry,01 - Traffic signal,01 - Functioning,2,0,0,0,,0,,,,,371262.9343,5032806.346,45.43203162,-75.65057027,5072
20--6323,8/14/2020,6:41 PM,HWY417 IC145 RAMP55 btwn HIGHWAY 7 & HIGHWAY 417 (__3ZAY8K),__3ZAY8K,01 - Non intersection,03 - P.D. only,03 - Rear end,01 - Clear,01 - Daylight,01 - Dry,10 - No control,,3,0,0,0,,0,,,,,346488.0845,5014960.689,45.27336722,-75.96869219,5073
20--6324,8/14/2020,7:48 AM,HIGHWAY 417 btwn HWY417 IC122 RAMP16 & HWY417 IC122 RAMP61 (__3ZA2RA),__3ZA2RA,01 - Non intersection,02 - Non-fatal injury,99 - Other,01 - Clear,01 - Daylight,01 - Dry,10 - No control,,2,0,0,0,02 - Minor,1,,1,,,365447.6818,5028972.886,45.39806762,-75.72535671,5074
20--6325,8/14/2020,7:56 PM,KIRKWOOD AVE @ IONA ST (0006672),6672,02 - Intersection related,03 - P.D. only,03 - Rear end,01 - Clear,01 - Daylight,01 - Dry,99 - Other,00 - Unknown,3,0,0,0,,0,,,,,363993.8473,5028136.356,45.3906651,-75.74402503,5075
20--6326,8/14/2020,8:15 PM,HIGHWAY 416 btwn HWY416 IC49 RAMP24 & HWY416 IC42 RAMP42 (__3ZA29T),__3ZA29T,01 - Non intersection,02 - Non-fatal injury,07 - SMV other,01 - Clear,05 - Dusk,01 - Dry,10 - No control,,1,0,1,0,02 - Minor,1,,1,,,369723.0958,4999220.766,45.12997855,-75.67464159,5076
20--6327,8/14/2020,8:25 AM,REGIONAL RD 174 @ TRIM RD (0012835),12835,02 - Intersection related,03 - P.D. only,03 - Rear end,01 - Clear,01 - Daylight,01 - Dry,01 - Traffic signal,01 - Functioning,2,0,0,0,,0,,,,,384351.8639,5039990.343,45.49530018,-75.48214895,5077
20--6328,8/15/2020,10:30 PM,CARLING AVE @ PINECREST  RD/GREENVIEW AVE (0001630),1630,03 - At intersection,03 - P.D. only,02 - Angle,01 - Clear,07 - Dark,01 - Dry,01 - Traffic signal,01 - Functioning,2,0,0,0,,0,,,,,360006.7143,5024632.55,45.35946368,-75.79533307,5078
20--6329,8/15/2020,11:14 AM,ORLEANS BLVD @ ST. JOSEPH BLVD (0004144),4144,03 - At intersection,03 - P.D. only,05 - Turning movement,01 - Clear,01 - Daylight,01 - Dry,01 - Traffic signal,01 - Functioning,2,0,0,0,,0,,,,,380631.7388,5036980.589,45.46863509,-75.53020495,5079
20--633,1/15/2020,4:38 AM,UPPER DWYER HILL RD btwn MARCH RD & OLD ALMONTE RD (__3ZA4QB),__3ZA4QB,01 - Non intersection,03 - P.D. only,07 - SMV other,"07 - Fog, mist, smoke, dust",07 - Dark,02 - Wet,10 - No control,,1,0,0,0,,0,,,,,335714.1993,5012486.824,45.25166211,-76.10615371,5080
20--6330,8/15/2020,11:42 AM,HAZELDEAN RD btwn 246 E OF CASTLEFRANK RD & IRWIN GT (__3ZA41NB),__3ZA41NB,04 - At/near private drive,03 - P.D. only,02 - Angle,01 - Clear,01 - Daylight,01 - Dry,10 - No control,,2,0,0,0,,0,,,,,352916.6671,5017892.853,45.29934108,-75.886481,5081
20--6331,8/15/2020,Unknown,DALHOUSIE ST btwn RIDEAU ST & BESSERER ST (__3ZBOX9),__3ZBOX9,01 - Non intersection,03 - P.D. only,06 - SMV unattended vehicle,01 - Clear,00 - Unknown,01 - Dry,10 - No control,,1,0,0,0,,0,,,,,368218.4695,5032210.232,45.42695071,-75.68955282,5082
20--6332,8/15/2020,12:15 PM,HIGHWAY 417 btwn HWY417 IC124 RAMP67 & HWY417 IC123 RAMP62 (__3ZA2YZ),__3ZA2YZ,01 - Non intersection,03 - P.D. only,03 - Rear end,01 - Clear,01 - Daylight,01 - Dry,10 - No control,,5,0,0,0,,0,,,,,364608.8193,5027782.012,45.38742453,-75.73621476,5083
20--6333,8/15/2020,12:45 PM,BASELINE RD/HERON RD @ PRINCE OF WALES DR (0002345),2345,02 - Intersection related,03 - P.D. only,03 - Rear end,01 - Clear,01 - Daylight,01 - Dry,01 - Traffic signal,01 - Functioning,2,0,0,0,,0,,,,,366873.6991,5026438.535,45.37513918,-75.70746289,5084
20--6334,8/15/2020,3:02 PM,SLACK RD @ WOODROFFE AVE (0000102),102,02 - Intersection related,03 - P.D. only,04 - Sideswipe,01 - Clear,01 - Daylight,01 - Dry,01 - Traffic signal,01 - Functioning,2,0,0,0,,0,,,,,364233.6953,5019974.463,45.31720508,-75.74194332,5085
20--6335,8/15/2020,3:11 PM,BASELINE RD @ CLYDE AVE (0002343),2343,02 - Intersection related,03 - P.D. only,02 - Angle,01 - Clear,01 - Daylight,01 - Dry,01 - Traffic signal,01 - Functioning,2,0,0,0,,0,,,,,364358.7032,5024890.511,45.36142858,-75.73975727,5086
20--6336,8/15/2020,3:30 PM,POND ST btwn WHITEMARL DR & END (__3ZA8Q0),__3ZA8Q0,04 - At/near private drive,03 - P.D. only,06 - SMV unattended vehicle,01 - Clear,01 - Daylight,01 - Dry,10 - No control,,1,0,0,0,,0,,,,,370099.6186,5034972.254,45.45162912,-75.66514905,5087
20--6337,8/15/2020,3:40 PM,HIGHWAY 417 btwn HWY417 IC122 RAMP51 & HWY417 IC122 RAMP15 (__3ZA2R0),__3ZA2R0,01 - Non intersection,02 - Non-fatal injury,03 - Rear end,01 - Clear,01 - Daylight,01 - Dry,10 - No control,,3,0,0,0,02 - Minor,1,,1,,,365502.1477,5028989.129,45.39820905,-75.72465909,5088
20--6338,8/15/2020,3:45 PM,HIGHWAY 417 btwn HWY417 IC122 RAMP15 & HWY417 IC121B RAMP51 (__3ZA2RB),__3ZA2RB,01 - Non intersection,03 - P.D. only,03 - Rear end,01 - Clear,01 - Daylight,01 - Dry,10 - No control,,3,0,0,0,,0,,,,,365762.8803,5029159.318,45.39971772,-75.72130806,5089
20--6339,8/15/2020,4:20 PM,RICHMOND RD @ STINSON AVE (0001130),1130,02 - Intersection related,03 - P.D. only,04 - Sideswipe,01 - Clear,01 - Daylight,01 - Dry,01 - Traffic signal,01 - Functioning,2,0,0,0,,0,,,,,357873.6796,5020928.502,45.32629918,-75.8229549,5090
20--634,1/15/2020,4:54 PM,HIGHWAY 417 btwn HWY417 IC121A RAMP51 & HWY417 IC120A RAMP52 (__3ZA2R6),__3ZA2R6,01 - Non intersection,03 - P.D. only,04 - Sideswipe,01 - Clear,05 - Dusk,02 - Wet,10 - No control,,2,0,0,0,,0,,,,,367710.039,5029946.129,45.40662495,-75.69633864,5091
20--6340,8/15/2020,4:53 PM,CASTLEFRANK RD @ HAZELDEAN RD (0003608),3608,02 - Intersection related,02 - Non-fatal injury,05 - Turning movement,01 - Clear,01 - Daylight,01 - Dry,01 - Traffic signal,01 - Functioning,2,0,0,0,01 - Minimal,1,1,,,,352677.8757,5017676.773,45.29741306,-75.88954643,5092
20--6341,8/15/2020,5:10 PM,HIGHWAY 417 btwn HWY417 IC124 RAMP65 & HWY417 IC122 RAMP51 (__3ZA2R8),__3ZA2R8,01 - Non intersection,03 - P.D. only,03 - Rear end,01 - Clear,01 - Daylight,01 - Dry,10 - No control,,2,0,0,0,,0,,,,,364756.0974,5027990.567,45.38928848,-75.73430879,5093
20--6342,8/15/2020,6:17 PM,LOCKHEAD RD    W btwn FOURTH LINE RD & THIRD LINE RD S (__3ZA0MQ),__3ZA0MQ,01 - Non intersection,03 - P.D. only,07 - SMV other,01 - Clear,01 - Daylight,01 - Dry,10 - No control,,1,0,0,0,,0,,,,,369514.0316,4998832.476,45.12650385,-75.67734935,5094
20--6343,8/15/2020,6:59 PM,BASELINE RD @ CORDOVA ST (0003208),3208,02 - Intersection related,03 - P.D. only,03 - Rear end,01 - Clear,01 - Daylight,01 - Dry,01 - Traffic signal,00 - Unknown,2,0,0,0,,0,,,,,363593.6806,5024409.53,45.35716535,-75.74957884,5095
20--6344,8/15/2020,7:04 PM,COPE DR @ TERRY FOX (0009143),9143,03 - At intersection,02 - Non-fatal injury,02 - Angle,01 - Clear,01 - Daylight,01 - Dry,01 - Traffic signal,01 - Functioning,2,0,0,0,02 - Minor,2,,2,,,353997.574,5015346.202,45.27635087,-75.87295209,5096
20--6345,8/15/2020,8:16 AM,OLD TENTH LINE RD/OR174 IC101 RAMP63 @ ST. JOS (0009233),9233,03 - At intersection,03 - P.D. only,05 - Turning movement,01 - Clear,01 - Daylight,01 - Dry,01 - Traffic signal,01 - Functioning,2,0,0,0,,0,,,,,383119.7025,5038785.664,45.48460097,-75.49810397,5097
20--6346,8/15/2020,8:23 PM,BANK ST @ HOLMWOOD AVE (0007225),7225,02 - Intersection related,03 - P.D. only,03 - Rear end,01 - Clear,05 - Dusk,01 - Dry,01 - Traffic signal,01 - Functioning,2,0,0,0,,0,,,,,368481.7057,5029197.541,45.39981961,-75.68657843,5098
20--6347,8/15/2020,8:40 PM,HIGHWAY 417 btwn HWY417 IC127 RAMP67 & HWY417 IC126 RAMP16 (__3ZA2X0),__3ZA2X0,01 - Non intersection,03 - P.D. only,07 - SMV other,01 - Clear,05 - Dusk,01 - Dry,10 - No control,,1,0,0,0,,0,,,,,362693.6649,5025299.432,45.36524749,-75.7609611,5099
20--6348,8/16/2020,1:02 AM,MURRAY ST @ PARENT AVE (0008231),8231,02 - Intersection related,03 - P.D. only,07 - SMV other,01 - Clear,07 - Dark,01 - Dry,01 - Traffic signal,01 - Functioning,1,0,0,0,,0,,,,,367862.701,5032488.593,45.42948747,-75.69406322,5100
20--6349,8/16/2020,11:32 AM,ALBION RD/COLLISTON CRES E @ WALKLEY RD (0011422),11422,02 - Intersection related,03 - P.D. only,02 - Angle,01 - Clear,01 - Daylight,01 - Dry,01 - Traffic signal,01 - Functioning,2,0,0,0,,0,,,,,371033.7368,5026354.536,45.37400252,-75.65436576,5101
20--635,1/15/2020,4:57 PM,CARLING AVE WB btwn ROCHESTER ST & BOOTH ST (__3ZA26I),__3ZA26I,01 - Non intersection,03 - P.D. only,04 - Sideswipe,01 - Clear,05 - Dusk,02 - Wet,10 - No control,,2,0,0,0,,0,,,,,367049.5896,5029078.249,45.39887506,-75.70488446,5102
20--6350,8/16/2020,11:45 PM,MAITLAND AVE btwn GARFIELD AVE & AGINCOURT RD (__3ZA4IG),__3ZA4IG,01 - Non intersection,03 - P.D. only,07 - SMV other,02 - Rain,07 - Dark,02 - Wet,10 - No control,,1,0,0,0,,0,,,,,363438.2474,5025459.494,45.36662582,-75.75143798,5103
20--6351,8/16/2020,Unknown,WAVERLEY ST btwn ELGIN ST & CARTIER ST (__3ZA9TF),__3ZA9TF,01 - Non intersection,03 - P.D. only,06 - SMV unattended vehicle,01 - Clear,00 - Unknown,01 - Dry,10 - No control,,1,0,0,0,,0,,,,,368341.4131,5030967.168,45.41575489,-75.68814217,5104
20--6352,8/16/2020,12:02 AM,MERLIN CRT btwn CARACARA DR & END (__4CZR6X),__4CZR6X,01 - Non intersection,02 - Non-fatal injury,07 - SMV other,01 - Clear,07 - Dark,01 - Dry,10 - No control,,1,0,0,0,02 - Minor,1,,1,,,369297.4846,5011293.334,45.2386466,-75.6784908,5105
20--5543,7/14/2020,3:13 PM,BASSETT LANE @ ISLAND PARK DR (0006377),6377,02 - Intersection related,03 - P.D. only,03 - Rear end,01 - Clear,01 - Daylight,01 - Dry,02 - Stop sign,00 - Unknown,2,0,0,0,,0,,,,,364235.6685,5028646.556,45.3952353,-75.74087551,5106
20--5722,7/21/2020,9:40 AM,HIGHWAY 417 btwn HWY417 IC122 RAMP15 & HWY417 IC121B RAMP51 (__3ZA2RB),__3ZA2RB,01 - Non intersection,03 - P.D. only,03 - Rear end,01 - Clear,01 - Daylight,01 - Dry,10 - No control,,3,0,0,0,,0,,,,,366357.434,5029443.109,45.40221917,-75.713679,5107
20--5994,8/1/2020,10:48 PM,WHITESTONE DR btwn STATEN WAY & COLERIDGE ST (__30KG2F),__30KG2F,01 - Non intersection,03 - P.D. only,07 - SMV other,01 - Clear,07 - Dark,01 - Dry,10 - No control,,1,0,0,0,,0,,,,,364432.8165,5025531.288,45.3671879,-75.738734,5108
20--5633,7/17/2020,7:40 PM,BANK ST @ WALKLEY RD (0011423),11423,02 - Intersection related,02 - Non-fatal injury,02 - Angle,01 - Clear,01 - Daylight,01 - Dry,01 - Traffic signal,01 - Functioning,2,1,0,0,02 - Minor,1,,1,,,370337.8412,5025947.73,45.37040764,-75.66330357,5109
20--5544,7/14/2020,4:04 PM,STAR TOP RD btwn Continuation of STAR TOP RD & INNES RD (__3ZBN0V),__3ZBN0V,04 - At/near private drive,03 - P.D. only,05 - Turning movement,01 - Clear,01 - Daylight,01 - Dry,10 - No control,,2,0,0,0,,0,,,,,374099.2245,5030787.036,45.41358761,-75.61460939,5110
20--6084,8/5/2020,3:00 PM,HIGHWAY 417 btwn HWY417 IC124 RAMP65 & HWY417 IC122 RAMP51 (__3ZA2R8),__3ZA2R8,01 - Non intersection,03 - P.D. only,03 - Rear end,01 - Clear,01 - Daylight,01 - Dry,10 - No control,,4,0,0,0,,0,,,,,365047.1909,5028529.775,45.39411518,-75.73052577,5111
20--5995,8/1/2020,11:50 AM,HIGHWAY 417 btwn HWY417 IC126 RAMP61 & HWY417 IC124 RAMP76 (__3ZA2Y2),__3ZA2Y2,01 - Non intersection,02 - Non-fatal injury,03 - Rear end,01 - Clear,01 - Daylight,01 - Dry,10 - No control,,2,0,0,0,01 - Minimal,1,1,,,,363905.8402,5026848.687,45.3790863,-75.74530308,5112
20--5723,7/22/2020,1:07 PM,TENTH LINE RD @ VANGUARD DR (0004632),4632,03 - At intersection,02 - Non-fatal injury,02 - Angle,01 - Clear,01 - Daylight,01 - Dry,01 - Traffic signal,01 - Functioning,2,0,0,0,02 - Minor,1,,1,,,384072.7692,5035874.537,45.45830178,-75.48638353,5113