Anom_ID,Accident_Date,Accident_Time,Location,Geo_ID,Accident_Location,Classification_of_Accident,Initial_Impact_Type,Environment_Condition,Light,Road_Surface_Condition,Traffic_Control,Traffic_Control_Condition,No__of_Vehicles,No__of_Bicycles,No__of_Motorcycles,No__of_Pedestrians,Max_Injury,No__of_Injuries,No__of_Minimal,No__of_Minor,No__of_Major,No__of_Fatal,X,Y,Latitude,Longitude,ObjectId
20--5545,7/14/2020,4:35 PM,BASSETT LANE @ ISLAND PARK DR (0006377),6377,02 - Intersection related,02 - Non-fatal injury,05 - Turning movement,01 - Clear,01 - Daylight,01 - Dry,02 - Stop sign,00 - Unknown,2,1,0,0,02 - Minor,1,,1,,,364235.6781,5028646.56,45.39523534,-75.74087538,5114
20--5812,7/24/2020,7:50 PM,LAWSON AVE @ FRANCES ST (0008566),8566,03 - At intersection,02 - Non-fatal injury,04 - Sideswipe,01 - Clear,01 - Daylight,01 - Dry,03 - Yield sign,01 - Functioning,2,1,0,0,01 - Minimal,1,1,,,,371512.7029,5032232.592,45.42684546,-75.64745619,5115
20--6085,8/5/2020,3:03 PM,QUEEN MARY ST @ VERA ST (0008258),8258,03 - At intersection,03 - P.D. only,02 - Angle,01 - Clear,01 - Daylight,01 - Dry,02 - Stop sign,01 - Functioning,2,0,0,0,,0,,,,,370522.3845,5031973.8,45.42461071,-75.66014495,5116
20--5996,8/1/2020,Unknown,BLAKE BLVD btwn LACASSE AVE & LAFONTAINE AVE (__3ZA7DW),__3ZA7DW,01 - Non intersection,03 - P.D. only,06 - SMV unattended vehicle,01 - Clear,00 - Unknown,01 - Dry,10 - No control,,1,0,0,0,,0,,,,,370824.2354,5033023.224,45.43402455,-75.65614737,5117
20--5634,7/17/2020,7:50 AM,WOODROFFE AVE @ SPORTSPLEX S (0010592),10592,02 - Intersection related,02 - Non-fatal injury,03 - Rear end,02 - Rain,01 - Daylight,02 - Wet,01 - Traffic signal,01 - Functioning,2,0,0,0,01 - Minimal,1,1,,,,363832.3219,5020898.086,45.32554965,-75.74695217,5118
20--5724,7/22/2020,1:35 PM,EAGLESON RD @ KAKULU RD (0003188),3188,02 - Intersection related,03 - P.D. only,03 - Rear end,01 - Clear,01 - Daylight,01 - Dry,01 - Traffic signal,01 - Functioning,2,0,0,0,,0,,,,,353381.6198,5019151.472,45.31063441,-75.88042953,5119
20--5546,7/14/2020,6:40 AM,HIGHWAY 417 btwn HWY417 IC122 RAMP51 & HWY417 IC122 RAMP15 (__3ZA2R0),__3ZA2R0,01 - Non intersection,02 - Non-fatal injury,03 - Rear end,01 - Clear,01 - Daylight,01 - Dry,10 - No control,,2,0,0,0,02 - Minor,1,,1,,,365584.5294,5029045.122,45.39870572,-75.72360004,5120
20--5903,7/29/2020,11:21 PM,BEARBROOK RD btwn 43 S OF CENTREPARK DR & INNES RD (__3ZA2AYB),__3ZA2AYB,01 - Non intersection,03 - P.D. only,07 - SMV other,02 - Rain,07 - Dark,02 - Wet,10 - No control,,1,0,0,0,,0,,,,,377976.3746,5032888.598,45.43210142,-75.56476788,5121
20--5452,7/9/2020,7:18 PM,QUIGLEY HILL RD btwn REGIONAL ROAD 174 & OLD MONTREAL RD (__3ZA6IC),__3ZA6IC,01 - Non intersection,03 - P.D. only,01 - Approaching,01 - Clear,01 - Daylight,01 - Dry,10 - No control,,2,0,0,0,,0,,,,,388465.3008,5042202.437,45.514721,-75.42915002,5122
20--5813,7/24/2020,8:00 AM,BASELINE RD @ WOODROFFE AVE (0002225),2225,02 - Intersection related,03 - P.D. only,03 - Rear end,01 - Clear,01 - Daylight,01 - Dry,01 - Traffic signal,01 - Functioning,2,0,0,0,,0,,,,,362549.6852,5023770.496,45.35150213,-75.76297755,5123
20--5635,7/17/2020,8:28 PM,RIVERSIDE DR @ PLEASANT PARK RD (0007296),7296,02 - Intersection related,03 - P.D. only,03 - Rear end,01 - Clear,05 - Dusk,01 - Dry,01 - Traffic signal,01 - Functioning,2,0,0,0,,0,,,,,369561.2459,5028415.005,45.39267959,-75.67289337,5124
20--5636,7/17/2020,8:30 PM,HIGHWAY 417 btwn HWY417 IC155 RAMP61 & HWY417 IC145 RAMP56 (__3ZA2Q2),__3ZA2Q2,01 - Non intersection,03 - P.D. only,07 - SMV other,01 - Clear,05 - Dusk,01 - Dry,10 - No control,,1,0,0,0,,0,,,,,343841.7992,5016024.488,45.28309167,-76.00233367,5125
20--5637,7/17/2020,8:59 PM,RIVERSIDE DR RAMP 42A @ RIVERSIDE DR (0010862),10862,02 - Intersection related,02 - Non-fatal injury,03 - Rear end,01 - Clear,05 - Dusk,01 - Dry,03 - Yield sign,04 - Missing/Damaged,2,0,1,0,02 - Minor,1,,1,,,368441.8794,5027266.801,45.38245101,-75.68733611,5126
20--5638,7/17/2020,9:05 AM,HIGHGATE RD @ IRIS ST (0002972),2972,02 - Intersection related,03 - P.D. only,03 - Rear end,01 - Clear,01 - Daylight,01 - Dry,02 - Stop sign,01 - Functioning,2,0,0,0,,0,,,,,361633.1922,5023935.506,45.35306176,-75.77465425,5127
20--5639,7/17/2020,9:20 PM,CENTURY RD    W btwn MCCORDICK RD & TO BE DETERMINED (__3ZA4ZJ),__3ZA4ZJ,01 - Non intersection,03 - P.D. only,07 - SMV other,01 - Clear,07 - Dark,01 - Dry,10 - No control,,1,0,0,0,,0,,,,,361175.5603,5003502.67,45.1692419,-75.78281301,5128
20--564,1/14/2020,11:10 AM,CARLING AVE @ RICHMOND RD (0010847),10847,02 - Intersection related,03 - P.D. only,03 - Rear end,01 - Clear,01 - Daylight,02 - Wet,01 - Traffic signal,01 - Functioning,2,0,0,0,,0,,,,,360245.6819,5024781.521,45.36078526,-75.79226637,5129
20--5640,7/17/2020,9:30 AM,HIGHWAY 416 btwn HWY416 IC57 RAMP53 & HWY416 IC49 RAMP34 (__3ZAZJC),__3ZAZJC,01 - Non intersection,03 - P.D. only,07 - SMV other,01 - Clear,01 - Daylight,01 - Dry,10 - No control,,1,0,0,0,,0,,,,,368907.5332,5002010.731,45.15515735,-75.68465089,5130
20--5641,7/17/2020,9:43 AM,BROADWAY AVE btwn FINDLAY AVE & TORRINGTON PL (__3ZA9KM),__3ZA9KM,01 - Non intersection,03 - P.D. only,06 - SMV unattended vehicle,01 - Clear,01 - Daylight,01 - Dry,10 - No control,,1,0,0,0,,0,,,,,367930.275,5028698.294,45.39537748,-75.69368518,5131
20--5642,7/17/2020,9:48 AM,CAMPEAU DR btwn COLCHESTER SQ/TERON RD & MARCH RD (__3ZAZVP),__3ZAZVP,01 - Non intersection,02 - Non-fatal injury,01 - Approaching,01 - Clear,01 - Daylight,01 - Dry,10 - No control,,2,0,0,0,01 - Minimal,1,1,,,,352751.9199,5020470.686,45.32254826,-75.88833205,5132
20--5643,7/18/2020,10:45 AM,INNES RD btwn FRANK KENNY RD & O'TOOLE RD (__3ZA3MX),__3ZA3MX,01 - Non intersection,03 - P.D. only,04 - Sideswipe,01 - Clear,01 - Daylight,01 - Dry,10 - No control,,2,0,0,0,,0,,,,,387964.1797,5037771.055,45.47491229,-75.43631377,5133
20--5644,7/18/2020,11:00 AM,RICHMOND RD btwn ROBERTSON RD & STINSON AVE (__3ZA4YR),__3ZA4YR,01 - Non intersection,03 - P.D. only,04 - Sideswipe,01 - Clear,01 - Daylight,01 - Dry,10 - No control,,2,0,0,0,,0,,,,,357663.8697,5020801.96,45.32517638,-75.8256447,5134
20--5645,7/18/2020,11:10 AM,BASELINE RD @ NAVAHO DR (0003158),3158,02 - Intersection related,03 - P.D. only,04 - Sideswipe,01 - Clear,01 - Daylight,01 - Dry,01 - Traffic signal,01 - Functioning,2,0,0,0,,0,,,,,363085.6918,5024097.498,45.35440012,-75.75609886,5135
20--5646,7/18/2020,11:15 PM,COPE DR @ TERRY FOX (0009143),9143,03 - At intersection,02 - Non-fatal injury,05 - Turning movement,01 - Clear,07 - Dark,01 - Dry,01 - Traffic signal,01 - Functioning,2,0,0,0,02 - Minor,2,,2,,,353997.2639,5015345.321,45.27634296,-75.87295613,5136
20--5647,7/18/2020,11:39 PM,FOXWELL ST btwn AMBROSE DR & AMBROSE DR (__3ZA4FN),__3ZA4FN,04 - At/near private drive,03 - P.D. only,06 - SMV unattended vehicle,01 - Clear,07 - Dark,01 - Dry,10 - No control,,1,0,0,0,,0,,,,,374398.2189,5031457.64,45.41959168,-75.61069508,5137
20--5648,7/18/2020,11:46 AM,CHAMPLAIN BRIDGE/ISLAND PARK DR btwn BATE ISLAND & OTTAWA RIVER PKWY (__3ZA2ZEB),__3ZA2ZEB,07 - Overpass or bridge,03 - P.D. only,03 - Rear end,01 - Clear,01 - Daylight,01 - Dry,10 - No control,,2,0,0,0,,0,,,,,363116.8881,5029734.16,45.40511545,-75.75503497,5138
20--5649,7/18/2020,12:47 AM,DRAPER AVE btwn CORNELL ST & LISA AVE (__3ZABH5),__3ZABH5,01 - Non intersection,02 - Non-fatal injury,06 - SMV unattended vehicle,01 - Clear,07 - Dark,01 - Dry,10 - No control,,1,0,0,0,01 - Minimal,1,1,,,,360444.2466,5022790.539,45.34285472,-75.78995606,5139
20--565,1/14/2020,11:15 AM,BASELINE RD @ NAVAHO DR (0003158),3158,02 - Intersection related,03 - P.D. only,03 - Rear end,01 - Clear,01 - Daylight,02 - Wet,01 - Traffic signal,01 - Functioning,2,0,0,0,,0,,,,,363085.68,5024097.519,45.35440031,-75.75609901,5140
20--5650,7/18/2020,2:45 PM,HUNT CLUB RD @ RIVERSIDE DR (0002237),2237,02 - Intersection related,03 - P.D. only,03 - Rear end,01 - Clear,01 - Daylight,01 - Dry,01 - Traffic signal,01 - Functioning,2,0,0,0,,0,,,,,368036.6967,5021945.514,45.33460802,-75.69319028,5141
20--5651,7/18/2020,2:50 PM,BANK ST btwn HERON RD & ANOKA ST (__3ZA360),__3ZA360,04 - At/near private drive,03 - P.D. only,07 - SMV other,01 - Clear,01 - Daylight,01 - Dry,10 - No control,,1,0,0,0,,0,,,,,370016.2932,5026792.881,45.37804204,-75.66729662,5142
20--5652,7/18/2020,3:03 PM,STITTSVILLE MAIN ST @ HOBIN ST/WILDPINE CRT (0000052),52,03 - At intersection,02 - Non-fatal injury,05 - Turning movement,01 - Clear,01 - Daylight,01 - Dry,01 - Traffic signal,01 - Functioning,2,1,0,0,03 - Major,1,,,1,,349665.5723,5014034.443,45.26483698,-75.92828126,5143
20--5653,7/18/2020,3:25 PM,HIGHWAY 417 btwn HWY417 IC115 RAMP25 & REGIONAL ROAD 174 (__3ZA2RY),__3ZA2RY,01 - Non intersection,03 - P.D. only,04 - Sideswipe,01 - Clear,01 - Daylight,01 - Dry,10 - No control,,2,0,0,0,,0,,,,,373076.7203,5031613.002,45.42111977,-75.62755727,5144
20--5654,7/18/2020,3:39 PM,UPLANDS DR @ GILLESPIE CRES S/FOXRUN LANE (0006878),6878,02 - Intersection related,02 - Non-fatal injury,03 - Rear end,01 - Clear,01 - Daylight,01 - Dry,02 - Stop sign,01 - Functioning,2,0,0,0,01 - Minimal,1,1,,,,368485.0297,5022917.46,45.34331283,-75.68734567,5145
20--5655,7/18/2020,3:53 PM,LABRIE AVE btwn CYRVILLE RD & KENASTON ST (__3ZA7YI),__3ZA7YI,01 - Non intersection,03 - P.D. only,06 - SMV unattended vehicle,01 - Clear,01 - Daylight,01 - Dry,10 - No control,,1,0,0,0,,0,,,,,373422.9422,5031537.904,45.4204102,-75.62314421,5146
20--5656,7/18/2020,4:12 PM,TERRY FOX DR @ WESTPHALIAN AVE (0014366),14366,02 - Intersection related,02 - Non-fatal injury,03 - Rear end,01 - Clear,01 - Daylight,01 - Dry,01 - Traffic signal,01 - Functioning,2,0,0,0,02 - Minor,1,,1,,,353455.2261,5015759.789,45.28011017,-75.87982363,5147
20--5657,7/18/2020,5:08 PM,ST. JOSEPH BLVD btwn HART RD & R.C.M.P. COMPLEX (__3ZA2BHA),__3ZA2BHA,04 - At/near private drive,03 - P.D. only,02 - Angle,01 - Clear,01 - Daylight,01 - Dry,10 - No control,,2,0,0,0,,0,,,,,377772.5845,5035717.108,45.45757175,-75.56695261,5148
20--5658,7/18/2020,5:45 PM,ARLINGTON AVE @ BRONSON AVE (0006759),6759,02 - Intersection related,03 - P.D. only,03 - Rear end,01 - Clear,01 - Daylight,01 - Dry,01 - Traffic signal,01 - Functioning,2,0,0,0,,0,,,,,367222.7186,5029867.566,45.40596169,-75.70257338,5149
20--5659,7/18/2020,8:45 AM,MEADOWLANDS DR/TALLWOOD DR @ WOODROFFE AVE (0000095),95,02 - Intersection related,03 - P.D. only,03 - Rear end,01 - Clear,01 - Daylight,01 - Dry,01 - Traffic signal,01 - Functioning,2,0,0,0,,0,,,,,363056.6885,5022730.495,45.34210236,-75.75663003,5150
20--566,1/14/2020,11:35 AM,BANK ST @ HERON RD (0002155),2155,02 - Intersection related,03 - P.D. only,03 - Rear end,01 - Clear,01 - Daylight,01 - Dry,01 - Traffic signal,01 - Functioning,2,0,0,0,,0,,,,,369994.4634,5026853.038,45.37858534,-75.66756737,5151
20--5660,7/19/2020,1:27 PM,BASELINE RD @ CENTREPOINTE DR E/HIGHGATE RD (0011468),11468,02 - Intersection related,03 - P.D. only,03 - Rear end,01 - Clear,01 - Daylight,01 - Dry,01 - Traffic signal,01 - Functioning,2,0,0,0,,0,,,,,362061.6873,5023465.506,45.34879787,-75.76924036,5152
20--5661,7/19/2020,1:30 PM,HIGHWAY 417 btwn HWY417 IC117 RAMP51 & HWY417 IC117 RAMP35 (__3ZA2YN),__3ZA2YN,01 - Non intersection,03 - P.D. only,04 - Sideswipe,01 - Clear,01 - Daylight,01 - Dry,10 - No control,,2,0,0,0,,0,,,,,370461.9343,5031136.865,45.41708598,-75.66102889,5153
20--5662,7/19/2020,10:05 PM,HUNT CLUB RD EB btwn 275 E OF HAWTHORNE RD/OC TRANSPO TURNAROUND & HWY417 HUNT CLUB IC109 RAMP25 (e___2HF3B),e___2HF3B,07 - Overpass or bridge,02 - Non-fatal injury,07 - SMV other,01 - Clear,07 - Dark,00 - Unknown,10 - No control,,1,0,0,0,02 - Minor,3,,3,,,376447.084,5027643.459,45.385067,-75.58507275,5154
20--5663,7/19/2020,11:29 AM,BASELINE RD @ LOBLAWS SC (0009097),9097,03 - At intersection,03 - P.D. only,05 - Turning movement,01 - Clear,01 - Daylight,01 - Dry,01 - Traffic signal,01 - Functioning,2,0,0,0,,0,,,,,364742.649,5025129.491,45.36354616,-75.73482781,5155
20--5664,7/19/2020,11:35 AM,HWY 417 MAITLAND IC126R26/62 @ MAITLAND AVE (0008228),8228,03 - At intersection,02 - Non-fatal injury,02 - Angle,01 - Clear,01 - Daylight,01 - Dry,01 - Traffic signal,01 - Functioning,2,1,0,0,02 - Minor,1,,1,,,363145.6941,5025983.513,45.37136529,-75.75511044,5156
20--5665,7/19/2020,Unknown,BYRON AVE @ ISLAND PARK DR (0006365),6365,03 - At intersection,02 - Non-fatal injury,05 - Turning movement,01 - Clear,00 - Unknown,01 - Dry,01 - Traffic signal,01 - Functioning,2,0,0,0,01 - Minimal,1,1,,,,364255.6899,5028603.564,45.39484677,-75.74062499,5157
20--5666,7/19/2020,12:16 PM,INNES RD @ TENTH LINE RD (0004633),4633,02 - Intersection related,03 - P.D. only,04 - Sideswipe,01 - Clear,01 - Daylight,01 - Dry,01 - Traffic signal,01 - Functioning,2,0,0,0,,0,,,,,383951.7371,5036159.555,45.46087984,-75.48788497,5158
20--5667,7/19/2020,12:41 PM,BEAVERPOND DR @ BLAIR RD (0004166),4166,03 - At intersection,03 - P.D. only,07 - SMV other,01 - Clear,01 - Daylight,01 - Dry,12 - IPS,01 - Functioning,1,0,0,0,,0,,,,,375399.7255,5031874.57,45.42324264,-75.59783997,5159
20--5668,7/19/2020,12:53 PM,PRINCE OF WALES DR @ MERIVALE RD (0000564),564,02 - Intersection related,03 - P.D. only,03 - Rear end,01 - Clear,01 - Daylight,01 - Dry,01 - Traffic signal,01 - Functioning,2,0,1,0,,0,,,,,367449.7147,5017616.474,45.29570862,-75.70122604,5160
20--5669,7/19/2020,2:26 AM,CECIL WALDEN RDG @ WALDEN DR (0011785),11785,03 - At intersection,02 - Non-fatal injury,07 - SMV other,01 - Clear,07 - Dark,01 - Dry,02 - Stop sign,01 - Functioning,1,0,0,0,02 - Minor,1,,1,,,350117.4178,5021149.433,45.32883081,-75.9218735,5161
20--567,1/14/2020,Unknown,NEWTON ST btwn GORDON ST & CRAIG ST (__3ZA9L3),__3ZA9L3,01 - Non intersection,03 - P.D. only,06 - SMV unattended vehicle,01 - Clear,00 - Unknown,03 - Loose snow,10 - No control,,1,0,0,0,,0,,,,,367867.989,5028920.828,45.39738539,-75.69445218,5162
20--5670,7/19/2020,2:42 PM,COVENTRY RD @ LOLA ST (0007175),7175,03 - At intersection,02 - Non-fatal injury,05 - Turning movement,01 - Clear,01 - Daylight,01 - Dry,01 - Traffic signal,01 - Functioning,2,1,0,0,02 - Minor,1,,1,,,371263.7185,5031614.57,45.42130847,-75.65072108,5163
20--5671,7/19/2020,3:30 PM,HIGHWAY 417 btwn HWY417 IC124 RAMP65 & HWY417 IC122 RAMP51 (__3ZA2R8),__3ZA2R8,01 - Non intersection,03 - P.D. only,03 - Rear end,02 - Rain,01 - Daylight,02 - Wet,10 - No control,,2,0,0,0,,0,,,,,365075.9132,5028580.454,45.39456871,-75.73015277,5164
20--5672,7/19/2020,4:23 PM,CEDAR CREEK DR/DEVONWOOD CIRC @ FINDLAY CREEK  (0012609),12609,03 - At intersection,03 - P.D. only,02 - Angle,02 - Rain,01 - Daylight,02 - Wet,02 - Stop sign,01 - Functioning,2,0,0,0,,0,,,,,375592.3302,5020307.342,45.31914684,-75.59703683,5165
20--5673,7/19/2020,4:30 PM,BUCKINGHAM PRIV @ UPLANDS DR (0007093),7093,03 - At intersection,03 - P.D. only,02 - Angle,01 - Clear,01 - Daylight,02 - Wet,02 - Stop sign,01 - Functioning,2,0,0,0,,0,,,,,368347.7228,5022808.499,45.34234488,-75.6891116,5166
20--5674,7/19/2020,4:45 PM,ISLAND PARK DR @ MAILES AVE (0005629),5629,02 - Intersection related,03 - P.D. only,03 - Rear end,01 - Clear,01 - Daylight,02 - Wet,02 - Stop sign,00 - Unknown,2,0,0,0,,0,,,,,364028.7,5028921.556,45.39772724,-75.7434857,5167
20--5675,7/19/2020,4:45 PM,HIGHWAY 417 btwn HWY417 IC122 RAMP15 & HWY417 IC121B RAMP51 (__3ZA2RB),__3ZA2RB,01 - Non intersection,03 - P.D. only,03 - Rear end,01 - Clear,01 - Daylight,02 - Wet,10 - No control,,4,0,0,0,,0,,,,,365946.4663,5029256.257,45.40057394,-75.71895128,5168
20--5676,7/19/2020,4:46 PM,CARLING AVE WB btwn HWY417 IC124 RAMP76 & KIRKWOOD AVE (__3ZBOD8),__3ZBOD8,01 - Non intersection,03 - P.D. only,04 - Sideswipe,01 - Clear,01 - Daylight,01 - Dry,10 - No control,,2,0,0,0,,0,,,,,364266.1202,5027488.012,45.38480835,-75.74062622,5169
20--5677,7/19/2020,4:49 PM,HAWTHORNE RD @ HUNT CLUB RD (0007651),7651,02 - Intersection related,03 - P.D. only,03 - Rear end,01 - Clear,01 - Daylight,01 - Dry,01 - Traffic signal,01 - Functioning,2,0,0,0,,0,,,,,375507.748,5026406.531,45.37403318,-75.59724362,5170
20--5678,7/19/2020,5:45 AM,HIGHWAY 417 btwn HWY417 IC122 RAMP15 & HWY417 IC121B RAMP51 (__3ZA2RB),__3ZA2RB,01 - Non intersection,03 - P.D. only,07 - SMV other,02 - Rain,03 - Dawn,99 - Other,10 - No control,,1,0,0,0,,0,,,,,366549.4269,5029505.335,45.40276216,-75.71121896,5171
20--5679,7/19/2020,6:43 PM,KING EDWARD AVE @ MURRAY ST (0002713),2713,03 - At intersection,02 - Non-fatal injury,07 - SMV other,01 - Clear,01 - Daylight,01 - Dry,01 - Traffic signal,01 - Functioning,1,0,0,1,03 - Major,1,,,1,,368291.6963,5032753.579,45.43183291,-75.68854707,5172
20--568,1/14/2020,Unknown,AURA AVE btwn PALOMA CIRC & STRANDHERD DR (e___2K36),e___2K36,01 - Non intersection,03 - P.D. only,06 - SMV unattended vehicle,01 - Clear,00 - Unknown,01 - Dry,10 - No control,,1,0,0,0,,0,,,,,362839.5,5013683.035,45.26071134,-75.76046036,5173
20--5680,7/19/2020,7:46 PM,BANK ST/PRETORIA AVE @ CHAMBERLAIN AVE S (0006980),6980,02 - Intersection related,03 - P.D. only,03 - Rear end,01 - Clear,01 - Daylight,01 - Dry,02 - Stop sign,01 - Functioning,3,0,0,0,,0,,,,,368108.7097,5030103.572,45.40800563,-75.691226,5174
20--5681,7/19/2020,7:52 PM,BRUYERE ST @ KING EDWARD AVE (0011437),11437,02 - Intersection related,03 - P.D. only,03 - Rear end,01 - Clear,01 - Daylight,01 - Dry,02 - Stop sign,00 - Unknown,2,0,0,0,,0,,,,,368140.6985,5033039.581,45.43441995,-75.69043991,5175
20--5682,7/19/2020,8:24 PM,RAMP btwn HIGHWAY 7 & HWY417 IC145 RAMP56 (__3ZAY8L),__3ZAY8L,01 - Non intersection,02 - Non-fatal injury,07 - SMV other,01 - Clear,01 - Daylight,01 - Dry,10 - No control,,1,0,1,0,02 - Minor,1,,1,,,346144.9513,5014923.784,45.2730554,-75.97306825,5176
20--5683,7/19/2020,9:25 PM,GLOUCESTER ST @ LYON ST (0006765),6765,02 - Intersection related,03 - P.D. only,03 - Rear end,01 - Clear,05 - Dusk,01 - Dry,01 - Traffic signal,01 - Functioning,2,0,0,0,,0,,,,,367194.6936,5031001.578,45.4161677,-75.70278781,5177
20--5684,7/20/2020,1:10 PM,HIGHWAY 417 btwn HWY417 IC117 RAMP26 & HWY417 IC117 RAMP61 (__3ZA2YM),__3ZA2YM,01 - Non intersection,03 - P.D. only,03 - Rear end,01 - Clear,01 - Daylight,01 - Dry,10 - No control,,2,0,0,0,,0,,,,,370948.517,5031276.033,45.41829233,-75.65479376,5178
20--5685,7/20/2020,10:51 AM,BELSIZE WAY btwn BOBOLINK RDG & PINNER RD (e___2KRE),e___2KRE,01 - Non intersection,03 - P.D. only,06 - SMV unattended vehicle,01 - Clear,01 - Daylight,01 - Dry,10 - No control,,1,0,0,0,,0,,,,,352350.352,5014518.458,45.26901592,-75.89402483,5179
20--5686,7/20/2020,11:48 AM,PINECREST RD btwn RICHMOND RD & FALLIS AVE (__3ZA4M7),__3ZA4M7,01 - Non intersection,03 - P.D. only,04 - Sideswipe,01 - Clear,01 - Daylight,01 - Dry,10 - No control,,2,0,0,0,,0,,,,,360077.6014,5024457.846,45.35788611,-75.79444787,5180
20--5687,7/20/2020,Unknown,LAWN AVE btwn WOODLAND AVE & ANCASTER AVE (__3ZAACN),__3ZAACN,01 - Non intersection,03 - P.D. only,06 - SMV unattended vehicle,01 - Clear,00 - Unknown,01 - Dry,10 - No control,,1,0,0,0,,0,,,,,361544.381,5025938.358,45.37109048,-75.77555765,5181
20--5688,7/20/2020,12:15 PM,ST. JOSEPH BLVD @ REGIONAL RD 174/TRANSITWAY (0012428),12428,03 - At intersection,03 - P.D. only,04 - Sideswipe,01 - Clear,01 - Daylight,01 - Dry,01 - Traffic signal,01 - Functioning,2,0,0,0,,0,,,,,376556.282,5035056.41,45.45175319,-75.58259896,5182
20--5689,7/20/2020,12:18 PM,BOTTRIELL WAY btwn HOSKINS CRES & MERKLEY DR (__3ZA6X6),__3ZA6X6,01 - Non intersection,03 - P.D. only,06 - SMV unattended vehicle,01 - Clear,01 - Daylight,01 - Dry,10 - No control,,1,0,0,0,,0,,,,,383680.1401,5037809.853,45.47575843,-75.49109247,5183
20--569,1/14/2020,Unknown,MCELROY DR btwn SPEARMAN LANE & RICKEY PL (__3ZACMM),__3ZACMM,01 - Non intersection,03 - P.D. only,06 - SMV unattended vehicle,03 - Snow,00 - Unknown,05 - Packed snow,10 - No control,,1,0,0,0,,0,,,,,352697.6879,5016776.521,45.28931102,-75.88938078,5184
20--5690,7/20/2020,12:58 PM,HIGHWAY 417 btwn HWY417 IC118 RAMP67 & HWY417 IC117 RAMP36 (__3ZA2YO),__3ZA2YO,01 - Non intersection,03 - P.D. only,04 - Sideswipe,01 - Clear,01 - Daylight,01 - Dry,10 - No control,,3,0,0,0,,0,,,,,370163.1222,5031112.99,45.41689914,-75.66484961,5185
20--5691,7/20/2020,2:00 PM,HIGHWAY 417 btwn HWY417 IC117 RAMP26 & HWY417 IC117 RAMP61 (__3ZA2YM),__3ZA2YM,01 - Non intersection,03 - P.D. only,03 - Rear end,01 - Clear,01 - Daylight,01 - Dry,10 - No control,,2,0,0,0,,0,,,,,371040.9611,5031326.691,45.41873938,-75.65360588,5186
20--5692,7/20/2020,2:30 PM,CAMPEAU DR @ TERRY FOX DR (0008211),8211,02 - Intersection related,03 - P.D. only,03 - Rear end,01 - Clear,01 - Daylight,01 - Dry,01 - Traffic signal,01 - Functioning,2,0,0,0,,0,,,,,350455.6026,5019010.448,45.30956176,-75.91775657,5187
20--5693,7/20/2020,2:30 PM,HUNT CLUB RD @ RIVERSIDE DR (0002237),2237,02 - Intersection related,03 - P.D. only,03 - Rear end,01 - Clear,01 - Daylight,01 - Dry,01 - Traffic signal,01 - Functioning,2,0,0,0,,0,,,,,368036.691,5021945.486,45.33460777,-75.69319035,5188
20--5694,7/20/2020,3:12 PM,HUNT CLUB RD @ MAC ST (0006898),6898,02 - Intersection related,03 - P.D. only,03 - Rear end,01 - Clear,01 - Daylight,01 - Dry,02 - Stop sign,01 - Functioning,2,0,0,0,,0,,,,,371197.7313,5023807.491,45.35106954,-75.65261442,5189
20--5695,7/20/2020,3:29 AM,RIVER RD btwn EARL ARMSTRONG RD & NICOLLS ISLAND RD (__3ZA3H6),__3ZA3H6,01 - Non intersection,02 - Non-fatal injury,07 - SMV other,01 - Clear,07 - Dark,02 - Wet,10 - No control,,1,0,0,0,02 - Minor,1,,1,,,367770.2004,5012926.438,45.25347946,-75.69773516,5190
20--5696,7/20/2020,4:30 PM,BEATRICE DR btwn QUEENSBURY DR & BERRIGAN DR (__3EY2UC),__3EY2UC,01 - Non intersection,03 - P.D. only,04 - Sideswipe,01 - Clear,01 - Daylight,01 - Dry,10 - No control,,2,0,0,0,,0,,,,,365145.0975,5016145.813,45.28267738,-75.73078573,5191
20--5697,7/20/2020,5:43 PM,WEST HUNT CLUB RD EB btwn 545 E OF ROYDON PL/SUNDERLAND ST & ANTARES D (__3ZA3JPB),__3ZA3JPB,01 - Non intersection,03 - P.D. only,03 - Rear end,01 - Clear,01 - Daylight,01 - Dry,10 - No control,,2,0,0,0,,0,,,,,366843.1492,5022474.701,45.3394761,-75.70835041,5192
20--5698,7/20/2020,5:55 AM,HIGHWAY 417 btwn HWY417 IC180 RAMP35 & HWY417 IC169 RAMP51 (__5SO6CL),__5SO6CL,01 - Non intersection,03 - P.D. only,07 - SMV other,01 - Clear,03 - Dawn,01 - Dry,10 - No control,,1,0,0,0,,0,,,,,320859.5784,5029822.204,45.40815286,-76.29483711,5193
20--5699,7/20/2020,6:14 PM,BANK ST @ SOMERSET ST (0010858),10858,02 - Intersection related,02 - Non-fatal injury,04 - Sideswipe,01 - Clear,01 - Daylight,01 - Dry,01 - Traffic signal,01 - Functioning,2,0,0,0,01 - Minimal,1,1,,,,367694.7046,5030915.555,45.41534892,-75.69641082,5194