Anom_ID,Accident_Date,Accident_Time,Location,Geo_ID,Accident_Location,Classification_of_Accident,Initial_Impact_Type,Environment_Condition,Light,Road_Surface_Condition,Traffic_Control,Traffic_Control_Condition,No__of_Vehicles,No__of_Bicycles,No__of_Motorcycles,No__of_Pedestrians,Max_Injury,No__of_Injuries,No__of_Minimal,No__of_Minor,No__of_Major,No__of_Fatal,X,Y,Latitude,Longitude,ObjectId
20--57,1/2/2020,8:41 PM,GILMOUR ST @ O'CONNOR ST (0007286),7286,03 - At intersection,03 - P.D. only,05 - Turning movement,01 - Clear,07 - Dark,01 - Dry,01 - Traffic signal,01 - Functioning,2,0,0,0,,0,,,,,367943.696,5030868.554,45.4149036,-75.69323586,5195
20--570,1/14/2020,Unknown,PULFORD CRES btwn MOSGROVE AVE & BELLFIELD ST (__3ZAA34),__3ZAA34,01 - Non intersection,03 - P.D. only,06 - SMV unattended vehicle,01 - Clear,00 - Unknown,05 - Packed snow,10 - No control,,1,0,0,0,,0,,,,,359481.6433,5023320.306,45.34769726,-75.80217979,5196
20--5700,7/20/2020,6:15 AM,DUSTY MILLER CRES btwn BOWERCREST CRES & WOODY POINT DR (__6N3720),__6N3720,01 - Non intersection,03 - P.D. only,06 - SMV unattended vehicle,01 - Clear,01 - Daylight,01 - Dry,10 - No control,,1,0,0,0,,0,,,,,369628.3557,5016192.893,45.28270184,-75.6736376,5197
20--5701,7/20/2020,6:53 AM,HINTON AVE @ INGLEWOOD PL (0006628),6628,03 - At intersection,02 - Non-fatal injury,02 - Angle,01 - Clear,01 - Daylight,01 - Dry,02 - Stop sign,01 - Functioning,2,0,0,0,01 - Minimal,1,1,,,,365418.7092,5028244.547,45.3915167,-75.72581623,5198
20--5702,7/20/2020,8:49 AM,HINCHEY AVE @ SCOTT ST (0006481),6481,03 - At intersection,02 - Non-fatal injury,02 - Angle,01 - Clear,01 - Daylight,01 - Dry,02 - Stop sign,01 - Functioning,2,1,0,0,01 - Minimal,1,1,,,,365087.6695,5029810.287,45.40563346,-75.72985231,5199
20--5703,7/20/2020,9:50 AM,EARL MULLIGAN DR @ LONG GATE CRT (0000019),19,03 - At intersection,03 - P.D. only,03 - Rear end,01 - Clear,01 - Daylight,01 - Dry,02 - Stop sign,01 - Functioning,2,0,0,0,,0,,,,,364888.7088,5017299.454,45.29307977,-75.73391387,5200
20--5704,7/21/2020,1:35 PM,TERRY FOX DR S @ DIDSBURY RD/CENTRUM KANATA SC (0011820),11820,03 - At intersection,02 - Non-fatal injury,05 - Turning movement,01 - Clear,01 - Daylight,01 - Dry,01 - Traffic signal,01 - Functioning,2,0,0,0,02 - Minor,1,,1,,,350623.4829,5018915.731,45.30869854,-75.91562447,5201
20--5705,7/21/2020,10:01 PM,STANLEY AVE btwn KEEFER ST & RIVER LANE (__3ZBOWR),__3ZBOWR,01 - Non intersection,03 - P.D. only,06 - SMV unattended vehicle,01 - Clear,07 - Dark,01 - Dry,10 - No control,,1,0,0,0,,0,,,,,368651.276,5033556.3,45.43902275,-75.68384784,5202
20--5706,7/21/2020,10:09 PM,RIVERSIDE DR @ TREMBLAY RD/HWY417 IC117 RAMP52 (0010790),10790,03 - At intersection,02 - Non-fatal injury,02 - Angle,01 - Clear,07 - Dark,01 - Dry,01 - Traffic signal,01 - Functioning,2,0,0,0,01 - Minimal,2,2,,,,370802.0716,5031015.903,45.41596561,-75.65669959,5203
20--5707,7/21/2020,11:21 AM,ETHEL ST btwn MARIER AVE & PARK ST (__3ZA8VV),__3ZA8VV,01 - Non intersection,03 - P.D. only,07 - SMV other,01 - Clear,01 - Daylight,01 - Dry,10 - No control,,1,0,0,0,,0,,,,,370324.9543,5033486.087,45.43823615,-75.66246636,5204
20--5708,7/21/2020,11:22 AM,BASELINE RD btwn NAVAHO DR & DEERFIELD DR (__3ZA4H4),__3ZA4H4,01 - Non intersection,03 - P.D. only,03 - Rear end,01 - Clear,01 - Daylight,01 - Dry,10 - No control,,3,0,0,0,,0,,,,,363278.9292,5024215.077,45.355442,-75.75361887,5205
20--5709,7/21/2020,11:45 AM,BRONSON AVE/BRONSON/HERON RAMP 35 @ HERON RD (0002386),2386,02 - Intersection related,03 - P.D. only,03 - Rear end,01 - Clear,01 - Daylight,01 - Dry,01 - Traffic signal,01 - Functioning,2,0,0,0,,0,,,,,368641.5852,5026697.646,45.37731175,-75.68485985,5206
20--571,1/14/2020,12:17 PM,KNOXDALE RD btwn SKIPTON RD & CREMONA CRES (__3ZA4YU),__3ZA4YU,01 - Non intersection,03 - P.D. only,06 - SMV unattended vehicle,01 - Clear,01 - Daylight,01 - Dry,10 - No control,,1,0,0,0,,0,,,,,362257.1614,5021163.122,45.32806514,-75.76701332,5207
20--5710,7/21/2020,12:54 AM,SWALE RD btwn DEVEREAUX RD & SPRINGHILL RD (__3ZA7IA),__3ZA7IA,01 - Non intersection,03 - P.D. only,07 - SMV other,01 - Clear,07 - Dark,01 - Dry,10 - No control,,1,0,0,0,,0,,,,,381685.0438,5004470.159,45.17601073,-75.52178371,5208
20--5711,7/21/2020,2:33 PM,MURRAY ST @ NELSON ST (0008422),8422,02 - Intersection related,03 - P.D. only,02 - Angle,01 - Clear,01 - Daylight,01 - Dry,02 - Stop sign,01 - Functioning,2,0,0,0,,0,,,,,368436.692,5032843.595,45.43262966,-75.68668252,5209
20--5712,7/21/2020,2:40 PM,HWY 416 ACRES IC75R24 @ HOLLY ACRES RD (0005257),5257,03 - At intersection,02 - Non-fatal injury,02 - Angle,01 - Clear,01 - Daylight,01 - Dry,01 - Traffic signal,01 - Functioning,2,1,0,0,02 - Minor,1,,1,,,358757.6751,5022868.503,45.343688,-75.81146733,5210
20--5713,7/21/2020,3:05 PM,HEMLOCK RD btwn BRAEMAR ST & ST. LAURENT BLVD (__3ZA3A0),__3ZA3A0,01 - Non intersection,03 - P.D. only,01 - Approaching,01 - Clear,01 - Daylight,01 - Dry,10 - No control,,2,0,0,0,,0,,,,,371095.4937,5034777.545,45.44978346,-75.65244449,5211
20--5714,7/21/2020,3:06 PM,BESSERER ST @ DALHOUSIE ST (0011452),11452,02 - Intersection related,03 - P.D. only,04 - Sideswipe,01 - Clear,01 - Daylight,01 - Dry,01 - Traffic signal,01 - Functioning,2,0,0,0,,0,,,,,368252.6971,5032157.572,45.42647379,-75.68912225,5212
20--5715,7/21/2020,3:30 PM,HIGHWAY 417 btwn HWY417 IC124 RAMP65 & HWY417 IC122 RAMP51 (__3ZA2R8),__3ZA2R8,01 - Non intersection,02 - Non-fatal injury,03 - Rear end,01 - Clear,01 - Daylight,01 - Dry,10 - No control,,4,0,0,0,02 - Minor,2,1,1,,,364966.9367,5028386.293,45.39283106,-75.73156818,5213
20--5716,7/21/2020,4:18 PM,HAWTHORNE RD @ LEITRIM RD (0009269),9269,02 - Intersection related,02 - Non-fatal injury,03 - Rear end,01 - Clear,01 - Daylight,01 - Dry,01 - Traffic signal,01 - Functioning,3,0,0,0,02 - Minor,4,1,3,,,377038.7609,5022709.505,45.34061306,-75.5782393,5214
20--5717,7/21/2020,4:38 PM,HIGHWAY 417 btwn HWY417 IC122 RAMP51 & HWY417 IC122 RAMP15 (__3ZA2R0),__3ZA2R0,01 - Non intersection,03 - P.D. only,03 - Rear end,01 - Clear,01 - Daylight,01 - Dry,10 - No control,,4,0,0,0,,0,,,,,365315.3373,5028861.877,45.39708024,-75.72706059,5215
20--5718,7/21/2020,5:52 PM,AIRPORT PKWY/HUNT CLUB RAMP 42 btwn AIRPORT PKWY & TO BE DETERMINED (__3ZAY5Q),__3ZAY5Q,01 - Non intersection,03 - P.D. only,03 - Rear end,01 - Clear,01 - Daylight,01 - Dry,10 - No control,,2,0,0,0,,0,,,,,370731.8672,5024164.544,45.35432615,-75.65851164,5216
20--5719,7/21/2020,8:46 PM,MARCH RD btwn BURNT LANDS RD & UPPER DWYER HILL RD (__3ZA2RH),__3ZA2RH,01 - Non intersection,03 - P.D. only,07 - SMV other,01 - Clear,05 - Dusk,01 - Dry,10 - No control,,1,0,0,0,,0,,,,,333028.296,5013513.96,45.26101781,-76.14031301,5217
20--572,1/14/2020,12:20 PM,BANK ST @ HOLMWOOD AVE (0007225),7225,02 - Intersection related,03 - P.D. only,03 - Rear end,01 - Clear,01 - Daylight,02 - Wet,01 - Traffic signal,01 - Functioning,2,0,0,0,,0,,,,,368481.7136,5029197.556,45.39981975,-75.68657833,5218
20--5720,7/21/2020,9:00 PM,GILMOUR ST btwn O'CONNOR ST & METCALFE ST (__3ZA9TA),__3ZA9TA,04 - At/near private drive,03 - P.D. only,06 - SMV unattended vehicle,01 - Clear,05 - Dusk,01 - Dry,10 - No control,,1,0,0,0,,0,,,,,368079.7301,5030949.296,45.4156178,-75.69148761,5219
20--5721,7/21/2020,9:40 AM,HWY417 IC118 RAMP35 btwn HWY417 IC118 RAMP45 & HIGHWAY 417 (__3ZAY9Q),__3ZAY9Q,01 - Non intersection,03 - P.D. only,03 - Rear end,01 - Clear,01 - Daylight,01 - Dry,10 - No control,,2,0,0,0,,0,,,,,369570.9184,5031082.226,45.41667741,-75.6724195,5220
20--5547,7/14/2020,6:40 PM,RIVERSIDE DR SB btwn BILLINGS BRIDGESC RAMP NB & DATA CENTRE RD (__3ZBOFM),__3ZBOFM,01 - Non intersection,02 - Non-fatal injury,03 - Rear end,01 - Clear,01 - Daylight,01 - Dry,10 - No control,,3,0,0,0,02 - Minor,1,,1,,,368989.0821,5027767.163,45.38690319,-75.68028435,5221
20--5997,8/1/2020,12:20 PM,GREENBANK RD @ STRANDHERD DR (0005563),5563,02 - Intersection related,03 - P.D. only,04 - Sideswipe,01 - Clear,01 - Daylight,01 - Dry,01 - Traffic signal,01 - Functioning,2,0,0,0,,0,,,,,363933.6737,5014784.418,45.27053049,-75.74638847,5222
20--5904,7/29/2020,Unknown,SANDALWOOD DR btwn BAYCREST DR & HERON RD (__3ZA9YZ),__3ZA9YZ,01 - Non intersection,03 - P.D. only,06 - SMV unattended vehicle,02 - Rain,00 - Unknown,02 - Wet,10 - No control,,1,0,0,0,,0,,,,,371452.9826,5026802.862,45.37799664,-75.64895315,5223
20--5725,7/22/2020,1:43 PM,BANTREE ST @ INNES RD (0007684),7684,02 - Intersection related,03 - P.D. only,03 - Rear end,01 - Clear,01 - Daylight,01 - Dry,01 - Traffic signal,01 - Functioning,2,0,0,0,,0,,,,,373705.7318,5030406.544,45.41020299,-75.61968938,5224
20--5453,7/9/2020,7:45 PM,CLYDE AVE btwn MAITLAND AVE & BASELINE RD (__3ZA4IR),__3ZA4IR,01 - Non intersection,03 - P.D. only,03 - Rear end,01 - Clear,01 - Daylight,01 - Dry,10 - No control,,2,0,0,0,,0,,,,,364270.1228,5025094.655,45.36327296,-75.7408633,5225
20--5998,8/1/2020,2:20 PM,PINECREST RD/HWY 417 PINECRE IC129R63 @ TRANSI (0008264),8264,02 - Intersection related,03 - P.D. only,03 - Rear end,01 - Clear,01 - Daylight,01 - Dry,01 - Traffic signal,01 - Functioning,2,0,0,0,,0,,,,,360388.0797,5023677.85,45.35084318,-75.79057299,5226
20--6086,8/5/2020,3:18 PM,REGIONAL RD 174 @ TRIM RD (0012835),12835,02 - Intersection related,03 - P.D. only,03 - Rear end,01 - Clear,01 - Daylight,01 - Dry,01 - Traffic signal,01 - Functioning,2,0,0,0,,0,,,,,384351.853,5039990.343,45.49530018,-75.48214909,5227
20--5726,7/22/2020,1:50 PM,HIGHWAY 417 btwn HWY417 IC121B RAMP51 & HWY417 IC121A RAMP51 (__3ZA2YW),__3ZA2YW,01 - Non intersection,03 - P.D. only,04 - Sideswipe,01 - Clear,01 - Daylight,01 - Dry,10 - No control,,2,0,0,0,,0,,,,,367024.2188,5029648.711,45.40401017,-75.70513651,5228
20--5548,7/14/2020,6:52 PM,ST. LAURENT BLVD btwn HWY417 IC115 RAMP35 & HWY417 IC115 RAMP26 (__3ZAZEA),__3ZAZEA,06 - Underpass or tunnel,03 - P.D. only,07 - SMV other,01 - Clear,01 - Daylight,01 - Dry,10 - No control,,1,0,0,0,,0,,,,,372484.7453,5031523.505,45.42037204,-75.63513298,5229
20--5454,7/9/2020,7:46 AM,WEST HUNT CLUB RD @ ROYDON PL/SUNDERLAND ST (0009775),9775,03 - At intersection,03 - P.D. only,05 - Turning movement,01 - Clear,01 - Daylight,01 - Dry,01 - Traffic signal,01 - Functioning,2,0,0,0,,0,,,,,365973.7082,5022169.486,45.33680617,-75.71948088,5230
20--5999,8/1/2020,2:45 PM,STOCKTON DR btwn QUEENSDALE AVE & HOGARTH AVE (__3ZA5NU),__3ZA5NU,04 - At/near private drive,03 - P.D. only,02 - Angle,01 - Clear,01 - Daylight,01 - Dry,10 - No control,,2,0,0,0,,0,,,,,372867.1285,5023069.828,45.34427227,-75.63141308,5231
20--5727,7/22/2020,10:30 AM,CASTLE HILL CRES btwn BONNIE CRES & CLYDE AVE (__3ZAAQG),__3ZAAQG,04 - At/near private drive,03 - P.D. only,02 - Angle,01 - Clear,01 - Daylight,01 - Dry,10 - No control,,2,0,0,0,,0,,,,,363898.5853,5025704.48,45.3687915,-75.74553262,5232
20--6087,8/5/2020,3:35 PM,CLOVER ST @ HERON RD (0006837),6837,03 - At intersection,02 - Non-fatal injury,07 - SMV other,01 - Clear,01 - Daylight,01 - Dry,01 - Traffic signal,01 - Functioning,1,0,1,0,02 - Minor,1,,1,,,369292.7201,5026764.551,45.37785411,-75.67653817,5233
20--6173,8/8/2020,5:53 PM,BANK ST @ SUNNYSIDE AVE (0007219),7219,02 - Intersection related,03 - P.D. only,04 - Sideswipe,01 - Clear,01 - Daylight,01 - Dry,01 - Traffic signal,01 - Functioning,2,0,0,0,,0,,,,,368734.7089,5028581.554,45.3942541,-75.68342693,5234
20--5549,7/14/2020,7:13 PM,BASELINE RD btwn FERGUSON ST & CORDOVA ST (__3ZA4HA),__3ZA4HA,04 - At/near private drive,03 - P.D. only,07 - SMV other,01 - Clear,01 - Daylight,01 - Dry,10 - No control,,1,0,0,0,,0,,,,,363528.5872,5024369.515,45.35681075,-75.75041435,5235
20--6174,8/8/2020,7:17 PM,RIVERSIDE DR @ HERON RD (0002236),2236,02 - Intersection related,03 - P.D. only,03 - Rear end,01 - Clear,01 - Daylight,01 - Dry,01 - Traffic signal,01 - Functioning,2,0,0,0,,0,,,,,368121.1074,5026647.228,45.37690533,-75.6915112,5236
20--60,1/2/2020,9:34 PM,HIGHWAY 417 btwn HIGHWAY 417 & Continuation of HIGHWAY 417 (__3ZAZOB),__3ZAZOB,01 - Non intersection,03 - P.D. only,07 - SMV other,01 - Clear,07 - Dark,01 - Dry,10 - No control,,1,0,0,0,,0,,,,,353297.0688,5020413.476,45.32199602,-75.88138422,5237
20--5728,7/22/2020,10:40 AM,MONTREAL RD @ BATHGATE DR/BURMA RD (0007650),7650,02 - Intersection related,03 - P.D. only,03 - Rear end,01 - Clear,01 - Daylight,01 - Dry,01 - Traffic signal,01 - Functioning,2,0,0,0,,0,,,,,373224.7245,5034516.591,45.44723032,-75.62526275,5238
20--6088,8/5/2020,4:26 PM,BANK ST btwn ARENA PL & WHITE ALDER AVE (__3ZA29N),__3ZA29N,04 - At/near private drive,03 - P.D. only,02 - Angle,01 - Clear,01 - Daylight,01 - Dry,10 - No control,,2,0,0,0,,0,,,,,375491.4741,5021302.812,45.32811384,-75.59818099,5239
20--5905,7/29/2020,Unknown,WOODRIDGE CRES btwn BAYSHORE DR & BAYSHORE PS (__6KE4J1A),__6KE4J1A,01 - Non intersection,03 - P.D. only,06 - SMV unattended vehicle,01 - Clear,00 - Unknown,01 - Dry,10 - No control,,1,0,0,0,,0,,,,,358834.6899,5023653.618,45.35074655,-75.81039887,5240
20--5455,7/9/2020,8:34 AM,CARP RD btwn RICHARDSON SIDE RD & HWY417 IC144 RAMP62 (__3ZA3FS),__3ZA3FS,04 - At/near private drive,03 - P.D. only,02 - Angle,01 - Clear,01 - Daylight,01 - Dry,10 - No control,,2,0,0,0,,0,,,,,346525.3172,5016799.866,45.28991465,-75.96806305,5241
20--5814,7/24/2020,8:05 AM,HWY417 IC131 RAMP66 btwn TRANSIT & HWY417 IC130 RAMP36 (__6KES9I),__6KES9I,01 - Non intersection,03 - P.D. only,04 - Sideswipe,01 - Clear,01 - Daylight,01 - Dry,10 - No control,,2,0,0,0,,0,,,,,357910.462,5022808.08,45.34320896,-75.822284,5242
20--5729,7/22/2020,11:00 AM,DRISCOLL DR btwn MCLEAN CRES & IRENE PL (__3ZA90K),__3ZA90K,01 - Non intersection,03 - P.D. only,07 - SMV other,01 - Clear,01 - Daylight,01 - Dry,10 - No control,,1,0,0,0,,0,,,,,367597.199,5011464.788,45.24034305,-75.70012366,5243
20--5815,7/24/2020,8:22 PM,HWY 417 PALLADI IC142R36 @ PALLADIUM DR (0010683),10683,03 - At intersection,03 - P.D. only,05 - Turning movement,01 - Clear,01 - Daylight,01 - Dry,01 - Traffic signal,01 - Functioning,2,0,0,0,,0,,,,,348774.0425,5017374.324,45.29494671,-75.9393455,5244
20--6089,8/5/2020,4:50 PM,BANK ST @ WALKLEY RD (0011423),11423,02 - Intersection related,03 - P.D. only,03 - Rear end,01 - Clear,01 - Daylight,01 - Dry,01 - Traffic signal,00 - Unknown,2,0,0,0,,0,,,,,370337.8517,5025947.754,45.37040786,-75.66330344,5245
20--5906,7/29/2020,12:10 PM,STITTSVILLE MAIN ST @ HAZELDEAN RD (0000050),50,03 - At intersection,03 - P.D. only,05 - Turning movement,01 - Clear,01 - Daylight,01 - Dry,01 - Traffic signal,01 - Functioning,2,0,0,0,,0,,,,,349558.3888,5014878.722,45.27244093,-75.92957093,5246
20--555,1/13/2020,8:13 AM,CUMBERLAND ST @ RIDEAU ST (0007759),7759,02 - Intersection related,02 - Non-fatal injury,03 - Rear end,01 - Clear,01 - Daylight,02 - Wet,01 - Traffic signal,01 - Functioning,2,0,0,0,01 - Minimal,1,1,,,,368374.4998,5032329.973,45.42801393,-75.6875436,5247
20--6175,8/8/2020,7:30 AM,REGIONAL ROAD 174 btwn OR174 IC109 RAMP64 & OR174 IC105 RAMP16 (__3ZA2XD),__3ZA2XD,01 - Non intersection,03 - P.D. only,07 - SMV other,01 - Clear,01 - Daylight,01 - Dry,10 - No control,,1,0,0,0,,0,,,,,377290.5867,5035831.411,45.45865034,-75.5730979,5248
20--600,1/14/2020,8:20 AM,MARCH RD btwn TALL FOREST DR & HUNTMAR DR (__3ZA3FN),__3ZA3FN,01 - Non intersection,03 - P.D. only,07 - SMV other,01 - Clear,01 - Daylight,02 - Wet,10 - No control,,1,0,0,0,,0,,,,,344044.684,5023457.554,45.34996593,-75.99915872,5249
20--573,1/14/2020,12:30 PM,WEST HUNT CLUB RD WB btwn ROYDON PL/SUNDERLAND ST & 545 E OF ROYDON PL (__3ZA3JSA),__3ZA3JSA,04 - At/near private drive,03 - P.D. only,02 - Angle,01 - Clear,01 - Daylight,02 - Wet,10 - No control,,2,0,0,0,,0,,,,,366025.4228,5022202.667,45.33710022,-75.718817,5250
20--5456,7/9/2020,9:20 AM,INNES RD @ STAR TOP RD/WINDMILL LANE (0008734),8734,02 - Intersection related,03 - P.D. only,07 - SMV other,01 - Clear,01 - Daylight,01 - Dry,01 - Traffic signal,01 - Functioning,1,0,0,0,,0,,,,,374147.726,5030666.56,45.41249882,-75.61400674,5251
20--5550,7/14/2020,7:25 AM,DUNROBIN RD btwn DUNROBIN RD & MURPHY SIDE RD (__3ZA3EB),__3ZA3EB,01 - Non intersection,03 - P.D. only,05 - Turning movement,01 - Clear,01 - Daylight,01 - Dry,10 - No control,,2,0,0,0,,0,,,,,344077.9898,5029449.596,45.40388217,-75.99825707,5252
20--6176,8/8/2020,7:56 PM,MONTREAL RD @ OGILVIE RD (0009279),9279,02 - Intersection related,02 - Non-fatal injury,03 - Rear end,01 - Clear,01 - Daylight,01 - Dry,01 - Traffic signal,01 - Functioning,2,0,0,0,01 - Minimal,1,1,,,,375654.7413,5034556.59,45.4473481,-75.59419565,5253
20--6000,8/1/2020,2:52 PM,BEAUSEJOUR DR N @ ORLEANS BLVD (0003637),3637,03 - At intersection,02 - Non-fatal injury,05 - Turning movement,01 - Clear,01 - Daylight,01 - Dry,01 - Traffic signal,01 - Functioning,2,1,0,0,01 - Minimal,1,1,,,,381055.7553,5035895.589,45.45882698,-75.5249514,5254
20--5730,7/22/2020,12:07 PM,BASELINE RD @ WOODROFFE AVE (0002225),2225,02 - Intersection related,03 - P.D. only,03 - Rear end,01 - Clear,01 - Daylight,01 - Dry,01 - Traffic signal,01 - Functioning,2,0,0,0,,0,,,,,362549.6866,5023770.508,45.35150224,-75.76297753,5255
20--609,1/15/2020,1:18 PM,CAMPUS AVE @ UNIVERSITY RD (0011541),11541,03 - At intersection,03 - P.D. only,02 - Angle,01 - Clear,01 - Daylight,01 - Dry,02 - Stop sign,01 - Functioning,2,0,0,0,,0,,,,,367771.7057,5027976.533,45.38889755,-75.69580238,5256
20--5907,7/29/2020,2:07 PM,EDISON AVE btwn PRINCETON AVE & AVONDALE AVE (__3ZA07D),__3ZA07D,01 - Non intersection,03 - P.D. only,06 - SMV unattended vehicle,01 - Clear,01 - Daylight,01 - Dry,10 - No control,,1,0,0,0,,0,,,,,363413.4478,5027664.127,45.38646487,-75.75149286,5257
20--5816,7/24/2020,8:22 PM,HWY417 IC131 RAMP55 btwn HIGHWAY 417 & HWY416 IC75B RAMP25 (__3ZAYG7),__3ZAYG7,01 - Non intersection,03 - P.D. only,04 - Sideswipe,01 - Clear,05 - Dusk,01 - Dry,10 - No control,,2,0,0,0,,0,,,,,358223.9587,5022739.845,45.34257118,-75.81829128,5258
20--6090,8/5/2020,5:00 PM,ELGIN ST @ LAURIER AVE (0002232),2232,02 - Intersection related,03 - P.D. only,03 - Rear end,01 - Clear,01 - Daylight,01 - Dry,01 - Traffic signal,01 - Functioning,3,0,0,0,,0,,,,,367949.3148,5031551.09,45.42104433,-75.6930766,5259
20--5908,7/29/2020,2:53 PM,TERRY FOX DR S @ DIDSBURY RD/CENTRUM KANATA SC (0011820),11820,02 - Intersection related,03 - P.D. only,03 - Rear end,01 - Clear,01 - Daylight,01 - Dry,01 - Traffic signal,01 - Functioning,2,0,0,0,,0,,,,,350623.488,5018915.745,45.30869867,-75.91562441,5260
20--6001,8/1/2020,3:00 PM,HIGHWAY 417 btwn HWY417 IC163 RAMP16 & HWY417 IC169 RAMP61 (__5SPO79),__5SPO79,01 - Non intersection,03 - P.D. only,99 - Other,01 - Clear,01 - Daylight,01 - Dry,10 - No control,,2,0,0,0,,0,,,,,330698.5045,5021658.341,45.33439551,-76.16957349,5261
20--5551,7/14/2020,8:05 AM,HWY 417 INNES IC112R57 @ INNES RD (0012298),12298,03 - At intersection,03 - P.D. only,02 - Angle,01 - Clear,01 - Daylight,01 - Dry,01 - Traffic signal,01 - Functioning,2,0,0,0,,0,,,,,374298.8598,5030754.325,45.41327349,-75.6120637,5262
20--5731,7/22/2020,12:32 PM,ST. LAURENT BLVD @ WALKLEY RD (0007653),7653,03 - At intersection,02 - Non-fatal injury,05 - Turning movement,01 - Clear,01 - Daylight,01 - Dry,01 - Traffic signal,01 - Functioning,2,0,1,0,03 - Major,1,,,1,,373902.7486,5028046.85,45.38895216,-75.61750327,5263
20--6177,8/9/2020,1:09 AM,INNES RD WB btwn INNES RD W & INNES RD (__3ZA3J8),__3ZA3J8,01 - Non intersection,03 - P.D. only,03 - Rear end,01 - Clear,07 - Dark,01 - Dry,10 - No control,,2,0,0,0,,0,,,,,376709.3823,5032095.971,45.42510128,-75.58107432,5264
20--5457,7/9/2020,9:40 AM,EAGLESON RD btwn OTTAWA ST & BROPHY DR (__3ZA4ZN),__3ZA4ZN,04 - At/near private drive,02 - Non-fatal injury,03 - Rear end,01 - Clear,01 - Daylight,01 - Dry,10 - No control,,3,0,0,0,02 - Minor,1,,1,,,358913.285,5005164.299,45.18437083,-75.81141044,5265
20--5909,7/29/2020,3:12 PM,RIVERSIDE DR SB btwn SMYTH RD NORTH SIDE RAMP & FROBISHER LANE (__3ZAZQH),__3ZAZQH,01 - Non intersection,03 - P.D. only,04 - Sideswipe,01 - Clear,01 - Daylight,01 - Dry,10 - No control,,2,0,0,0,,0,,,,,369946.9024,5029343.661,45.40099954,-75.66784579,5266
20--6091,8/5/2020,5:10 PM,MORISSET AVE btwn CALDWELL AVE & MERIVALE RD (__3ZAA59),__3ZAA59,01 - Non intersection,03 - P.D. only,06 - SMV unattended vehicle,01 - Clear,01 - Daylight,01 - Dry,10 - No control,,1,0,0,0,,0,,,,,364495.586,5026263.262,45.37376874,-75.73784431,5267
20--5552,7/14/2020,8:10 PM,HWY417 IC117 RAMP61 btwn HWY417 IC117 RAMP63 & HIGHWAY 417 (__3ZAY0Y),__3ZAY0Y,01 - Non intersection,03 - P.D. only,04 - Sideswipe,01 - Clear,05 - Dusk,01 - Dry,10 - No control,,3,0,0,0,,0,,,,,371166.5774,5031379.438,45.41920207,-75.65199389,5268
20--6002,8/1/2020,3:22 PM,CUMMINGS AVE @ OGILVIE RD (0009923),9923,03 - At intersection,03 - P.D. only,05 - Turning movement,01 - Clear,01 - Daylight,01 - Dry,01 - Traffic signal,01 - Functioning,2,0,0,0,,0,,,,,372748.7237,5032170.583,45.42616855,-75.63167103,5269
20--5732,7/22/2020,12:45 PM,MELFORT ST @ WALKLEY RD (0008805),8805,03 - At intersection,03 - P.D. only,05 - Turning movement,01 - Clear,01 - Daylight,01 - Dry,12 - IPS,01 - Functioning,2,0,0,0,,0,,,,,374445.7332,5028373.54,45.39183777,-75.61052366,5270
20--6178,8/9/2020,1:37 PM,WOODROFFE AVE @ HWY 417 WOODROFF IC127R26/HWY4 (0002355),2355,02 - Intersection related,03 - P.D. only,03 - Rear end,02 - Rain,01 - Daylight,02 - Wet,01 - Traffic signal,01 - Functioning,2,0,0,0,,0,,,,,362082.6884,5024939.515,45.36205918,-75.76880157,5271
20--6092,8/5/2020,5:30 PM,HIGHWAY 417 btwn HWY417 IC121B RAMP51 & HWY417 IC121A RAMP51 (__3ZA2YW),__3ZA2YW,01 - Non intersection,03 - P.D. only,03 - Rear end,01 - Clear,01 - Daylight,01 - Dry,10 - No control,,2,0,0,0,,0,,,,,366704.454,5029552.655,45.40317424,-75.70923291,5272
20--5553,7/14/2020,8:40 PM,CARRIGAN DR @ MERKLEY DR (0004868),4868,02 - Intersection related,02 - Non-fatal injury,02 - Angle,01 - Clear,05 - Dusk,01 - Dry,02 - Stop sign,01 - Functioning,2,1,0,0,01 - Minimal,2,2,,,,384618.7452,5037764.564,45.47524431,-75.47909661,5273
20--5458,7/10/2020,10:14 AM,WOODROFFE AVE @ QUEENSBURY DR/RIDEAUCREST DR (0000043),43,03 - At intersection,02 - Non-fatal injury,99 - Other,01 - Clear,01 - Daylight,01 - Dry,01 - Traffic signal,01 - Functioning,2,1,0,0,01 - Minimal,1,1,,,,365727.6908,5016328.445,45.28427044,-75.72333771,5274
20--5817,7/24/2020,8:31 AM,ST. EMMANUEL TER @ VORLAGE DR (0003790),3790,02 - Intersection related,03 - P.D. only,02 - Angle,01 - Clear,01 - Daylight,01 - Dry,02 - Stop sign,01 - Functioning,2,0,0,0,,0,,,,,379623.7212,5037932.583,45.47730911,-75.54294946,5275
20--5459,7/10/2020,11:20 AM,RIVERSIDE DR btwn KIMBERWICK CRES & KIMBERWICK CRES (__3ZA37L),__3ZA37L,01 - Non intersection,02 - Non-fatal injury,03 - Rear end,01 - Clear,01 - Daylight,01 - Dry,10 - No control,,4,0,0,0,01 - Minimal,4,4,,,,368163.3712,5022595.822,45.34044793,-75.69149098,5276