Anom_ID,Accident_Date,Accident_Time,Location,Geo_ID,Accident_Location,Classification_of_Accident,Initial_Impact_Type,Environment_Condition,Light,Road_Surface_Condition,Traffic_Control,Traffic_Control_Condition,No__of_Vehicles,No__of_Bicycles,No__of_Motorcycles,No__of_Pedestrians,Max_Injury,No__of_Injuries,No__of_Minimal,No__of_Minor,No__of_Major,No__of_Fatal,X,Y,Latitude,Longitude,ObjectId
20--5733,7/22/2020,2:58 PM,MARY JANE CRES @ SIMARD DR (0009306),9306,03 - At intersection,02 - Non-fatal injury,02 - Angle,01 - Clear,01 - Daylight,01 - Dry,02 - Stop sign,01 - Functioning,2,1,0,0,02 - Minor,1,,1,,,381402.8214,5035011.46,45.45083434,-75.52065198,5277
20--5554,7/14/2020,9:03 AM,BELCOURT BLVD @ INNES RD (0004202),4202,02 - Intersection related,03 - P.D. only,03 - Rear end,01 - Clear,01 - Daylight,01 - Dry,01 - Traffic signal,01 - Functioning,2,0,0,0,,0,,,,,382121.5814,5035266.618,45.45305089,-75.51142407,5278
20--6093,8/5/2020,7:09 PM,GEORGE ST btwn WILLIAM ST & DALHOUSIE ST (__3ZA8Z1),__3ZA8Z1,04 - At/near private drive,02 - Non-fatal injury,05 - Turning movement,01 - Clear,01 - Daylight,01 - Dry,10 - No control,,2,1,0,0,02 - Minor,1,,1,,,368064.4025,5032248.943,45.42731297,-75.69151653,5279
20--6179,8/9/2020,1:48 AM,HAWTHORNE RD @ RIDEAU RD (0009409),9409,02 - Intersection related,03 - P.D. only,99 - Other,01 - Clear,07 - Dark,01 - Dry,02 - Stop sign,01 - Functioning,2,0,0,0,,0,,,,,378618.7733,5018940.48,45.3065368,-75.55864302,5280
20--6003,8/1/2020,4:40 PM,CYRVILLE RD @ INNES RD (0009352),9352,02 - Intersection related,03 - P.D. only,04 - Sideswipe,01 - Clear,01 - Daylight,01 - Dry,01 - Traffic signal,01 - Functioning,2,0,0,0,,0,,,,,375047.7208,5031119.566,45.41648496,-75.60244516,5281
20--591,1/14/2020,6:09 PM,POWELL AVE btwn BRONSON AVE & PERCY ST (__3ZA927),__3ZA927,04 - At/near private drive,03 - P.D. only,06 - SMV unattended vehicle,01 - Clear,07 - Dark,03 - Loose snow,10 - No control,,1,0,0,0,,0,,,,,367533.3069,5029563.027,45.40319377,-75.69864487,5282
20--618,1/15/2020,12:15 PM,ST. JOSEPH BLVD btwn ST. JEAN ST & BELCOURT BLVD (__3ZA2AP),__3ZA2AP,04 - At/near private drive,03 - P.D. only,02 - Angle,01 - Clear,01 - Daylight,01 - Dry,10 - No control,,2,0,0,0,,0,,,,,381090.3649,5037280.319,45.47128187,-75.524294,5283
20--6094,8/5/2020,7:32 PM,STRANDHERD DR btwn Continuation of STRANDHERD DR & MCKENNA CASEY DR (__3ZAZM9),__3ZAZM9,01 - Non intersection,03 - P.D. only,03 - Rear end,01 - Clear,01 - Daylight,01 - Dry,10 - No control,,2,0,0,0,,0,,,,,361836.7332,5013654.718,45.26053855,-75.77323983,5284
20--5818,7/24/2020,9:14 AM,CAHILL DR @ HUNT CLUB RD (0011394),11394,02 - Intersection related,02 - Non-fatal injury,03 - Rear end,01 - Clear,01 - Daylight,01 - Dry,01 - Traffic signal,01 - Functioning,2,0,0,0,01 - Minimal,2,2,,,,372407.7358,5024542.513,45.3575674,-75.63707325,5285
20--546,1/13/2020,6:58 AM,INNES RD btwn O'TOOLE RD & DUNNING RD (__3ZBN92),__3ZBN92,01 - Non intersection,02 - Non-fatal injury,01 - Approaching,03 - Snow,03 - Dawn,05 - Packed snow,10 - No control,,2,0,0,0,02 - Minor,2,1,1,,,391426.0814,5039246.388,45.48776467,-75.39178332,5286
20--6004,8/1/2020,7:53 AM,HIGHWAY 416 btwn HWY416 IC57 RAMP24 & HWY416 IC49 RAMP42 (__3ZAZGI),__3ZAZGI,01 - Non intersection,02 - Non-fatal injury,07 - SMV other,01 - Clear,01 - Daylight,01 - Dry,10 - No control,,1,0,0,0,02 - Minor,1,,1,,,365754.2028,5006346.673,45.19445196,-75.72422305,5287
20--5555,7/14/2020,9:14 AM,RIVERSIDE DR SB btwn SAN REMO PRIV & TERMINAL AVE (__3ZA253),__3ZA253,01 - Non intersection,03 - P.D. only,04 - Sideswipe,01 - Clear,01 - Daylight,01 - Dry,10 - No control,,2,0,0,0,,0,,,,,370657.0124,5030572.311,45.41198802,-75.65861206,5288
20--5734,7/22/2020,3:00 PM,WOODROFFE AVE @ FIRESTATION (0008642),8642,02 - Intersection related,02 - Non-fatal injury,03 - Rear end,01 - Clear,01 - Daylight,01 - Dry,13 - MPS,01 - Functioning,2,0,0,0,01 - Minimal,1,1,,,,362495.5203,5023913.197,45.35279061,-75.76365211,5289
20--5910,7/29/2020,4:15 PM,CROSSKEYS PL/HELENE CAMPBELL RD @ STRANDHERD DR (0015337),15337,02 - Intersection related,03 - P.D. only,03 - Rear end,02 - Rain,01 - Daylight,02 - Wet,01 - Traffic signal,01 - Functioning,2,0,0,0,,0,,,,,360982.3112,5014901.733,45.27182808,-75.78398493,5290
20--6180,8/9/2020,11:17 PM,OGILVIE RD btwn CADBORO RD & BATHGATE DR (__3ZA2DN),__3ZA2DN,01 - Non intersection,03 - P.D. only,03 - Rear end,01 - Clear,07 - Dark,01 - Dry,10 - No control,,2,0,0,0,,0,,,,,373811.5989,5032790.555,45.43164268,-75.61800308,5291
20--5556,7/15/2020,10:20 AM,CARP RD @ STITTSVILLE MAIN ST (0005253),5253,02 - Intersection related,02 - Non-fatal injury,03 - Rear end,01 - Clear,01 - Daylight,01 - Dry,01 - Traffic signal,01 - Functioning,2,0,0,0,01 - Minimal,1,1,,,,349524.7859,5014330.19,45.26750718,-75.93004857,5292
20--6095,8/5/2020,8:31 PM,CRESTHAVEN DR @ STRANDHERD DR (0010929),10929,03 - At intersection,02 - Non-fatal injury,02 - Angle,01 - Clear,07 - Dark,01 - Dry,01 - Traffic signal,01 - Functioning,2,1,0,0,02 - Minor,1,,1,,,366813.9085,5015028.064,45.27247472,-75.70965517,5293
20--5735,7/22/2020,3:25 PM,BERRIGAN DR @ LONGFIELDS DR (0010453),10453,03 - At intersection,02 - Non-fatal injury,03 - Rear end,02 - Rain,01 - Daylight,02 - Wet,11 - Roundabout,00 - Unknown,2,0,0,0,01 - Minimal,1,1,,,,364305.2329,5015646.352,45.27825483,-75.74155035,5294
20--6005,8/1/2020,9:00 PM,PRINCE OF WALES DR btwn JOCKVALE RD & MAPLEHILL WAY (__3ZA29X),__3ZA29X,01 - Non intersection,03 - P.D. only,07 - SMV other,01 - Clear,07 - Dark,01 - Dry,10 - No control,,1,0,0,0,,0,,,,,366732.0708,5012372.744,45.24858947,-75.71102905,5295
20--5819,7/25/2020,1:18 PM,MERIVALE RD btwn FAMILY BROWN LANE & BASIL MACDONALD WAY (__4BBET2),__4BBET2,01 - Non intersection,03 - P.D. only,03 - Rear end,01 - Clear,01 - Daylight,01 - Dry,10 - No control,,2,0,0,0,,0,,,,,365064.893,5023246.042,45.34657154,-75.73094431,5296
20--5460,7/10/2020,12:30 PM,HUNT CLUB RD btwn MOUNTAIN CRES & TURN LANE (__3ZA3HU),__3ZA3HU,01 - Non intersection,03 - P.D. only,04 - Sideswipe,01 - Clear,01 - Daylight,01 - Dry,10 - No control,,2,0,0,0,,0,,,,,371533.2864,5024020.176,45.35295136,-75.64830374,5297
20--6181,8/9/2020,11:55 AM,BRIDGESTONE DR @ EAGLESON RD (0010095),10095,02 - Intersection related,02 - Non-fatal injury,07 - SMV other,02 - Rain,01 - Daylight,02 - Wet,02 - Stop sign,01 - Functioning,1,0,0,0,02 - Minor,1,,1,,,354872.693,5015403.907,45.27680833,-75.86179312,5298
20--5557,7/15/2020,10:30 AM,BANK ST @ SOUTHKEYS SC (0009010),9010,03 - At intersection,03 - P.D. only,05 - Turning movement,01 - Clear,01 - Daylight,01 - Dry,01 - Traffic signal,01 - Functioning,2,0,0,0,,0,,,,,371083.7236,5024521.515,45.35750488,-75.65397352,5299
20--6096,8/5/2020,9:31 PM,BRIAN COBURN BLVD @ PORTOBELLO BLVD (0013015),13015,03 - At intersection,02 - Non-fatal injury,07 - SMV other,01 - Clear,07 - Dark,01 - Dry,11 - Roundabout,01 - Functioning,1,0,0,1,02 - Minor,1,,1,,,385751.3506,5035489.414,45.45464436,-75.46498733,5300
20--5911,7/29/2020,5:00 PM,MAIN ST @ RIVERDALE AVE (0007229),7229,02 - Intersection related,03 - P.D. only,03 - Rear end,01 - Clear,01 - Daylight,01 - Dry,01 - Traffic signal,01 - Functioning,2,0,0,0,,0,,,,,369431.7483,5029532.487,45.40274628,-75.67440068,5301
20--6006,8/1/2020,9:36 PM,MEADOWLANDS DR/TALLWOOD DR @ WOODROFFE AVE (0000095),95,02 - Intersection related,03 - P.D. only,04 - Sideswipe,01 - Clear,07 - Dark,01 - Dry,01 - Traffic signal,01 - Functioning,2,0,0,0,,0,,,,,363056.688,5022730.496,45.34210237,-75.75663004,5302
20--5736,7/22/2020,3:27 AM,CYRVILLE RD @ LABRIE AVE (0012383),12383,03 - At intersection,02 - Non-fatal injury,05 - Turning movement,01 - Clear,07 - Dark,01 - Dry,02 - Stop sign,01 - Functioning,2,0,0,0,01 - Minimal,1,1,,,,373401.7274,5031681.553,45.42170476,-75.62339526,5303
20--582,1/14/2020,4:20 PM,EAGLESON RD @ FLEWELLYN RD (0000121),121,02 - Intersection related,02 - Non-fatal injury,03 - Rear end,04 - Freezing Rain,05 - Dusk,02 - Wet,02 - Stop sign,01 - Functioning,2,0,0,0,01 - Minimal,1,1,,,,355333.6306,5014247.435,45.26636916,-75.85603626,5304
20--6097,8/6/2020,1:11 PM,CARLING AVE @ KIRKWOOD AVE N (0002358),2358,02 - Intersection related,03 - P.D. only,03 - Rear end,01 - Clear,01 - Daylight,01 - Dry,01 - Traffic signal,01 - Functioning,2,0,0,0,,0,,,,,364275.6152,5027493.478,45.38485673,-75.74050432,5305
20--5912,7/29/2020,5:28 PM,RIDGEWOOD AVE @ RIVERSIDE DR (0007180),7180,02 - Intersection related,02 - Non-fatal injury,03 - Rear end,02 - Rain,01 - Daylight,02 - Wet,01 - Traffic signal,01 - Functioning,2,0,0,0,02 - Minor,1,,1,,,368280.6951,5025609.533,45.36755399,-75.68960714,5306
20--6007,8/2/2020,11:54 PM,KILBORN AVE @ KILBORN PL/LAMIRA ST (0001586),1586,03 - At intersection,03 - P.D. only,07 - SMV other,01 - Clear,07 - Dark,01 - Dry,11 - Roundabout,01 - Functioning,1,0,0,0,,0,,,,,369744.7307,5027678.516,45.38603592,-75.67064714,5307
20--5461,7/10/2020,12:45 PM,PALTON AVE btwn KETTLEWELL WAY & WOLISTON CRES (__4OELO2),__4OELO2,01 - Non intersection,03 - P.D. only,06 - SMV unattended vehicle,01 - Clear,01 - Daylight,01 - Dry,10 - No control,,1,0,0,0,,0,,,,,348929.7679,5023923.269,45.35386617,-75.9367765,5308
20--5558,7/15/2020,10:30 AM,RIVERSIDE DR @ HERON RD (0002236),2236,03 - At intersection,03 - P.D. only,05 - Turning movement,01 - Clear,01 - Daylight,01 - Dry,01 - Traffic signal,01 - Functioning,2,0,0,0,,0,,,,,368121.0895,5026647.232,45.37690537,-75.69151143,5309
20--6182,8/9/2020,12:10 PM,PRINCE OF WALES DR @ FALLOWFIELD RD (0000566),566,02 - Intersection related,03 - P.D. only,07 - SMV other,02 - Rain,01 - Daylight,02 - Wet,01 - Traffic signal,01 - Functioning,1,0,0,0,,0,,,,,367399.7119,5019166.471,45.30965975,-75.70166778,5310
20--5737,7/22/2020,3:30 PM,HERON RD @ BRIAR HILL DR/SANDALWOOD DR (0007190),7190,02 - Intersection related,03 - P.D. only,04 - Sideswipe,02 - Rain,01 - Daylight,02 - Wet,01 - Traffic signal,01 - Functioning,2,0,0,0,,0,,,,,371452.7226,5027012.54,45.37988327,-75.64892817,5311
20--6098,8/6/2020,1:11 PM,CHAMPLAIN BRIDGE/ISLAND PARK DR @ BATE ISLAND (0010849),10849,02 - Intersection related,03 - P.D. only,07 - SMV other,01 - Clear,01 - Daylight,01 - Dry,02 - Stop sign,00 - Unknown,1,0,0,0,,0,,,,,362967.0355,5030056.352,45.40802695,-75.75691108,5312
20--6008,8/2/2020,Unknown,GLEN MEADOWS CIRC btwn Continuation of GLEN MEADOWS CIRC & SAWYER WAY (__3ZAZLM),__3ZAZLM,01 - Non intersection,03 - P.D. only,06 - SMV unattended vehicle,01 - Clear,00 - Unknown,01 - Dry,10 - No control,,1,0,0,0,,0,,,,,356465.9734,5016031.067,45.28233636,-75.84142184,5313
20--5559,7/15/2020,11:25 AM,HIGHWAY 417 btwn HWY417 IC145 RAMP55 & HWY417 IC144 RAMP51 (__3ZA2Q4),__3ZA2Q4,01 - Non intersection,02 - Non-fatal injury,03 - Rear end,01 - Clear,01 - Daylight,01 - Dry,10 - No control,,2,0,0,0,02 - Minor,2,1,1,,,346848.3612,5015306.161,45.27645447,-75.96407146,5314
20--5462,7/10/2020,2:16 PM,RAMSAYVILLE RD @ RIDGE RD (0009270),9270,02 - Intersection related,03 - P.D. only,07 - SMV other,01 - Clear,01 - Daylight,01 - Dry,02 - Stop sign,01 - Functioning,1,0,0,0,,0,,,,,376683.7439,5028863.549,45.39602046,-75.58187328,5315
20--5913,7/29/2020,5:29 PM,FERNBANK RD btwn Continuation of FERNBANK RD & Continuation of FERNBAN (__5HM7VM),__5HM7VM,01 - Non intersection,02 - Non-fatal injury,04 - Sideswipe,01 - Clear,01 - Daylight,01 - Dry,10 - No control,,2,1,0,0,01 - Minimal,1,1,,,,354452.2763,5015265.741,45.2755949,-75.86716508,5316
20--5738,7/22/2020,3:59 PM,ROGER STEVENS DR btwn JAMES CRAIG ST & TRAILWOOD DR (__3ZA390),__3ZA390,01 - Non intersection,03 - P.D. only,99 - Other,01 - Clear,01 - Daylight,01 - Dry,10 - No control,,2,0,0,0,,0,,,,,367384.8195,4999908.264,45.1363757,-75.70427882,5317
20--6099,8/6/2020,1:15 PM,RIVERSIDE DR NB btwn INDUSTRIAL AVE & TREMBLAY RD (__3ZA4SE),__3ZA4SE,01 - Non intersection,02 - Non-fatal injury,03 - Rear end,01 - Clear,01 - Daylight,01 - Dry,10 - No control,,4,0,0,0,01 - Minimal,1,1,,,,370794.3077,5030939.321,45.41527729,-75.65680903,5318
20--6183,8/9/2020,2:45 PM,PRINCE OF WALES DR @ STRANDHERD DR (0013339),13339,02 - Intersection related,03 - P.D. only,02 - Angle,01 - Clear,01 - Daylight,02 - Wet,01 - Traffic signal,01 - Functioning,2,0,0,0,,0,,,,,367175.2911,5014824.187,45.27060828,-75.70507553,5319
20--6009,8/2/2020,12:27 AM,PARKDALE AVE btwn SCOTT ST & BULLMAN ST (__3ZA31Q),__3ZA31Q,01 - Non intersection,03 - P.D. only,06 - SMV unattended vehicle,01 - Clear,07 - Dark,01 - Dry,10 - No control,,1,0,0,0,,0,,,,,364954.8958,5029714.54,45.40478337,-75.73155996,5320
20--556,1/13/2020,8:30 AM,CRAIG HENRY DR btwn ALDRIDGE WAY & JACK AARON DR (__3ZAAYZ),__3ZAAYZ,01 - Non intersection,03 - P.D. only,03 - Rear end,03 - Snow,01 - Daylight,02 - Wet,10 - No control,,2,0,0,0,,0,,,,,362016.2412,5021793.049,45.33375289,-75.7700137,5321
20--5463,7/10/2020,2:29 PM,CARLING AVE @ WOODROFFE AVE W (0011470),11470,02 - Intersection related,03 - P.D. only,04 - Sideswipe,01 - Clear,01 - Daylight,01 - Dry,01 - Traffic signal,01 - Functioning,2,0,0,0,,0,,,,,361767.6834,5025725.516,45.36915723,-75.77273158,5322
20--5914,7/29/2020,5:30 PM,HIGHWAY 417 btwn HWY417 IC124 RAMP65 & HWY417 IC122 RAMP51 (__3ZA2R8),__3ZA2R8,01 - Non intersection,03 - P.D. only,04 - Sideswipe,00 - Unknown,01 - Daylight,01 - Dry,10 - No control,,2,0,0,0,,0,,,,,365163.668,5028717.251,45.39579202,-75.72901533,5323
20--5739,7/22/2020,4:00 PM,STITTSVILLE MAIN ST @ ORVILLE ST (0000085),85,03 - At intersection,02 - Non-fatal injury,07 - SMV other,01 - Clear,01 - Daylight,01 - Dry,02 - Stop sign,01 - Functioning,1,0,0,1,02 - Minor,1,,1,,,350312.5919,5013247.426,45.25771356,-75.92010886,5324
20--5820,7/25/2020,1:41 PM,CUMBERLAND ST @ ST. PATRICK ST (0008238),8238,03 - At intersection,03 - P.D. only,02 - Angle,01 - Clear,01 - Daylight,01 - Dry,01 - Traffic signal,01 - Functioning,2,0,0,0,,0,,,,,368128.548,5032748.756,45.43180431,-75.69063259,5325
20--61,1/3/2020,1:00 AM,LUMBERMAN WAY @ ORLEANS BLVD (0004359),4359,03 - At intersection,03 - P.D. only,07 - SMV other,02 - Rain,07 - Dark,02 - Wet,02 - Stop sign,01 - Functioning,1,0,0,0,,0,,,,,380451.7189,5037241.612,45.47100309,-75.53246667,5326
20--5560,7/15/2020,12:30 PM,HIGHWAY 417 btwn HWY417 IC122 RAMP15 & HWY417 IC121B RAMP51 (__3ZA2RB),__3ZA2RB,01 - Non intersection,03 - P.D. only,03 - Rear end,01 - Clear,01 - Daylight,01 - Dry,10 - No control,,4,0,0,0,,0,,,,,365762.7594,5029159.261,45.39971721,-75.72130961,5327
20--6184,8/9/2020,3:30 PM,LEMIEUX ST @ ST. LAURENT BLVD (0002021),2021,03 - At intersection,02 - Non-fatal injury,03 - Rear end,01 - Clear,01 - Daylight,01 - Dry,01 - Traffic signal,01 - Functioning,2,0,0,0,01 - Minimal,1,1,,,,372391.7242,5031742.564,45.42235202,-75.6362914,5328
20--5561,7/15/2020,12:44 PM,HIGHWAY 417 btwn HWY417 IC122 RAMP15 & HWY417 IC121B RAMP51 (__3ZA2RB),__3ZA2RB,01 - Non intersection,03 - P.D. only,03 - Rear end,01 - Clear,01 - Daylight,01 - Dry,10 - No control,,3,0,0,0,,0,,,,,365678.8501,5029105.27,45.39923872,-75.72238797,5329
20--601,1/14/2020,8:26 AM,SCOTT ST @ WINONA AVE (0005131),5131,02 - Intersection related,03 - P.D. only,02 - Angle,01 - Clear,01 - Daylight,05 - Packed snow,02 - Stop sign,01 - Functioning,2,0,0,0,,0,,,,,363163.6884,5028629.547,45.39517243,-75.75456789,5330
20--5915,7/29/2020,5:37 PM,JEANNE D'ARC BLVD @ OR174 IC105 RAMP53 (0004156),4156,02 - Intersection related,03 - P.D. only,03 - Rear end,01 - Clear,01 - Daylight,01 - Dry,03 - Yield sign,01 - Functioning,2,0,0,0,,0,,,,,379543.7353,5036795.587,45.46708787,-75.54414535,5331
20--610,1/15/2020,1:20 PM,RUSSELL RD btwn MILTON RD & SAND RD (__3ZA3XZ),__3ZA3XZ,01 - Non intersection,03 - P.D. only,99 - Other,01 - Clear,01 - Daylight,01 - Dry,10 - No control,,2,0,0,0,,0,,,,,391105.8189,5025919.741,45.36790611,-75.39821503,5332
20--5464,7/10/2020,2:40 PM,BASELINE RD @ NAVAHO DR (0003158),3158,02 - Intersection related,03 - P.D. only,03 - Rear end,01 - Clear,01 - Daylight,01 - Dry,01 - Traffic signal,01 - Functioning,2,0,0,0,,0,,,,,363085.6841,5024097.498,45.35440013,-75.75609896,5333
20--574,1/14/2020,2:20 PM,AUGUSTA ST @ RIDEAU ST (0011916),11916,02 - Intersection related,03 - P.D. only,05 - Turning movement,01 - Clear,01 - Daylight,04 - Slush,01 - Traffic signal,01 - Functioning,2,0,0,0,,0,,,,,369012.8146,5032717.261,45.43144029,-75.67933653,5334
20--5821,7/25/2020,1:42 PM,KING EDWARD AVE btwn LAURIER AVE E & THOMAS MORE PRIV (__3ZA3UU),__3ZA3UU,01 - Non intersection,03 - P.D. only,03 - Rear end,01 - Clear,01 - Daylight,01 - Dry,10 - No control,,3,0,0,0,,0,,,,,368739.8955,5032034.278,45.42532007,-75.68291286,5335
20--5740,7/22/2020,4:07 PM,SMYTH RD btwn OTHELLO AVE & ST. LAURENT BLVD (__3ZA3R5),__3ZA3R5,01 - Non intersection,02 - Non-fatal injury,03 - Rear end,02 - Rain,01 - Daylight,02 - Wet,10 - No control,,2,0,0,0,02 - Minor,1,,1,,,373276.442,5029378.025,45.40099099,-75.62531599,5336
20--6185,8/9/2020,4:44 PM,GREENBANK RD @ MARKETPLACE AVE (0010406),10406,02 - Intersection related,03 - P.D. only,03 - Rear end,01 - Clear,01 - Daylight,01 - Dry,01 - Traffic signal,01 - Functioning,2,0,0,0,,0,,,,,364008.3606,5014602.182,45.26888444,-75.74545845,5337
20--6100,8/6/2020,1:40 PM,HUNT CLUB RD @ RIVERSIDE DR (0002237),2237,02 - Intersection related,03 - P.D. only,03 - Rear end,01 - Clear,01 - Daylight,01 - Dry,01 - Traffic signal,01 - Functioning,2,0,0,0,,0,,,,,368036.6956,5021945.508,45.33460797,-75.69319029,5338
20--5916,7/29/2020,6:45 AM,HIGHWAY 417 btwn HWY417 IC115 RAMP25 & REGIONAL ROAD 174 (__3ZA2RY),__3ZA2RY,01 - Non intersection,03 - P.D. only,07 - SMV other,02 - Rain,01 - Daylight,02 - Wet,10 - No control,,1,0,0,0,,0,,,,,373280.1732,5031703.411,45.42191334,-75.62494528,5339
20--6010,8/2/2020,12:53 PM,ISLAND PARK DR btwn CLEARVIEW AVE & OTTAWA RIVER PKWY (__3ZA23A),__3ZA23A,01 - Non intersection,03 - P.D. only,03 - Rear end,02 - Rain,01 - Daylight,02 - Wet,10 - No control,,3,0,0,0,,0,,,,,363432.8303,5029405.509,45.40213191,-75.75103841,5340
20--5562,7/15/2020,2:55 PM,PRINCE OF WALES DR @ WEST HUNT CLUB RD (0000567),567,02 - Intersection related,03 - P.D. only,03 - Rear end,01 - Clear,01 - Daylight,01 - Dry,01 - Traffic signal,01 - Functioning,2,0,0,0,,0,,,,,367458.696,5021891.519,45.33417403,-75.70057085,5341
20--6011,8/2/2020,2:00 PM,BRANT ST @ MCARTHUR AVE (0004649),4649,02 - Intersection related,03 - P.D. only,03 - Rear end,02 - Rain,01 - Daylight,02 - Wet,01 - Traffic signal,01 - Functioning,2,0,0,0,,0,,,,,371262.7196,5032805.579,45.43202474,-75.65057312,5342
20--5741,7/22/2020,4:41 PM,ORLEANS BLVD @ LONGLEAF DR N/SILVERBIRCH ST (0003694),3694,03 - At intersection,02 - Non-fatal injury,02 - Angle,01 - Clear,01 - Daylight,01 - Dry,02 - Stop sign,01 - Functioning,2,0,0,0,02 - Minor,2,,2,,,380738.1279,5034033.826,45.44211088,-75.52929957,5343
20--6186,8/9/2020,6:18 PM,FALLOWFIELD RD @ LARKIN DR (0000555),555,02 - Intersection related,02 - Non-fatal injury,03 - Rear end,01 - Clear,01 - Daylight,01 - Dry,01 - Traffic signal,01 - Functioning,2,0,0,0,01 - Minimal,1,1,,,,361721.6717,5015913.426,45.2808719,-75.7744469,5344
20--6101,8/6/2020,10:08 PM,JOCKVALE RD/RIDEAU VALLEY DR @ PRINCE OF WALES (0004638),4638,03 - At intersection,02 - Non-fatal injury,05 - Turning movement,01 - Clear,07 - Dark,01 - Dry,01 - Traffic signal,01 - Functioning,3,0,0,0,02 - Minor,2,,2,,,366709.6911,5012195.395,45.24699565,-75.71133621,5345
20--6012,8/2/2020,2:11 AM,BATHGATE DR btwn MONTREAL RD & GULF PL (__3ZA7Y9),__3ZA7Y9,01 - Non intersection,03 - P.D. only,07 - SMV other,01 - Clear,07 - Dark,01 - Dry,10 - No control,,1,0,0,0,,0,,,,,373233.401,5034430.7,45.44645667,-75.62516379,5346
20--5563,7/15/2020,3:27 PM,HERON RD WB btwn BRONSON AVE RAMP 26 & BRONSON AVE RAMP 62 (__5FD69N),__5FD69N,01 - Non intersection,02 - Non-fatal injury,03 - Rear end,01 - Clear,01 - Daylight,01 - Dry,10 - No control,,2,0,0,0,02 - Minor,2,1,1,,,368754.4943,5026718.985,45.37749346,-75.68341559,5347
20--5917,7/29/2020,6:45 AM,HIGHWAY 417 btwn HWY417 IC117 RAMP51 & HWY417 IC117 RAMP35 (__3ZA2YN),__3ZA2YN,01 - Non intersection,03 - P.D. only,07 - SMV other,02 - Rain,01 - Daylight,02 - Wet,10 - No control,,1,0,0,0,,0,,,,,370869.9447,5031215.937,45.41775903,-75.65580565,5348
20--5822,7/25/2020,1:58 AM,HIGHWAY 417 btwn HWY417 IC121A RAMP51 & HWY417 IC120A RAMP52 (__3ZA2R6),__3ZA2R6,01 - Non intersection,03 - P.D. only,07 - SMV other,01 - Clear,07 - Dark,01 - Dry,10 - No control,,1,0,0,0,,0,,,,,367216.8743,5029714.554,45.40458546,-75.7026674,5349
20--5465,7/10/2020,2:50 PM,TENTH LINE RD @ CHARLEMAGNE BLVD S/DES EPINETT (0003686),3686,02 - Intersection related,03 - P.D. only,03 - Rear end,01 - Clear,01 - Daylight,01 - Dry,01 - Traffic signal,01 - Functioning,2,0,0,0,,0,,,,,383640.9751,5036900.456,45.46758093,-75.49173924,5350
20--5918,7/29/2020,7:00 PM,ST. LUCIA PL btwn VORLAGE DR & END (__3ZA68E),__3ZA68E,04 - At/near private drive,03 - P.D. only,06 - SMV unattended vehicle,01 - Clear,01 - Daylight,01 - Dry,10 - No control,,1,0,0,0,,0,,,,,379472.885,5037653.357,45.474813,-75.54492094,5351
20--6102,8/6/2020,10:26 AM,EAGLESON RD btwn HAZELDEAN RD & 146 N OF ABBEYHILL DR/HAZELDEAN MALL S (__3ZA41OA),__3ZA41OA,01 - Non intersection,03 - P.D. only,03 - Rear end,01 - Clear,01 - Daylight,01 - Dry,10 - No control,,2,0,0,0,,0,,,,,353727.8337,5018287.18,45.3028333,-75.87609979,5352
20--6187,8/9/2020,6:31 PM,FISHER AVE @ NORMANDY CRES S (0005079),5079,03 - At intersection,03 - P.D. only,02 - Angle,02 - Rain,01 - Daylight,02 - Wet,02 - Stop sign,01 - Functioning,2,0,0,0,,0,,,,,366868.7083,5024340.521,45.35626215,-75.70779015,5353
20--5823,7/25/2020,10:21 PM,DONNELLY DR btwn REDDICK LANE & HARNETT RD (__3ZAZAY),__3ZAZAY,01 - Non intersection,03 - P.D. only,07 - SMV other,01 - Clear,07 - Dark,01 - Dry,10 - No control,,1,0,0,0,,0,,,,,363744.0881,4985991.504,45.01146109,-75.75219907,5354
20--6013,8/2/2020,2:30 AM,BANK ST @ HERON RD (0002155),2155,03 - At intersection,03 - P.D. only,02 - Angle,02 - Rain,07 - Dark,02 - Wet,01 - Traffic signal,01 - Functioning,2,0,0,0,,0,,,,,369995.7364,5026849.959,45.37855752,-75.66755153,5355
20--5564,7/15/2020,3:33 PM,BARNSDALE RD N @ MOODIE DR (0000636),636,02 - Intersection related,02 - Non-fatal injury,07 - SMV other,01 - Clear,01 - Daylight,01 - Dry,02 - Stop sign,01 - Functioning,1,0,0,0,01 - Minimal,1,1,,,,361933.658,5008863.373,45.21741759,-75.77255528,5356
20--5466,7/10/2020,2:50 PM,HIGHWAY 417 btwn HWY417 IC122 RAMP15 & HWY417 IC121B RAMP51 (__3ZA2RB),__3ZA2RB,01 - Non intersection,03 - P.D. only,03 - Rear end,01 - Clear,01 - Daylight,01 - Dry,10 - No control,,2,0,0,0,,0,,,,,366390.3873,5029454.756,45.40232107,-75.71325664,5357
20--5742,7/22/2020,5:16 PM,WHITE ALDER AVE btwn WIDGEON WAY & FLAT SEDGE CRES (__67PTM6),__67PTM6,04 - At/near private drive,03 - P.D. only,06 - SMV unattended vehicle,01 - Clear,01 - Daylight,01 - Dry,10 - No control,,1,0,0,0,,0,,,,,375200.2845,5020639.353,45.32217357,-75.6019896,5358