Anom_ID,Accident_Date,Accident_Time,Location,Geo_ID,Accident_Location,Classification_of_Accident,Initial_Impact_Type,Environment_Condition,Light,Road_Surface_Condition,Traffic_Control,Traffic_Control_Condition,No__of_Vehicles,No__of_Bicycles,No__of_Motorcycles,No__of_Pedestrians,Max_Injury,No__of_Injuries,No__of_Minimal,No__of_Minor,No__of_Major,No__of_Fatal,X,Y,Latitude,Longitude,ObjectId
20--6014,8/2/2020,4:40 PM,PRINCE OF WALES DR btwn LODGE RD & STRANDHERD DR (__441HNW),__441HNW,01 - Non intersection,03 - P.D. only,99 - Other,02 - Rain,01 - Daylight,02 - Wet,10 - No control,,2,0,0,0,,0,,,,,367111.9894,5014696.84,45.26946804,-75.70589816,5359
20--5565,7/15/2020,3:40 PM,HIGHWAY 417 btwn HWY417 IC122 RAMP51 & HWY417 IC122 RAMP15 (__3ZA2R0),__3ZA2R0,01 - Non intersection,03 - P.D. only,03 - Rear end,01 - Clear,01 - Daylight,01 - Dry,10 - No control,,2,0,0,0,,0,,,,,365555.0313,5029025.079,45.39852793,-75.72397925,5360
20--5467,7/10/2020,2:57 PM,KING EDWARD AVE @ MURRAY ST (0002713),2713,02 - Intersection related,03 - P.D. only,03 - Rear end,01 - Clear,01 - Daylight,01 - Dry,01 - Traffic signal,01 - Functioning,2,0,0,0,,0,,,,,368291.6951,5032753.576,45.43183288,-75.68854709,5361
20--6103,8/6/2020,12:37 PM,GREENBANK RD @ MARKETPLACE AVE (0010406),10406,03 - At intersection,03 - P.D. only,05 - Turning movement,01 - Clear,01 - Daylight,01 - Dry,01 - Traffic signal,01 - Functioning,2,0,0,0,,0,,,,,364008.3585,5014602.188,45.2688845,-75.74545848,5362
20--6188,8/9/2020,8:00 PM,MERIVALE RD @ WEST HUNT CLUB RD (0000584),584,03 - At intersection,03 - P.D. only,02 - Angle,01 - Clear,05 - Dusk,02 - Wet,01 - Traffic signal,01 - Functioning,2,0,0,0,,0,,,,,365612.6984,5021942.512,45.33479527,-75.72411449,5363
20--5919,7/29/2020,7:18 PM,WHITEWATER ST @ WOODROFFE AVE (0010405),10405,02 - Intersection related,03 - P.D. only,03 - Rear end,02 - Rain,01 - Daylight,02 - Wet,02 - Stop sign,00 - Unknown,2,0,0,0,,0,,,,,366460.5363,5014526.138,45.26798949,-75.71422067,5364
20--5743,7/22/2020,5:20 AM,WOODKILTON RD btwn RIVERWOOD DR & GALETTA SIDE RD (__3ZACDR),__3ZACDR,01 - Non intersection,03 - P.D. only,07 - SMV other,01 - Clear,03 - Dawn,01 - Dry,10 - No control,,1,0,0,0,,0,,,,,331042.238,5041208.058,45.51029899,-76.16414661,5365
20--6015,8/2/2020,6:07 PM,HALTON TERR/MAXWELL BRIDGE RD @ MARCH RD (0011852),11852,03 - At intersection,03 - P.D. only,02 - Angle,02 - Rain,01 - Daylight,02 - Wet,01 - Traffic signal,01 - Functioning,2,1,0,0,,0,,,,,348932.5979,5024422.511,45.35835828,-75.93669581,5366
20--5824,7/25/2020,10:46 PM,CONROY RD @ ROSEBELLA AVE (0009358),9358,02 - Intersection related,03 - P.D. only,07 - SMV other,01 - Clear,07 - Dark,01 - Dry,02 - Stop sign,00 - Unknown,1,0,0,0,,0,,,,,374288.7537,5024190.508,45.3542163,-75.61311678,5367
20--592,1/14/2020,6:28 AM,REGIONAL ROAD 174 btwn OR174 IC105 RAMP26 & OR174 IC105 RAMP63 (__3ZA2XB),__3ZA2XB,01 - Non intersection,03 - P.D. only,03 - Rear end,01 - Clear,07 - Dark,02 - Wet,10 - No control,,2,0,0,0,,0,,,,,379523.0733,5037101.614,45.46984347,-75.54436302,5368
20--5744,7/22/2020,6:58 AM,BASELINE RD btwn FERGUSON ST & CORDOVA ST (__3ZA4HA),__3ZA4HA,01 - Non intersection,03 - P.D. only,03 - Rear end,01 - Clear,01 - Daylight,01 - Dry,10 - No control,,4,0,0,0,,0,,,,,363466.9484,5024331.647,45.35647518,-75.75120551,5369
20--6016,8/2/2020,6:27 PM,JAMIE AVE @ SUNDERLAND ST (0004576),4576,03 - At intersection,03 - P.D. only,02 - Angle,02 - Rain,01 - Daylight,02 - Wet,02 - Stop sign,01 - Functioning,2,0,0,0,,0,,,,,366064.7078,5022022.499,45.33547567,-75.71833811,5370
20--6104,8/6/2020,2:00 PM,SAGE CRES btwn BURNETT'S GROVE CIRC & BURNETT'S GROVE CIRC (__3ZAA9V),__3ZAA9V,04 - At/near private drive,03 - P.D. only,06 - SMV unattended vehicle,01 - Clear,01 - Daylight,01 - Dry,10 - No control,,1,0,0,0,,0,,,,,363231.8178,5015658.387,45.27845315,-75.75522944,5371
20--6189,8/9/2020,8:05 PM,HWY417 IC134 RAMP51 btwn HIGHWAY 417 & HWY417 IC134 RAMP53 (__3ZAYBU),__3ZAYBU,01 - Non intersection,03 - P.D. only,04 - Sideswipe,01 - Clear,05 - Dusk,01 - Dry,10 - No control,,2,0,0,0,,0,,,,,356348.753,5022027.852,45.3363049,-75.84229214,5372
20--5566,7/15/2020,3:45 PM,BANK ST @ HUNT CLUB RD (0002119),2119,02 - Intersection related,03 - P.D. only,03 - Rear end,01 - Clear,01 - Daylight,01 - Dry,01 - Traffic signal,01 - Functioning,2,0,0,0,,0,,,,,371608.737,5024096.513,45.35363103,-75.64733058,5373
20--619,1/15/2020,12:58 PM,WEST HUNT CLUB RD WB btwn 545 E OF ROYDON PL/SUNDERLAND ST & ANTARES D (__3ZA3JSB),__3ZA3JSB,01 - Non intersection,02 - Non-fatal injury,07 - SMV other,01 - Clear,01 - Daylight,02 - Wet,10 - No control,,1,0,0,0,03 - Major,1,,,1,,366866.4091,5022471.183,45.33944239,-75.70805409,5374
20--5567,7/15/2020,3:59 PM,HUNT CLUB RD btwn NORTH BOWESVILLE RD & BILLY BISHOP PRIV (__5G43Y1),__5G43Y1,01 - Non intersection,03 - P.D. only,03 - Rear end,01 - Clear,01 - Daylight,01 - Dry,10 - No control,,2,0,0,0,,0,,,,,368960.2637,5022490.308,45.33942611,-75.68133745,5375
20--5468,7/10/2020,4:30 AM,WOODKILTON RD btwn VANCES SIDE RD & THOMAS A. DOLAN PKWY (__3ZA2O1),__3ZA2O1,01 - Non intersection,03 - P.D. only,07 - SMV other,01 - Clear,07 - Dark,01 - Dry,10 - No control,,1,0,0,0,,0,,,,,339789.8608,5032039.949,45.42741841,-76.05284857,5376
20--6105,8/6/2020,2:30 PM,RAINSFORD AVE btwn CLARKE AVE & BURN ST (__3ZA7R9),__3ZA7R9,04 - At/near private drive,03 - P.D. only,02 - Angle,01 - Clear,01 - Daylight,01 - Dry,10 - No control,,2,0,0,0,,0,,,,,372314.565,5033521.926,45.43836932,-75.63703329,5377
20--5825,7/25/2020,11:55 AM,HUNT CLUB RD @ RIVERSIDE DR (0002237),2237,02 - Intersection related,02 - Non-fatal injury,07 - SMV other,01 - Clear,01 - Daylight,01 - Dry,01 - Traffic signal,01 - Functioning,1,0,1,0,02 - Minor,1,,1,,,368036.7029,5021945.503,45.33460792,-75.6931902,5378
20--5745,7/22/2020,7:50 AM,BALMORAL DR @ LIMEBANK RD (0008668),8668,02 - Intersection related,03 - P.D. only,03 - Rear end,01 - Clear,01 - Daylight,01 - Dry,02 - Stop sign,01 - Functioning,2,0,0,0,,0,,,,,368566.727,5019860.486,45.31579938,-75.68669704,5379
20--6017,8/2/2020,8:55 PM,BEECHFERN DR btwn OAKFERN CRES & CARBERY DR (__3ZA5IS),__3ZA5IS,01 - Non intersection,03 - P.D. only,06 - SMV unattended vehicle,01 - Clear,07 - Dark,02 - Wet,10 - No control,,1,0,0,0,,0,,,,,350464.8586,5013862.547,45.26323876,-75.91811234,5380
20--5920,7/29/2020,7:21 AM,CARLING AVE/STATION RD @ MARCH RD (0002681),2681,02 - Intersection related,03 - P.D. only,03 - Rear end,01 - Clear,01 - Daylight,02 - Wet,01 - Traffic signal,01 - Functioning,2,0,0,0,,0,,,,,350907.6211,5022246.503,45.33865103,-75.91169099,5381
20--5826,7/25/2020,Unknown,WELLINGTON ST    W btwn SHERBROOKE AVE & PINHEY ST (__3ZA3ZC),__3ZA3ZC,01 - Non intersection,03 - P.D. only,06 - SMV unattended vehicle,01 - Clear,00 - Unknown,01 - Dry,10 - No control,,1,0,0,0,,0,,,,,365431.3039,5029516.516,45.4029605,-75.72549906,5382
20--5746,7/22/2020,7:58 PM,HWY417 IC118 RAMP35 btwn HWY417 IC118 RAMP45 & MANN AVE OVERPASS (__3ZAYAW),__3ZAYAW,01 - Non intersection,03 - P.D. only,07 - SMV other,02 - Rain,01 - Daylight,02 - Wet,10 - No control,,1,0,0,0,,0,,,,,369408.9528,5031120.763,45.41703913,-75.67448367,5383
20--6190,8/9/2020,9:16 PM,HIGHWAY 417 btwn HWY417 IC163 RAMP16 & HWY417 IC163 RAMP61 (__3ZAZNM),__3ZAZNM,01 - Non intersection,03 - P.D. only,07 - SMV other,01 - Clear,07 - Dark,01 - Dry,10 - No control,,1,0,0,0,,0,,,,,331784.7223,5021375.216,45.33180687,-76.15573064,5384
20--5469,7/10/2020,4:42 PM,HOLLAND AVE @ WELLINGTON ST (0002364),2364,02 - Intersection related,03 - P.D. only,04 - Sideswipe,01 - Clear,01 - Daylight,01 - Dry,01 - Traffic signal,01 - Functioning,2,0,0,0,,0,,,,,364929.6976,5029153.556,45.39973793,-75.73195022,5385
20--5568,7/15/2020,4:24 PM,HIGHWAY 417 btwn HWY417 IC126 RAMP25 & HWY417 IC124 RAMP57 (__3ZA2R5),__3ZA2R5,01 - Non intersection,03 - P.D. only,03 - Rear end,01 - Clear,01 - Daylight,01 - Dry,10 - No control,,3,0,0,0,,0,,,,,363670.5425,5026505.42,45.37601744,-75.74834816,5386
20--6106,8/6/2020,2:40 PM,HIGHWAY 417 btwn HWY417 IC122 RAMP15 & HWY417 IC121B RAMP51 (__3ZA2RB),__3ZA2RB,01 - Non intersection,03 - P.D. only,03 - Rear end,01 - Clear,01 - Daylight,01 - Dry,10 - No control,,6,0,0,0,,0,,,,,365776.0615,5029166.829,45.39978415,-75.72113878,5387
20--6018,8/2/2020,9:23 PM,MONTREAL RD @ ST. LAURENT BLVD (0002604),2604,02 - Intersection related,03 - P.D. only,03 - Rear end,01 - Clear,07 - Dark,02 - Wet,01 - Traffic signal,01 - Functioning,2,0,0,0,,0,,,,,371545.7089,5033817.602,45.4411035,-75.64681956,5388
20--5921,7/29/2020,7:25 AM,ST. JOSEPH BLVD @ TAYLOR CREEK DR (0004635),4635,03 - At intersection,03 - P.D. only,05 - Turning movement,01 - Clear,01 - Daylight,01 - Dry,02 - Stop sign,01 - Functioning,2,0,0,0,,0,,,,,384033.938,5039174.361,45.48799493,-75.48634782,5389
20--5747,7/22/2020,8:39 PM,INNES RD btwn PROVENCE AVE & TRIM RD (__3ZA1YR),__3ZA1YR,01 - Non intersection,03 - P.D. only,04 - Sideswipe,02 - Rain,05 - Dusk,02 - Wet,10 - No control,,2,0,0,0,,0,,,,,386553.195,5037267.884,45.47055189,-75.45444121,5390
20--6191,8/10/2020,1:07 PM,BRIDGE ST @ LONG ISLAND RD (0008838),8838,02 - Intersection related,03 - P.D. only,03 - Rear end,01 - Clear,01 - Daylight,01 - Dry,01 - Traffic signal,01 - Functioning,2,0,0,0,,0,,,,,369059.7157,5010345.395,45.23013885,-75.6816414,5391
20--6019,8/2/2020,9:50 PM,ALBERT ST @ BANK ST (0002115),2115,03 - At intersection,02 - Non-fatal injury,02 - Angle,01 - Clear,07 - Dark,02 - Wet,01 - Traffic signal,01 - Functioning,2,0,0,0,02 - Minor,2,,2,,,367385.6983,5031423.563,45.41994753,-75.700294,5392
20--5922,7/29/2020,7:40 PM,RALPH HENNESSY AVE btwn CRESCENDO PRIV/DORNOCH PRIV & EARL ARMSTRONG RD (e___2MQG),e___2MQG,01 - Non intersection,03 - P.D. only,07 - SMV other,02 - Rain,01 - Daylight,02 - Wet,10 - No control,,1,0,0,0,,0,,,,,368870.241,5015245.053,45.27424281,-75.68342258,5393
20--547,1/13/2020,7:20 AM,CEDARVIEW RD @ FALLOWFIELD RD (0001603),1603,02 - Intersection related,03 - P.D. only,03 - Rear end,01 - Clear,03 - Dawn,02 - Wet,01 - Traffic signal,01 - Functioning,3,0,0,0,,0,,,,,361294.6715,5015664.445,45.27866599,-75.77991758,5394
20--5569,7/15/2020,4:59 PM,REGIONAL ROAD 174 EB btwn OR174 IC109 RAMP55 & TRANSIT (__3ZA28V),__3ZA28V,01 - Non intersection,03 - P.D. only,03 - Rear end,01 - Clear,01 - Daylight,01 - Dry,10 - No control,,2,0,0,0,,0,,,,,376494.0697,5035030.373,45.45152531,-75.58339803,5395
20--6107,8/6/2020,2:44 PM,ALBERT ST @ ELGIN ST/MACKENZIE KING BRIDGE (0002226),2226,03 - At intersection,03 - P.D. only,07 - SMV other,01 - Clear,01 - Daylight,01 - Dry,01 - Traffic signal,01 - Functioning,1,0,0,0,,0,,,,,367850.7112,5031711.582,45.42249727,-75.6943159,5396
20--5827,7/25/2020,Unknown,OGILVIE RD btwn RADFORD CRT & KENDER AVE (__3ZA7O8),__3ZA7O8,01 - Non intersection,03 - P.D. only,06 - SMV unattended vehicle,01 - Clear,00 - Unknown,01 - Dry,10 - No control,,1,0,0,0,,0,,,,,375238.4022,5035546.89,45.4563003,-75.59937564,5397
20--6108,8/6/2020,2:46 PM,HIGHWAY 417 btwn HWY417 IC122 RAMP51 & HWY417 IC122 RAMP15 (__3ZA2R0),__3ZA2R0,01 - Non intersection,03 - P.D. only,03 - Rear end,01 - Clear,01 - Daylight,01 - Dry,10 - No control,,4,0,0,0,,0,,,,,365244.2689,5028804.253,45.39656789,-75.7279753,5398
20--5748,7/22/2020,8:44 AM,ROOSEVELT AVE @ RICHMOND RD (0006899),6899,02 - Intersection related,03 - P.D. only,99 - Other,01 - Clear,01 - Daylight,01 - Dry,01 - Traffic signal,01 - Functioning,2,0,0,0,,0,,,,,362978.6846,5028117.553,45.39058098,-75.75699097,5399
20--6192,8/10/2020,1:10 PM,MERIVALE RD @ BASIL MACDONALD WAY/MERIVALE MAL (0010301),10301,02 - Intersection related,03 - P.D. only,03 - Rear end,01 - Clear,01 - Daylight,01 - Dry,01 - Traffic signal,01 - Functioning,3,0,0,0,,0,,,,,365097.2734,5023171.233,45.34589563,-75.73054025,5400
20--557,1/13/2020,8:30 PM,REGIONAL ROAD 174 EB btwn HWY417 IC113 RAMP65 & OR174 BLAIR IC112 RAMP51 (__3ZAZFJ),__3ZAZFJ,01 - Non intersection,03 - P.D. only,99 - Other,01 - Clear,07 - Dark,01 - Dry,10 - No control,,2,0,0,0,,0,,,,,374720.387,5032761.286,45.43128906,-75.60639396,5401
20--602,1/14/2020,8:30 AM,CYR AVE @ MCARTHUR AVE (0009813),9813,03 - At intersection,03 - P.D. only,99 - Other,03 - Snow,01 - Daylight,04 - Slush,02 - Stop sign,01 - Functioning,2,0,0,0,,0,,,,,370354.7201,5032708.589,45.43123777,-75.66218947,5402
20--5828,7/25/2020,Unknown,CHAPEL ST btwn TEMPLETON ST & MANN AVE (__3ZA9VN),__3ZA9VN,01 - Non intersection,03 - P.D. only,06 - SMV unattended vehicle,01 - Clear,00 - Unknown,01 - Dry,10 - No control,,1,0,0,0,,0,,,,,369523.9865,5031598.542,45.42132737,-75.67295126,5403
20--6109,8/6/2020,3:15 PM,HIGHWAY 417 btwn HWY417 IC163 RAMP61 & HWY417 IC155 RAMP36 (__3ZA2QB),__3ZA2QB,01 - Non intersection,03 - P.D. only,07 - SMV other,01 - Clear,01 - Daylight,01 - Dry,10 - No control,,1,0,0,0,,0,,,,,338997.2353,5019487.948,45.31450997,-76.06384659,5404
20--6193,8/10/2020,10:00 AM,RICHMOND RD @ HOLLY ACRES RD/NANAIMO DR (0001068),1068,03 - At intersection,03 - P.D. only,02 - Angle,01 - Clear,01 - Daylight,01 - Dry,01 - Traffic signal,01 - Functioning,2,0,0,0,,0,,,,,359059.2901,5022748.774,45.34258741,-75.80763195,5405
20--5923,7/29/2020,7:45 PM,HIGHWAY 417 btwn HWY417 IC118 RAMP57 & HWY417 IC118 RAMP35 (__3ZA2YQ),__3ZA2YQ,01 - Non intersection,03 - P.D. only,07 - SMV other,02 - Rain,01 - Daylight,02 - Wet,10 - No control,,1,0,0,0,,0,,,,,369080.0383,5030782.478,45.41402565,-75.67872994,5406
20--5470,7/10/2020,6:48 PM,KING EDWARD AVE SB btwn ST. PATRICK ST & MURRAY ST (__3ZA3WE),__3ZA3WE,01 - Non intersection,02 - Non-fatal injury,03 - Rear end,01 - Clear,01 - Daylight,01 - Dry,10 - No control,,2,0,0,0,02 - Minor,1,,1,,,368256.906,5032809.29,45.43233733,-75.68898448,5407
20--5749,7/22/2020,9:10 PM,HIGHWAY 417 btwn HIGHWAY 417 & HWY417 IC140 RAMP51 (__3ZA20L),__3ZA20L,01 - Non intersection,03 - P.D. only,07 - SMV other,02 - Rain,07 - Dark,02 - Wet,10 - No control,,1,0,0,0,,0,,,,,349456.9239,5017675.635,45.29761493,-75.93061228,5408
20--611,1/15/2020,10:11 AM,BRONSON AVE @ CATHERINE ST/RAYMOND ST (0007198),7198,02 - Intersection related,03 - P.D. only,03 - Rear end,01 - Clear,01 - Daylight,01 - Dry,01 - Traffic signal,02 - Not functioning,4,0,0,0,,0,,,,,367252.7104,5029796.565,45.40532017,-75.70219928,5409
20--6194,8/10/2020,10:20 AM,EAGLESON RD @ HWY 417 EAGLESO IC138R51/PARK AN (0009698),9698,02 - Intersection related,03 - P.D. only,03 - Rear end,01 - Clear,01 - Daylight,01 - Dry,01 - Traffic signal,01 - Functioning,2,0,0,0,,0,,,,,353037.1786,5020013.794,45.31841751,-75.88473804,5410
20--5471,7/10/2020,7:50 PM,PRINCE OF WALES DR @ MEADOWLANDS DR/HOG'S BACK (0001629),1629,02 - Intersection related,03 - P.D. only,03 - Rear end,01 - Clear,01 - Daylight,01 - Dry,01 - Traffic signal,01 - Functioning,2,0,0,0,,0,,,,,367371.9214,5025693.479,45.36839103,-75.70119675,5411
20--5924,7/29/2020,7:56 PM,REGIONAL ROAD 174 btwn TRANSIT & OR174 IC109 RAMP54 (__3ZAZ6V),__3ZAZ6V,01 - Non intersection,03 - P.D. only,07 - SMV other,02 - Rain,01 - Daylight,02 - Wet,10 - No control,,1,0,0,0,,0,,,,,376161.9535,5034298.368,45.44497318,-75.58774974,5412
20--5570,7/15/2020,5:00 PM,EAGLESON RD @ COPE DR/CADENCE GT (0011923),11923,02 - Intersection related,03 - P.D. only,03 - Rear end,01 - Clear,01 - Daylight,01 - Dry,01 - Traffic signal,01 - Functioning,2,0,0,0,,0,,,,,354620.6164,5016027.425,45.2824368,-75.8649432,5413
20--6020,8/3/2020,1:00 AM,HALL RD @ MITCH OWENS RD (0001622),1622,02 - Intersection related,03 - P.D. only,07 - SMV other,02 - Rain,07 - Dark,02 - Wet,02 - Stop sign,01 - Functioning,1,0,0,0,,0,,,,,386292.8217,5021121.568,45.32531215,-75.46043811,5414
20--5829,7/25/2020,12:21 PM,REGIONAL ROAD 174 btwn FAUBERT ST & EAST ST (__3ZA27X),__3ZA27X,01 - Non intersection,02 - Non-fatal injury,07 - SMV other,01 - Clear,01 - Daylight,01 - Dry,10 - No control,,1,0,0,0,02 - Minor,1,,1,,,390330.5332,5042690.298,45.51888389,-75.40519573,5415
20--575,1/14/2020,2:20 PM,MACKENZIE KING BR/WALLER ST @ NICHOLAS ST/WALL (0011251),11251,02 - Intersection related,03 - P.D. only,03 - Rear end,01 - Clear,01 - Daylight,02 - Wet,01 - Traffic signal,01 - Functioning,2,0,0,0,,0,,,,,368372.1449,5031992.635,45.4249789,-75.68761723,5416
20--6110,8/6/2020,3:26 PM,GOLDEN AVE btwn RAVENHILL AVE & KENWOOD AVE (__3ZA09O),__3ZA09O,01 - Non intersection,03 - P.D. only,06 - SMV unattended vehicle,01 - Clear,01 - Daylight,01 - Dry,10 - No control,,1,0,0,0,,0,,,,,362977.7171,5027767.227,45.38742888,-75.75704462,5417
20--6195,8/10/2020,10:39 PM,KING EDWARD AVE @ RIDEAU ST (0002121),2121,03 - At intersection,03 - P.D. only,02 - Angle,01 - Clear,07 - Dark,01 - Dry,01 - Traffic signal,01 - Functioning,2,0,0,0,,0,,,,,368511.7079,5032413.588,45.42875378,-75.6857795,5418
20--5472,7/10/2020,8:02 PM,HWY417 IC119A RAMP75 btwn METCALFE ST & HIGHWAY 417 (__3ZAY9U),__3ZAY9U,01 - Non intersection,02 - Non-fatal injury,04 - Sideswipe,01 - Clear,01 - Daylight,01 - Dry,10 - No control,,2,0,0,0,02 - Minor,1,,1,,,368453.6093,5030405.63,45.41069216,-75.68678132,5419
20--5473,7/10/2020,8:30 PM,HWY417 IC131 RAMP66 btwn TRANSIT & HWY417 IC130 RAMP36 (__6KES9I),__6KES9I,01 - Non intersection,03 - P.D. only,03 - Rear end,01 - Clear,05 - Dusk,01 - Dry,10 - No control,,2,0,0,0,,0,,,,,358116.1693,5022829.358,45.34338482,-75.81965697,5420
20--5474,7/10/2020,9:50 AM,STRANDHERD DR btwn ANDORA AVE & JOCKVALE RD (__3ZAZMN),__3ZAZMN,01 - Non intersection,03 - P.D. only,04 - Sideswipe,01 - Clear,01 - Daylight,01 - Dry,10 - No control,,2,0,0,0,,0,,,,,363372.0442,5014456.526,45.26762711,-75.75358405,5421
20--5475,7/11/2020,1:49 PM,INDUSTRIAL AVE @ ALTA VISTA DR/SANDFORD FLEMIN (0006979),6979,02 - Intersection related,02 - Non-fatal injury,03 - Rear end,01 - Clear,01 - Daylight,01 - Dry,01 - Traffic signal,01 - Functioning,2,0,0,0,01 - Minimal,1,1,,,,370884.7233,5030557.578,45.41183399,-75.65570513,5422
20--5476,7/11/2020,10:00 PM,CONROY RD S @ DAVIDSON RD (0013695),13695,03 - At intersection,03 - P.D. only,02 - Angle,02 - Rain,07 - Dark,02 - Wet,02 - Stop sign,01 - Functioning,2,0,0,0,,0,,,,,374593.746,5023467.508,45.34768076,-75.60932669,5423
20--5477,7/11/2020,10:11 AM,HERON RD @ HERON RD RAMP 62 (0002526),2526,02 - Intersection related,03 - P.D. only,04 - Sideswipe,02 - Rain,01 - Daylight,02 - Wet,10 - No control,,2,0,0,0,,0,,,,,368848.0885,5026728.413,45.37756974,-75.68221946,5424
20--5478,7/11/2020,10:12 AM,CARLING AVE WB @ SAIGON CRT (0002102),2102,03 - At intersection,02 - Non-fatal injury,03 - Rear end,02 - Rain,01 - Daylight,02 - Wet,01 - Traffic signal,01 - Functioning,2,0,0,0,02 - Minor,1,,1,,,364064.6882,5027195.539,45.3821938,-75.74323336,5425
20--5479,7/11/2020,11:10 PM,CARLING AVE btwn DAVIDSON'S SIDE RD & GRANDVIEW RD (__3ZA4Z8),__3ZA4Z8,01 - Non intersection,03 - P.D. only,07 - SMV other,01 - Clear,07 - Dark,01 - Dry,10 - No control,,1,0,0,0,,0,,,,,355535.2202,5024124.748,45.35523229,-75.8524562,5426
20--548,1/13/2020,7:36 PM,HIGHWAY 417 btwn HWY417 IC122 RAMP61 & HWY417 IC121B RAMP16 (__3ZA2Y4),__3ZA2Y4,01 - Non intersection,03 - P.D. only,04 - Sideswipe,01 - Clear,07 - Dark,02 - Wet,10 - No control,,2,0,0,0,,0,,,,,365767.5049,5029182.957,45.39993001,-75.72124608,5427
20--5480,7/11/2020,11:24 AM,CEDARVIEW RD @ JOCKVALE RD (0000788),788,02 - Intersection related,03 - P.D. only,03 - Rear end,02 - Rain,01 - Daylight,02 - Wet,11 - Roundabout,01 - Functioning,2,0,0,0,,0,,,,,361474.6656,5015252.417,45.27494405,-75.77767059,5428
20--5481,7/11/2020,11:25 AM,ST. JOSEPH BLVD btwn YOUVILLE DR & NOTRE DAME ST W (__3ZA2BN),__3ZA2BN,04 - At/near private drive,03 - P.D. only,05 - Turning movement,01 - Clear,01 - Daylight,01 - Dry,10 - No control,,2,0,0,0,,0,,,,,379222.1942,5036171.611,45.46150813,-75.54835126,5429
20--5482,7/11/2020,12:05 PM,PRINCE OF WALES DR btwn 187 N OF MEADOWLANDS DR & MEADOWLANDS DR/HOG'S (__3ZA36WA),__3ZA36WA,04 - At/near private drive,03 - P.D. only,02 - Angle,02 - Rain,01 - Daylight,02 - Wet,10 - No control,,2,0,0,0,,0,,,,,367330.9817,5025809.186,45.36943579,-75.70170469,5430
20--5483,7/11/2020,12:12 AM,DYNES RD btwn CLAYMOR AVE & MORLEY BLVD (__3ZAAQE),__3ZAAQE,01 - Non intersection,03 - P.D. only,04 - Sideswipe,02 - Rain,07 - Dark,02 - Wet,10 - No control,,2,0,0,0,,0,,,,,366837.9677,5025730.155,45.3687685,-75.70800802,5431
20--5484,7/11/2020,12:51 PM,ROGER STEVENS DR btwn PERKINS DR & TURN LANE (__3ZA4K1),__3ZA4K1,01 - Non intersection,02 - Non-fatal injury,04 - Sideswipe,01 - Clear,01 - Daylight,01 - Dry,10 - No control,,2,0,0,0,01 - Minimal,1,1,,,,366350.8592,4999322.938,45.13119967,-75.71749568,5432
20--5485,7/11/2020,12:52 PM,GREENBANK RD @ WEST HUNT CLUB RD (0005167),5167,02 - Intersection related,03 - P.D. only,99 - Other,01 - Clear,01 - Daylight,01 - Dry,01 - Traffic signal,01 - Functioning,2,0,0,0,,0,,,,,361479.6697,5020502.487,45.32218397,-75.77700668,5433
20--5486,7/11/2020,3:56 PM,PRINCE OF WALES DR btwn GREENBANK RD & BARNSDALE RD (__3ZA296),__3ZA296,01 - Non intersection,03 - P.D. only,07 - SMV other,01 - Clear,01 - Daylight,01 - Dry,10 - No control,,1,0,0,0,,0,,,,,366212.363,5009810.475,45.22557968,-75.71796547,5434
20--5487,7/11/2020,4:38 PM,DIAMONDVIEW RD btwn BAIRD SIDE RD & THOMAS A. DOLAN PKWY (__3ZACD2),__3ZACD2,01 - Non intersection,02 - Non-fatal injury,07 - SMV other,01 - Clear,01 - Daylight,02 - Wet,10 - No control,,1,0,0,0,01 - Minimal,1,1,,,,334828.5617,5025888.505,45.37229591,-76.11662426,5435
20--5488,7/11/2020,4:46 AM,ST. JOSEPH BLVD @ REGIONAL RD 174/TRANSITWAY (0012428),12428,02 - Intersection related,03 - P.D. only,07 - SMV other,02 - Rain,07 - Dark,02 - Wet,01 - Traffic signal,00 - Unknown,1,0,0,0,,0,,,,,376556.288,5035056.411,45.4517532,-75.58259888,5436
20--5489,7/11/2020,4:53 PM,UPPER DWYER HILL RD btwn OLD ALMONTE RD & HAMILTON SIDE RD (__3ZBOB3),__3ZBOB3,01 - Non intersection,03 - P.D. only,07 - SMV other,01 - Clear,01 - Daylight,01 - Dry,10 - No control,,1,0,0,0,,0,,,,,337848.4174,5010072.176,45.22983666,-76.07912498,5437
20--549,1/13/2020,7:37 PM,ST. JEAN ST @ ST. JOSEPH BLVD (0004137),4137,03 - At intersection,03 - P.D. only,05 - Turning movement,01 - Clear,07 - Dark,02 - Wet,01 - Traffic signal,01 - Functioning,2,0,0,0,,0,,,,,380969.7336,5037201.596,45.47058675,-75.52584878,5438
20--5490,7/11/2020,5:15 AM,APPLE HILL DR btwn CRYSTAL RIDGE PL & FLINTHILL WAY (1) (__3ZAZGT),__3ZAZGT,01 - Non intersection,03 - P.D. only,07 - SMV other,02 - Rain,07 - Dark,02 - Wet,10 - No control,,1,0,0,0,,0,,,,,372824.8585,5024234.611,45.35475667,-75.63179219,5439
20--5491,7/11/2020,5:30 PM,JEANNE D'ARC BLVD @ ORLEANS BLVD S (0004154),4154,02 - Intersection related,03 - P.D. only,03 - Rear end,01 - Clear,01 - Daylight,01 - Dry,01 - Traffic signal,01 - Functioning,2,0,0,0,,0,,,,,380940.7494,5036250.584,45.46203348,-75.52636674,5440