Anom_ID,Accident_Date,Accident_Time,Location,Geo_ID,Accident_Location,Classification_of_Accident,Initial_Impact_Type,Environment_Condition,Light,Road_Surface_Condition,Traffic_Control,Traffic_Control_Condition,No__of_Vehicles,No__of_Bicycles,No__of_Motorcycles,No__of_Pedestrians,Max_Injury,No__of_Injuries,No__of_Minimal,No__of_Minor,No__of_Major,No__of_Fatal,X,Y,Latitude,Longitude,ObjectId
20--5492,7/11/2020,6:32 PM,CARP RD btwn THOMAS A. DOLAN PKWY & NORMA LANE (__3ZAZ54),__3ZAZ54,01 - Non intersection,02 - Non-fatal injury,07 - SMV other,02 - Rain,01 - Daylight,02 - Wet,10 - No control,,1,0,0,0,02 - Minor,1,,1,,,337670.0074,5025118.477,45.36523937,-76.08039959,5441
20--5493,7/11/2020,7:00 AM,ISLAND PARK DR @ SUNNYMEDE AVE (0006460),6460,03 - At intersection,02 - Non-fatal injury,03 - Rear end,02 - Rain,01 - Daylight,02 - Wet,02 - Stop sign,01 - Functioning,2,0,0,0,01 - Minimal,1,1,,,,363664.6744,5029250.558,45.40071824,-75.74809565,5442
20--5494,7/11/2020,7:20 PM,BORRISOKANE RD/TARTAN DR @ STRANDHERD DR (0010634),10634,02 - Intersection related,03 - P.D. only,02 - Angle,01 - Clear,01 - Daylight,01 - Dry,01 - Traffic signal,01 - Functioning,2,0,1,0,,0,,,,,362291.2151,5013545.4,45.25951791,-75.76746196,5443
20--5495,7/11/2020,8:50 AM,SCOUT ST btwn NIKI WAY & WHITESTONE DR (__30KGYS),__30KGYS,04 - At/near private drive,03 - P.D. only,06 - SMV unattended vehicle,01 - Clear,01 - Daylight,01 - Dry,10 - No control,,1,0,0,0,,0,,,,,364559.7218,5025335.617,45.36541647,-75.73713775,5444
20--5496,7/12/2020,1:02 PM,KIRKWOOD AVE @ MERIVALE RD (0002243),2243,03 - At intersection,03 - P.D. only,05 - Turning movement,01 - Clear,01 - Daylight,01 - Dry,01 - Traffic signal,01 - Functioning,2,0,0,0,,0,,,,,364853.6985,5026646.546,45.37718686,-75.73322595,5445
20--5497,7/12/2020,10:30 AM,BARIBEAU ST btwn MONTFORT ST & ETHEL ST (__3ZBOWY),__3ZBOWY,01 - Non intersection,03 - P.D. only,06 - SMV unattended vehicle,01 - Clear,01 - Daylight,01 - Dry,10 - No control,,1,0,0,0,,0,,,,,369952.5571,5033475.298,45.43817388,-75.66722723,5446
20--5498,7/12/2020,Unknown,WHITE ALDER AVE btwn BUTTONBUSH WAY & FLAT SEDGE CRES W (__67PTM1),__67PTM1,01 - Non intersection,03 - P.D. only,06 - SMV unattended vehicle,01 - Clear,00 - Unknown,01 - Dry,10 - No control,,1,0,0,0,,0,,,,,375316.313,5020642.932,45.32219413,-75.60050924,5447
20--5499,7/12/2020,Unknown,STATEN WAY btwn SCOUT ST & SCOUT ST (__30KGO5),__30KGO5,01 - Non intersection,03 - P.D. only,06 - SMV unattended vehicle,01 - Clear,00 - Unknown,01 - Dry,10 - No control,,1,0,0,0,,0,,,,,364341.9743,5025480.873,45.36674199,-75.73989965,5448
20--55,1/2/2020,8:30 PM,EARL ARMSTRONG RD btwn LIMEBANK RD & BOWESVILLE RD (__3ZA6LB),__3ZA6LB,01 - Non intersection,02 - Non-fatal injury,03 - Rear end,02 - Rain,07 - Dark,04 - Slush,10 - No control,,2,0,0,0,01 - Minimal,1,1,,,,372542.3763,5017434.075,45.29359491,-75.63632745,5449
20--550,1/13/2020,7:38 AM,DUNROBIN RD btwn KERWIN RD & ROCHON WAY (__3ZA3EG),__3ZA3EG,04 - At/near private drive,03 - P.D. only,05 - Turning movement,01 - Clear,03 - Dawn,02 - Wet,10 - No control,,2,0,0,0,,0,,,,,346324.1164,5027143.803,45.3830045,-75.96975998,5450
20--5500,7/12/2020,2:15 PM,HIGHWAY 417 btwn HWY417 IC122 RAMP15 & HWY417 IC121B RAMP51 (__3ZA2RB),__3ZA2RB,01 - Non intersection,03 - P.D. only,04 - Sideswipe,01 - Clear,01 - Daylight,01 - Dry,10 - No control,,3,0,0,0,,0,,,,,366152.6962,5029361.398,45.40150193,-75.71630419,5451
20--5501,7/12/2020,3:40 PM,HIGHWAY 417 btwn HWY417 IC124 RAMP57 & HWY417 IC124 RAMP55 (__3ZA2Y1),__3ZA2Y1,01 - Non intersection,03 - P.D. only,99 - Other,01 - Clear,01 - Daylight,01 - Dry,10 - No control,,3,0,0,0,,0,,,,,364088.0739,5027059.079,45.38096397,-75.74295116,5452
20--5502,7/12/2020,4:22 PM,MERIVALE RD @ 170 N OF HUNTCLUB RD/COSTCO/CANA (0004681),4681,03 - At intersection,03 - P.D. only,02 - Angle,01 - Clear,01 - Daylight,01 - Dry,01 - Traffic signal,01 - Functioning,2,0,0,0,,0,,,,,365548.5109,5022100.095,45.33621874,-75.72491401,5453
20--5503,7/12/2020,4:30 PM,RAYMOND ST/HWY 417 ROCHEST IC121BR16 @ ROCHEST (0006495),6495,03 - At intersection,03 - P.D. only,02 - Angle,01 - Clear,01 - Daylight,01 - Dry,01 - Traffic signal,01 - Functioning,2,0,0,0,,0,,,,,366737.6974,5029618.56,45.40376429,-75.70880002,5454
20--5504,7/12/2020,4:40 PM,CARLING AVE @ GRENON AVE (0002645),2645,02 - Intersection related,03 - P.D. only,03 - Rear end,01 - Clear,01 - Daylight,01 - Dry,01 - Traffic signal,01 - Functioning,2,0,0,0,,0,,,,,359593.6791,5024350.508,45.35695827,-75.80063599,5455
20--5505,7/12/2020,5:18 PM,TERRY FOX DR @ WESTPHALIAN AVE (0014366),14366,03 - At intersection,02 - Non-fatal injury,05 - Turning movement,01 - Clear,01 - Daylight,01 - Dry,01 - Traffic signal,01 - Functioning,2,0,0,0,02 - Minor,3,,3,,,353455.2261,5015759.789,45.28011017,-75.87982363,5456
20--5506,7/12/2020,5:41 PM,MONTREAL RD @ OGILVIE RD (0009279),9279,02 - Intersection related,03 - P.D. only,03 - Rear end,01 - Clear,01 - Daylight,01 - Dry,01 - Traffic signal,01 - Functioning,2,0,0,0,,0,,,,,375654.7381,5034556.584,45.44734804,-75.59419569,5457
20--5507,7/12/2020,5:56 AM,ST. LAURENT BLVD btwn JOLIFFE ST & SUSAN ST (__3ZA731),__3ZA731,01 - Non intersection,03 - P.D. only,07 - SMV other,01 - Clear,01 - Daylight,01 - Dry,10 - No control,,1,0,0,0,,0,,,,,373824.5772,5028236.895,45.3906698,-75.61847488,5458
20--5508,7/12/2020,6:33 PM,BEATRICE DR @ LETOURNEAU ST/SPRINGBEAUTY AVE (0010303),10303,03 - At intersection,02 - Non-fatal injury,07 - SMV other,01 - Clear,01 - Daylight,01 - Dry,02 - Stop sign,01 - Functioning,1,1,0,0,01 - Minimal,1,1,,,,365020.9441,5016665.981,45.28736848,-75.73230503,5459
20--5509,7/12/2020,8:01 PM,HAWTHORNE AVE @ MAIN ST (0006919),6919,02 - Intersection related,03 - P.D. only,04 - Sideswipe,01 - Clear,01 - Daylight,01 - Dry,01 - Traffic signal,01 - Functioning,2,0,0,0,,0,,,,,368970.7063,5030632.573,45.41268689,-75.68014618,5460
20--551,1/13/2020,7:57 AM,HWY417 IC138 RAMP61 btwn HWY417 IC138 RAMP62 & HIGHWAY 417 (__3ZAYB2),__3ZAYB2,01 - Non intersection,02 - Non-fatal injury,03 - Rear end,03 - Snow,01 - Daylight,04 - Slush,10 - No control,,2,0,0,0,01 - Minimal,1,1,,,,353338.4676,5020516.944,45.32292419,-75.88084603,5461
20--5510,7/12/2020,9:28 AM,RICHARDSON SIDE RD @ WILLIAM MOONEY RD (0005822),5822,03 - At intersection,02 - Non-fatal injury,02 - Angle,01 - Clear,01 - Daylight,01 - Dry,02 - Stop sign,01 - Functioning,2,0,0,0,01 - Minimal,2,2,,,,345205.5652,5016241.456,45.28496697,-75.98493275,5462
20--5511,7/13/2020,1:28 PM,LONGFIELDS DR btwn CHAPMAN MILLS DR & PAUL METIVIER DR (__8O981L),__8O981L,01 - Non intersection,02 - Non-fatal injury,07 - SMV other,01 - Clear,01 - Daylight,01 - Dry,10 - No control,,1,0,0,0,03 - Major,1,,,1,,364846.676,5014222.457,45.2653966,-75.73482196,5463
20--5512,7/13/2020,10:54 AM,BANK ST @ WALKLEY RD (0011423),11423,02 - Intersection related,03 - P.D. only,03 - Rear end,01 - Clear,01 - Daylight,01 - Dry,01 - Traffic signal,01 - Functioning,2,0,0,0,,0,,,,,370337.8527,5025947.738,45.37040771,-75.66330343,5464
20--5513,7/13/2020,11:20 AM,RIVERSIDE DR @ RIVERSIDE HOSPITAL (0011960),11960,02 - Intersection related,03 - P.D. only,03 - Rear end,01 - Clear,01 - Daylight,01 - Dry,01 - Traffic signal,01 - Functioning,2,0,0,0,,0,,,,,369715.2051,5028627.381,45.39457623,-75.67089933,5465
20--5514,7/13/2020,11:23 AM,EAGLESON RD @ HAZELDEAN RD/ROBERTSON RD (0002715),2715,02 - Intersection related,02 - Non-fatal injury,03 - Rear end,01 - Clear,01 - Daylight,01 - Dry,01 - Traffic signal,01 - Functioning,2,0,0,0,01 - Minimal,1,1,,,,353673.6238,5018424.464,45.30407238,-75.87677747,5466
20--5515,7/13/2020,11:37 AM,FALLOWFIELD RD btwn RICHMOND RD & STEEPLE HILL CRES (__3ZA4Y4),__3ZA4Y4,01 - Non intersection,02 - Non-fatal injury,03 - Rear end,01 - Clear,01 - Daylight,01 - Dry,10 - No control,,2,0,0,0,01 - Minimal,1,1,,,,357819.3114,5013586.187,45.26023615,-75.82443329,5467
20--5516,7/13/2020,Unknown,TAPADERO AVE btwn NONIUS ST & ROUNCEY RD (e___1G1W),e___1G1W,01 - Non intersection,03 - P.D. only,06 - SMV unattended vehicle,01 - Clear,00 - Unknown,01 - Dry,10 - No control,,1,0,0,0,,0,,,,,353064.321,5015613.075,45.27881695,-75.88482022,5468
20--5517,7/13/2020,2:16 PM,CARLING AVE WB btwn HWY417 IC124 RAMP67 & HWY417 IC124 RAMP65 (__3ZA1Q8),__3ZA1Q8,01 - Non intersection,03 - P.D. only,05 - Turning movement,01 - Clear,01 - Daylight,01 - Dry,10 - No control,,2,0,0,0,,0,,,,,364525.2127,5027543.297,45.38528375,-75.73731125,5469
20--5518,7/13/2020,2:28 PM,BANK ST btwn ARENA PL & WHITE ALDER AVE (__3ZA29N),__3ZA29N,04 - At/near private drive,02 - Non-fatal injury,02 - Angle,01 - Clear,01 - Daylight,01 - Dry,10 - No control,,2,0,0,0,02 - Minor,1,,1,,,375488.773,5021308.961,45.32816944,-75.59821457,5470
20--5519,7/13/2020,2:32 PM,ALBION RD @ BANK ST (0012409),12409,02 - Intersection related,03 - P.D. only,04 - Sideswipe,01 - Clear,01 - Daylight,01 - Dry,01 - Traffic signal,01 - Functioning,2,0,0,0,,0,,,,,371946.7249,5024129.502,45.35389557,-75.6430129,5471
20--552,1/13/2020,7:58 AM,JEANNE D'ARC BLVD  S btwn OR174 IC105 RAMP52 & OR174 IC105 RAMP53 (__3ZA2BY),__3ZA2BY,01 - Non intersection,02 - Non-fatal injury,03 - Rear end,01 - Clear,01 - Daylight,02 - Wet,10 - No control,,3,0,0,0,02 - Minor,1,,1,,,379516.7254,5036823.805,45.46734464,-75.54448643,5472
20--5520,7/13/2020,3:00 PM,HWY 417 WALKLEY IC110R57 @ WALKLEY EXTENSION R (0004164),4164,03 - At intersection,02 - Non-fatal injury,02 - Angle,01 - Clear,01 - Daylight,01 - Dry,02 - Stop sign,01 - Functioning,3,0,0,0,02 - Minor,2,,2,,,375656.7334,5028998.54,45.39733972,-75.5949696,5473
20--5521,7/13/2020,3:30 PM,CARLING AVE @ BAYSHORE DR/BIRCHDALE AVE (0000021),21,03 - At intersection,03 - P.D. only,02 - Angle,01 - Clear,01 - Daylight,01 - Dry,01 - Traffic signal,01 - Functioning,2,0,0,0,,0,,,,,359004.868,5023990.611,45.35376569,-75.80819024,5474
20--5522,7/13/2020,3:30 PM,CARLING AVE @ BAYSHORE DR/BIRCHDALE AVE (0000021),21,03 - At intersection,03 - P.D. only,05 - Turning movement,01 - Clear,01 - Daylight,01 - Dry,01 - Traffic signal,01 - Functioning,2,0,0,0,,0,,,,,359004.8735,5023990.622,45.35376578,-75.80819016,5475
20--5523,7/13/2020,3:47 PM,ELGIN ST @ SLATER ST (0002228),2228,02 - Intersection related,03 - P.D. only,05 - Turning movement,02 - Rain,01 - Daylight,02 - Wet,01 - Traffic signal,01 - Functioning,2,0,0,0,,0,,,,,367890.7024,5031646.578,45.42190878,-75.69381325,5476
20--5524,7/13/2020,4:47 PM,BOOTH ST btwn 148 N OF MIDDLE ST/E.B. EDDY S & MIDDLE ST (__3ZBPMPC),__3ZBPMPC,01 - Non intersection,03 - P.D. only,04 - Sideswipe,01 - Clear,01 - Daylight,01 - Dry,10 - No control,,2,0,0,0,,0,,,,,366062.3163,5031364.978,45.41953753,-75.71720956,5477
20--5525,7/13/2020,5:49 PM,ANDERSON RD @ INNES RD (0004200),4200,02 - Intersection related,03 - P.D. only,02 - Angle,01 - Clear,01 - Daylight,01 - Dry,01 - Traffic signal,01 - Functioning,2,0,0,0,,0,,,,,376280.7571,5031841.568,45.42285624,-75.58658791,5478
20--5526,7/13/2020,6:00 PM,CARLING AVE @ CROYDON AVE (0002642),2642,02 - Intersection related,03 - P.D. only,03 - Rear end,01 - Clear,01 - Daylight,01 - Dry,01 - Traffic signal,01 - Functioning,2,0,0,0,,0,,,,,360658.6887,5025042.519,45.36310092,-75.78696548,5479
20--5527,7/13/2020,6:04 PM,CUMMINGS AVE @ OGILVIE RD (0009923),9923,03 - At intersection,03 - P.D. only,05 - Turning movement,01 - Clear,01 - Daylight,01 - Dry,01 - Traffic signal,01 - Functioning,2,0,0,0,,0,,,,,372748.7137,5032170.586,45.42616858,-75.63167116,5480
20--5528,7/13/2020,6:09 PM,8TH LINE RD @ VICTORIA ST (0001616),1616,03 - At intersection,03 - P.D. only,02 - Angle,01 - Clear,01 - Daylight,01 - Dry,02 - Stop sign,01 - Functioning,2,0,0,0,,0,,,,,385452.8014,5011165.414,45.23583036,-75.47276995,5481
20--5529,7/13/2020,6:41 PM,BARNSDALE RD E @ CEDARVIEW RD E (0001077),1077,03 - At intersection,02 - Non-fatal injury,02 - Angle,01 - Clear,01 - Daylight,01 - Dry,02 - Stop sign,01 - Functioning,2,0,0,0,02 - Minor,1,,1,,,364036.6928,5010031.391,45.22775384,-75.74564204,5482
20--553,1/13/2020,8:04 AM,DUNROBIN RD btwn GALETTA SIDE RD & BAIRD'S GRANT LANE (__3ZAZ5E),__3ZAZ5E,01 - Non intersection,03 - P.D. only,07 - SMV other,03 - Snow,01 - Daylight,02 - Wet,10 - No control,,1,0,0,0,,0,,,,,333818.7383,5040201.083,45.50112799,-76.12867269,5483
20--5530,7/13/2020,6:59 PM,EAGLESON RD btwn MICHAEL COWPLAND DR/STONEHAVEN DR & 240 N OF CADENCE  (__3ZA41IA),__3ZA41IA,04 - At/near private drive,03 - P.D. only,05 - Turning movement,01 - Clear,01 - Daylight,01 - Dry,10 - No control,,2,0,0,0,,0,,,,,354436.3014,5016490.192,45.28661392,-75.86724621,5484
20--5531,7/13/2020,7:58 AM,KING EDWARD AVE @ ST. PATRICK ST (0002714),2714,02 - Intersection related,03 - P.D. only,99 - Other,01 - Clear,01 - Daylight,01 - Dry,01 - Traffic signal,01 - Functioning,2,0,0,0,,0,,,,,368248.6998,5032823.585,45.4324667,-75.68908751,5485
20--5532,7/13/2020,8:26 AM,GREENBANK RD @ IRIS ST/HWY 417 IC129 RAMP51 (0009073),9073,02 - Intersection related,03 - P.D. only,03 - Rear end,01 - Clear,01 - Daylight,01 - Dry,01 - Traffic signal,01 - Functioning,2,0,0,0,,0,,,,,360531.3105,5023312.498,45.34754439,-75.78878636,5486
20--5533,7/13/2020,9:16 AM,DALY AVE btwn MACKENZIE AVE & NICHOLAS ST (__3ZA8JX),__3ZA8JX,06 - Underpass or tunnel,03 - P.D. only,05 - Turning movement,01 - Clear,01 - Daylight,01 - Dry,10 - No control,,2,0,0,0,,0,,,,,368132.1901,5031991.667,45.42499196,-75.69068341,5487
20--5534,7/14/2020,10:15 PM,VANCES SIDE RD btwn DUNROBIN RD & GREENLAND RD (__3ZBOB7),__3ZBOB7,01 - Non intersection,03 - P.D. only,07 - SMV other,01 - Clear,07 - Dark,01 - Dry,10 - No control,,1,0,0,0,,0,,,,,340930.604,5034314.643,45.44782865,-76.03810399,5488
20--5535,7/14/2020,11:20 PM,PRESLAND RD btwn ELLIS PRIV & LOLA ST (__3ZA9OC),__3ZA9OC,01 - Non intersection,03 - P.D. only,03 - Rear end,01 - Clear,07 - Dark,01 - Dry,10 - No control,,2,0,0,0,,0,,,,,371082.1811,5031826.89,45.42323605,-75.65301196,5489
20--5536,7/14/2020,11:45 AM,LYNDA LANE @ SMYTH RD (0002250),2250,03 - At intersection,02 - Non-fatal injury,02 - Angle,01 - Clear,01 - Daylight,01 - Dry,02 - Stop sign,01 - Functioning,2,0,0,0,02 - Minor,2,1,1,,,371611.721,5029191.543,45.39947395,-75.64660317,5490
20--5537,7/14/2020,Unknown,BAYCREST DR btwn SANDALWOOD DR & WALKLEY RD (__3ZA9YU),__3ZA9YU,01 - Non intersection,03 - P.D. only,06 - SMV unattended vehicle,01 - Clear,00 - Unknown,01 - Dry,10 - No control,,1,0,0,0,,0,,,,,371375.4566,5026670.335,45.37681158,-75.64996079,5491
20--5538,7/14/2020,Unknown,LEVIS AVE btwn LACASSE AVE & MONA AVE (__3ZA8T1),__3ZA8T1,01 - Non intersection,03 - P.D. only,06 - SMV unattended vehicle,01 - Clear,00 - Unknown,01 - Dry,10 - No control,,1,0,0,0,,0,,,,,370819.4329,5033226.099,45.43585038,-75.65618154,5492
20--5539,7/14/2020,12:15 PM,CARLING AVE @ CHURCHILL AVE (0002149),2149,02 - Intersection related,02 - Non-fatal injury,03 - Rear end,01 - Clear,01 - Daylight,01 - Dry,01 - Traffic signal,01 - Functioning,2,0,0,0,01 - Minimal,1,1,,,,363775.6907,5027013.542,45.38058061,-75.74694507,5493
20--554,1/13/2020,8:10 PM,HIGHWAY 417 btwn HWY417 IC127 RAMP67 & HWY417 IC126 RAMP16 (__3ZA2X0),__3ZA2X0,01 - Non intersection,03 - P.D. only,04 - Sideswipe,01 - Clear,07 - Dark,02 - Wet,10 - No control,,2,0,0,0,,0,,,,,363002.4947,5025645.948,45.36833983,-75.75697826,5494
20--5540,7/14/2020,2:09 PM,ROUNCEY RD btwn ATLAS TERR & RUBICON PL (e___2K89),e___2K89,04 - At/near private drive,03 - P.D. only,06 - SMV unattended vehicle,01 - Clear,01 - Daylight,01 - Dry,10 - No control,,1,0,0,0,,0,,,,,353625.964,5014744.333,45.270961,-75.87774735,5495
20--5541,7/14/2020,2:18 PM,YORKS CORNERS RD btwn PANA RD & VICTORIA ST (__3ZA6V2),__3ZA6V2,04 - At/near private drive,03 - P.D. only,04 - Sideswipe,01 - Clear,01 - Daylight,01 - Dry,10 - No control,,2,0,0,0,,0,,,,,388516.4576,5014086.053,45.26175055,-75.43326471,5496
20--5571,7/15/2020,5:17 PM,REGIONAL ROAD 174 EB btwn OR174 IC109 RAMP55 & TRANSIT (__3ZA28V),__3ZA28V,01 - Non intersection,03 - P.D. only,03 - Rear end,01 - Clear,01 - Daylight,01 - Dry,10 - No control,,2,0,0,0,,0,,,,,376494.098,5035030.438,45.45152589,-75.58339766,5497
20--6021,8/3/2020,1:13 PM,PRINCE OF WALES DR @ WEST HUNT CLUB RD (0000567),567,02 - Intersection related,03 - P.D. only,03 - Rear end,01 - Clear,01 - Daylight,01 - Dry,01 - Traffic signal,01 - Functioning,2,0,0,0,,0,,,,,367458.712,5021891.513,45.33417398,-75.70057065,5498
20--6111,8/6/2020,3:29 PM,BRONSON AVE @ SOMERSET ST (0002218),2218,02 - Intersection related,02 - Non-fatal injury,03 - Rear end,01 - Clear,01 - Daylight,01 - Dry,01 - Traffic signal,01 - Functioning,2,0,0,0,01 - Minimal,1,1,,,,366967.6955,5030476.569,45.41146402,-75.70575409,5499
20--5750,7/22/2020,9:54 AM,HIGHWAY 417 btwn HWY417 IC122 RAMP15 & HWY417 IC121B RAMP51 (__3ZA2RB),__3ZA2RB,01 - Non intersection,03 - P.D. only,03 - Rear end,01 - Clear,01 - Daylight,01 - Dry,10 - No control,,3,0,0,0,,0,,,,,366458.0058,5029477.774,45.40252223,-75.7123901,5500
20--6022,8/3/2020,1:55 PM,HIGHWAY 417 btwn HWY417 IC117 RAMP51 & HWY417 IC117 RAMP35 (__3ZA2YN),__3ZA2YN,01 - Non intersection,03 - P.D. only,07 - SMV other,02 - Rain,01 - Daylight,02 - Wet,10 - No control,,1,0,0,0,,0,,,,,370773.6333,5031185.054,45.41749025,-75.65704025,5501
20--5572,7/15/2020,5:30 PM,BRIAN COBURN BLVD @ MER BLEUE RD (0014363),14363,03 - At intersection,03 - P.D. only,03 - Rear end,01 - Clear,01 - Daylight,01 - Dry,11 - Roundabout,01 - Functioning,2,0,0,0,,0,,,,,383150.8189,5034441.164,45.44550953,-75.49839849,5502
20--6196,8/10/2020,11:15 PM,REGIONAL ROAD 174 btwn OR174 IC109 RAMP56 & OR174 IC109 RAMP86 (__3ZA28W),__3ZA28W,01 - Non intersection,03 - P.D. only,99 - Other,01 - Clear,07 - Dark,01 - Dry,10 - No control,,2,0,0,0,,0,,,,,376447.7074,5034979.163,45.45106931,-75.58399815,5503
20--5925,7/29/2020,8:15 PM,JOCKVALE RD @ FABLE ST/WEYBRIDGE DR E (0000722),722,02 - Intersection related,03 - P.D. only,03 - Rear end,01 - Clear,05 - Dusk,02 - Wet,11 - Roundabout,01 - Functioning,2,0,0,0,,0,,,,,362512.6792,5015143.435,45.27387899,-75.76445466,5504
20--5751,7/22/2020,9:59 AM,HOLLAND AVE @ RUSKIN ST (0006676),6676,03 - At intersection,02 - Non-fatal injury,02 - Angle,01 - Clear,01 - Daylight,01 - Dry,02 - Stop sign,01 - Functioning,2,0,1,0,03 - Major,2,,1,1,,365279.6984,5028350.547,45.39248248,-75.72757844,5505
20--6023,8/3/2020,10:29 AM,LEES AVE @ KING EDWARD AVE/MANN AVE (0011413),11413,02 - Intersection related,02 - Non-fatal injury,03 - Rear end,01 - Clear,01 - Daylight,01 - Dry,01 - Traffic signal,01 - Functioning,2,0,0,0,02 - Minor,1,,1,,,369178.7969,5031334.757,45.41898578,-75.67739613,5506
20--6197,8/10/2020,Unknown,UPLANDS DR btwn PAUL ANKA DR & SHEARWATER PRIV (__3ZA9BQ),__3ZA9BQ,01 - Non intersection,03 - P.D. only,06 - SMV unattended vehicle,01 - Clear,00 - Unknown,01 - Dry,10 - No control,,1,0,0,0,,0,,,,,369542.7884,5023497.843,45.34843814,-75.67377354,5507
20--5573,7/15/2020,5:37 PM,HARDING RD @ WALKLEY RD (0007652),7652,02 - Intersection related,03 - P.D. only,07 - SMV other,01 - Clear,01 - Daylight,01 - Dry,01 - Traffic signal,01 - Functioning,1,0,0,0,,0,,,,,373148.731,5027608.533,45.38508236,-75.62719224,5508
20--6112,8/6/2020,4:22 AM,FAIRMONT AVE btwn YOUNG ST & KINNEAR ST (__3ZA03D),__3ZA03D,01 - Non intersection,03 - P.D. only,06 - SMV unattended vehicle,01 - Clear,07 - Dark,01 - Dry,10 - No control,,1,0,0,0,,0,,,,,365828.5767,5029139.631,45.39953485,-75.72047142,5509
20--5926,7/29/2020,8:25 AM,HIGHWAY 417 btwn HWY417 IC138 RAMP61 & HWY417 IC134 RAMP36 (__3ZA20I),__3ZA20I,01 - Non intersection,03 - P.D. only,04 - Sideswipe,01 - Clear,01 - Daylight,01 - Dry,10 - No control,,2,0,0,0,,0,,,,,355837.444,5021950.051,45.33564222,-75.8488235,5510
20--5752,7/23/2020,1:20 PM,HIGHWAY 417 btwn HWY417 IC117 RAMP26 & HWY417 IC117 RAMP61 (__3ZA2YM),__3ZA2YM,01 - Non intersection,03 - P.D. only,03 - Rear end,01 - Clear,01 - Daylight,01 - Dry,10 - No control,,3,0,0,0,,0,,,,,371065.6062,5031337.661,45.41883575,-75.65328954,5511
20--6024,8/3/2020,11:12 AM,DES ARBRES ST btwn ANGLEHART AVE & DU GRAND BOIS AVE (__3ZA6Q1),__3ZA6Q1,04 - At/near private drive,03 - P.D. only,02 - Angle,01 - Clear,01 - Daylight,01 - Dry,10 - No control,,2,0,0,0,,0,,,,,383381.5764,5036135.167,45.46072478,-75.4951784,5512
20--6198,8/10/2020,Unknown,SOMERSET ST    W btwn BOOTH ST & UPPER LORNE PL (__3ZA328),__3ZA328,01 - Non intersection,03 - P.D. only,06 - SMV unattended vehicle,01 - Clear,00 - Unknown,01 - Dry,10 - No control,,1,0,0,0,,0,,,,,366614.54,5030274.288,45.40967524,-75.71029089,5513
20--6199,8/10/2020,Unknown,STEWART ST btwn CUMBERLAND ST & KING EDWARD AVE (__3ZA3VU),__3ZA3VU,01 - Non intersection,03 - P.D. only,06 - SMV unattended vehicle,01 - Clear,00 - Unknown,01 - Dry,10 - No control,,1,0,0,0,,0,,,,,368558.5063,5032159.176,45.42646041,-75.68521442,5514
20--62,1/3/2020,1:05 PM,ST. JOSEPH BLVD @ JEANNE D'ARC BLVD (0012421),12421,03 - At intersection,03 - P.D. only,02 - Angle,01 - Clear,01 - Daylight,01 - Dry,11 - Roundabout,01 - Functioning,2,0,0,0,,0,,,,,379860.7263,5036471.591,45.46413881,-75.54014159,5515
20--620,1/15/2020,2:05 PM,PERTH ST btwn KING ST & LUNDY'S LANE (__3ZA426),__3ZA426,01 - Non intersection,03 - P.D. only,07 - SMV other,01 - Clear,01 - Daylight,02 - Wet,10 - No control,,1,0,0,0,,0,,,,,357159.2704,5006633.371,45.19772238,-75.83357441,5516
20--6200,8/10/2020,Unknown,RIALTO WAY btwn BELLINGHAM PL & BELLINGHAM PL (__4LVRXC),__4LVRXC,01 - Non intersection,03 - P.D. only,06 - SMV unattended vehicle,01 - Clear,00 - Unknown,01 - Dry,10 - No control,,1,0,0,0,,0,,,,,372806.6373,5025637.363,45.36737986,-75.6318317,5517
20--6201,8/10/2020,12:19 PM,HIGHWAY 417 btwn HWY417 IC142 RAMP35 & HWY417 IC142 RAMP25 (__3ZA1ZO),__3ZA1ZO,01 - Non intersection,02 - Non-fatal injury,03 - Rear end,01 - Clear,01 - Daylight,01 - Dry,10 - No control,,2,0,0,0,02 - Minor,1,,1,,,349369.0272,5017601.113,45.29694994,-75.93173963,5518
20--6202,8/10/2020,12:40 PM,HIGHWAY 417 btwn HWY417 IC140 RAMP25 & HWY417 IC139 RAMP15 (__4BCLBK),__4BCLBK,01 - Non intersection,03 - P.D. only,03 - Rear end,01 - Clear,01 - Daylight,01 - Dry,10 - No control,,2,0,0,0,,0,,,,,351711.3885,5019202.004,45.31120267,-75.90172433,5519
20--6203,8/10/2020,12:50 PM,MONTREAL RD btwn MONTREAL SQUARE SC & CENTER ST (__3ZA3AWB),__3ZA3AWB,01 - Non intersection,03 - P.D. only,04 - Sideswipe,01 - Clear,01 - Daylight,01 - Dry,10 - No control,,2,0,0,0,,0,,,,,371789.4,5033935.711,45.44214288,-75.64368884,5520
20--6204,8/10/2020,2:05 PM,ST. LAURENT BLVD @ COVENTRY RD/OGILVIE RD (0002151),2151,03 - At intersection,02 - Non-fatal injury,02 - Angle,01 - Clear,01 - Daylight,01 - Dry,01 - Traffic signal,01 - Functioning,2,0,0,0,01 - Minimal,2,2,,,,372305.7182,5031951.574,45.4242409,-75.63736164,5521
20--6205,8/10/2020,2:31 PM,BRONSON AVE @ CARLING AVE/GLEBE AVE (0002134),2134,02 - Intersection related,02 - Non-fatal injury,04 - Sideswipe,01 - Clear,01 - Daylight,01 - Dry,01 - Traffic signal,01 - Functioning,3,0,0,0,02 - Minor,3,2,1,,,367447.6993,5029335.567,45.40115482,-75.6997672,5522