Anom_ID,Accident_Date,Accident_Time,Location,Geo_ID,Accident_Location,Classification_of_Accident,Initial_Impact_Type,Environment_Condition,Light,Road_Surface_Condition,Traffic_Control,Traffic_Control_Condition,No__of_Vehicles,No__of_Bicycles,No__of_Motorcycles,No__of_Pedestrians,Max_Injury,No__of_Injuries,No__of_Minimal,No__of_Minor,No__of_Major,No__of_Fatal,X,Y,Latitude,Longitude,ObjectId
20--6206,8/10/2020,2:46 PM,RICHMOND RD btwn WINSTON AVE & CHURCHILL AVE N (__3ZA4OS),__3ZA4OS,01 - Non intersection,03 - P.D. only,06 - SMV unattended vehicle,01 - Clear,01 - Daylight,01 - Dry,10 - No control,,1,0,0,0,,0,,,,,363125.3515,5028222.825,45.391516,-75.75510558,5523
20--6207,8/10/2020,2:59 PM,HIGHWAY 416 btwn HWY416 IC75A RAMP43 & HWY416 IC72 RAMP34 (__3ZAZLD),__3ZAZLD,01 - Non intersection,02 - Non-fatal injury,07 - SMV other,01 - Clear,01 - Daylight,01 - Dry,10 - No control,,1,0,0,0,02 - Minor,1,,1,,,358773.7222,5021805.467,45.33412152,-75.81137853,5524
20--6208,8/10/2020,3:08 PM,BANTREE ST @ INNES RD (0007684),7684,02 - Intersection related,03 - P.D. only,03 - Rear end,01 - Clear,01 - Daylight,01 - Dry,01 - Traffic signal,01 - Functioning,2,0,0,0,,0,,,,,373705.7184,5030406.55,45.41020304,-75.61968955,5525
20--6209,8/10/2020,4:01 PM,MONTREAL RD btwn BORTHWICK AVE & CUMMINGS AVE (__3ZA3UE),__3ZA3UE,04 - At/near private drive,03 - P.D. only,05 - Turning movement,02 - Rain,01 - Daylight,02 - Wet,10 - No control,,2,0,0,0,,0,,,,,371980.9076,5034027.81,45.44295316,-75.64122854,5526
20--621,1/15/2020,2:30 PM,HIGHWAY 417 btwn HWY417 IC126 RAMP61 & HWY417 IC124 RAMP76 (__3ZA2Y2),__3ZA2Y2,01 - Non intersection,03 - P.D. only,03 - Rear end,01 - Clear,01 - Daylight,02 - Wet,10 - No control,,2,0,0,0,,0,,,,,363619.1482,5026462.425,45.3756349,-75.74900942,5527
20--6210,8/10/2020,4:05 PM,FISHER AVE @ ARNOT RD (0002726),2726,02 - Intersection related,02 - Non-fatal injury,03 - Rear end,01 - Clear,01 - Daylight,01 - Dry,02 - Stop sign,01 - Functioning,2,0,0,0,01 - Minimal,1,1,,,,366322.7159,5025653.538,45.36812454,-75.71459477,5528
20--6211,8/10/2020,4:45 PM,PLEASANT PARK RD btwn OTHELLO AVE & ST. LAURENT BLVD (__3ZA76L),__3ZA76L,04 - At/near private drive,03 - P.D. only,02 - Angle,01 - Clear,01 - Daylight,01 - Dry,10 - No control,,2,0,0,0,,0,,,,,372661.7946,5032385.155,45.4281076,-75.63275222,5529
20--6212,8/10/2020,4:52 PM,RAMSAYVILLE RD btwn LOUISEIZE RD & NINTH LINE RD (__3ZBO25),__3ZBO25,01 - Non intersection,03 - P.D. only,04 - Sideswipe,01 - Clear,01 - Daylight,01 - Dry,10 - No control,,2,0,1,0,,0,,,,,380068.4236,5020644.943,45.32171879,-75.53990032,5530
20--6213,8/10/2020,4:55 PM,RIVERSIDE DR @ TREMBLAY RD/HWY417 IC117 RAMP52 (0010790),10790,02 - Intersection related,03 - P.D. only,03 - Rear end,02 - Rain,01 - Daylight,02 - Wet,01 - Traffic signal,01 - Functioning,2,0,0,0,,0,,,,,370802.0785,5031015.906,45.41596564,-75.6566995,5531
20--6214,8/10/2020,5:45 AM,MONTREAL RD @ OGILVIE RD (0009279),9279,02 - Intersection related,02 - Non-fatal injury,03 - Rear end,"07 - Fog, mist, smoke, dust",03 - Dawn,01 - Dry,01 - Traffic signal,01 - Functioning,3,0,0,0,02 - Minor,1,,1,,,375654.7378,5034556.579,45.447348,-75.5941957,5532
20--6215,8/10/2020,5:57 PM,WOODROFFE AVE btwn FIRESTATION & BASELINE RD (__3ZA34KB),__3ZA34KB,01 - Non intersection,03 - P.D. only,04 - Sideswipe,01 - Clear,01 - Daylight,01 - Dry,10 - No control,,2,0,0,0,,0,,,,,362529.6576,5023822.571,45.35197235,-75.76322704,5533
20--6216,8/10/2020,6:43 AM,FALLOWFIELD RD btwn MERIVALE RD & WOODROFFE AVE (__3ZA3IN),__3ZA3IN,01 - Non intersection,02 - Non-fatal injury,07 - SMV other,"07 - Fog, mist, smoke, dust",01 - Daylight,01 - Dry,10 - No control,,1,0,0,0,02 - Minor,1,,1,,,366789.6417,5018804.774,45.30645936,-75.70949248,5534
20--6217,8/10/2020,7:48 AM,INNES RD @ TENTH LINE RD (0004633),4633,02 - Intersection related,03 - P.D. only,03 - Rear end,01 - Clear,01 - Daylight,01 - Dry,01 - Traffic signal,01 - Functioning,2,0,0,0,,0,,,,,383951.7534,5036159.547,45.46087976,-75.48788477,5535
20--6218,8/11/2020,1:22 PM,IVY CRES E @ MACKAY ST E (0008619),8619,03 - At intersection,02 - Non-fatal injury,02 - Angle,01 - Clear,01 - Daylight,01 - Dry,02 - Stop sign,01 - Functioning,2,1,0,0,01 - Minimal,1,1,,,,368992.6988,5033658.589,45.43991184,-75.67947085,5536
20--6219,8/11/2020,1:30 PM,FALLOWFIELD RD @ WOODROFFE AVE (0010372),10372,02 - Intersection related,03 - P.D. only,03 - Rear end,01 - Clear,01 - Daylight,01 - Dry,01 - Traffic signal,01 - Functioning,2,0,0,0,,0,,,,,365085.1499,5017903.191,45.29849533,-75.73133623,5537
20--622,1/15/2020,3:00 PM,HIGHWAY 417 btwn HWY417 IC121A RAMP16 & HWY417 IC121A RAMP61 (__3ZA2YY),__3ZA2YY,01 - Non intersection,03 - P.D. only,03 - Rear end,01 - Clear,01 - Daylight,02 - Wet,10 - No control,,3,0,0,0,,0,,,,,367067.6983,5029686.485,45.40434619,-75.70457638,5538
20--6220,8/11/2020,1:33 PM,ROBERTSON RD btwn FITZGERALD RD & MOODIE DR (__3ZA411),__3ZA411,04 - At/near private drive,03 - P.D. only,05 - Turning movement,01 - Clear,01 - Daylight,01 - Dry,10 - No control,,2,0,0,0,,0,,,,,356913.9808,5020364.668,45.32129765,-75.83525599,5539
20--6221,8/11/2020,1:44 AM,COUPAL ST btwn GREENSWAY AVE & END (__3ZA8UJ),__3ZA8UJ,01 - Non intersection,02 - Non-fatal injury,07 - SMV other,01 - Clear,07 - Dark,01 - Dry,10 - No control,,1,0,0,1,01 - Minimal,1,1,,,,369736.4324,5033274.619,45.43638836,-75.67001589,5540
20--6222,8/11/2020,1:45 PM,RIVERSIDE DR btwn MARILYN AVE & REVELSTOKE DR (__3ZA37S),__3ZA37S,01 - Non intersection,03 - P.D. only,03 - Rear end,01 - Clear,01 - Daylight,02 - Wet,10 - No control,,2,0,0,0,,0,,,,,368192.4838,5024374.891,45.35645297,-75.6908915,5541
20--6223,8/11/2020,1:54 PM,SHORE ST @ ST. LAURENT BLVD (0002168),2168,02 - Intersection related,02 - Non-fatal injury,02 - Angle,01 - Clear,01 - Daylight,01 - Dry,02 - Stop sign,01 - Functioning,2,1,0,0,02 - Minor,1,,1,,,372803.733,5030720.544,45.41311644,-75.63116827,5542
20--6224,8/11/2020,10:09 PM,HAZELDEAN RD btwn JINKINSON RD/HAZELDEAN IC RAMP 62 & KITTIWAKE DR (__7JQ7JL),__7JQ7JL,01 - Non intersection,03 - P.D. only,07 - SMV other,01 - Clear,07 - Dark,01 - Dry,10 - No control,,1,0,0,0,,0,,,,,347290.7918,5012773.816,45.2536408,-75.95864933,5543
20--6225,8/11/2020,11:15 AM,MEADOWLANDS DR/TALLWOOD DR @ WOODROFFE AVE (0000095),95,02 - Intersection related,03 - P.D. only,03 - Rear end,01 - Clear,01 - Daylight,01 - Dry,01 - Traffic signal,01 - Functioning,2,0,0,0,,0,,,,,363056.6794,5022730.489,45.3421023,-75.75663015,5544
20--6226,8/11/2020,11:34 AM,WEST HUNT CLUB RD WB btwn 354 E OF WOODROFFE AVE/REC PATH & CLEOPATRA DR/LANCELOT DR (__3ZA3JEB),__3ZA3JEB,01 - Non intersection,03 - P.D. only,04 - Sideswipe,01 - Clear,01 - Daylight,01 - Dry,10 - No control,,2,0,0,0,,0,,,,,365213.4769,5021726.559,45.33288664,-75.7292339,5545
20--6227,8/11/2020,11:40 AM,MITCH OWENS RD/BRIDGE ST @ RIVER RD (0003573),3573,02 - Intersection related,03 - P.D. only,03 - Rear end,01 - Clear,01 - Daylight,01 - Dry,01 - Traffic signal,01 - Functioning,2,0,0,0,,0,,,,,369499.7108,5010770.391,45.23392265,-75.67598331,5546
20--6228,8/11/2020,11:49 PM,WOODROFFE AVE @ CLARIDGE DR/STONEWAY DR N (0009791),9791,03 - At intersection,03 - P.D. only,05 - Turning movement,01 - Clear,07 - Dark,01 - Dry,01 - Traffic signal,01 - Functioning,2,0,0,0,,0,,,,,365576.7,5016707.45,45.28769378,-75.72521583,5547
20--6229,8/11/2020,Unknown,TAWNEY RD btwn JOLIFFE ST & HEATON AVE (__3ZA74V),__3ZA74V,01 - Non intersection,03 - P.D. only,06 - SMV unattended vehicle,01 - Clear,00 - Unknown,01 - Dry,10 - No control,,1,0,0,0,,0,,,,,374015.7536,5028458.424,45.39264415,-75.61600255,5548
20--623,1/15/2020,3:18 PM,BRONSON PL @ COLONEL BY DR (0006903),6903,02 - Intersection related,03 - P.D. only,02 - Angle,01 - Clear,01 - Daylight,04 - Slush,02 - Stop sign,01 - Functioning,2,0,0,0,,0,,,,,367808.7122,5028521.555,45.39379818,-75.69526023,5549
20--6230,8/11/2020,12:04 PM,AMBERWOOD CRES @ PRINCE OF WALES DR (0000048),48,02 - Intersection related,03 - P.D. only,03 - Rear end,01 - Clear,01 - Daylight,01 - Dry,01 - Traffic signal,01 - Functioning,3,0,0,0,,0,,,,,367435.7082,5020647.496,45.32298258,-75.7010215,5550
20--6231,8/11/2020,12:10 AM,CROSSKEYS PL/HELENE CAMPBELL RD @ STRANDHERD DR (0015337),15337,02 - Intersection related,03 - P.D. only,03 - Rear end,01 - Clear,07 - Dark,01 - Dry,01 - Traffic signal,01 - Functioning,2,0,0,0,,0,,,,,360982.3112,5014901.733,45.27182808,-75.78398493,5551
20--6232,8/11/2020,12:18 PM,BANK ST @ HUNT CLUB RD (0002119),2119,02 - Intersection related,03 - P.D. only,04 - Sideswipe,01 - Clear,01 - Daylight,01 - Dry,01 - Traffic signal,01 - Functioning,2,0,0,0,,0,,,,,371608.7314,5024096.518,45.35363107,-75.64733065,5552
20--6233,8/11/2020,12:30 PM,OTTAWA RIVER PKWY @ ISLAND PARK DR (0002127),2127,02 - Intersection related,03 - P.D. only,03 - Rear end,01 - Clear,01 - Daylight,01 - Dry,01 - Traffic signal,01 - Functioning,2,0,0,0,,0,,,,,363298.6886,5029453.57,45.40257558,-75.75274606,5553
20--6234,8/11/2020,4:23 PM,HUNTER'S RUN DR @ JEANNE D'ARC BLVD (0012419),12419,02 - Intersection related,03 - P.D. only,04 - Sideswipe,02 - Rain,01 - Daylight,02 - Wet,01 - Traffic signal,01 - Functioning,2,0,0,0,,0,,,,,380567.7467,5036174.572,45.46139014,-75.53114745,5554
20--6235,8/11/2020,4:53 PM,SMYTH RD E/LANCASTER RD @ ST. LAURENT BLVD N/R (0002256),2256,03 - At intersection,03 - P.D. only,07 - SMV other,02 - Rain,01 - Daylight,02 - Wet,01 - Traffic signal,01 - Functioning,1,0,0,0,,0,,,,,373364.7304,5029424.538,45.40140085,-75.62418191,5555
20--6236,8/11/2020,5:13 PM,MERIVALE RD @ WOODFIELD DR/ROYDON PL (0009776),9776,02 - Intersection related,03 - P.D. only,03 - Rear end,01 - Clear,01 - Daylight,01 - Dry,01 - Traffic signal,01 - Functioning,2,0,0,0,,0,,,,,365462.7021,5022298.506,45.33801145,-75.72598442,5556
20--6237,8/11/2020,5:50 PM,HIGHWAY 417 btwn HWY417 IC144 RAMP35 & HWY417 IC144 RAMP25 (__3ZA2QT),__3ZA2QT,01 - Non intersection,03 - P.D. only,07 - SMV other,02 - Rain,01 - Daylight,02 - Wet,10 - No control,,1,0,0,0,,0,,,,,347438.56,5015844.721,45.28126509,-75.95650314,5557
20--6238,8/11/2020,6:45 PM,MOODIE DR @ HWY 417 MOODIE IC134R63 (0000649),649,03 - At intersection,03 - P.D. only,07 - SMV other,02 - Rain,01 - Daylight,02 - Wet,01 - Traffic signal,01 - Functioning,1,0,0,0,,0,,,,,356389.6459,5022479.502,45.34036589,-75.84172333,5558
20--6239,8/11/2020,6:52 AM,SOMERSET ST @ RUSSELL AVE (0008452),8452,03 - At intersection,02 - Non-fatal injury,02 - Angle,01 - Clear,01 - Daylight,01 - Dry,02 - Stop sign,01 - Functioning,2,1,0,0,02 - Minor,1,,1,,,369256.7153,5031856.229,45.42367062,-75.6763324,5559
20--624,1/15/2020,3:20 PM,HIGHWAY 417 btwn HWY417 IC117 RAMP25 & HWY417 IC115 RAMP51 (__3ZA2R3),__3ZA2R3,01 - Non intersection,03 - P.D. only,04 - Sideswipe,01 - Clear,01 - Daylight,02 - Wet,10 - No control,,3,0,0,0,,0,,,,,371679.9492,5031413.736,45.41946178,-75.6454303,5560
20--6240,8/11/2020,6:57 AM,JEANNE D'ARC BLVD btwn WILLOW AVE & VINETTE CRES (__3ZA7K5),__3ZA7K5,01 - Non intersection,03 - P.D. only,07 - SMV other,01 - Clear,01 - Daylight,01 - Dry,10 - No control,,1,0,0,0,,0,,,,,381668.5298,5038854.663,45.48538307,-75.51665436,5561
20--6241,8/11/2020,7:43 PM,STALWART CRES E @ WHITE ALDER AVE (0014154),14154,03 - At intersection,03 - P.D. only,05 - Turning movement,01 - Clear,01 - Daylight,01 - Dry,02 - Stop sign,00 - Unknown,2,0,0,0,,0,,,,,375560.514,5020782.201,45.32342264,-75.59737475,5562
20--6242,8/11/2020,8:08 PM,HIGHWAY 17 btwn Continuation of HIGHWAY 17 & THOMAS ELLIOT RD (__3ZA2LB),__3ZA2LB,01 - Non intersection,03 - P.D. only,07 - SMV other,01 - Clear,05 - Dusk,01 - Dry,10 - No control,,1,0,0,0,,0,,,,,319653.1979,5031539.753,45.4236349,-76.31019689,5563
20--6243,8/11/2020,8:14 PM,KENT ST @ QUEEN ST (0003137),3137,03 - At intersection,03 - P.D. only,05 - Turning movement,01 - Clear,07 - Dark,01 - Dry,01 - Traffic signal,01 - Functioning,2,0,0,0,,0,,,,,367179.6899,5031386.585,45.41963321,-75.70293075,5564
20--6244,8/12/2020,1:34 PM,STITTSVILLE MAIN ST @ HAZELDEAN RD (0000050),50,02 - Intersection related,03 - P.D. only,03 - Rear end,01 - Clear,01 - Daylight,01 - Dry,01 - Traffic signal,01 - Functioning,2,0,0,0,,0,,,,,349558.4034,5014878.721,45.27244092,-75.92957075,5565
20--6245,8/12/2020,10:42 PM,BASELINE RD @ CLYDE AVE (0002343),2343,02 - Intersection related,02 - Non-fatal injury,03 - Rear end,01 - Clear,07 - Dark,01 - Dry,01 - Traffic signal,01 - Functioning,3,0,0,0,02 - Minor,1,,1,,,364358.7008,5024890.688,45.36143017,-75.73975728,5566
20--6246,8/12/2020,Unknown,WELLINGTON ST    W btwn JULIAN AVE & CAROLINE AVE (__3ZA4PG),__3ZA4PG,01 - Non intersection,03 - P.D. only,06 - SMV unattended vehicle,01 - Clear,00 - Unknown,01 - Dry,10 - No control,,1,0,0,0,,0,,,,,364716.2251,5029079.374,45.39908875,-75.73468572,5567
20--6247,8/12/2020,2:20 PM,OLD TENTH LINE RD @ TENTH LINE RD (0009223),9223,02 - Intersection related,03 - P.D. only,03 - Rear end,01 - Clear,01 - Daylight,01 - Dry,01 - Traffic signal,01 - Functioning,2,0,0,0,,0,,,,,383042.0074,5038358.963,45.48077062,-75.49916571,5568
20--6248,8/12/2020,3:21 PM,HIGHWAY 417 btwn HWY417 IC124 RAMP65 & HWY417 IC122 RAMP51 (__3ZA2R8),__3ZA2R8,01 - Non intersection,02 - Non-fatal injury,03 - Rear end,01 - Clear,01 - Daylight,01 - Dry,10 - No control,,2,0,0,0,02 - Minor,1,,1,,,365132.5124,5028676.897,45.3954316,-75.72941816,5569
20--6249,8/12/2020,3:28 PM,HIGHWAY 417 btwn HWY417 IC124 RAMP65 & HWY417 IC122 RAMP51 (__3ZA2R8),__3ZA2R8,01 - Non intersection,03 - P.D. only,03 - Rear end,01 - Clear,01 - Daylight,01 - Dry,10 - No control,,2,0,0,0,,0,,,,,365128.3633,5028669.925,45.39536923,-75.729472,5570
20--625,1/15/2020,3:30 PM,PRINCE OF WALES DR btwn WINDING WAY & MERIVALE RD (__3ZA26F),__3ZA26F,01 - Non intersection,02 - Non-fatal injury,99 - Other,01 - Clear,01 - Daylight,01 - Dry,10 - No control,,2,0,0,0,01 - Minimal,2,2,,,,367450.6634,5017518.101,45.29482338,-75.70122637,5571
20--6250,8/12/2020,5:05 PM,BOUNDARY RD @ MITCH OWENS RD (0001708),1708,03 - At intersection,02 - Non-fatal injury,02 - Angle,01 - Clear,01 - Daylight,01 - Dry,02 - Stop sign,01 - Functioning,2,0,0,0,02 - Minor,2,,2,,,388065.8332,5022162.471,45.33446924,-75.4376495,5572
20--6251,8/12/2020,5:26 PM,BANK ST @ MITCH OWENS RD (0001640),1640,03 - At intersection,03 - P.D. only,02 - Angle,01 - Clear,01 - Daylight,01 - Dry,01 - Traffic signal,01 - Functioning,2,0,0,0,,0,,,,,377758.7634,5015947.465,45.27969678,-75.5700489,5573
20--6252,8/12/2020,5:45 PM,BOUNDARY RD btwn PANA RD & PRESCOTT/RUSSELL RT 100 (__3ZA3X3),__3ZA3X3,01 - Non intersection,03 - P.D. only,04 - Sideswipe,01 - Clear,01 - Daylight,01 - Dry,10 - No control,,2,0,0,0,,0,,,,,390180.65,5016511.515,45.28337284,-75.41164591,5574
20--6253,8/12/2020,5:53 PM,BLAKE BLVD btwn LACASSE AVE & LAFONTAINE AVE (__3ZA7DW),__3ZA7DW,01 - Non intersection,03 - P.D. only,07 - SMV other,01 - Clear,01 - Daylight,01 - Dry,10 - No control,,1,0,0,0,,0,,,,,370821.4384,5033022.873,45.43402165,-75.65618316,5575
20--6254,8/12/2020,8:27 AM,BANK ST @ RIVERSIDE DR N (0010778),10778,02 - Intersection related,03 - P.D. only,99 - Other,01 - Clear,01 - Daylight,01 - Dry,01 - Traffic signal,01 - Functioning,2,0,0,0,,0,,,,,369225.7194,5027983.2,45.3888253,-75.67723452,5576
20--6255,8/13/2020,10:30 PM,REGIONAL ROAD 174 btwn OR174 IC109 RAMP56 & OR174 IC109 RAMP86 (__3ZA28W),__3ZA28W,01 - Non intersection,03 - P.D. only,07 - SMV other,01 - Clear,07 - Dark,01 - Dry,10 - No control,,1,0,0,0,,0,,,,,376469.0265,5035026.797,45.4514957,-75.58371869,5577
20--6256,8/13/2020,10:40 PM,HWY417 IC130 RAMP35 btwn HIGHWAY 417 & RICHMOND RD (__3ZAY6L),__3ZAY6L,01 - Non intersection,02 - Non-fatal injury,07 - SMV other,01 - Clear,07 - Dark,01 - Dry,10 - No control,,1,0,0,0,03 - Major,2,,1,1,,358987.6678,5022957.33,45.34446954,-75.80852296,5578
20--6257,8/13/2020,10:53 PM,SIXTH LINE RD btwn BERRY SIDE RD & RIDDELL DR (__3ZBPHD),__3ZBPHD,01 - Non intersection,03 - P.D. only,06 - SMV unattended vehicle,01 - Clear,07 - Dark,01 - Dry,10 - No control,,1,0,0,0,,0,,,,,350145.7427,5029134.333,45.40067863,-75.92077939,5579
20--6258,8/13/2020,11:17 AM,AIRPORT PKWY @ WALKLEY RD SB RAMP (0011347),11347,03 - At intersection,03 - P.D. only,05 - Turning movement,01 - Clear,01 - Daylight,01 - Dry,10 - No control,,2,0,0,0,,0,,,,,370148.1807,5025414.607,45.36562848,-75.66579515,5580
20--6259,8/13/2020,11:45 AM,INNES RD @ JEANNE D'ARC BLVD/MER BLEUE RD (0012475),12475,02 - Intersection related,03 - P.D. only,99 - Other,01 - Clear,01 - Daylight,01 - Dry,01 - Traffic signal,01 - Functioning,2,0,0,0,,0,,,,,382637.7874,5035567.436,45.45570009,-75.50477764,5581
20--626,1/15/2020,3:31 PM,MAITLAND AVE/HWY 417 MAITLAND IC126R53 @ HWY 4 (0008229),8229,03 - At intersection,02 - Non-fatal injury,05 - Turning movement,01 - Clear,01 - Daylight,02 - Wet,01 - Traffic signal,01 - Functioning,2,0,0,0,01 - Minimal,1,1,,,,363229.6765,5025774.526,45.36947785,-75.75406306,5582
20--6260,8/13/2020,Unknown,VALMARIE AVE btwn MEADOWLANDS DR & NORMANDY CRES (__3ZAANW),__3ZAANW,01 - Non intersection,03 - P.D. only,06 - SMV unattended vehicle,01 - Clear,00 - Unknown,01 - Dry,10 - No control,,1,0,0,0,,0,,,,,366799.1706,5025137.445,45.36343886,-75.70857764,5583
20--6261,8/13/2020,Unknown,HIGHMONT CRT btwn GOLDRIDGE DR & KANATA AVE (__3ZBPJA),__3ZBPJA,01 - Non intersection,03 - P.D. only,06 - SMV unattended vehicle,01 - Clear,07 - Dark,01 - Dry,10 - No control,,1,0,0,0,,0,,,,,350350.6577,5019539.657,45.31433054,-75.91904621,5584
20--6262,8/13/2020,12:05 AM,REGIONAL ROAD 174 EB btwn HWY417 IC113 RAMP65 & OR174 BLAIR IC112 RAMP51 (__3ZAZFJ),__3ZAZFJ,01 - Non intersection,03 - P.D. only,07 - SMV other,01 - Clear,07 - Dark,01 - Dry,10 - No control,,1,0,0,0,,0,,,,,374614.149,5032683.611,45.4306008,-75.60776257,5585
20--583,1/14/2020,4:31 PM,ABBOTT ST @ SHEA RD (0010341),10341,03 - At intersection,03 - P.D. only,05 - Turning movement,01 - Clear,05 - Dusk,02 - Wet,02 - Stop sign,01 - Functioning,2,0,0,0,,0,,,,,351158.2804,5014146.605,45.26574945,-75.90925032,5586
20--5753,7/23/2020,1:34 PM,MACKENZIE KING BR/WALLER ST @ NICHOLAS ST/WALL (0011251),11251,02 - Intersection related,03 - P.D. only,03 - Rear end,01 - Clear,01 - Daylight,01 - Dry,01 - Traffic signal,01 - Functioning,2,0,0,0,,0,,,,,368372.1457,5031992.637,45.42497892,-75.68761722,5587
20--5574,7/15/2020,5:38 PM,MAITLAND AVE btwn TARA DR & ERINDALE DR (__3ZA4I7),__3ZA4I7,01 - Non intersection,03 - P.D. only,07 - SMV other,01 - Clear,01 - Daylight,01 - Dry,10 - No control,,1,0,0,0,,0,,,,,363651.7887,5025244.633,45.36467463,-75.74873779,5588
20--6025,8/3/2020,11:20 AM,CARLING AVE @ 640 W OF RANGE RD/D.N.D. ENTRANC (0004603),4603,02 - Intersection related,03 - P.D. only,03 - Rear end,01 - Clear,01 - Daylight,01 - Dry,01 - Traffic signal,01 - Functioning,2,0,0,0,,0,,,,,353356.0954,5022978.248,45.3450702,-75.88037971,5589
20--6113,8/6/2020,4:27 PM,REGIONAL ROAD 174 btwn OR174 IC102 RAMP51 & REGIONAL ROAD 174 (__3ZA1I7),__3ZA1I7,01 - Non intersection,02 - Non-fatal injury,03 - Rear end,01 - Clear,01 - Daylight,01 - Dry,10 - No control,,2,0,1,0,01 - Minimal,1,1,,,,381558.6656,5038217.742,45.47966469,-75.51815915,5590
20--6026,8/3/2020,Unknown,MEANDERING BROOK DR btwn HIDDEN MEADOW AVE & EMERALD POND PRIV (__589XKI),__589XKI,01 - Non intersection,03 - P.D. only,06 - SMV unattended vehicle,02 - Rain,00 - Unknown,02 - Wet,10 - No control,,1,0,0,0,,0,,,,,373030.1743,5022947.041,45.34315164,-75.62934967,5591
20--5927,7/29/2020,8:54 AM,BANK ST @ RIVERSIDE DR N (0010778),10778,02 - Intersection related,03 - P.D. only,03 - Rear end,02 - Rain,01 - Daylight,02 - Wet,01 - Traffic signal,01 - Functioning,2,0,0,0,,0,,,,,369225.7209,5027983.544,45.3888284,-75.67723446,5592
20--5754,7/23/2020,1:43 PM,RIVERSIDE DR NB btwn INDUSTRIAL AVE & TREMBLAY RD (__3ZA4SE),__3ZA4SE,01 - Non intersection,03 - P.D. only,04 - Sideswipe,01 - Clear,01 - Daylight,01 - Dry,10 - No control,,2,0,0,0,,0,,,,,370715.4617,5030688.185,45.4130251,-75.6578499,5593
20--5928,7/29/2020,9:47 PM,AVE. DU PERE CHARLEBOIS AVE btwn DONALD ST & AVE. MONSEIGNEUR LEMIEUX  (__3ZA8ZV),__3ZA8ZV,04 - At/near private drive,03 - P.D. only,06 - SMV unattended vehicle,01 - Clear,07 - Dark,01 - Dry,10 - No control,,1,0,0,0,,0,,,,,371184.6727,5032315.921,45.42762642,-75.6516365,5594
20--5575,7/15/2020,6:02 PM,ST. LAURENT BLVD/DUNBARTON CRT @ BRITTANY DR (0007139),7139,03 - At intersection,03 - P.D. only,05 - Turning movement,01 - Clear,01 - Daylight,01 - Dry,01 - Traffic signal,01 - Functioning,2,0,0,0,,0,,,,,371331.7121,5034336.595,45.44579355,-75.64948451,5595
20--6114,8/6/2020,4:28 PM,CLOVER ST @ HERON RD (0006837),6837,02 - Intersection related,02 - Non-fatal injury,03 - Rear end,01 - Clear,01 - Daylight,01 - Dry,01 - Traffic signal,01 - Functioning,2,0,0,0,01 - Minimal,1,1,,,,369292.0988,5026764.191,45.37785093,-75.67654615,5596
20--6027,8/3/2020,2:41 PM,250 N OF BRIAN COBURN BLVD @ TENTH LINE RD (0016461),16461,03 - At intersection,03 - P.D. only,02 - Angle,01 - Clear,01 - Daylight,01 - Dry,01 - Traffic signal,01 - Functioning,2,0,0,0,,0,,,,,384329.7656,5035258.569,45.45273066,-75.48319759,5597
20--5755,7/23/2020,10:03 PM,HWY416 IC57 RAMP62 btwn HIGHWAY 416 & BANKFIELD RD (__3ZAY74),__3ZAY74,01 - Non intersection,03 - P.D. only,07 - SMV other,01 - Clear,07 - Dark,01 - Dry,10 - No control,,1,0,0,0,,0,,,,,364850.9231,5008144.392,45.21070553,-75.73550162,5598
20--6115,8/6/2020,4:40 AM,INDUSTRIAL AVE/INNES RD @ ST. LAURENT BLVD (0002203),2203,02 - Intersection related,02 - Non-fatal injury,03 - Rear end,01 - Clear,07 - Dark,02 - Wet,01 - Traffic signal,01 - Functioning,2,0,0,0,01 - Minimal,1,1,,,,373099.7286,5030005.556,45.40665448,-75.62748606,5599
20--5929,7/29/2020,9:55 PM,CARLING AVE @ MAITLAND AVE/SHERBOURNE RD (0002641),2641,02 - Intersection related,03 - P.D. only,03 - Rear end,01 - Clear,07 - Dark,01 - Dry,01 - Traffic signal,01 - Functioning,2,0,0,0,,0,,,,,362942.701,5026488.527,45.37592622,-75.75764235,5600
20--5576,7/15/2020,6:09 PM,FROBISHER LANE W @ RIVERSIDE DR (0011961),11961,02 - Intersection related,03 - P.D. only,03 - Rear end,01 - Clear,01 - Daylight,01 - Dry,01 - Traffic signal,01 - Functioning,2,0,0,0,,0,,,,,370118.7191,5029601.221,45.40330096,-75.66561721,5601
20--6028,8/3/2020,3:20 PM,HUNT CLUB RD @ RIVERSIDE DR (0002237),2237,02 - Intersection related,02 - Non-fatal injury,02 - Angle,01 - Clear,01 - Daylight,01 - Dry,01 - Traffic signal,01 - Functioning,2,0,0,0,01 - Minimal,2,2,,,,368037.3274,5021945.158,45.33460476,-75.69318228,5602
20--5756,7/23/2020,11:24 PM,HUNTLEY RD btwn GARVIN RD & MOORE ST (__4QEXEK),__4QEXEK,01 - Non intersection,03 - P.D. only,07 - SMV other,01 - Clear,07 - Dark,01 - Dry,10 - No control,,1,0,0,0,,0,,,,,356200.9651,5007142.304,45.20237244,-75.84571837,5603