Anom_ID,Accident_Date,Accident_Time,Location,Geo_ID,Accident_Location,Classification_of_Accident,Initial_Impact_Type,Environment_Condition,Light,Road_Surface_Condition,Traffic_Control,Traffic_Control_Condition,No__of_Vehicles,No__of_Bicycles,No__of_Motorcycles,No__of_Pedestrians,Max_Injury,No__of_Injuries,No__of_Minimal,No__of_Minor,No__of_Major,No__of_Fatal,X,Y,Latitude,Longitude,ObjectId
20--6116,8/6/2020,5:10 PM,RICHMOND RD @ LYNHAR RD/STAFFORD RD (0000155),155,02 - Intersection related,02 - Non-fatal injury,03 - Rear end,01 - Clear,01 - Daylight,01 - Dry,01 - Traffic signal,01 - Functioning,2,0,0,0,01 - Minimal,2,2,,,,358137.6625,5021086.476,45.32770063,-75.81957057,5604
20--593,1/14/2020,6:43 PM,CATHERINE ST @ LYON ST/HWY 417 LYON IC120BR36 (0002254),2254,03 - At intersection,03 - P.D. only,02 - Angle,01 - Clear,07 - Dark,02 - Wet,01 - Traffic signal,01 - Functioning,2,0,0,0,,0,,,,,367747.7045,5030092.56,45.40793911,-75.69583882,5605
20--5930,7/30/2020,1:43 AM,BRANT ST btwn FULLERTON AVE & DONALD ST (__3ZA81P),__3ZA81P,01 - Non intersection,03 - P.D. only,07 - SMV other,01 - Clear,07 - Dark,01 - Dry,10 - No control,,1,0,0,0,,0,,,,,371306.8024,5032431.704,45.42865659,-75.65006028,5606
20--5931,7/30/2020,11:03 AM,WEST HUNT CLUB RD @ CLEOPATRA DR/LANCELOT DR (0000114),114,03 - At intersection,03 - P.D. only,05 - Turning movement,01 - Clear,01 - Daylight,01 - Dry,01 - Traffic signal,01 - Functioning,2,0,0,0,,0,,,,,365235.698,5021732.494,45.33293813,-75.7289497,5607
20--5932,7/30/2020,11:13 AM,AVIATION PKWY @ MONTREAL RD (0008799),8799,02 - Intersection related,03 - P.D. only,03 - Rear end,01 - Clear,01 - Daylight,01 - Dry,01 - Traffic signal,00 - Unknown,2,0,0,0,,0,,,,,372146.7155,5034108.578,45.44366392,-75.63909821,5608
20--5933,7/30/2020,11:35 AM,HIGHWAY 417 btwn HWY417 IC122 RAMP51 & HWY417 IC122 RAMP15 (__3ZA2R0),__3ZA2R0,01 - Non intersection,03 - P.D. only,03 - Rear end,02 - Rain,01 - Daylight,02 - Wet,10 - No control,,2,0,0,0,,0,,,,,365535.0477,5029011.5,45.39840749,-75.72423615,5609
20--5934,7/30/2020,11:40 AM,HIGHWAY 417 btwn HWY417 IC163 RAMP16 & HWY417 IC169 RAMP61 (__5SPO79),__5SPO79,01 - Non intersection,03 - P.D. only,07 - SMV other,01 - Clear,01 - Daylight,01 - Dry,10 - No control,,1,0,0,0,,0,,,,,330382.439,5021742.939,45.33516837,-76.17360157,5610
20--5935,7/30/2020,11:42 AM,NAVAN RD btwn RENAUD RD & MER BLEUE RD (__3ZA3Y1),__3ZA3Y1,01 - Non intersection,03 - P.D. only,07 - SMV other,01 - Clear,01 - Daylight,01 - Dry,10 - No control,,1,0,0,0,,0,,,,,381898.4485,5032720.395,45.43016668,-75.51467534,5611
20--5936,7/30/2020,Unknown,EDGECLIFFE AVE btwn CALDWELL AVE & CAVAN ST (__3ZA14C),__3ZA14C,01 - Non intersection,03 - P.D. only,06 - SMV unattended vehicle,01 - Clear,00 - Unknown,01 - Dry,10 - No control,,1,0,0,0,,0,,,,,364474.9955,5026344.6,45.37450236,-75.73809734,5612
20--5937,7/30/2020,Unknown,SADDLE CRES btwn ESSON ST & TO BE DETERMINED (__3ZA46O),__3ZA46O,01 - Non intersection,03 - P.D. only,07 - SMV other,01 - Clear,00 - Unknown,01 - Dry,10 - No control,,1,0,0,0,,0,,,,,374643.2609,5026085.084,45.37122765,-75.608325,5613
20--5938,7/30/2020,12:18 PM,MALAKOFF RD btwn PROVEN LINE RD & ROGER STEVENS DR (__3ZABAL),__3ZABAL,01 - Non intersection,02 - Non-fatal injury,07 - SMV other,01 - Clear,01 - Daylight,08 - Loose sand or gravel,10 - No control,,1,0,1,0,02 - Minor,1,,1,,,361557.1499,4996871.709,45.109544,-75.77871168,5614
20--5939,7/30/2020,12:23 PM,CHESTERTON DR @ MEADOWLANDS DR (0001110),1110,03 - At intersection,02 - Non-fatal injury,02 - Angle,02 - Rain,01 - Daylight,02 - Wet,01 - Traffic signal,01 - Functioning,2,0,0,0,02 - Minor,1,,1,,,365101.7139,5024009.499,45.35343785,-75.73038137,5615
20--594,1/14/2020,6:47 AM,DUNROBIN RD btwn LILLIAN WAY & HARWOOD LANE (__3ZBOB6),__3ZBOB6,01 - Non intersection,03 - P.D. only,07 - SMV other,01 - Clear,07 - Dark,02 - Wet,10 - No control,,1,0,0,0,,0,,,,,345724.4227,5027730.247,45.38831676,-75.97736879,5616
20--5940,7/30/2020,2:57 PM,HERON RD btwn SANDALWOOD DR & JEFFERSON ST (__3ZA3AG),__3ZA3AG,01 - Non intersection,03 - P.D. only,03 - Rear end,01 - Clear,01 - Daylight,01 - Dry,10 - No control,,3,0,0,0,,0,,,,,371808.4627,5027052.494,45.38020883,-75.6443809,5617
20--5941,7/30/2020,3:50 PM,ROGER STEVENS DR btwn DWYER HILL RD & MALAKOFF RD (__3ZA4ZQ),__3ZA4ZQ,01 - Non intersection,03 - P.D. only,03 - Rear end,01 - Clear,01 - Daylight,01 - Dry,10 - No control,,2,0,0,0,,0,,,,,356309.2494,4991012.374,45.05722046,-75.84600099,5618
20--5942,7/30/2020,3:53 PM,GLADSTONE AVE @ PERCY ST (0007203),7203,03 - At intersection,02 - Non-fatal injury,05 - Turning movement,01 - Clear,01 - Daylight,02 - Wet,01 - Traffic signal,01 - Functioning,2,1,0,0,01 - Minimal,1,1,,,,367328.7117,5030206.572,45.40900251,-75.70117649,5619
20--5943,7/30/2020,3:55 PM,HIGHWAY 417 btwn HWY417 IC124 RAMP65 & HWY417 IC122 RAMP51 (__3ZA2R8),__3ZA2R8,01 - Non intersection,03 - P.D. only,04 - Sideswipe,02 - Rain,01 - Daylight,02 - Wet,10 - No control,,2,0,0,0,,0,,,,,365030.1259,5028499.691,45.39384596,-75.73074738,5620
20--5944,7/30/2020,4:00 PM,PRINCE OF WALES DR btwn BASELINE RD/HERON RD & GREEN VALLEY CRES (__3ZA3G7),__3ZA3G7,01 - Non intersection,02 - Non-fatal injury,05 - Turning movement,01 - Clear,01 - Daylight,01 - Dry,10 - No control,,2,0,1,0,01 - Minimal,1,1,,,,366949.4359,5026623.048,45.37679268,-75.70647278,5621
20--5945,7/30/2020,4:10 PM,HIGHWAY 417 btwn HIGHWAY 417 & HWY417 IC140 RAMP51 (__3ZA20L),__3ZA20L,01 - Non intersection,03 - P.D. only,07 - SMV other,02 - Rain,01 - Daylight,02 - Wet,10 - No control,,1,0,0,0,,0,,,,,349505.1969,5017715.381,45.2979695,-75.92999323,5622
20--5946,7/30/2020,4:26 PM,BASELINE RD @ CORDOVA ST (0003208),3208,02 - Intersection related,03 - P.D. only,03 - Rear end,01 - Clear,01 - Daylight,02 - Wet,01 - Traffic signal,01 - Functioning,2,0,0,0,,0,,,,,363593.6781,5024409.532,45.35716536,-75.74957887,5623
20--5947,7/30/2020,4:41 PM,HOLLAND AVE @ TYNDALL ST (0006087),6087,02 - Intersection related,03 - P.D. only,99 - Other,01 - Clear,01 - Daylight,02 - Wet,01 - Traffic signal,01 - Functioning,2,0,0,0,,0,,,,,365031.6954,5028917.564,45.39760575,-75.73067631,5624
20--5948,7/30/2020,5:33 AM,STONECREST RD btwn DUNHAVEN DR & THOMAS A. DOLAN PKWY (__3ZAC8O),__3ZAC8O,01 - Non intersection,03 - P.D. only,07 - SMV other,01 - Clear,03 - Dawn,01 - Dry,10 - No control,,1,0,0,0,,0,,,,,338916.6109,5028890.588,45.39912262,-76.06422591,5625
20--5949,7/30/2020,5:40 PM,HIGHWAY 417 btwn HWY417 IC124 RAMP65 & HWY417 IC122 RAMP51 (__3ZA2R8),__3ZA2R8,01 - Non intersection,03 - P.D. only,03 - Rear end,01 - Clear,01 - Daylight,01 - Dry,10 - No control,,2,0,0,0,,0,,,,,365159.756,5028712.291,45.39574772,-75.7290659,5626
20--595,1/14/2020,6:58 AM,PINECREST RD @ BASELINE RD (0002657),2657,02 - Intersection related,03 - P.D. only,03 - Rear end,01 - Clear,03 - Dawn,02 - Wet,02 - Stop sign,01 - Functioning,2,0,0,0,,0,,,,,360782.6794,5022694.505,45.34196368,-75.78564872,5627
20--5950,7/30/2020,8:20 PM,ST. JOSEPH BLVD btwn FIRST AVE & TAYLOR CREEK DR (__3ZA25H),__3ZA25H,01 - Non intersection,02 - Non-fatal injury,07 - SMV other,01 - Clear,01 - Daylight,01 - Dry,10 - No control,,1,0,1,0,01 - Minimal,1,1,,,,383707.6406,5039081.713,45.48719833,-75.49053643,5628
20--5951,7/30/2020,9:30 AM,HUNTMAR DR btwn BRADLEY SIDE RD & RICHARDSON SIDE RD (__3ZACWB),__3ZACWB,01 - Non intersection,03 - P.D. only,07 - SMV other,01 - Clear,01 - Daylight,01 - Dry,10 - No control,,1,0,0,0,,0,,,,,348108.876,5019096.426,45.31048406,-75.9476753,5629
20--5952,7/31/2020,1:03 PM,RUSSELL RD S @ ST. LAURENT BLVD (0007734),7734,02 - Intersection related,02 - Non-fatal injury,03 - Rear end,01 - Clear,01 - Daylight,01 - Dry,01 - Traffic signal,01 - Functioning,2,0,0,0,01 - Minimal,2,2,,,,373569.7381,5029260.553,45.39990528,-75.6215864,5630
20--5953,7/31/2020,1:15 PM,ANDRE AUDET AVE btwn DES SOLDATS-RIENDEAU ST & PONDHAWK WAY S/SWITCH GRASS CRES S (__8A9OLC),__8A9OLC,04 - At/near private drive,02 - Non-fatal injury,02 - Angle,01 - Clear,01 - Daylight,01 - Dry,10 - No control,,2,1,0,0,02 - Minor,1,,1,,,364993.408,5011929.9,45.2447556,-75.73322999,5631
20--5954,7/31/2020,1:49 PM,TERRY FOX DR btwn TERRY FOX DR & EAGLESON RD (__51NPEM),__51NPEM,01 - Non intersection,02 - Non-fatal injury,01 - Approaching,01 - Clear,01 - Daylight,01 - Dry,10 - No control,,3,0,0,0,01 - Minimal,2,2,,,,354883.118,5014595.359,45.26953209,-75.86174182,5632
20--5955,7/31/2020,1:53 PM,MONTREAL RD @ SHEFFORD RD (0012423),12423,03 - At intersection,03 - P.D. only,05 - Turning movement,01 - Clear,01 - Daylight,01 - Dry,01 - Traffic signal,01 - Functioning,2,0,0,0,,0,,,,,376125.7265,5034853.57,45.44997224,-75.5881323,5633
20--5956,7/31/2020,10:00 AM,KING EDWARD AVE @ OSGOODE ST/THOMAS MORE PRIV (0007750),7750,02 - Intersection related,03 - P.D. only,03 - Rear end,01 - Clear,01 - Daylight,01 - Dry,01 - Traffic signal,01 - Functioning,2,0,0,0,,0,,,,,368849.6978,5031852.581,45.42367518,-75.68153346,5634
20--5957,7/31/2020,10:25 PM,CARLING AVE @ KIRKWOOD AVE N (0002358),2358,03 - At intersection,03 - P.D. only,05 - Turning movement,01 - Clear,07 - Dark,01 - Dry,01 - Traffic signal,01 - Functioning,2,0,0,0,,0,,,,,364275.69,5027493.546,45.38485733,-75.74050336,5635
20--5958,7/31/2020,10:36 PM,MERIVALE RD btwn EMERALD PLAZA SC & MEADOWLANDS DR (__3ZA4HZB),__3ZA4HZB,01 - Non intersection,03 - P.D. only,99 - Other,01 - Clear,07 - Dark,01 - Dry,10 - No control,,2,0,0,0,,0,,,,,364833.4405,5023783.722,45.35142936,-75.73383239,5636
20--5959,7/31/2020,10:38 AM,HAWTHORNE RD @ HUNT CLUB RD (0007651),7651,02 - Intersection related,03 - P.D. only,03 - Rear end,01 - Clear,01 - Daylight,01 - Dry,01 - Traffic signal,01 - Functioning,2,0,0,0,,0,,,,,375507.746,5026406.532,45.37403319,-75.59724364,5637
20--596,1/14/2020,7:12 AM,ST. JOSEPH BLVD btwn R.C.M.P. COMPLEX & YOUVILLE DR (__3ZA2BHB),__3ZA2BHB,01 - Non intersection,03 - P.D. only,04 - Sideswipe,01 - Clear,03 - Dawn,04 - Slush,10 - No control,,2,0,0,0,,0,,,,,378725.0591,5036057.902,45.46053784,-75.55472443,5638
20--5960,7/31/2020,11:16 AM,BANK ST @ HERON RD (0002155),2155,02 - Intersection related,03 - P.D. only,03 - Rear end,01 - Clear,01 - Daylight,01 - Dry,01 - Traffic signal,01 - Functioning,2,0,0,0,,0,,,,,369995.7173,5026851.543,45.37857177,-75.66755156,5639
20--5961,7/31/2020,11:16 AM,INNES RD btwn 260 E OF BELCOURT BLVD/WALMART SC & JEANNE D'ARC BLVD/ME (__3ZA3JWB),__3ZA3JWB,01 - Non intersection,02 - Non-fatal injury,03 - Rear end,01 - Clear,01 - Daylight,01 - Dry,10 - No control,,3,0,0,0,01 - Minimal,1,1,,,,382594.0023,5035544.046,45.45549452,-75.50534108,5640
20--5962,7/31/2020,11:45 AM,WEST HUNT CLUB RD @ ANTARES DR/LASER ST (0000116),116,02 - Intersection related,03 - P.D. only,03 - Rear end,01 - Clear,01 - Daylight,01 - Dry,01 - Traffic signal,01 - Functioning,2,0,0,0,,0,,,,,367107.71,5022081.507,45.33591477,-75.70502454,5641
20--5963,7/31/2020,Unknown,RAVENHILL AVE btwn EDISON AVE & CHURCHILL AVE N (__3ZA0HF),__3ZA0HF,01 - Non intersection,03 - P.D. only,06 - SMV unattended vehicle,01 - Clear,00 - Unknown,01 - Dry,10 - No control,,1,0,0,0,,0,,,,,363273.9403,5028079.337,45.39021253,-75.75322506,5642
20--5964,7/31/2020,Unknown,JAMES ST btwn KENT ST & BANK ST (__3ZA8GP),__3ZA8GP,01 - Non intersection,03 - P.D. only,06 - SMV unattended vehicle,01 - Clear,00 - Unknown,01 - Dry,10 - No control,,1,0,0,0,,0,,,,,367786.9682,5030673.612,45.4131637,-75.69526303,5643
20--5830,7/25/2020,12:28 PM,INNES RD @ TENTH LINE RD (0004633),4633,02 - Intersection related,03 - P.D. only,03 - Rear end,01 - Clear,01 - Daylight,01 - Dry,01 - Traffic signal,01 - Functioning,2,0,0,0,,0,,,,,383951.759,5036159.565,45.46087992,-75.48788469,5644
20--5965,7/31/2020,Unknown,ESTERBROOK DR btwn ROLLING MEADOW CRES & ROLLING MEADOW CRES (__67PTLR),__67PTLR,01 - Non intersection,03 - P.D. only,06 - SMV unattended vehicle,01 - Clear,00 - Unknown,01 - Dry,10 - No control,,1,0,0,0,,0,,,,,381713.6593,5032484.848,45.42806775,-75.5170734,5645
20--5966,7/31/2020,12:19 PM,BOOTH ST @ CARLING AVE (0002135),2135,03 - At intersection,03 - P.D. only,05 - Turning movement,01 - Clear,01 - Daylight,01 - Dry,01 - Traffic signal,01 - Functioning,2,0,0,0,,0,,,,,367094.7056,5029106.56,45.39912578,-75.70430467,5646
20--5967,7/31/2020,12:27 PM,RAMSAYVILLE RD btwn LOUISEIZE RD & NINTH LINE RD (__3ZBO25),__3ZBO25,01 - Non intersection,03 - P.D. only,07 - SMV other,01 - Clear,01 - Daylight,01 - Dry,10 - No control,,1,0,0,0,,0,,,,,379797.3921,5021293.175,45.32758024,-75.54325885,5647
20--5968,7/31/2020,12:37 AM,ARMSTRONG ST btwn HAMILTON AVE N & PARKDALE AVE (__3ZA0GS),__3ZA0GS,04 - At/near private drive,03 - P.D. only,06 - SMV unattended vehicle,01 - Clear,07 - Dark,01 - Dry,10 - No control,,1,0,0,0,,0,,,,,365057.7389,5029390.498,45.40185887,-75.73028592,5648
20--5969,7/31/2020,12:50 PM,HIGHWAY 417 btwn HWY 417 ANDERSON IC104R61 & HWY 417 BOUNDARY IC96R16 (__3ZA2W5),__3ZA2W5,01 - Non intersection,03 - P.D. only,04 - Sideswipe,01 - Clear,01 - Daylight,01 - Dry,10 - No control,,2,0,0,0,,0,,,,,385702.1423,5024476.094,45.3555619,-75.46742335,5649
20--597,1/14/2020,7:24 AM,PRINCE OF WALES DR @ FALLOWFIELD RD (0000566),566,02 - Intersection related,03 - P.D. only,03 - Rear end,01 - Clear,03 - Dawn,01 - Dry,01 - Traffic signal,01 - Functioning,4,0,0,0,,0,,,,,367399.706,5019166.472,45.30965976,-75.70166785,5650
20--5970,7/31/2020,12:53 PM,CAMPEAU DR @ CONACHER GT (0011761),11761,03 - At intersection,02 - Non-fatal injury,02 - Angle,01 - Clear,01 - Daylight,01 - Dry,02 - Stop sign,01 - Functioning,2,0,0,0,02 - Minor,2,,2,,,351581.2651,5019753.168,45.31617086,-75.90333171,5651
20--5971,7/31/2020,12:53 PM,CASPIAN ROW btwn BRITTANIC & CONTINENTAL AVE (e___2K8S),e___2K8S,01 - Non intersection,03 - P.D. only,06 - SMV unattended vehicle,01 - Clear,01 - Daylight,01 - Dry,10 - No control,,1,0,0,0,,0,,,,,353522.857,5014520.596,45.2689549,-75.87908325,5652
20--5972,7/31/2020,2:34 PM,ROCKCLIFFE PKWY btwn LISGAR RD & BUENA VISTA RD (__3ZAZPE),__3ZAZPE,04 - At/near private drive,02 - Non-fatal injury,05 - Turning movement,01 - Clear,01 - Daylight,01 - Dry,10 - No control,,2,1,0,0,02 - Minor,1,,1,,,368285.3843,5035188.199,45.45373927,-75.68831365,5653
20--5973,7/31/2020,3:03 PM,WEST HUNT CLUB RD @ WOODROFFE AVE (0000576),576,02 - Intersection related,03 - P.D. only,07 - SMV other,01 - Clear,01 - Daylight,01 - Dry,01 - Traffic signal,01 - Functioning,1,0,0,0,,0,,,,,363670.6892,5021246.497,45.3286982,-75.74897243,5654
20--5974,7/31/2020,3:10 PM,HAIG DR @ SMYTH RD (0007736),7736,02 - Intersection related,03 - P.D. only,05 - Turning movement,01 - Clear,01 - Daylight,01 - Dry,01 - Traffic signal,01 - Functioning,2,0,0,0,,0,,,,,372564.7252,5029298.55,45.40034516,-75.63441698,5655
20--5975,7/31/2020,3:15 AM,HIGHWAY 417 btwn HWY417 IC110 RAMP66 & HWY417 IC110 RAMP56 (__3ZA2XR),__3ZA2XR,01 - Non intersection,02 - Non-fatal injury,07 - SMV other,01 - Clear,07 - Dark,01 - Dry,10 - No control,,1,0,0,0,01 - Minimal,1,1,,,,375714.2581,5029522.04,45.40204407,-75.59415968,5656
20--5976,7/31/2020,3:34 AM,FALLOWFIELD RD @ O'KEEFE CRT (0010311),10311,02 - Intersection related,02 - Non-fatal injury,07 - SMV other,01 - Clear,07 - Dark,01 - Dry,02 - Stop sign,00 - Unknown,1,0,0,0,02 - Minor,1,,1,,,360826.6621,5015320.422,45.2756079,-75.7859212,5657
20--5977,7/31/2020,3:39 PM,FAMILY BROWN LANE btwn GRANT CARMAN DR & MERIVALE RD (__3ZBPLO),__3ZBPLO,04 - At/near private drive,03 - P.D. only,02 - Angle,01 - Clear,01 - Daylight,01 - Dry,10 - No control,,2,0,0,0,,0,,,,,365130.6125,5023461.742,45.34850673,-75.73007941,5658
20--5978,7/31/2020,3:52 PM,WOODROFFE AVE NB btwn WEST HUNT CLUB RD & SPORTSPLEX N (__3ZA245A),__3ZA245A,01 - Non intersection,03 - P.D. only,04 - Sideswipe,01 - Clear,01 - Daylight,01 - Dry,10 - No control,,2,0,0,0,,0,,,,,363723.2721,5021156.803,45.32788673,-75.74831235,5659
20--5979,7/31/2020,3:57 PM,NORICE ST @ WOODROFFE AVE (0001542),1542,03 - At intersection,03 - P.D. only,05 - Turning movement,01 - Clear,01 - Daylight,01 - Dry,01 - Traffic signal,01 - Functioning,2,0,0,0,,0,,,,,363194.6858,5022397.493,45.33909456,-75.7549086,5660
20--598,1/14/2020,8:10 AM,CASTLEFRANK RD @ HAZELDEAN RD (0003608),3608,02 - Intersection related,03 - P.D. only,04 - Sideswipe,01 - Clear,01 - Daylight,02 - Wet,01 - Traffic signal,01 - Functioning,2,0,0,0,,0,,,,,352677.8722,5017676.763,45.29741297,-75.88954648,5661
20--5980,7/31/2020,3:59 PM,BURRIS LANE @ MERIVALE RD (0002014),2014,03 - At intersection,03 - P.D. only,02 - Angle,01 - Clear,01 - Daylight,01 - Dry,01 - Traffic signal,01 - Functioning,2,0,0,0,,0,,,,,364880.7055,5025067.531,45.36297684,-75.7330732,5662
20--5981,7/31/2020,4:42 PM,CEDARVIEW RD @ JOCKVALE RD (0000788),788,03 - At intersection,02 - Non-fatal injury,02 - Angle,01 - Clear,01 - Daylight,01 - Dry,11 - Roundabout,01 - Functioning,2,1,0,0,01 - Minimal,1,1,,,,361474.6697,5015252.426,45.27494413,-75.77767054,5663
20--5982,7/31/2020,5:33 PM,HIGHWAY 417 btwn HWY417 IC124 RAMP65 & HWY417 IC122 RAMP51 (__3ZA2R8),__3ZA2R8,01 - Non intersection,03 - P.D. only,04 - Sideswipe,01 - Clear,01 - Daylight,01 - Dry,10 - No control,,2,0,0,0,,0,,,,,365113.3272,5028644.751,45.39514401,-75.7296671,5664
20--5983,7/31/2020,6:30 PM,WELDON DR btwn BELGATE WAY & MURDOCK GT (1) (__3ZA1SC),__3ZA1SC,04 - At/near private drive,03 - P.D. only,02 - Angle,01 - Clear,01 - Daylight,01 - Dry,10 - No control,,2,0,0,0,,0,,,,,372552.4267,5032237.228,45.42678723,-75.63417009,5665
20--5984,7/31/2020,7:18 AM,LAURIER AVE @ NICHOLAS ST (0010711),10711,03 - At intersection,02 - Non-fatal injury,02 - Angle,01 - Clear,01 - Daylight,01 - Dry,01 - Traffic signal,01 - Functioning,2,1,0,0,02 - Minor,1,,1,,,368373.6405,5031798.27,45.42322993,-75.68762321,5666
20--5985,7/31/2020,7:27 PM,CARLING AVE @ WOODROFFE AVE W (0011470),11470,02 - Intersection related,03 - P.D. only,03 - Rear end,01 - Clear,01 - Daylight,01 - Dry,01 - Traffic signal,01 - Functioning,2,0,0,0,,0,,,,,361767.6874,5025725.531,45.36915736,-75.77273153,5667
20--5986,7/31/2020,8:10 PM,MARAVISTA DR @ STRANDHERD DR (0013565),13565,02 - Intersection related,03 - P.D. only,03 - Rear end,01 - Clear,01 - Daylight,01 - Dry,01 - Traffic signal,01 - Functioning,2,0,0,0,,0,,,,,361288.4381,5014584.958,45.26895318,-75.78011984,5668
20--5987,7/31/2020,8:21 PM,WOODFIELD DR btwn DOWNSVIEW CRES & MERIVALE RD (__3ZA00W),__3ZA00W,01 - Non intersection,02 - Non-fatal injury,07 - SMV other,01 - Clear,01 - Daylight,01 - Dry,10 - No control,,1,0,0,1,03 - Major,1,,,1,,365344.2226,5022261.036,45.33768453,-75.72750058,5669
20--5988,7/31/2020,8:50 AM,DALHOUSIE ST @ MURRAY ST (0008241),8241,03 - At intersection,03 - P.D. only,02 - Angle,01 - Clear,01 - Daylight,01 - Dry,01 - Traffic signal,01 - Functioning,2,0,0,0,,0,,,,,368000.6991,5032573.595,45.43023984,-75.69228888,5670
20--5989,7/31/2020,9:18 PM,MALAK ST btwn BRADLEY COLE PRIV & HUNT CLUB RD (__3ZA8M1),__3ZA8M1,01 - Non intersection,03 - P.D. only,06 - SMV unattended vehicle,01 - Clear,07 - Dark,01 - Dry,10 - No control,,1,0,0,0,,0,,,,,374163.1745,5025711.778,45.36791648,-75.61450584,5671
20--599,1/14/2020,8:15 PM,INNES RD btwn BLAIR RD & ANDERSON RD (__3ZA3JZ),__3ZA3JZ,01 - Non intersection,03 - P.D. only,04 - Sideswipe,02 - Rain,07 - Dark,02 - Wet,10 - No control,,2,0,0,0,,0,,,,,376020.458,5031695.685,45.42157022,-75.58993479,5672
20--5990,7/31/2020,9:30 AM,FALLOWFIELD RD @ RICHMOND RD (0000634),634,02 - Intersection related,03 - P.D. only,03 - Rear end,01 - Clear,01 - Daylight,01 - Dry,01 - Traffic signal,01 - Functioning,2,0,0,0,,0,,,,,357721.6335,5013529.408,45.25973259,-75.82568385,5673
20--5991,7/31/2020,9:34 AM,KING EDWARD AVE @ RIDEAU ST (0002121),2121,02 - Intersection related,02 - Non-fatal injury,07 - SMV other,01 - Clear,01 - Daylight,01 - Dry,01 - Traffic signal,01 - Functioning,1,0,0,1,02 - Minor,1,,1,,,368511.7089,5032413.583,45.42875374,-75.68577949,5674
20--5992,7/31/2020,9:55 AM,DUNDONALD DR @ KILBIRNIE DR (0011063),11063,03 - At intersection,03 - P.D. only,02 - Angle,01 - Clear,01 - Daylight,01 - Dry,02 - Stop sign,01 - Functioning,2,0,0,0,,0,,,,,365576.0365,5012295.715,45.24799714,-75.72576417,5675
20--5577,7/15/2020,7:01 PM,MIIKANA RD btwn CEDAR CREEK DR & KELLY FARM DR (__45C8OG),__45C8OG,04 - At/near private drive,03 - P.D. only,02 - Angle,01 - Clear,01 - Daylight,01 - Dry,10 - No control,,2,0,0,0,,0,,,,,375738.966,5019433.56,45.3112701,-75.59529183,5676
20--6029,8/3/2020,3:33 PM,BANK ST @ HUNT CLUB RD (0002119),2119,02 - Intersection related,03 - P.D. only,03 - Rear end,01 - Clear,01 - Daylight,01 - Dry,01 - Traffic signal,01 - Functioning,2,0,0,0,,0,,,,,371608.7353,5024096.504,45.35363095,-75.6473306,5677
20--5757,7/23/2020,Unknown,ST. LOUIS DR btwn ST. ANDRE DR & ORLEANS BLVD (__3ZBO3E),__3ZBO3E,01 - Non intersection,03 - P.D. only,06 - SMV unattended vehicle,01 - Clear,00 - Unknown,01 - Dry,10 - No control,,1,0,0,0,,0,,,,,379748.8112,5038358.817,45.48113061,-75.54128465,5678
20--6117,8/6/2020,5:14 PM,OGILVIE RD btwn MURDOCK GT & CUMMINGS AVE (__3ZBN9A),__3ZBN9A,04 - At/near private drive,02 - Non-fatal injury,02 - Angle,01 - Clear,01 - Daylight,01 - Dry,10 - No control,,2,0,0,0,02 - Minor,2,,2,,,372705.7047,5032149.073,45.42597919,-75.63222368,5679
20--5578,7/15/2020,7:10 PM,SOMERSET ST    W btwn BECKINGTON PRIV & BANK ST (__3ZAZQ1),__3ZAZQ1,01 - Non intersection,03 - P.D. only,04 - Sideswipe,01 - Clear,01 - Daylight,01 - Dry,10 - No control,,2,0,0,0,,0,,,,,367677.4147,5030905.182,45.41525714,-75.69663303,5680
20--5758,7/23/2020,Unknown,GRAND CANAL ST btwn BURRITTS RAPIDS PL & CAMBRIAN RD (__61W6TD),__61W6TD,01 - Non intersection,03 - P.D. only,06 - SMV unattended vehicle,01 - Clear,00 - Unknown,01 - Dry,10 - No control,,1,0,0,0,,0,,,,,364170.6145,5012538.824,45.25030461,-75.74363745,5681
20--603,1/14/2020,9:05 AM,RIVERSIDE DR btwn HUNT CLUB RD & KIMBERWICK CRES (__3ZBOEN),__3ZBOEN,01 - Non intersection,03 - P.D. only,03 - Rear end,01 - Clear,01 - Daylight,02 - Wet,10 - No control,,2,0,0,0,,0,,,,,368050.4325,5022152.702,45.33647102,-75.69298857,5682
20--5579,7/15/2020,8:19 AM,BASELINE RD/HERON RD @ PRINCE OF WALES DR (0002345),2345,02 - Intersection related,03 - P.D. only,03 - Rear end,01 - Clear,01 - Daylight,01 - Dry,01 - Traffic signal,01 - Functioning,2,0,0,0,,0,,,,,366873.7137,5026438.537,45.3751392,-75.7074627,5683
20--6030,8/3/2020,5:00 PM,STRANDHERD DR @ LONGFIELDS DR (0010935),10935,02 - Intersection related,03 - P.D. only,03 - Rear end,01 - Clear,01 - Daylight,01 - Dry,01 - Traffic signal,01 - Functioning,2,0,0,0,,0,,,,,364549.1129,5015174.22,45.27398591,-75.73849897,5684
20--6118,8/6/2020,5:25 PM,HIGHWAY 417 btwn HWY417 IC124 RAMP65 & HWY417 IC122 RAMP51 (__3ZA2R8),__3ZA2R8,01 - Non intersection,03 - P.D. only,03 - Rear end,01 - Clear,01 - Daylight,01 - Dry,10 - No control,,2,0,0,0,,0,,,,,365028.8068,5028497.378,45.39382526,-75.73076451,5685