Anom_ID,Accident_Date,Accident_Time,Location,Geo_ID,Accident_Location,Classification_of_Accident,Initial_Impact_Type,Environment_Condition,Light,Road_Surface_Condition,Traffic_Control,Traffic_Control_Condition,No__of_Vehicles,No__of_Bicycles,No__of_Motorcycles,No__of_Pedestrians,Max_Injury,No__of_Injuries,No__of_Minimal,No__of_Minor,No__of_Major,No__of_Fatal,X,Y,Latitude,Longitude,ObjectId
20--5759,7/23/2020,Unknown,MULLCRAFT CRES btwn WOODPARK WAY & WOODPARK WAY (__3ZA1BK),__3ZA1BK,01 - Non intersection,03 - P.D. only,06 - SMV unattended vehicle,01 - Clear,00 - Unknown,01 - Dry,10 - No control,,1,0,0,0,,0,,,,,365249.6267,5017343.384,45.29344409,-75.7293075,5686
20--558,1/13/2020,8:30 PM,LEBRETON ST @ SOMERSET ST (0006348),6348,03 - At intersection,03 - P.D. only,02 - Angle,01 - Clear,07 - Dark,03 - Loose snow,02 - Stop sign,01 - Functioning,2,0,0,0,,0,,,,,366681.6917,5030319.56,45.41007665,-75.7094274,5687
20--6031,8/3/2020,5:19 PM,CARLING AVE EB btwn VICK AVE & HIGH ST (__3ZA4VT),__3ZA4VT,01 - Non intersection,03 - P.D. only,03 - Rear end,01 - Clear,01 - Daylight,01 - Dry,10 - No control,,2,0,0,0,,0,,,,,359892.4767,5024541.522,45.3586536,-75.79680125,5688
20--6119,8/6/2020,6:30 PM,COLONEL MURRAY ST @ PERTH ST (0000125),125,02 - Intersection related,03 - P.D. only,03 - Rear end,01 - Clear,01 - Daylight,01 - Dry,02 - Stop sign,01 - Functioning,2,0,0,0,,0,,,,,356851.6264,5006352.352,45.19521646,-75.83751917,5689
20--576,1/14/2020,2:23 PM,BEAUDRY ST btwn STEVENS AVE & DONALD ST (__3ZA8Z0),__3ZA8Z0,04 - At/near private drive,03 - P.D. only,99 - Other,01 - Clear,01 - Daylight,03 - Loose snow,10 - No control,,2,0,0,0,,0,,,,,370830.9665,5032375.639,45.42819722,-75.65614819,5690
20--5760,7/23/2020,12:25 PM,HARTLEIGH AVE btwn RICHMOND RD & MIDWAY AVE (__3ZAACO),__3ZAACO,04 - At/near private drive,03 - P.D. only,02 - Angle,01 - Clear,01 - Daylight,01 - Dry,10 - No control,,2,0,0,0,,0,,,,,361199.1927,5025996.741,45.37164367,-75.77995758,5691
20--5761,7/23/2020,12:55 PM,CARP RD @ ROTHBOURNE RD (0002007),2007,02 - Intersection related,03 - P.D. only,03 - Rear end,01 - Clear,01 - Daylight,01 - Dry,02 - Stop sign,01 - Functioning,2,0,0,0,,0,,,,,348253.5661,5014875.446,45.27249329,-75.94619991,5692
20--5762,7/23/2020,2:15 PM,HAZELDEAN RD @ TERRY FOX DR (0003682),3682,02 - Intersection related,03 - P.D. only,03 - Rear end,01 - Clear,01 - Daylight,01 - Dry,01 - Traffic signal,01 - Functioning,2,0,0,0,,0,,,,,352207.6135,5017242.446,45.29353676,-75.89558357,5693
20--5763,7/23/2020,2:40 PM,HIGHWAY 417 btwn HWY417 IC124 RAMP65 & HWY417 IC122 RAMP51 (__3ZA2R8),__3ZA2R8,01 - Non intersection,03 - P.D. only,03 - Rear end,01 - Clear,01 - Daylight,01 - Dry,10 - No control,,2,0,0,0,,0,,,,,364985.7165,5028420.119,45.3931338,-75.73132422,5694
20--5764,7/23/2020,3:46 PM,MITCH OWENS RD btwn RIVER RD & SPRATT RD (__3ZA38F),__3ZA38F,04 - At/near private drive,03 - P.D. only,02 - Angle,01 - Clear,01 - Daylight,01 - Dry,10 - No control,,2,0,0,0,,0,,,,,369559.6366,5010804.418,45.23422331,-75.67521574,5695
20--5765,7/23/2020,3:50 PM,ARGYLE AVE btwn METCALFE ST & ELGIN ST (__3ZA9TS),__3ZA9TS,01 - Non intersection,03 - P.D. only,06 - SMV unattended vehicle,01 - Clear,01 - Daylight,01 - Dry,10 - No control,,1,0,0,0,,0,,,,,368469.324,5030657.224,45.41295449,-75.68654808,5696
20--5766,7/23/2020,4:36 PM,DIAMONDVIEW RD @ DONALD B. MUNRO DR (0011597),11597,03 - At intersection,03 - P.D. only,02 - Angle,01 - Clear,01 - Daylight,01 - Dry,02 - Stop sign,01 - Functioning,3,0,0,0,,0,,,,,338123.5131,5022171.514,45.33869994,-76.07480916,5697
20--5767,7/23/2020,4:40 PM,8TH LINE RD @ PARKWAY RD (0001611),1611,03 - At intersection,02 - Non-fatal injury,02 - Angle,01 - Clear,01 - Daylight,01 - Dry,02 - Stop sign,01 - Functioning,2,0,0,0,02 - Minor,1,,1,,,383165.7874,5016891.448,45.28760827,-75.50099067,5698
20--5768,7/23/2020,4:50 PM,CAVENDISH RD @ PLEASANT PARK RD (0011551),11551,02 - Intersection related,03 - P.D. only,02 - Angle,01 - Clear,01 - Daylight,01 - Dry,02 - Stop sign,01 - Functioning,2,0,0,0,,0,,,,,370181.7231,5028446.538,45.39290566,-75.66496553,5699
20--5769,7/23/2020,5:07 PM,VANIER PKWY NB btwn RIVERSIDE DR & HWY417 IC117 RAMP26 (__3ZA4TH),__3ZA4TH,07 - Overpass or bridge,03 - P.D. only,03 - Rear end,01 - Clear,01 - Daylight,01 - Dry,10 - No control,,2,0,0,0,,0,,,,,370810.7453,5031248.037,45.41805344,-75.65655768,5700
20--577,1/14/2020,3:25 PM,HAWTHORNE AVE/ISABELLA ST @ QUEEN ELIZABETH DR (0002105),2105,02 - Intersection related,03 - P.D. only,04 - Sideswipe,01 - Clear,01 - Daylight,02 - Wet,01 - Traffic signal,01 - Functioning,2,0,0,0,,0,,,,,368665.71,5030476.576,45.41131119,-75.68406267,5701
20--5770,7/23/2020,5:15 PM,ANDERSON RD @ INNES RD (0004200),4200,02 - Intersection related,03 - P.D. only,03 - Rear end,01 - Clear,01 - Daylight,01 - Dry,01 - Traffic signal,01 - Functioning,3,0,0,0,,0,,,,,376280.7427,5031841.565,45.42285621,-75.5865881,5702
20--5771,7/23/2020,5:18 PM,ABBEYHILL DR @ EAGLESON RD (0003404),3404,02 - Intersection related,03 - P.D. only,03 - Rear end,01 - Clear,01 - Daylight,01 - Dry,01 - Traffic signal,01 - Functioning,2,0,0,0,,0,,,,,353827.5914,5018034.465,45.30055236,-75.8748528,5703
20--5772,7/23/2020,5:23 PM,DIAMONDVIEW RD @ DONALD B. MUNRO DR (0011597),11597,03 - At intersection,02 - Non-fatal injury,05 - Turning movement,01 - Clear,01 - Daylight,01 - Dry,02 - Stop sign,01 - Functioning,2,0,0,0,02 - Minor,1,,1,,,338123.5267,5022171.517,45.33869997,-76.07480898,5704
20--5773,7/23/2020,5:23 PM,SHEA RD btwn GARVIN RD & HEMPHILL ST (__3ZBNC9),__3ZBNC9,01 - Non intersection,02 - Non-fatal injury,07 - SMV other,01 - Clear,01 - Daylight,01 - Dry,10 - No control,,1,0,0,0,02 - Minor,1,,1,,,356679.4607,5007938.777,45.20950429,-75.83954509,5705
20--5774,7/23/2020,5:49 AM,MONTREAL RD btwn SINCLAIR ST & SHEFFORD RD (__3ZA2D0),__3ZA2D0,01 - Non intersection,03 - P.D. only,99 - Other,01 - Clear,01 - Daylight,01 - Dry,10 - No control,,2,0,0,0,,0,,,,,376039.3112,5034800.888,45.44950705,-75.58924457,5706
20--5775,7/23/2020,5:50 PM,CARLING AVE @ KEMPSTER AVE/FAMOUS PLAYERS THEA (0002395),2395,02 - Intersection related,03 - P.D. only,04 - Sideswipe,01 - Clear,01 - Daylight,01 - Dry,01 - Traffic signal,01 - Functioning,2,0,0,0,,0,,,,,359210.6706,5024119.513,45.35490961,-75.80554961,5707
20--5776,7/23/2020,6:33 PM,CROSSKEYS PL/HELENE CAMPBELL RD @ STRANDHERD DR (0015337),15337,03 - At intersection,03 - P.D. only,05 - Turning movement,01 - Clear,01 - Daylight,01 - Dry,01 - Traffic signal,01 - Functioning,2,0,0,0,,0,,,,,360982.3112,5014901.733,45.27182808,-75.78398493,5708
20--5777,7/23/2020,6:52 AM,HIGHWAY 417 btwn HIGHWAY 417 & HWY417 IC140 RAMP51 (__3ZA20L),__3ZA20L,01 - Non intersection,03 - P.D. only,07 - SMV other,01 - Clear,01 - Daylight,02 - Wet,10 - No control,,1,0,0,0,,0,,,,,350345.4457,5018210.835,45.30237377,-75.9192348,5709
20--5778,7/23/2020,7:15 AM,LAURIER AVE @ NICHOLAS ST (0010711),10711,02 - Intersection related,03 - P.D. only,04 - Sideswipe,01 - Clear,01 - Daylight,01 - Dry,01 - Traffic signal,01 - Functioning,2,0,0,0,,0,,,,,368373.6369,5031798.269,45.42322993,-75.68762326,5710
20--5779,7/23/2020,7:58 AM,ROSEBELLA AVE btwn ALBION RD & FIRST (1ST) ST (__3ZA8O3),__3ZA8O3,01 - Non intersection,02 - Non-fatal injury,04 - Sideswipe,01 - Clear,01 - Daylight,01 - Dry,10 - No control,,2,1,0,0,02 - Minor,1,,1,,,372398.289,5023071.378,45.34433155,-75.63739492,5711
20--578,1/14/2020,4:00 PM,ABBEYHILL DR @ EAGLESON RD (0003404),3404,03 - At intersection,02 - Non-fatal injury,07 - SMV other,01 - Clear,01 - Daylight,06 - Ice,01 - Traffic signal,01 - Functioning,1,0,0,1,01 - Minimal,1,1,,,,353827.6198,5018034.457,45.30055229,-75.87485244,5712
20--5780,7/23/2020,8:15 PM,EAGLESON RD @ MICHAEL COWPLAND DR/STONEHAVEN D (0003544),3544,02 - Intersection related,02 - Non-fatal injury,03 - Rear end,01 - Clear,01 - Daylight,01 - Dry,01 - Traffic signal,01 - Functioning,3,0,0,0,01 - Minimal,1,1,,,,354382.6239,5016623.433,45.28781664,-75.86791712,5713
20--5781,7/23/2020,8:20 AM,MERIVALE RD/LOTTA AVE @ CLYDE AVE (0001112),1112,02 - Intersection related,02 - Non-fatal injury,03 - Rear end,01 - Clear,01 - Daylight,01 - Dry,01 - Traffic signal,01 - Functioning,4,0,0,0,01 - Minimal,2,2,,,,364521.6956,5024507.522,45.35796863,-75.7377232,5714
20--5782,7/23/2020,8:30 AM,MERIVALE RD btwn GILBEY DR & KIMWAY CRES (__3ZBOC0),__3ZBOC0,04 - At/near private drive,03 - P.D. only,05 - Turning movement,01 - Clear,01 - Daylight,01 - Dry,10 - No control,,2,0,0,0,,0,,,,,364694.6215,5024741.043,45.36005507,-75.73548791,5715
20--5783,7/23/2020,8:45 AM,TRIM RD @ WATTERS RD (0012847),12847,02 - Intersection related,03 - P.D. only,04 - Sideswipe,01 - Clear,01 - Daylight,01 - Dry,01 - Traffic signal,01 - Functioning,2,0,0,0,,0,,,,,384964.6599,5038717.575,45.48377894,-75.47451744,5716
20--5784,7/23/2020,9:13 PM,REGIONAL ROAD 174 btwn TRANSIT & OR174 IC105 RAMP51 (__3ZA28H),__3ZA28H,01 - Non intersection,03 - P.D. only,04 - Sideswipe,01 - Clear,07 - Dark,01 - Dry,10 - No control,,2,0,0,0,,0,,,,,378995.9445,5036765.166,45.46687256,-75.55115436,5717
20--5785,7/23/2020,9:57 AM,BASELINE RD @ JOHN SUTHERLAND DR/VALLEY STREAM (0000011),11,03 - At intersection,02 - Non-fatal injury,05 - Turning movement,01 - Clear,01 - Daylight,01 - Dry,01 - Traffic signal,01 - Functioning,2,0,0,0,02 - Minor,1,,1,,,359310.6611,5021789.494,45.33393629,-75.80453028,5718
20--5786,7/24/2020,1:26 PM,MAITLAND AVE btwn CARLING AVE & DUNCAN PL (__3ZA4JY),__3ZA4JY,01 - Non intersection,03 - P.D. only,05 - Turning movement,01 - Clear,01 - Daylight,01 - Dry,10 - No control,,2,0,0,0,,0,,,,,362967.7089,5026426.052,45.375362,-75.75733044,5719
20--5787,7/24/2020,10:00 AM,CAMERON ST @ REGIONAL RD 174 (0012883),12883,03 - At intersection,03 - P.D. only,05 - Turning movement,01 - Clear,01 - Daylight,01 - Dry,01 - Traffic signal,01 - Functioning,2,0,0,0,,0,,,,,389860.7771,5042617.561,45.51828696,-75.41122021,5720
20--5788,7/24/2020,10:40 PM,PRINCE OF WALES DR btwn JOCKVALE RD & MAPLEHILL WAY (__3ZA29X),__3ZA29X,01 - Non intersection,03 - P.D. only,07 - SMV other,01 - Clear,07 - Dark,01 - Dry,10 - No control,,1,0,0,0,,0,,,,,366735.3356,5012397.505,45.24881198,-75.71098438,5721
20--5789,7/24/2020,11:30 AM,BLAIR RD @ MONTREAL RD (0009277),9277,02 - Intersection related,03 - P.D. only,03 - Rear end,01 - Clear,01 - Daylight,01 - Dry,01 - Traffic signal,01 - Functioning,2,0,0,0,,0,,,,,374019.7228,5034439.595,45.44645927,-75.61511159,5722
20--579,1/14/2020,4:00 PM,EAGLESON RD btwn HWY417 IC138 RAMP51 & KATIMAVIK RD (__3ZA41W),__3ZA41W,04 - At/near private drive,03 - P.D. only,02 - Angle,01 - Clear,01 - Daylight,01 - Dry,10 - No control,,2,0,0,0,,0,,,,,353097.3392,5019868.683,45.31710764,-75.88398489,5723
20--5790,7/24/2020,12:36 PM,HIGHWAY 417 btwn HWY417 IC122 RAMP51 & HWY417 IC122 RAMP15 (__3ZA2R0),__3ZA2R0,01 - Non intersection,02 - Non-fatal injury,03 - Rear end,01 - Clear,01 - Daylight,01 - Dry,10 - No control,,2,0,0,0,01 - Minimal,1,1,,,,365562.313,5029030.693,45.39857782,-75.72388556,5724
20--5791,7/24/2020,12:48 PM,STRANDHERD DR @ LONGFIELDS DR (0010935),10935,02 - Intersection related,03 - P.D. only,04 - Sideswipe,01 - Clear,01 - Daylight,01 - Dry,01 - Traffic signal,01 - Functioning,2,0,0,0,,0,,,,,364548.807,5015173.327,45.2739779,-75.73850298,5725
20--5792,7/24/2020,12:55 PM,ST. JOSEPH BLVD @ JEANNE D'ARC BLVD (0012421),12421,02 - Intersection related,03 - P.D. only,03 - Rear end,01 - Clear,01 - Daylight,01 - Dry,11 - Roundabout,01 - Functioning,2,0,0,0,,0,,,,,379860.7382,5036471.582,45.46413873,-75.54014144,5726
20--5793,7/24/2020,2:08 AM,WOODROFFE AVE @ KNOXDALE RD/MEDHURST DR (0000519),519,03 - At intersection,02 - Non-fatal injury,02 - Angle,01 - Clear,07 - Dark,01 - Dry,01 - Traffic signal,01 - Functioning,2,0,0,0,02 - Minor,1,,1,,,363419.6941,5021826.512,45.33393815,-75.75210547,5727
20--5794,7/24/2020,2:09 PM,HIGHWAY 417 btwn HWY417 IC124 RAMP65 & HWY417 IC122 RAMP51 (__3ZA2R8),__3ZA2R8,01 - Non intersection,02 - Non-fatal injury,03 - Rear end,01 - Clear,01 - Daylight,01 - Dry,10 - No control,,2,0,0,0,02 - Minor,1,,1,,,365165.1931,5028719.176,45.39580921,-75.72899561,5728
20--5795,7/24/2020,2:21 PM,RIVERSIDE DR btwn MARILYN AVE & REVELSTOKE DR (__3ZA37S),__3ZA37S,01 - Non intersection,02 - Non-fatal injury,03 - Rear end,01 - Clear,01 - Daylight,01 - Dry,10 - No control,,2,0,0,0,02 - Minor,1,,1,,,368148.6545,5024290.335,45.35569611,-75.6914617,5729
20--5796,7/24/2020,3:00 PM,BRONSON AVE @ IMPERIAL AVE/PLYMOUTH ST (0010859),10859,03 - At intersection,03 - P.D. only,05 - Turning movement,01 - Clear,01 - Daylight,01 - Dry,10 - No control,,2,0,0,0,,0,,,,,367318.7028,5029643.552,45.40393751,-75.70137574,5730
20--5797,7/24/2020,3:20 PM,HUNT CLUB RD @ CANADAIR PRIV (0010852),10852,02 - Intersection related,03 - P.D. only,03 - Rear end,01 - Clear,01 - Daylight,01 - Dry,01 - Traffic signal,01 - Functioning,2,0,0,0,,0,,,,,368662.7074,5022311.496,45.33784435,-75.68515686,5731
20--5798,7/24/2020,3:42 PM,MANOTICK MAIN ST btwn HIGHCROFT DR & MAPLE AVE (__3ZA387),__3ZA387,04 - At/near private drive,03 - P.D. only,02 - Angle,01 - Clear,01 - Daylight,01 - Dry,10 - No control,,2,0,0,0,,0,,,,,368644.4236,5009968.823,45.22678825,-75.68697799,5732
20--5799,7/24/2020,4:10 PM,BANK ST @ LEITRIM RD (0004125),4125,02 - Intersection related,02 - Non-fatal injury,03 - Rear end,01 - Clear,01 - Daylight,01 - Dry,01 - Traffic signal,01 - Functioning,2,0,0,0,01 - Minimal,2,2,,,,375357.758,5021619.503,45.33097675,-75.59984147,5733
20--58,1/2/2020,9:21 AM,ALBION RD @ BRIDLE PATH DR (0009630),9630,02 - Intersection related,02 - Non-fatal injury,07 - SMV other,01 - Clear,01 - Daylight,02 - Wet,01 - Traffic signal,01 - Functioning,1,0,0,0,02 - Minor,1,,1,,,372106.7403,5023740.511,45.35038022,-75.64102382,5734
20--580,1/14/2020,4:00 PM,130 W OF PRESTON ST @ CARLING AVE (0016879),16879,02 - Intersection related,03 - P.D. only,03 - Rear end,01 - Clear,01 - Daylight,01 - Dry,13 - MPS,01 - Functioning,2,0,0,0,,0,,,,,366724.8285,5028870.656,45.39703599,-75.7090583,5735
20--5800,7/24/2020,4:15 PM,HIGHWAY 417 btwn HWY417 IC180 RAMP61 & HWY417 IC169 RAMP36 (__5DVYB1),__5DVYB1,01 - Non intersection,03 - P.D. only,99 - Other,01 - Clear,01 - Daylight,01 - Dry,10 - No control,,2,0,0,0,,0,,,,,322942.5115,5027692.382,45.38893672,-76.26830595,5736
20--5801,7/24/2020,4:45 PM,RIOCAN AVE @ STRANDHERD DR (0010997),10997,03 - At intersection,03 - P.D. only,05 - Turning movement,01 - Clear,01 - Daylight,01 - Dry,01 - Traffic signal,01 - Functioning,2,0,0,0,,0,,,,,364172.2,5014944.57,45.27195144,-75.74332976,5737
20--5802,7/24/2020,4:58 PM,HIGHWAY 417 btwn HWY417 IC122 RAMP15 & HWY417 IC121B RAMP51 (__3ZA2RB),__3ZA2RB,01 - Non intersection,03 - P.D. only,04 - Sideswipe,01 - Clear,01 - Daylight,01 - Dry,10 - No control,,3,0,0,0,,0,,,,,365975.6042,5029271.211,45.40070595,-75.71857727,5738
20--5803,7/24/2020,5:15 PM,BYRON AVE @ HARMER AVE (0005583),5583,03 - At intersection,02 - Non-fatal injury,02 - Angle,01 - Clear,01 - Daylight,01 - Dry,02 - Stop sign,01 - Functioning,2,1,0,0,01 - Minimal,1,1,,,,364863.7102,5028888.565,45.39735926,-75.73282528,5739
20--5804,7/24/2020,5:16 PM,KING EDWARD AVE @ ST. ANDREW ST (0011434),11434,03 - At intersection,02 - Non-fatal injury,03 - Rear end,01 - Clear,01 - Daylight,01 - Dry,01 - Traffic signal,01 - Functioning,3,0,0,0,02 - Minor,1,,1,,,368160.7003,5032968.581,45.4337793,-75.69019343,5740
20--5805,7/24/2020,5:21 PM,MITCH OWENS RD btwn LIMEBANK RD & DOWNEY RD (__3ZA3H4),__3ZA3H4,01 - Non intersection,02 - Non-fatal injury,01 - Approaching,01 - Clear,01 - Daylight,01 - Dry,10 - No control,,2,0,0,0,01 - Minimal,1,1,,,,372130.1641,5012399.662,45.24833596,-75.64226493,5741
20--5806,7/24/2020,5:50 PM,BROPHY DR @ HWY 416 BANKFIEL IC57R34 (0001078),1078,02 - Intersection related,03 - P.D. only,05 - Turning movement,01 - Clear,01 - Daylight,01 - Dry,02 - Stop sign,01 - Functioning,2,0,0,0,,0,,,,,364561.3149,5007931.521,45.20881471,-75.73921378,5742
20--5807,7/24/2020,6:21 AM,MORRISON DR @ BASELINE RD (0002570),2570,02 - Intersection related,03 - P.D. only,03 - Rear end,01 - Clear,01 - Daylight,01 - Dry,01 - Traffic signal,01 - Functioning,2,0,0,0,,0,,,,,360099.6585,5022309.492,45.3385535,-75.79440658,5743
20--5808,7/24/2020,6:30 AM,TAPADERO AVE btwn NONIUS ST & ROUNCEY RD (e___1G1W),e___1G1W,04 - At/near private drive,03 - P.D. only,02 - Angle,01 - Clear,01 - Daylight,01 - Dry,10 - No control,,2,0,0,0,,0,,,,,353061.334,5015610.338,45.27879252,-75.88485856,5744
20--5809,7/24/2020,6:42 AM,BOOTH ST @ ORANGEVILLE ST (0006511),6511,03 - At intersection,03 - P.D. only,02 - Angle,01 - Clear,01 - Daylight,01 - Dry,02 - Stop sign,01 - Functioning,2,0,0,0,,0,,,,,366891.6946,5029571.567,45.40332782,-75.70683895,5745
20--581,1/14/2020,4:04 PM,HIGHWAY 417 btwn HIGHWAY 417 & Continuation of HIGHWAY 417 (__3ZAZOB),__3ZAZOB,01 - Non intersection,02 - Non-fatal injury,04 - Sideswipe,01 - Clear,01 - Daylight,02 - Wet,10 - No control,,2,0,0,0,01 - Minimal,1,1,,,,353085.2973,5020290.086,45.32090033,-75.88409739,5746
20--5810,7/24/2020,7:30 AM,HOLLAND AVE/TUNNEY'S PASTURE @ SCOTT ST (0006494),6494,03 - At intersection,03 - P.D. only,05 - Turning movement,01 - Clear,01 - Daylight,01 - Dry,01 - Traffic signal,01 - Functioning,2,0,0,0,,0,,,,,364737.6942,5029595.549,45.40373135,-75.73434878,5747
20--5811,7/24/2020,7:30 AM,SLATER ST btwn BAY ST & LYON ST N (__3ZA33A),__3ZA33A,01 - Non intersection,03 - P.D. only,04 - Sideswipe,01 - Clear,01 - Daylight,01 - Dry,10 - No control,,2,0,0,0,,0,,,,,367045.0032,5031116.689,45.41721676,-75.70468567,5748
20--5831,7/25/2020,12:47 PM,PRINCE OF WALES DR @ FAIRPARK DR (0010329),10329,02 - Intersection related,02 - Non-fatal injury,03 - Rear end,01 - Clear,01 - Daylight,01 - Dry,02 - Stop sign,00 - Unknown,3,0,0,0,02 - Minor,1,,1,,,367268.8161,5015413.588,45.27590337,-75.70380959,5749
20--5580,7/15/2020,8:29 AM,BOOTH ST @ RAYMOND ST (0006498),6498,03 - At intersection,02 - Non-fatal injury,02 - Angle,01 - Clear,01 - Daylight,01 - Dry,01 - Traffic signal,01 - Functioning,2,0,0,0,02 - Minor,4,3,1,,,366860.6947,5029641.565,45.40396039,-75.7072261,5750
20--6032,8/3/2020,6:12 AM,ST. LAURENT BLVD @ TREMBLAY RD (0002573),2573,03 - At intersection,03 - P.D. only,07 - SMV other,02 - Rain,03 - Dawn,02 - Wet,01 - Traffic signal,01 - Functioning,1,0,0,0,,0,,,,,372595.7138,5031241.576,45.41782463,-75.63375399,5751
20--612,1/15/2020,10:30 AM,INDUSTRIAL AVE @ RIVERSIDE DR (0011905),11905,02 - Intersection related,03 - P.D. only,03 - Rear end,01 - Clear,01 - Daylight,06 - Ice,01 - Traffic signal,01 - Functioning,2,0,0,0,,0,,,,,370684.7208,5030592.562,45.41216762,-75.65825539,5752
20--5581,7/15/2020,9:01 PM,GLADSTONE AVE @ PRESTON ST (0002212),2212,03 - At intersection,02 - Non-fatal injury,05 - Turning movement,01 - Clear,05 - Dusk,01 - Dry,01 - Traffic signal,01 - Functioning,2,1,0,0,03 - Major,1,,,1,,366489.7055,5029712.558,45.40463196,-75.71195584,5753
20--6033,8/3/2020,7:33 AM,PLACE D'ORLEANS DR W @ ST. JOSEPH BLVD (0008776),8776,02 - Intersection related,03 - P.D. only,04 - Sideswipe,01 - Clear,01 - Daylight,01 - Dry,01 - Traffic signal,01 - Functioning,2,0,0,0,,0,,,,,381601.9035,5037684.133,45.47485898,-75.51768959,5754
20--6120,8/6/2020,6:41 PM,BEECHWOOD AVE btwn MACKAY ST & SPRINGFIELD RD (__3ZA3MM),__3ZA3MM,01 - Non intersection,03 - P.D. only,04 - Sideswipe,01 - Clear,01 - Daylight,01 - Dry,10 - No control,,2,0,0,0,,0,,,,,369217.4807,5033633.874,45.43966879,-75.67660116,5755
20--5582,7/16/2020,1:03 PM,O'TOOLE RD @ REGIMBALD RD (0004904),4904,02 - Intersection related,03 - P.D. only,07 - SMV other,01 - Clear,01 - Daylight,01 - Dry,02 - Stop sign,01 - Functioning,1,0,0,0,,0,,,,,390274.7983,5035492.519,45.45413364,-75.40716205,5756
20--6034,8/3/2020,7:47 PM,GREENBANK RD @ STRANDHERD DR (0005563),5563,03 - At intersection,03 - P.D. only,05 - Turning movement,02 - Rain,05 - Dusk,02 - Wet,01 - Traffic signal,01 - Functioning,2,0,0,0,,0,,,,,363933.694,5014784.415,45.27053046,-75.74638821,5757
20--6121,8/6/2020,7:45 AM,INNES RD @ STONEHENGE CRES E (0009355),9355,02 - Intersection related,03 - P.D. only,03 - Rear end,01 - Clear,01 - Daylight,01 - Dry,01 - Traffic signal,01 - Functioning,3,0,0,0,,0,,,,,375363.7396,5031313.555,45.41819857,-75.59838011,5758
20--5583,7/16/2020,1:10 PM,VICTORIA ST btwn DOW ST & BOWEN ST (__3ZA20B),__3ZA20B,04 - At/near private drive,03 - P.D. only,02 - Angle,01 - Clear,01 - Daylight,01 - Dry,10 - No control,,2,0,0,0,,0,,,,,385318.3526,5011085.451,45.23512629,-75.47449502,5759
20--6035,8/3/2020,8:15 PM,RIVERSIDE DR @ HERON RD (0002236),2236,02 - Intersection related,03 - P.D. only,04 - Sideswipe,01 - Clear,05 - Dusk,01 - Dry,01 - Traffic signal,01 - Functioning,2,0,0,0,,0,,,,,368121.1007,5026647.233,45.37690538,-75.69151128,5760
20--6122,8/6/2020,7:50 AM,HWY 416 ACRES IC75R24 @ HOLLY ACRES RD (0005257),5257,02 - Intersection related,03 - P.D. only,03 - Rear end,01 - Clear,01 - Daylight,01 - Dry,01 - Traffic signal,01 - Functioning,2,0,0,0,,0,,,,,358757.6666,5022868.504,45.34368801,-75.81146744,5761
20--5584,7/16/2020,1:13 PM,WINCHESTER DR @ GOWRIE DR/BOYLSTON LANE (0004019),4019,03 - At intersection,03 - P.D. only,02 - Angle,01 - Clear,01 - Daylight,01 - Dry,02 - Stop sign,01 - Functioning,2,0,0,0,,0,,,,,352583.6159,5016969.461,45.2910549,-75.89081635,5762
20--6036,8/3/2020,9:16 PM,GREENBANK RD @ STRANDHERD DR (0005563),5563,03 - At intersection,02 - Non-fatal injury,05 - Turning movement,02 - Rain,07 - Dark,02 - Wet,01 - Traffic signal,01 - Functioning,2,0,0,0,02 - Minor,1,,1,,,363933.6867,5014784.422,45.27053052,-75.7463883,5763
20--6123,8/6/2020,9:31 PM,HIGHWAY 417 btwn HWY417 IC142 RAMP25 & HIGHWAY 417 (__3ZA1ZP),__3ZA1ZP,01 - Non intersection,03 - P.D. only,07 - SMV other,01 - Clear,07 - Dark,01 - Dry,10 - No control,,1,0,0,0,,0,,,,,349416.105,5017642.244,45.29731706,-75.93113571,5764
20--5585,7/16/2020,1:21 PM,CARLING AVE @ CLYDE AVE/COLE AVE (0006984),6984,03 - At intersection,03 - P.D. only,05 - Turning movement,01 - Clear,01 - Daylight,01 - Dry,01 - Traffic signal,01 - Functioning,2,0,0,0,,0,,,,,363520.6937,5026850.532,45.37913529,-75.75022021,5765
20--6037,8/3/2020,9:34 PM,KING EDWARD AVE @ YORK ST (0008244),8244,03 - At intersection,03 - P.D. only,05 - Turning movement,01 - Clear,07 - Dark,01 - Dry,01 - Traffic signal,01 - Functioning,2,0,0,0,,0,,,,,368396.7142,5032621.594,45.43063581,-75.68722208,5766
20--6124,8/6/2020,9:50 PM,BLAIR RD @ INNES RD (0004165),4165,02 - Intersection related,03 - P.D. only,04 - Sideswipe,01 - Clear,07 - Dark,01 - Dry,01 - Traffic signal,01 - Functioning,2,0,0,0,,0,,,,,375578.7365,5031439.563,45.41931061,-75.59561526,5767