Anom_ID,Accident_Date,Accident_Time,Location,Geo_ID,Accident_Location,Classification_of_Accident,Initial_Impact_Type,Environment_Condition,Light,Road_Surface_Condition,Traffic_Control,Traffic_Control_Condition,No__of_Vehicles,No__of_Bicycles,No__of_Motorcycles,No__of_Pedestrians,Max_Injury,No__of_Injuries,No__of_Minimal,No__of_Minor,No__of_Major,No__of_Fatal,X,Y,Latitude,Longitude,ObjectId
20--6125,8/7/2020,1:40 PM,BEECHWOOD AVE @ CHAMPLAIN AVE (0007194),7194,02 - Intersection related,03 - P.D. only,03 - Rear end,01 - Clear,01 - Daylight,01 - Dry,02 - Stop sign,00 - Unknown,3,0,0,0,,0,,,,,369440.7167,5033803.589,45.44117522,-75.67372571,5768
20--6126,8/7/2020,10:22 AM,CUMBERLAND ST @ YORK ST (0008416),8416,02 - Intersection related,03 - P.D. only,03 - Rear end,01 - Clear,01 - Daylight,01 - Dry,01 - Traffic signal,01 - Functioning,2,0,0,0,,0,,,,,368262.692,5032521.595,45.42974823,-75.68894762,5769
20--6127,8/7/2020,10:31 PM,DALY AVE @ KING EDWARD AVE (0007755),7755,02 - Intersection related,03 - P.D. only,02 - Angle,01 - Clear,07 - Dark,01 - Dry,02 - Stop sign,01 - Functioning,2,0,0,0,,0,,,,,368591.7022,5032273.59,45.42748684,-75.68477543,5770
20--6128,8/7/2020,10:47 AM,BASELINE RD @ WOODROFFE AVE (0002225),2225,02 - Intersection related,03 - P.D. only,04 - Sideswipe,01 - Clear,01 - Daylight,01 - Dry,01 - Traffic signal,01 - Functioning,2,0,0,0,,0,,,,,362549.6908,5023770.506,45.35150222,-75.76297747,5771
20--6129,8/7/2020,11:27 AM,CLEARVIEW AVE @ ISLAND PARK DR (0006144),6144,02 - Intersection related,03 - P.D. only,03 - Rear end,01 - Clear,01 - Daylight,01 - Dry,02 - Stop sign,01 - Functioning,2,0,0,0,,0,,,,,363546.6812,5029364.574,45.40175404,-75.74958911,5772
20--613,1/15/2020,10:30 AM,HWY417 IC118 RAMP76 btwn HIGHWAY 417 & HWY417 IC118 RAMP43 (__3ZAY9N),__3ZAY9N,01 - Non intersection,03 - P.D. only,03 - Rear end,01 - Clear,01 - Daylight,02 - Wet,10 - No control,,2,0,0,0,,0,,,,,369282.1322,5030953.717,45.41554781,-75.67612576,5773
20--6130,8/7/2020,11:30 AM,BOOTH ST btwn SOMERSET ST W & ECCLES ST (__3ZBODL),__3ZBODL,01 - Non intersection,03 - P.D. only,06 - SMV unattended vehicle,01 - Clear,01 - Daylight,01 - Dry,10 - No control,,1,0,0,0,,0,,,,,366597.3468,5030244.148,45.40940557,-75.7105143,5774
20--6131,8/7/2020,11:35 AM,8TH LINE RD @ VICTORIA ST (0001616),1616,03 - At intersection,03 - P.D. only,02 - Angle,01 - Clear,01 - Daylight,01 - Dry,02 - Stop sign,01 - Functioning,2,0,0,0,,0,,,,,385452.7931,5011165.419,45.2358304,-75.47277006,5775
20--6132,8/7/2020,11:41 AM,TERRY FOX DR btwn HUNTSVILLE DR & OLD SECOND LINE RD (__8IAYIU),__8IAYIU,01 - Non intersection,01 - Fatal injury,01 - Approaching,01 - Clear,01 - Daylight,01 - Dry,10 - No control,,2,0,0,0,04 - Fatal,3,,,2,1,348022.496,5021680.168,45.33373866,-75.94855136,5776
20--6133,8/7/2020,12:18 PM,HARRY DOUGLAS DR @ IBER RD (0010266),10266,02 - Intersection related,03 - P.D. only,03 - Rear end,01 - Clear,01 - Daylight,01 - Dry,02 - Stop sign,00 - Unknown,3,0,0,0,,0,,,,,351693.5957,5015205.445,45.27524174,-75.9023291,5777
20--6134,8/7/2020,2:30 PM,ALTA VISTA DR @ WESMAR DR (0007865),7865,03 - At intersection,03 - P.D. only,05 - Turning movement,01 - Clear,01 - Daylight,01 - Dry,02 - Stop sign,01 - Functioning,2,0,0,0,,0,,,,,370476.7158,5026988.56,45.37975968,-75.66139239,5778
20--6135,8/7/2020,2:30 PM,HIGHWAY 417 btwn HWY417 IC124 RAMP65 & HWY417 IC122 RAMP51 (__3ZA2R8),__3ZA2R8,01 - Non intersection,03 - P.D. only,03 - Rear end,01 - Clear,01 - Daylight,01 - Dry,10 - No control,,3,0,0,0,,0,,,,,365163.0353,5028716.453,45.39578489,-75.72902351,5779
20--6136,8/7/2020,2:43 PM,MACDONALD-CARTIER BR btwn RAMP & END (2) (__3ZA3UC),__3ZA3UC,06 - Underpass or tunnel,02 - Non-fatal injury,07 - SMV other,01 - Clear,01 - Daylight,01 - Dry,10 - No control,,1,0,0,0,02 - Minor,1,,1,,,367499.2575,5033186.407,45.43579884,-75.69861868,5780
20--6137,8/7/2020,2:52 PM,HIGHWAY 417 btwn HWY417 IC121B RAMP16 & HWY417 IC121A RAMP16 (__3ZA2YX),__3ZA2YX,01 - Non intersection,02 - Non-fatal injury,03 - Rear end,01 - Clear,01 - Daylight,01 - Dry,10 - No control,,2,0,0,0,02 - Minor,3,2,1,,,366835.8635,5029607.402,45.4036552,-75.70754756,5781
20--6138,8/7/2020,3:01 PM,ALTA VISTA DR @ SMYTH RD (0011353),11353,02 - Intersection related,03 - P.D. only,03 - Rear end,01 - Clear,01 - Daylight,01 - Dry,01 - Traffic signal,01 - Functioning,2,0,0,0,,0,,,,,370432.7163,5029081.558,45.39859586,-75.66167579,5782
20--6139,8/7/2020,3:24 PM,FOURTH LINE RD btwn DILWORTH RD & DONNELLY DR (__3ZA30I),__3ZA30I,01 - Non intersection,03 - P.D. only,03 - Rear end,01 - Clear,01 - Daylight,01 - Dry,10 - No control,,2,0,0,0,,0,,,,,371880.8396,4993269.732,45.07622923,-75.64801037,5783
20--614,1/15/2020,10:55 AM,MAPLE GROVE RD @ TERRY FOX DR (0003177),3177,02 - Intersection related,03 - P.D. only,05 - Turning movement,01 - Clear,01 - Daylight,04 - Slush,01 - Traffic signal,01 - Functioning,2,0,0,0,,0,,,,,351553.601,5017864.466,45.29917768,-75.9038627,5784
20--6140,8/7/2020,3:31 PM,BASELINE RD @ MERIVALE RD (0002342),2342,03 - At intersection,03 - P.D. only,02 - Angle,01 - Clear,01 - Daylight,01 - Dry,01 - Traffic signal,01 - Functioning,3,0,0,0,,0,,,,,365054.6999,5025325.51,45.36528316,-75.73082092,5785
20--6141,8/7/2020,3:40 PM,MONTREAL RD @ ST. LAURENT BLVD (0002604),2604,02 - Intersection related,03 - P.D. only,03 - Rear end,01 - Clear,01 - Daylight,01 - Dry,01 - Traffic signal,01 - Functioning,2,0,0,0,,0,,,,,371545.6997,5033817.603,45.44110351,-75.64681968,5786
20--6142,8/7/2020,4:11 PM,INDUSTRIAL AVE @ RIVERSIDE DR (0011905),11905,02 - Intersection related,03 - P.D. only,03 - Rear end,01 - Clear,01 - Daylight,01 - Dry,01 - Traffic signal,00 - Unknown,3,0,0,0,,0,,,,,370684.7131,5030592.569,45.41216768,-75.65825549,5787
20--6143,8/7/2020,4:56 PM,SUSSEX DR @ JOHN ST (0007657),7657,02 - Intersection related,03 - P.D. only,04 - Sideswipe,01 - Clear,01 - Daylight,01 - Dry,02 - Stop sign,01 - Functioning,2,0,0,0,,0,,,,,367860.8458,5033944.926,45.44259121,-75.69390037,5788
20--6144,8/7/2020,5:06 PM,ST. LAURENT BLVD btwn SHORE ST & BELFAST RD (__3ZA2GU),__3ZA2GU,01 - Non intersection,02 - Non-fatal injury,03 - Rear end,01 - Clear,01 - Daylight,01 - Dry,10 - No control,,2,0,0,0,02 - Minor,1,,1,,,372860.3217,5030579.567,45.41184249,-75.63046483,5789
20--6145,8/7/2020,5:15 PM,BESSERER ST @ NICHOLAS ST (0007614),7614,02 - Intersection related,03 - P.D. only,04 - Sideswipe,01 - Clear,01 - Daylight,01 - Dry,01 - Traffic signal,01 - Functioning,2,0,0,0,,0,,,,,368185.7071,5032111.577,45.42606602,-75.68998416,5790
20--6146,8/7/2020,5:15 PM,THOMAS A. DOLAN PKWY btwn TORWOOD DR & STONERIDGE RD (__3ZAC2A),__3ZAC2A,01 - Non intersection,03 - P.D. only,07 - SMV other,01 - Clear,01 - Daylight,01 - Dry,10 - No control,,1,0,0,0,,0,,,,,346417.5642,5035135.061,45.4549057,-75.96789176,5791
20--6147,8/7/2020,6:03 PM,HIGHWAY 7 btwn RAMP & DWYER HILL RD (__7JQ7LW),__7JQ7LW,01 - Non intersection,03 - P.D. only,99 - Other,01 - Clear,01 - Daylight,01 - Dry,10 - No control,,3,0,0,0,,0,,,,,340628.0868,5006609.342,45.19854007,-76.0439758,5792
20--6148,8/7/2020,6:55 AM,SCOTT ST btwn ROCKHURST RD & CARLETON AVE (__3ZA4QT),__3ZA4QT,01 - Non intersection,02 - Non-fatal injury,05 - Turning movement,01 - Clear,01 - Daylight,01 - Dry,10 - No control,,2,1,0,0,02 - Minor,1,,1,,,364110.3075,5029211.891,45.40033271,-75.74240853,5793
20--6149,8/7/2020,7:56 PM,BOWESVILLE RD btwn FICKO CRES & RIDEAU RD (__3ZA71C),__3ZA71C,01 - Non intersection,02 - Non-fatal injury,07 - SMV other,01 - Clear,05 - Dusk,01 - Dry,10 - No control,,1,0,0,0,02 - Minor,1,,1,,,373306.1613,5015689.591,45.27782447,-75.62683166,5794
20--615,1/15/2020,11:15 AM,BANK ST btwn SECOND AVE & THIRD AVE (__3ZA3O2),__3ZA3O2,01 - Non intersection,03 - P.D. only,04 - Sideswipe,01 - Clear,01 - Daylight,02 - Wet,10 - No control,,2,0,0,0,,0,,,,,368313.1123,5029610.172,45.40354765,-75.68867856,5795
20--6150,8/7/2020,8:07 AM,RIDDELL DR btwn CAMPBELL REID CRT & MORAN ST (__3ZA42A),__3ZA42A,01 - Non intersection,02 - Non-fatal injury,03 - Rear end,01 - Clear,01 - Daylight,01 - Dry,10 - No control,,2,0,0,0,01 - Minimal,1,1,,,,347466.8166,5026584.508,45.37790318,-75.95521731,5796
20--6151,8/7/2020,8:38 AM,KENNEVALE DR @ STRANDHERD DR (0010896),10896,02 - Intersection related,03 - P.D. only,99 - Other,01 - Clear,01 - Daylight,01 - Dry,01 - Traffic signal,01 - Functioning,2,0,0,0,,0,,,,,361491.8565,5014099.551,45.26456908,-75.77758312,5797
20--6152,8/7/2020,8:53 PM,RIVERSIDE DR @ UPLANDS DR/KIMBERWICK CRES N (0006890),6890,02 - Intersection related,03 - P.D. only,03 - Rear end,01 - Clear,07 - Dark,01 - Dry,01 - Traffic signal,01 - Functioning,2,0,0,0,,0,,,,,368194.7188,5022793.501,45.34222377,-75.6910657,5798
20--6153,8/7/2020,8:53 PM,IRIS ST @ WOODROFFE AVE (0002736),2736,02 - Intersection related,03 - P.D. only,03 - Rear end,01 - Clear,07 - Dark,01 - Dry,01 - Traffic signal,01 - Functioning,2,0,0,0,,0,,,,,362282.6841,5024441.518,45.35756188,-75.76630681,5799
20--6154,8/7/2020,9:00 AM,HWY 417 INNES IC112R57 @ INNES RD (0012298),12298,02 - Intersection related,03 - P.D. only,03 - Rear end,01 - Clear,01 - Daylight,01 - Dry,01 - Traffic signal,01 - Functioning,2,0,0,0,,0,,,,,374298.8527,5030754.322,45.41327347,-75.61206379,5800
20--6155,8/7/2020,9:15 PM,HUNT CLUB RD EB btwn 275 E OF HAWTHORNE RD/OC TRANSPO TURNAROUND & HAWTHORNE RD (e___2HF3A),e___2HF3A,01 - Non intersection,03 - P.D. only,04 - Sideswipe,01 - Clear,07 - Dark,01 - Dry,10 - No control,,2,0,0,0,,0,,,,,376371.815,5027138.977,45.38053563,-75.58610694,5801
20--6156,8/7/2020,9:17 AM,AVIATION PKWY @ MONTREAL RD (0008799),8799,03 - At intersection,02 - Non-fatal injury,05 - Turning movement,01 - Clear,01 - Daylight,01 - Dry,01 - Traffic signal,01 - Functioning,2,0,1,0,03 - Major,2,,,2,,372146.7251,5034108.578,45.44366392,-75.63909809,5802
20--6157,8/8/2020,1:27 PM,MCARTHUR AVE btwn MAY ST & ST. LAURENT BLVD (__3ZA3XL),__3ZA3XL,01 - Non intersection,03 - P.D. only,03 - Rear end,01 - Clear,01 - Daylight,01 - Dry,10 - No control,,2,0,0,0,,0,,,,,371874.2585,5032874.011,45.43258207,-75.6427489,5803
20--6158,8/8/2020,1:40 PM,HIGHWAY 417 btwn HWY417 IC117 RAMP25 & HWY417 IC115 RAMP51 (__3ZA2R3),__3ZA2R3,01 - Non intersection,02 - Non-fatal injury,03 - Rear end,01 - Clear,01 - Daylight,01 - Dry,10 - No control,,2,0,0,0,01 - Minimal,1,1,,,,371483.3544,5031392.225,45.419287,-75.64794496,5804
20--6159,8/8/2020,10:32 PM,FOREST VALLEY DR btwn DES RAVINS PL & DES RAVINS PL (__3ZA62R),__3ZA62R,01 - Non intersection,02 - Non-fatal injury,07 - SMV other,01 - Clear,07 - Dark,01 - Dry,10 - No control,,1,0,1,0,02 - Minor,2,,2,,,380076.8212,5035031.805,45.45116147,-75.53759902,5805
20--616,1/15/2020,11:19 AM,WOODROFFE AVE @ CLARIDGE DR/STONEWAY DR N (0009791),9791,02 - Intersection related,03 - P.D. only,03 - Rear end,01 - Clear,01 - Daylight,01 - Dry,01 - Traffic signal,01 - Functioning,2,0,0,0,,0,,,,,365576.6957,5016707.441,45.2876937,-75.72521589,5806
20--6160,8/8/2020,10:46 AM,LIMEBANK RD @ RIDEAU RD (0004455),4455,03 - At intersection,03 - P.D. only,02 - Angle,01 - Clear,01 - Daylight,01 - Dry,02 - Stop sign,01 - Functioning,3,0,0,0,,0,,,,,370882.7458,5014019.42,45.26302852,-75.65793897,5807
20--6161,8/8/2020,11:05 AM,WALKLEY RD btwn BANK ST & BANFF AVE (__3ZA375),__3ZA375,01 - Non intersection,03 - P.D. only,03 - Rear end,01 - Clear,01 - Daylight,01 - Dry,10 - No control,,2,0,0,0,,0,,,,,370347.6044,5025953.653,45.37046002,-75.66317816,5808
20--6162,8/8/2020,11:30 AM,BANK ST @ WALKLEY RD (0011423),11423,02 - Intersection related,03 - P.D. only,04 - Sideswipe,01 - Clear,01 - Daylight,01 - Dry,01 - Traffic signal,01 - Functioning,2,0,0,0,,0,,,,,370337.8424,5025947.732,45.37040766,-75.66330356,5809
20--6163,8/8/2020,Unknown,PEPPERVILLE CRES btwn TEMPLEFORD AVE & TABARET ST (__7IFXP5),__7IFXP5,01 - Non intersection,03 - P.D. only,06 - SMV unattended vehicle,01 - Clear,00 - Unknown,01 - Dry,10 - No control,,1,0,0,0,,0,,,,,354466.854,5015360.965,45.27645072,-75.86696976,5810
20--6164,8/8/2020,12:25 PM,MACKENZIE AVE @ MURRAY ST (0011914),11914,02 - Intersection related,03 - P.D. only,04 - Sideswipe,01 - Clear,01 - Daylight,01 - Dry,01 - Traffic signal,01 - Functioning,2,0,0,0,,0,,,,,367639.7013,5032383.585,45.42856272,-75.69692626,5811
20--6165,8/8/2020,12:30 PM,KELLY FARM DR btwn BARRETT FARM DR & TROLLIUS WAY (e___2HNH),e___2HNH,01 - Non intersection,03 - P.D. only,99 - Other,01 - Clear,01 - Daylight,01 - Dry,10 - No control,,2,0,0,0,,0,,,,,374598.825,5020488.888,45.3208798,-75.60968195,5812
20--6166,8/8/2020,2:00 PM,ESSON ST @ HUNT CLUB RD (0002152),2152,02 - Intersection related,03 - P.D. only,03 - Rear end,01 - Clear,01 - Daylight,01 - Dry,02 - Stop sign,01 - Functioning,2,0,0,0,,0,,,,,374639.7405,5025907.517,45.36963033,-75.60839504,5813
20--6167,8/8/2020,2:32 PM,BAYCREST DR @ WALKLEY RD (0006958),6958,02 - Intersection related,03 - P.D. only,07 - SMV other,01 - Clear,01 - Daylight,01 - Dry,01 - Traffic signal,01 - Functioning,1,0,0,0,,0,,,,,371421.1007,5026591.411,45.37609711,-75.64938871,5814
20--6168,8/8/2020,2:35 PM,WARREN AVE @ WELLINGTON ST (0005628),5628,03 - At intersection,03 - P.D. only,02 - Angle,01 - Clear,01 - Daylight,01 - Dry,02 - Stop sign,01 - Functioning,2,0,0,0,,0,,,,,364609.7041,5029047.552,45.39881153,-75.73605005,5815
20--6169,8/8/2020,2:43 PM,QUIGG PRIV btwn LAFAYETTE PRIV & BATHGATE DR (__3ZBO97),__3ZBO97,01 - Non intersection,03 - P.D. only,06 - SMV unattended vehicle,01 - Clear,01 - Daylight,01 - Dry,10 - No control,,1,0,0,0,,0,,,,,373336.6551,5034080.682,45.44329728,-75.62389272,5816
20--617,1/15/2020,Unknown,OTTAWA RIVER PKWY WB btwn TUNNEY'S PASTURE/REMIC RAPIDS ENT & PARKDALE (__3ZA24KA),__3ZA24KA,01 - Non intersection,03 - P.D. only,03 - Rear end,03 - Snow,07 - Dark,03 - Loose snow,10 - No control,,2,0,0,0,,0,,,,,363347.9389,5029568.442,45.40360506,-75.75210336,5817
20--6170,8/8/2020,2:49 PM,BERKELEY AVE @ RICHMOND RD (0006933),6933,02 - Intersection related,03 - P.D. only,03 - Rear end,01 - Clear,01 - Daylight,01 - Dry,02 - Stop sign,00 - Unknown,3,0,0,0,,0,,,,,362910.679,5028065.554,45.39011875,-75.75786553,5818
20--6171,8/8/2020,4:10 PM,PLEASANT PARK RD btwn OTHELLO AVE & ST. LAURENT BLVD (__3ZA76L),__3ZA76L,04 - At/near private drive,03 - P.D. only,99 - Other,01 - Clear,01 - Daylight,01 - Dry,10 - No control,,2,0,0,0,,0,,,,,373576.2599,5028789.741,45.39566849,-75.62156875,5819
20--6172,8/8/2020,4:50 PM,HIGHWAY 417 btwn HWY417 IC122 RAMP15 & HWY417 IC121B RAMP51 (__3ZA2RB),__3ZA2RB,01 - Non intersection,03 - P.D. only,03 - Rear end,01 - Clear,01 - Daylight,01 - Dry,10 - No control,,2,0,0,0,,0,,,,,366165.3828,5029366.708,45.4015486,-75.71614149,5820
20--5832,7/25/2020,4:00 PM,HIGHWAY 417 btwn HWY417 IC122 RAMP15 & HWY417 IC121B RAMP51 (__3ZA2RB),__3ZA2RB,01 - Non intersection,03 - P.D. only,03 - Rear end,01 - Clear,01 - Daylight,01 - Dry,10 - No control,,2,0,0,0,,0,,,,,366550.7546,5029505.743,45.40276571,-75.71120195,5821
20--5586,7/16/2020,10:00 AM,BANK ST btwn SALE BARN RD & GREY'S CREEK RD (__3ZA28J),__3ZA28J,01 - Non intersection,03 - P.D. only,07 - SMV other,01 - Clear,01 - Daylight,01 - Dry,10 - No control,,1,0,0,0,,0,,,,,380238.0578,5013247.648,45.25514342,-75.53886164,5822
20--5833,7/25/2020,4:15 PM,HIGHWAY 417 btwn HWY417 IC124 RAMP65 & HWY417 IC122 RAMP51 (__3ZA2R8),__3ZA2R8,01 - Non intersection,02 - Non-fatal injury,03 - Rear end,01 - Clear,01 - Daylight,01 - Dry,10 - No control,,4,0,0,0,02 - Minor,1,,1,,,365099.0846,5028620.898,45.39493062,-75.72985191,5823
20--5834,7/25/2020,5:06 AM,EAGLESON RD @ COPE DR/CADENCE GT (0011923),11923,02 - Intersection related,02 - Non-fatal injury,07 - SMV other,01 - Clear,03 - Dawn,01 - Dry,01 - Traffic signal,01 - Functioning,1,0,0,0,02 - Minor,1,,1,,,354620.6246,5016027.44,45.28243693,-75.8649431,5824
20--6038,8/4/2020,1:10 PM,ST. LAURENT BLVD @ WALKLEY RD (0007653),7653,02 - Intersection related,03 - P.D. only,03 - Rear end,02 - Rain,01 - Daylight,02 - Wet,01 - Traffic signal,01 - Functioning,2,0,0,0,,0,,,,,373902.7529,5028046.855,45.3889522,-75.61750322,5825
20--5835,7/25/2020,5:12 PM,BANK ST @ RIVERSIDE DR S (0002704),2704,02 - Intersection related,03 - P.D. only,99 - Other,01 - Clear,01 - Daylight,01 - Dry,01 - Traffic signal,01 - Functioning,2,0,0,0,,0,,,,,369304.7204,5027894.55,45.38802038,-75.67623731,5826
20--5836,7/25/2020,5:40 PM,BANK ST @ RIVERSIDE DR S (0002704),2704,02 - Intersection related,03 - P.D. only,03 - Rear end,01 - Clear,01 - Daylight,01 - Dry,01 - Traffic signal,01 - Functioning,3,0,0,0,,0,,,,,369304.7208,5027894.549,45.38802038,-75.67623731,5827
20--6039,8/4/2020,1:20 PM,BANK ST @ HUNT CLUB RD (0002119),2119,02 - Intersection related,02 - Non-fatal injury,03 - Rear end,02 - Rain,01 - Daylight,02 - Wet,01 - Traffic signal,01 - Functioning,2,0,0,0,01 - Minimal,1,1,,,,371608.7358,5024096.502,45.35363093,-75.6473306,5828
20--5837,7/25/2020,6:46 PM,SHEA RD btwn BROWNLEE RD & GARVIN RD (__3ZACH2),__3ZACH2,01 - Non intersection,02 - Non-fatal injury,07 - SMV other,01 - Clear,01 - Daylight,01 - Dry,10 - No control,,1,0,0,0,03 - Major,1,,,1,,356633.4764,5008040.48,45.21042283,-75.84011987,5829
20--604,1/14/2020,9:19 AM,BAY ST @ SOMERSET ST (0007204),7204,03 - At intersection,03 - P.D. only,02 - Angle,01 - Clear,01 - Daylight,06 - Ice,99 - Other,01 - Functioning,2,0,0,0,,0,,,,,367245.3107,5030645.465,45.41295898,-75.70218626,5830
20--5587,7/16/2020,10:22 AM,DUNDEGAN DR btwn GLAMORGAN DR & GLAMORGAN DR (__3ZACL2),__3ZACL2,01 - Non intersection,03 - P.D. only,06 - SMV unattended vehicle,01 - Clear,01 - Daylight,01 - Dry,10 - No control,,1,0,0,0,,0,,,,,353513.7685,5016600.504,45.28767108,-75.87899494,5831
20--6040,8/4/2020,1:27 PM,RIOCAN AVE @ STRANDHERD DR (0010997),10997,02 - Intersection related,03 - P.D. only,02 - Angle,02 - Rain,01 - Daylight,02 - Wet,01 - Traffic signal,01 - Functioning,3,0,0,0,,0,,,,,364172.2306,5014944.574,45.27195147,-75.74332937,5832
20--5838,7/25/2020,7:20 PM,CONROY RD @ HUNT CLUB RD (0002257),2257,03 - At intersection,01 - Fatal injury,05 - Turning movement,01 - Clear,01 - Daylight,01 - Dry,01 - Traffic signal,01 - Functioning,2,1,0,0,04 - Fatal,2,,1,,1,373763.7383,5025404.53,45.36519141,-75.61964735,5833
20--6041,8/4/2020,1:36 PM,INNES RD @ STAR TOP RD/WINDMILL LANE (0008734),8734,03 - At intersection,02 - Non-fatal injury,05 - Turning movement,02 - Rain,01 - Daylight,02 - Wet,01 - Traffic signal,01 - Functioning,2,0,0,0,02 - Minor,1,,1,,,374147.7342,5030666.562,45.41249884,-75.61400664,5834
20--5839,7/26/2020,1:30 AM,LINCOLN HEIGHTS RD btwn RICHLIN CRES & REGINA ST (1) (__3ZAAB0),__3ZAAB0,01 - Non intersection,03 - P.D. only,06 - SMV unattended vehicle,01 - Clear,07 - Dark,01 - Dry,10 - No control,,1,0,0,0,,0,,,,,360702.1681,5025720.361,45.36919664,-75.78633382,5835
20--584,1/14/2020,4:36 PM,LEITRIM RD btwn 810 W OF HAWTHORNE & BANK ST (__3ZA3SPA),__3ZA3SPA,04 - At/near private drive,03 - P.D. only,05 - Turning movement,01 - Clear,05 - Dusk,04 - Slush,10 - No control,,2,0,0,0,,0,,,,,375383.6465,5021635.36,45.33111683,-75.59950897,5836
20--6042,8/4/2020,10:00 AM,ALBERT ST @ BANK ST (0002115),2115,03 - At intersection,03 - P.D. only,02 - Angle,02 - Rain,01 - Daylight,02 - Wet,01 - Traffic signal,01 - Functioning,2,0,0,0,,0,,,,,367385.853,5031423.384,45.4199459,-75.70029205,5837
20--5840,7/26/2020,1:43 PM,TERRY FOX DR @ TRANS CANADA TRAIL (0011969),11969,02 - Intersection related,03 - P.D. only,03 - Rear end,01 - Clear,01 - Daylight,01 - Dry,01 - Traffic signal,01 - Functioning,2,0,1,0,,0,,,,,353251.8386,5015999.823,45.28228411,-75.8823925,5838
20--6043,8/4/2020,10:15 AM,BASELINE RD @ CLYDE AVE (0002343),2343,02 - Intersection related,03 - P.D. only,03 - Rear end,02 - Rain,01 - Daylight,02 - Wet,01 - Traffic signal,01 - Functioning,2,0,0,0,,0,,,,,364358.7026,5024890.514,45.36142861,-75.73975728,5839
20--5841,7/26/2020,1:50 PM,BASELINE RD @ CLYDE AVE (0002343),2343,02 - Intersection related,03 - P.D. only,03 - Rear end,01 - Clear,01 - Daylight,01 - Dry,01 - Traffic signal,01 - Functioning,2,0,0,0,,0,,,,,364358.7027,5024890.512,45.36142859,-75.73975728,5840
20--5588,7/16/2020,10:45 AM,SMYTH RD btwn MAIN ST & RAMP (__3ZA3OL),__3ZA3OL,01 - Non intersection,03 - P.D. only,04 - Sideswipe,01 - Clear,01 - Daylight,01 - Dry,10 - No control,,2,0,0,0,,0,,,,,369824.0477,5029144.444,45.39921848,-75.66944117,5841
20--6044,8/4/2020,10:18 AM,BLACKBURN BYPASS WB btwn 1700 W OF NAVAN RD & INNES RD W (__3ZA3J5A),__3ZA3J5A,01 - Non intersection,02 - Non-fatal injury,03 - Rear end,02 - Rain,01 - Daylight,02 - Wet,10 - No control,,2,0,0,0,01 - Minimal,1,1,,,,377387.1101,5032150.444,45.42552139,-75.57240679,5842
20--5842,7/26/2020,3:00 PM,FRANKTOWN RD btwn ASHTON STATION RD & STARLIGHT PL (__5A65CP),__5A65CP,01 - Non intersection,03 - P.D. only,07 - SMV other,01 - Clear,01 - Daylight,01 - Dry,10 - No control,,1,0,0,0,,0,,,,,346288.6897,4996774.105,45.10972631,-75.97274657,5843
20--6045,8/4/2020,11:14 PM,BANK ST @ RIVERSIDE DR N (0010778),10778,02 - Intersection related,03 - P.D. only,03 - Rear end,02 - Rain,07 - Dark,02 - Wet,01 - Traffic signal,01 - Functioning,2,0,0,0,,0,,,,,369225.7114,5027983.538,45.38882834,-75.67723458,5844
20--5589,7/16/2020,11:35 AM,PRINCE OF WALES DR btwn WILLIAM MCEWEN DR & CARSONBY RD W (__3ZAZ7Y),__3ZAZ7Y,07 - Overpass or bridge,03 - P.D. only,07 - SMV other,01 - Clear,01 - Daylight,01 - Dry,10 - No control,,1,0,0,0,,0,,,,,366147.8634,5004712.156,45.17971028,-75.71941436,5845
20--5843,7/26/2020,3:29 PM,PARKDALE AVE @ HWY 417 PARKDAL IC122R15/HWY 41 (0002363),2363,03 - At intersection,03 - P.D. only,02 - Angle,01 - Clear,01 - Daylight,01 - Dry,01 - Traffic signal,01 - Functioning,2,0,0,0,,0,,,,,365336.6978,5028845.556,45.39693154,-75.72678979,5846
20--6046,8/4/2020,11:27 AM,BROPHY DR @ HWY 416 BANKFIEL IC57R34 (0001078),1078,03 - At intersection,02 - Non-fatal injury,02 - Angle,02 - Rain,01 - Daylight,02 - Wet,02 - Stop sign,01 - Functioning,3,0,0,0,03 - Major,2,,1,1,,364561.3067,5007931.519,45.20881469,-75.73921388,5847
20--559,1/13/2020,8:45 AM,GREEN VALLEY CRES @ PRINCE OF WALES DR (0003083),3083,03 - At intersection,03 - P.D. only,05 - Turning movement,01 - Clear,01 - Daylight,01 - Dry,02 - Stop sign,01 - Functioning,2,1,0,0,,0,,,,,366994.7175,5026707.537,45.37754887,-75.70588403,5848
20--5844,7/26/2020,4:45 PM,BASELINE RD @ GREENBANK RD (0002357),2357,02 - Intersection related,03 - P.D. only,03 - Rear end,01 - Clear,01 - Daylight,01 - Dry,01 - Traffic signal,01 - Functioning,2,0,0,0,,0,,,,,360597.685,5022584.5,45.34098859,-75.78802151,5849
20--6047,8/4/2020,11:40 AM,LAURIER AVE @ NICHOLAS ST (0010711),10711,02 - Intersection related,03 - P.D. only,03 - Rear end,01 - Clear,01 - Daylight,01 - Dry,01 - Traffic signal,01 - Functioning,2,0,0,0,,0,,,,,368373.645,5031798.273,45.42322996,-75.68762315,5850