Anom_ID,Accident_Date,Accident_Time,Location,Geo_ID,Accident_Location,Classification_of_Accident,Initial_Impact_Type,Environment_Condition,Light,Road_Surface_Condition,Traffic_Control,Traffic_Control_Condition,No__of_Vehicles,No__of_Bicycles,No__of_Motorcycles,No__of_Pedestrians,Max_Injury,No__of_Injuries,No__of_Minimal,No__of_Minor,No__of_Major,No__of_Fatal,X,Y,Latitude,Longitude,ObjectId
20--5590,7/16/2020,11:52 AM,PRINCE OF WALES DR btwn MARYLAND AVE & DYNES RD (__3ZA3GZ),__3ZA3GZ,01 - Non intersection,02 - Non-fatal injury,03 - Rear end,01 - Clear,01 - Daylight,01 - Dry,10 - No control,,2,1,0,0,03 - Major,1,,,1,,367086.7945,5025936.279,45.37060109,-75.70480576,5851
20--5591,7/16/2020,12:25 PM,BURNBANK ST btwn CRAWLEY AVE & AVONLEA RD (__3ZA542),__3ZA542,04 - At/near private drive,03 - P.D. only,06 - SMV unattended vehicle,01 - Clear,01 - Daylight,01 - Dry,10 - No control,,1,0,0,0,,0,,,,,365402.2528,5020059.762,45.3178727,-75.72702968,5852
20--5592,7/16/2020,12:30 PM,INNES RD @ STONEHENGE CRES W (0009354),9354,02 - Intersection related,03 - P.D. only,04 - Sideswipe,01 - Clear,01 - Daylight,01 - Dry,01 - Traffic signal,01 - Functioning,2,0,0,0,,0,,,,,375199.741,5031216.563,45.41734241,-75.60048918,5853
20--5593,7/16/2020,3:48 PM,PRINCE OF WALES DR @ MEADOWLANDS DR/HOG'S BACK (0001629),1629,03 - At intersection,02 - Non-fatal injury,07 - SMV other,01 - Clear,01 - Daylight,01 - Dry,01 - Traffic signal,01 - Functioning,1,0,0,0,01 - Minimal,1,1,,,,367371.9122,5025693.474,45.36839099,-75.70119687,5854
20--5594,7/16/2020,4:19 PM,ALBERT ST @ BOOTH ST (0002162),2162,02 - Intersection related,03 - P.D. only,03 - Rear end,01 - Clear,01 - Daylight,01 - Dry,01 - Traffic signal,01 - Functioning,2,0,0,0,,0,,,,,366428.6902,5030626.559,45.41286127,-75.71262094,5855
20--5595,7/16/2020,5:08 PM,CENTRAL PARK DR S @ MERIVALE RD (0009113),9113,03 - At intersection,02 - Non-fatal injury,02 - Angle,01 - Clear,01 - Daylight,01 - Dry,01 - Traffic signal,01 - Functioning,2,1,0,0,03 - Major,1,,,1,,364987.1897,5025598.502,45.36774529,-75.73164938,5856
20--5596,7/16/2020,7:23 AM,HUNTLEY RD @ PERTH ST (0010384),10384,02 - Intersection related,03 - P.D. only,04 - Sideswipe,01 - Clear,01 - Daylight,01 - Dry,01 - Traffic signal,01 - Functioning,2,0,0,0,,0,,,,,356891.6107,5006389.349,45.19554642,-75.83700644,5857
20--5597,7/16/2020,7:52 PM,HWY417 IC118 RAMP35 btwn HWY417 IC118 RAMP45 & MANN AVE OVERPASS (__3ZAYAW),__3ZAYAW,01 - Non intersection,03 - P.D. only,04 - Sideswipe,01 - Clear,01 - Daylight,01 - Dry,10 - No control,,2,0,0,0,,0,,,,,369120.6135,5031284.34,45.4185375,-75.67814608,5858
20--5598,7/16/2020,8:20 PM,HIGHWAY 416 btwn HWY416 IC49 RAMP24 & HWY416 IC42 RAMP42 (__3ZA29T),__3ZA29T,01 - Non intersection,02 - Non-fatal injury,07 - SMV other,01 - Clear,05 - Dusk,01 - Dry,10 - No control,,1,0,0,0,02 - Minor,1,,1,,,370076.782,4997331.459,45.11294581,-75.67039212,5859
20--5599,7/16/2020,8:29 AM,HERON RD EB btwn HERON RD EB ON RAMP/VINCENT MASSEY PARK & RIVERSIDE D (__3ZA37D),__3ZA37D,04 - At/near private drive,02 - Non-fatal injury,07 - SMV other,01 - Clear,01 - Daylight,01 - Dry,10 - No control,,1,0,0,0,01 - Minimal,1,1,,,,367924.4802,5026605.989,45.37655202,-75.69402677,5860
20--56,1/2/2020,8:30 PM,CARLING AVE btwn RIFLE RD & DAVIDSON'S SIDE RD (__3ZBOCR),__3ZBOCR,01 - Non intersection,03 - P.D. only,07 - SMV other,01 - Clear,07 - Dark,02 - Wet,10 - No control,,1,0,0,0,,0,,,,,354061.5824,5023419.969,45.34899567,-75.8713336,5861
20--560,1/13/2020,9:20 PM,CONROY RD @ ROSEBELLA AVE (0009358),9358,02 - Intersection related,03 - P.D. only,04 - Sideswipe,01 - Clear,07 - Dark,01 - Dry,02 - Stop sign,00 - Unknown,2,0,0,0,,0,,,,,374288.7453,5024190.501,45.35421624,-75.61311689,5862
20--5600,7/17/2020,1:17 PM,ISLAND PARK DR @ MAILES AVE (0005629),5629,03 - At intersection,03 - P.D. only,02 - Angle,01 - Clear,01 - Daylight,01 - Dry,02 - Stop sign,01 - Functioning,2,0,0,0,,0,,,,,364028.6955,5028921.552,45.3977272,-75.74348576,5863
20--5601,7/17/2020,10:05 AM,BAYSHORE DR btwn WOODRIDGE CRES S & BAYSHORE CS (__3ZAA4OB),__3ZAA4OB,01 - Non intersection,03 - P.D. only,04 - Sideswipe,01 - Clear,01 - Daylight,01 - Dry,10 - No control,,2,0,0,0,,0,,,,,359230.0313,5023515.189,45.34947039,-75.80536905,5864
20--5602,7/17/2020,11:01 PM,MARCH RD btwn PETER ROBINSON RD & CORKERY RD (__3ZA2RJ),__3ZA2RJ,01 - Non intersection,03 - P.D. only,07 - SMV other,01 - Clear,07 - Dark,01 - Dry,10 - No control,,1,0,0,0,,0,,,,,335072.6586,5015329.438,45.27726956,-76.1141535,5865
20--5603,7/17/2020,11:10 PM,RIDDELL DR btwn MARCH VALLEY RD & SIXTH LINE RD (__3ZA42B),__3ZA42B,01 - Non intersection,03 - P.D. only,07 - SMV other,01 - Clear,07 - Dark,01 - Dry,10 - No control,,1,0,0,0,,0,,,,,350153.0288,5029074.921,45.40014356,-75.92069179,5866
20--5604,7/17/2020,11:39 AM,STRANDHERD DR btwn GREENBANK RD & Continuation of STRANDHERD DR (__5U4IBT),__5U4IBT,04 - At/near private drive,02 - Non-fatal injury,03 - Rear end,01 - Clear,01 - Daylight,01 - Dry,10 - No control,,2,0,0,0,01 - Minimal,1,1,,,,364023.1118,5014839.346,45.27101721,-75.7452422,5867
20--5605,7/17/2020,12:30 PM,HIGHWAY 417 btwn HWY417 IC122 RAMP15 & HWY417 IC121B RAMP51 (__3ZA2RB),__3ZA2RB,01 - Non intersection,03 - P.D. only,04 - Sideswipe,01 - Clear,01 - Daylight,01 - Dry,10 - No control,,2,0,0,0,,0,,,,,365656.497,5029089.913,45.39910248,-75.72267536,5868
20--5606,7/17/2020,12:33 PM,NICHOLAS ST SB btwn LAURIER AVE E & Continuation of NICHOLAS ST (__3ZA3MG),__3ZA3MG,01 - Non intersection,03 - P.D. only,04 - Sideswipe,01 - Clear,01 - Daylight,01 - Dry,10 - No control,,2,0,0,0,,0,,,,,368404.5992,5031758.931,45.42287316,-75.68723272,5869
20--5607,7/17/2020,12:38 PM,HIGHWAY 417 btwn HWY417 IC122 RAMP15 & HWY417 IC121B RAMP51 (__3ZA2RB),__3ZA2RB,01 - Non intersection,03 - P.D. only,04 - Sideswipe,01 - Clear,01 - Daylight,01 - Dry,10 - No control,,2,0,0,0,,0,,,,,365766.1694,5029161.202,45.39973438,-75.72126582,5870
20--5608,7/17/2020,12:47 AM,HIGHWAY 417 btwn HWY417 IC118 RAMP67 & HWY417 IC117 RAMP36 (__3ZA2YO),__3ZA2YO,01 - Non intersection,03 - P.D. only,07 - SMV other,01 - Clear,07 - Dark,01 - Dry,10 - No control,,1,0,0,0,,0,,,,,369740.0036,5031158.561,45.41734857,-75.67024926,5871
20--5609,7/17/2020,2:30 PM,NORICE ST @ WOODROFFE AVE (0001542),1542,02 - Intersection related,03 - P.D. only,03 - Rear end,01 - Clear,01 - Daylight,01 - Dry,01 - Traffic signal,01 - Functioning,2,0,0,0,,0,,,,,363194.6835,5022397.502,45.33909464,-75.75490863,5872
20--561,1/13/2020,9:46 AM,WOODROFFE AVE @ SPORTSPLEX N (0005568),5568,03 - At intersection,03 - P.D. only,05 - Turning movement,03 - Snow,01 - Daylight,02 - Wet,01 - Traffic signal,01 - Functioning,2,0,0,0,,0,,,,,363763.6706,5021067.232,45.32707738,-75.7478077,5873
20--5610,7/17/2020,2:35 PM,HIGHWAY 417 btwn HWY417 IC124 RAMP65 & HWY417 IC122 RAMP51 (__3ZA2R8),__3ZA2R8,01 - Non intersection,03 - P.D. only,03 - Rear end,01 - Clear,01 - Daylight,01 - Dry,10 - No control,,3,0,0,0,,0,,,,,364960.1944,5028374.159,45.39272246,-75.73165576,5874
20--5611,7/17/2020,2:38 PM,STITTSVILLE MAIN ST @ HAZELDEAN RD (0000050),50,02 - Intersection related,02 - Non-fatal injury,03 - Rear end,01 - Clear,01 - Daylight,01 - Dry,01 - Traffic signal,01 - Functioning,2,0,0,0,02 - Minor,2,1,1,,,349558.4019,5014878.718,45.27244089,-75.92957076,5875
20--5612,7/17/2020,3:05 PM,FOREST VALLEY DR @ ORLEANS BLVD (0003627),3627,02 - Intersection related,02 - Non-fatal injury,03 - Rear end,01 - Clear,01 - Daylight,01 - Dry,01 - Traffic signal,01 - Functioning,2,0,0,0,01 - Minimal,1,1,,,,380258.7475,5034819.567,45.44923229,-75.53530601,5876
20--5613,7/17/2020,3:27 PM,LAURIER AVE @ NICHOLAS ST (0010711),10711,03 - At intersection,03 - P.D. only,02 - Angle,01 - Clear,01 - Daylight,01 - Dry,01 - Traffic signal,01 - Functioning,2,1,0,0,,0,,,,,368373.5911,5031798.268,45.42322992,-75.68762384,5877
20--5614,7/17/2020,3:30 PM,KING EDWARD AVE @ ST. PATRICK ST (0002714),2714,02 - Intersection related,03 - P.D. only,03 - Rear end,01 - Clear,01 - Daylight,01 - Dry,01 - Traffic signal,01 - Functioning,2,0,0,0,,0,,,,,368248.6963,5032823.586,45.43246671,-75.68908756,5878
20--5615,7/17/2020,3:44 PM,CARLING AVE @ ISLAND PARK DR (0010785),10785,02 - Intersection related,03 - P.D. only,03 - Rear end,01 - Clear,01 - Daylight,01 - Dry,01 - Traffic signal,01 - Functioning,2,0,0,0,,0,,,,,365348.7011,5027997.543,45.38930026,-75.72674056,5879
20--5616,7/17/2020,3:52 PM,REGIONAL ROAD 174 btwn TRANSIT & OR174 IC105 RAMP51 (__3ZA28H),__3ZA28H,01 - Non intersection,02 - Non-fatal injury,03 - Rear end,01 - Clear,01 - Daylight,01 - Dry,10 - No control,,4,0,0,0,03 - Major,2,,1,1,,377661.8556,5036016.422,45.46027632,-75.56832388,5880
20--5617,7/17/2020,4:30 PM,STEWART ST btwn CUMBERLAND ST & KING EDWARD AVE (__3ZA3VU),__3ZA3VU,01 - Non intersection,03 - P.D. only,04 - Sideswipe,01 - Clear,01 - Daylight,01 - Dry,10 - No control,,2,0,0,0,,0,,,,,368543.7805,5032150.305,45.42638194,-75.68540374,5881
20--5618,7/17/2020,4:45 PM,INNES RD btwn O'TOOLE RD & DUNNING RD (__3ZBN92),__3ZBN92,01 - Non intersection,03 - P.D. only,07 - SMV other,01 - Clear,01 - Daylight,01 - Dry,10 - No control,,1,0,0,0,,0,,,,,389317.8579,5038387.164,45.48029282,-75.41889703,5882
20--5619,7/17/2020,4:58 PM,INNES RD @ JEANNE D'ARC BLVD/MER BLEUE RD (0012475),12475,02 - Intersection related,03 - P.D. only,03 - Rear end,01 - Clear,01 - Daylight,01 - Dry,01 - Traffic signal,01 - Functioning,3,0,0,0,,0,,,,,382637.7521,5035567.555,45.45570116,-75.50477807,5883
20--562,1/14/2020,10:00 AM,FLEWELLYN RD btwn DWYER HILL RD & MUNSTER RD (__3ZAC6O),__3ZAC6O,01 - Non intersection,03 - P.D. only,99 - Other,01 - Clear,01 - Daylight,01 - Dry,10 - No control,,2,0,0,0,,0,,,,,345978.2598,5005918.893,45.19203484,-75.97593786,5884
20--5620,7/17/2020,5:00 PM,TARQUIN CRES btwn TYBALT CRES & TYBALT CRES (__3ZABFL),__3ZABFL,01 - Non intersection,03 - P.D. only,01 - Approaching,01 - Clear,01 - Daylight,01 - Dry,10 - No control,,2,0,0,0,,0,,,,,357168.8536,5020079.857,45.31871593,-75.83203528,5885
20--5621,7/17/2020,5:00 PM,HIGHWAY 417 btwn HWY417 IC122 RAMP15 & HWY417 IC121B RAMP51 (__3ZA2RB),__3ZA2RB,01 - Non intersection,03 - P.D. only,03 - Rear end,01 - Clear,01 - Daylight,01 - Dry,10 - No control,,3,0,0,0,,0,,,,,366521.3629,5029496.877,45.40268853,-75.71157847,5886
20--5622,7/17/2020,5:03 PM,LAURIER AVE @ NICHOLAS ST (0010711),10711,03 - At intersection,03 - P.D. only,02 - Angle,01 - Clear,01 - Daylight,01 - Dry,01 - Traffic signal,01 - Functioning,2,0,0,0,,0,,,,,368373.6405,5031798.275,45.42322998,-75.68762321,5887
20--5623,7/17/2020,5:05 PM,HIGHWAY 417 btwn HWY417 IC122 RAMP15 & HWY417 IC121B RAMP51 (__3ZA2RB),__3ZA2RB,01 - Non intersection,03 - P.D. only,03 - Rear end,01 - Clear,01 - Daylight,01 - Dry,10 - No control,,2,0,0,0,,0,,,,,365672.433,5029100.858,45.39919958,-75.72247047,5888
20--5624,7/17/2020,5:20 PM,HIGHWAY 417 btwn HWY417 IC124 RAMP65 & HWY417 IC122 RAMP51 (__3ZA2R8),__3ZA2R8,01 - Non intersection,03 - P.D. only,03 - Rear end,01 - Clear,01 - Daylight,01 - Dry,10 - No control,,5,0,0,0,,0,,,,,365033.7137,5028506.029,45.39390268,-75.73070078,5889
20--5625,7/17/2020,5:22 PM,WEST HUNT CLUB RD @ ANTARES DR/LASER ST (0000116),116,02 - Intersection related,03 - P.D. only,03 - Rear end,01 - Clear,01 - Daylight,01 - Dry,01 - Traffic signal,01 - Functioning,2,0,0,0,,0,,,,,367107.714,5022081.505,45.33591475,-75.70502449,5890
20--5626,7/17/2020,5:45 PM,BANK ST @ FOURTH AVE (0007249),7249,02 - Intersection related,03 - P.D. only,01 - Approaching,01 - Clear,01 - Daylight,01 - Dry,02 - Stop sign,01 - Functioning,2,0,0,0,,0,,,,,368367.719,5029476.564,45.40234053,-75.6879983,5891
20--5627,7/17/2020,5:55 PM,GLENHAVEN PRIV btwn WESTVALLEY PRIV & WESTVALLEY PRIV (__4QVZ92),__4QVZ92,01 - Non intersection,03 - P.D. only,04 - Sideswipe,01 - Clear,01 - Daylight,01 - Dry,10 - No control,,2,0,0,0,,0,,,,,370173.9266,5025924.22,45.37021141,-75.6653991,5892
20--5628,7/17/2020,6:09 PM,OR174 IC109 RAMP65 @ MONTREAL RD (0004119),4119,02 - Intersection related,03 - P.D. only,04 - Sideswipe,01 - Clear,01 - Daylight,01 - Dry,01 - Traffic signal,01 - Functioning,2,0,0,0,,0,,,,,376402.712,5034982.597,45.45110482,-75.58457284,5893
20--5629,7/17/2020,6:33 PM,INNES RD EB btwn INNES RD E & ORLEANS BLVD (__3ZA3J0),__3ZA3J0,01 - Non intersection,03 - P.D. only,03 - Rear end,01 - Clear,01 - Daylight,01 - Dry,10 - No control,,3,0,0,0,,0,,,,,380184.6279,5034117.133,45.44292032,-75.53636107,5894
20--563,1/14/2020,11:08 PM,CARP RD btwn CRAIG'S SIDE RD & CHARLIE'S LANE (__3ZA3GL),__3ZA3GL,01 - Non intersection,03 - P.D. only,07 - SMV other,01 - Clear,07 - Dark,02 - Wet,10 - No control,,1,0,0,0,,0,,,,,340436.6088,5023678.763,45.35214908,-76.04518756,5895
20--5630,7/17/2020,6:44 AM,WALLER ST/NICHOLAS ST SB RAMP btwn MACKENZIE KING BR/NICHOLAS ST SB RA (__39TE2B),__39TE2B,01 - Non intersection,03 - P.D. only,04 - Sideswipe,02 - Rain,01 - Daylight,02 - Wet,10 - No control,,2,0,0,0,,0,,,,,368370.3826,5031987.964,45.42493703,-75.68764036,5896
20--5631,7/17/2020,7:08 AM,PINECREST RD @ RICHMOND RD (0002353),2353,02 - Intersection related,03 - P.D. only,07 - SMV other,02 - Rain,01 - Daylight,02 - Wet,01 - Traffic signal,01 - Functioning,1,0,0,0,,0,,,,,360072.6762,5024471.519,45.35800953,-75.7945092,5897
20--6048,8/4/2020,Unknown,DALY AVE btwn NELSON ST & FRIEL ST (__3ZA81Y),__3ZA81Y,01 - Non intersection,03 - P.D. only,06 - SMV unattended vehicle,01 - Clear,00 - Unknown,01 - Dry,10 - No control,,1,0,0,0,,0,,,,,368840.8403,5032426.471,45.42883964,-75.68157202,5898
20--6049,8/4/2020,12:18 PM,MAITLAND AVE/GLENMOUNT AVE @ ERINDALE DR (0002724),2724,03 - At intersection,02 - Non-fatal injury,07 - SMV other,01 - Clear,01 - Daylight,01 - Dry,01 - Traffic signal,01 - Functioning,1,0,0,0,02 - Minor,1,,1,,,363697.7005,5025211.504,45.36437268,-75.74815571,5899
20--5845,7/26/2020,5:43 PM,BRONSON AVE btwn RENFREW AVE & POWELL AVE (__3ZA3BZ),__3ZA3BZ,04 - At/near private drive,03 - P.D. only,02 - Angle,01 - Clear,01 - Daylight,01 - Dry,10 - No control,,2,0,0,0,,0,,,,,367365.3271,5029530.739,45.40291829,-75.70079453,5900
20--605,1/14/2020,9:53 AM,VICTORIA ST btwn CARTWRIGHT RD & BOUNDARY RD (__3ZA3XB),__3ZA3XB,01 - Non intersection,02 - Non-fatal injury,01 - Approaching,01 - Clear,01 - Daylight,02 - Wet,10 - No control,,2,0,0,0,03 - Major,2,,,2,,390590.2593,5013791.556,45.25885107,-75.40689545,5901
20--6050,8/4/2020,12:21 PM,CARLING AVE @ KIRKWOOD AVE N (0002358),2358,03 - At intersection,03 - P.D. only,02 - Angle,01 - Clear,01 - Daylight,01 - Dry,01 - Traffic signal,01 - Functioning,2,0,0,0,,0,,,,,364275.6836,5027493.531,45.3848572,-75.74050344,5902
20--5846,7/26/2020,7:29 AM,PRINCE OF WALES DR @ HARTWELL LOCKS/548 N OF R (0008223),8223,02 - Intersection related,03 - P.D. only,03 - Rear end,01 - Clear,01 - Daylight,01 - Dry,01 - Traffic signal,01 - Functioning,2,0,0,0,,0,,,,,367016.6,5027301.968,45.38289547,-75.70552975,5903
20--6051,8/4/2020,2:45 PM,BANK ST btwn CECIL AVE & HERON RD (__3ZA3AC),__3ZA3AC,04 - At/near private drive,03 - P.D. only,02 - Angle,01 - Clear,01 - Daylight,01 - Dry,10 - No control,,2,0,0,0,,0,,,,,369972.4328,5026914.543,45.37914079,-75.66784052,5904
20--5847,7/26/2020,8:45 PM,PRINCE OF WALES DR btwn SECOND LINE RD S & BANKFIELD RD (__3ZA295),__3ZA295,01 - Non intersection,03 - P.D. only,07 - SMV other,01 - Clear,05 - Dusk,01 - Dry,10 - No control,,1,0,0,0,,0,,,,,365899.0858,5006734.207,45.19792648,-75.72233176,5905
20--6052,8/4/2020,2:51 PM,HIGHWAY 417 btwn HWY417 IC115 RAMP25 & REGIONAL ROAD 174 (__3ZA2RY),__3ZA2RY,01 - Non intersection,03 - P.D. only,07 - SMV other,02 - Rain,01 - Daylight,02 - Wet,10 - No control,,1,0,0,0,,0,,,,,373159.6109,5031644.867,45.42139838,-75.6264938,5906
20--5848,7/27/2020,1:55 PM,CONROY RD @ WALKLEY RD (0002648),2648,02 - Intersection related,03 - P.D. only,03 - Rear end,01 - Clear,01 - Daylight,01 - Dry,01 - Traffic signal,01 - Functioning,3,0,0,0,,0,,,,,372903.719,5027463.532,45.38380156,-75.63034067,5907
20--6053,8/4/2020,3:14 PM,ST. LAURENT BLVD btwn TREMBLAY RD & SHORE ST (__3ZA2GT),__3ZA2GT,01 - Non intersection,03 - P.D. only,03 - Rear end,02 - Rain,01 - Daylight,02 - Wet,10 - No control,,3,0,0,0,,0,,,,,372748.6203,5030862.394,45.41439809,-75.63185277,5908
20--5849,7/27/2020,10:45 PM,HIGHWAY 417 btwn HWY417 IC123 RAMP62 & HWY417 IC122 RAMP16 (__3ZA2R9),__3ZA2R9,01 - Non intersection,03 - P.D. only,07 - SMV other,01 - Clear,07 - Dark,01 - Dry,10 - No control,,1,0,0,0,,0,,,,,364967.9933,5028421.491,45.39314767,-75.73155039,5909
20--6054,8/4/2020,3:19 PM,KING EDWARD AVE @ MURRAY ST (0002713),2713,02 - Intersection related,03 - P.D. only,04 - Sideswipe,02 - Rain,01 - Daylight,02 - Wet,01 - Traffic signal,01 - Functioning,2,0,0,0,,0,,,,,368291.7003,5032753.583,45.43183294,-75.68854702,5910
20--585,1/14/2020,4:55 PM,CAMPEAU DR @ TERON RD/COLCHESTER SQ (0009033),9033,02 - Intersection related,03 - P.D. only,03 - Rear end,01 - Clear,05 - Dusk,02 - Wet,01 - Traffic signal,01 - Functioning,3,0,0,0,,0,,,,,352563.7297,5020467.522,45.32253262,-75.89073275,5911
20--5850,7/27/2020,11:07 AM,EXHIBITION WAY btwn BANK ST & NO NAME (e___2HQY),e___2HQY,01 - Non intersection,02 - Non-fatal injury,07 - SMV other,01 - Clear,01 - Daylight,01 - Dry,10 - No control,,1,0,0,1,02 - Minor,1,,1,,,368618.703,5029129.484,45.39919478,-75.68483752,5912
20--5851,7/27/2020,11:33 AM,BLAIR RD @ INNES RD (0004165),4165,02 - Intersection related,03 - P.D. only,03 - Rear end,01 - Clear,01 - Daylight,01 - Dry,01 - Traffic signal,01 - Functioning,2,0,0,0,,0,,,,,375578.7333,5031439.547,45.41931046,-75.5956153,5913
20--5852,7/27/2020,Unknown,"MONTREAL RD btwn EGLISE, RUE DE L & ST. LAURENT BLVD (__3ZA3ML)",__3ZA3ML,01 - Non intersection,03 - P.D. only,06 - SMV unattended vehicle,01 - Clear,00 - Unknown,01 - Dry,10 - No control,,1,0,0,0,,0,,,,,371529.245,5033809.799,45.44103486,-75.64703105,5914
20--5853,7/27/2020,12:01 AM,REGIONAL ROAD 174 btwn CANAAN RD & END (__3ZA2U3),__3ZA2U3,01 - Non intersection,03 - P.D. only,07 - SMV other,01 - Clear,07 - Dark,01 - Dry,10 - No control,,1,0,0,0,,0,,,,,395843.209,5043439.099,45.52492249,-75.33450777,5915
20--5854,7/27/2020,12:10 PM,ALBION RD @ HUNT CLUB RD (0006974),6974,02 - Intersection related,03 - P.D. only,03 - Rear end,01 - Clear,01 - Daylight,01 - Dry,01 - Traffic signal,01 - Functioning,2,0,0,0,,0,,,,,371868.345,5024321.415,45.35562984,-75.64398711,5916
20--5855,7/27/2020,12:14 PM,ST. JOSEPH BLVD/OLD MONTREAL RD @ TRIM RD (0004118),4118,03 - At intersection,03 - P.D. only,02 - Angle,01 - Clear,01 - Daylight,01 - Dry,11 - Roundabout,01 - Functioning,2,0,0,0,,0,,,,,384682.7483,5039285.554,45.48892138,-75.47803072,5917
20--5856,7/27/2020,12:15 PM,BASELINE RD/HWY 416 RICHMOND IC75R53 @ RICHMON (0000148),148,02 - Intersection related,03 - P.D. only,99 - Other,01 - Clear,01 - Daylight,01 - Dry,01 - Traffic signal,01 - Functioning,2,0,0,0,,0,,,,,358635.6639,5021821.487,45.33427628,-75.81313807,5918
20--5857,7/27/2020,12:20 PM,MARCH RD btwn UPPER DWYER HILL RD & PETER ROBINSON RD (__3ZA2RI),__3ZA2RI,01 - Non intersection,03 - P.D. only,99 - Other,01 - Clear,01 - Daylight,01 - Dry,10 - No control,,2,0,0,0,,0,,,,,334336.8843,5014558.077,45.27035969,-76.12357715,5919
20--5858,7/27/2020,12:45 PM,COBDEN RD @ IRIS ST (0002946),2946,03 - At intersection,03 - P.D. only,02 - Angle,01 - Clear,01 - Daylight,01 - Dry,02 - Stop sign,01 - Functioning,2,0,0,0,,0,,,,,361384.5148,5023827.514,45.35211016,-75.77784015,5920
20--5859,7/27/2020,12:55 PM,HIGHWAY 417 btwn HWY417 IC118 RAMP35 & HWY417 IC117 RAMP51 (__3ZA2YP),__3ZA2YP,01 - Non intersection,03 - P.D. only,07 - SMV other,01 - Clear,01 - Daylight,01 - Dry,10 - No control,,1,0,0,0,,0,,,,,370422.2089,5031130.672,45.41703399,-75.66153724,5921
20--586,1/14/2020,5:15 PM,KENT ST @ WELLINGTON ST (0002040),2040,03 - At intersection,03 - P.D. only,05 - Turning movement,01 - Clear,05 - Dusk,01 - Dry,01 - Traffic signal,01 - Functioning,2,0,0,0,,0,,,,,367097.7025,5031526.577,45.42090012,-75.70396056,5922
20--5860,7/27/2020,12:58 PM,TERRY FOX DR S @ DIDSBURY RD/CENTRUM KANATA SC (0011820),11820,03 - At intersection,02 - Non-fatal injury,05 - Turning movement,02 - Rain,01 - Daylight,02 - Wet,01 - Traffic signal,01 - Functioning,3,0,0,0,02 - Minor,1,,1,,,350623.484,5018915.735,45.30869858,-75.91562446,5923
20--5861,7/27/2020,2:30 PM,PAGE RD btwn SILVERBIRCH ST & NATURE TRAIL CRES (__3ZA1UD),__3ZA1UD,04 - At/near private drive,03 - P.D. only,99 - Other,01 - Clear,01 - Daylight,01 - Dry,10 - No control,,2,0,0,0,,0,,,,,381117.7068,5034010.859,45.44186291,-75.52445177,5924
20--5862,7/27/2020,2:30 PM,STRANDHERD DR btwn MARAVISTA DR & KENNEVALE DR (__6NF1SR),__6NF1SR,01 - Non intersection,03 - P.D. only,03 - Rear end,01 - Clear,01 - Daylight,01 - Dry,10 - No control,,2,0,0,0,,0,,,,,361321.5563,5014506.646,45.26824586,-75.77970673,5925
20--5863,7/27/2020,2:32 PM,ABBOTT ST btwn LIFT LANE & TRIANGLE ST (e___2HWA),e___2HWA,01 - Non intersection,03 - P.D. only,99 - Other,02 - Rain,01 - Daylight,02 - Wet,10 - No control,,2,0,0,0,,0,,,,,352410.621,5015783.913,45.28039877,-75.89313546,5926
20--5864,7/27/2020,2:43 PM,400 E OF TRAINYARDS DR @ INDUSTRIAL AVE (0014364),14364,03 - At intersection,03 - P.D. only,02 - Angle,01 - Clear,01 - Daylight,01 - Dry,01 - Traffic signal,01 - Functioning,2,0,0,0,,0,,,,,372091.6332,5030434.623,45.41061269,-75.64030422,5927
20--5865,7/27/2020,2:49 PM,MCRAE AVE @ RICHMOND RD (0006867),6867,02 - Intersection related,03 - P.D. only,04 - Sideswipe,01 - Clear,01 - Daylight,01 - Dry,01 - Traffic signal,01 - Functioning,2,0,0,0,,0,,,,,363609.6892,5028538.561,45.39431644,-75.74888282,5928
20--5866,7/27/2020,2:59 PM,HIGHWAY 417 btwn HWY417 IC124 RAMP65 & HWY417 IC122 RAMP51 (__3ZA2R8),__3ZA2R8,01 - Non intersection,02 - Non-fatal injury,03 - Rear end,01 - Clear,01 - Daylight,01 - Dry,10 - No control,,2,0,0,0,01 - Minimal,2,2,,,,364753.9932,5027986.863,45.38925533,-75.73433611,5929
20--5867,7/27/2020,3:03 PM,CYRVILLE RD @ INNES RD (0009352),9352,03 - At intersection,02 - Non-fatal injury,02 - Angle,01 - Clear,01 - Daylight,01 - Dry,01 - Traffic signal,01 - Functioning,3,0,0,0,02 - Minor,1,,1,,,375047.7251,5031119.527,45.41648461,-75.60244511,5930
20--5868,7/27/2020,4:27 PM,FALLOWFIELD RD @ STRANDHERD DR (0005238),5238,02 - Intersection related,03 - P.D. only,03 - Rear end,01 - Clear,01 - Daylight,01 - Dry,01 - Traffic signal,01 - Functioning,2,0,0,0,,0,,,,,360752.2054,5014962.158,45.27239013,-75.78691047,5931
20--5869,7/27/2020,4:30 PM,RIDGEWOOD AVE btwn RIVERSIDE DR & DUPONT ST (__3ZBOQW),__3ZBOQW,01 - Non intersection,03 - P.D. only,04 - Sideswipe,01 - Clear,01 - Daylight,01 - Dry,10 - No control,,2,0,0,0,,0,,,,,368359.7972,5025619.764,45.36763887,-75.68859611,5932