Anom_ID,Accident_Date,Accident_Time,Location,Geo_ID,Accident_Location,Classification_of_Accident,Initial_Impact_Type,Environment_Condition,Light,Road_Surface_Condition,Traffic_Control,Traffic_Control_Condition,No__of_Vehicles,No__of_Bicycles,No__of_Motorcycles,No__of_Pedestrians,Max_Injury,No__of_Injuries,No__of_Minimal,No__of_Minor,No__of_Major,No__of_Fatal,X,Y,Latitude,Longitude,ObjectId
20--587,1/14/2020,5:15 PM,MARCH RD btwn MARCH RD & BEACHVALE LANE (__3ZA3FO),__3ZA3FO,01 - Non intersection,03 - P.D. only,07 - SMV other,01 - Clear,05 - Dusk,01 - Dry,10 - No control,,1,0,0,0,,0,,,,,344204.4679,5023602.804,45.35126398,-75.99710806,5933
20--5870,7/27/2020,5:14 PM,HIGHWAY 417 btwn HIGHWAY 417 & HWY417 IC129 RAMP51 (__3ZA290),__3ZA290,01 - Non intersection,03 - P.D. only,03 - Rear end,01 - Clear,01 - Daylight,01 - Dry,10 - No control,,2,0,0,0,,0,,,,,360036.8716,5023221.013,45.34676032,-75.79510586,5934
20--5871,7/27/2020,6:10 PM,INNES RD @ TENTH LINE RD (0004633),4633,02 - Intersection related,02 - Non-fatal injury,03 - Rear end,01 - Clear,01 - Daylight,01 - Dry,01 - Traffic signal,01 - Functioning,2,0,0,0,01 - Minimal,1,1,,,,383951.7591,5036159.565,45.46087992,-75.48788469,5935
20--5872,7/27/2020,6:21 PM,BANK ST btwn FIRST AVE & SECOND AVE (__3ZA3O4),__3ZA3O4,01 - Non intersection,03 - P.D. only,04 - Sideswipe,01 - Clear,01 - Daylight,01 - Dry,10 - No control,,2,0,0,0,,0,,,,,368280.6965,5029687.176,45.40424345,-75.68908269,5936
20--5873,7/27/2020,6:48 AM,HWY417 IC118 RAMP35 btwn HWY417 IC118 RAMP45 & HIGHWAY 417 (__3ZAY9Q),__3ZAY9Q,01 - Non intersection,03 - P.D. only,07 - SMV other,01 - Clear,01 - Daylight,01 - Dry,10 - No control,,1,0,0,0,,0,,,,,369755.3009,5031131.196,45.41710093,-75.67005743,5937
20--5874,7/27/2020,7:11 PM,GREENBANK RD @ STRANDHERD DR (0005563),5563,03 - At intersection,03 - P.D. only,02 - Angle,01 - Clear,01 - Daylight,01 - Dry,01 - Traffic signal,01 - Functioning,2,0,0,0,,0,,,,,363933.6643,5014784.423,45.27053053,-75.74638859,5938
20--5875,7/27/2020,7:21 PM,HIGHWAY 417 btwn HWY417 IC129 RAMP25 & TRANSIT (__3ZA2SH),__3ZA2SH,01 - Non intersection,03 - P.D. only,07 - SMV other,02 - Rain,01 - Daylight,02 - Wet,10 - No control,,1,0,0,0,,0,,,,,360877.8462,5023855.36,45.35240142,-75.78430284,5939
20--5876,7/27/2020,8:56 AM,MERIVALE RD @ ROSSLAND AVE (0001757),1757,03 - At intersection,03 - P.D. only,05 - Turning movement,01 - Clear,01 - Daylight,01 - Dry,02 - Stop sign,01 - Functioning,2,0,0,0,,0,,,,,364673.6879,5024151.515,45.35475237,-75.73582649,5940
20--5877,7/27/2020,9:06 AM,LAURIER AVE   E btwn RANGE RD & CHARLOTTE ST (__3ZA2JE),__3ZA2JE,01 - Non intersection,03 - P.D. only,07 - SMV other,02 - Rain,01 - Daylight,02 - Wet,10 - No control,,1,0,0,0,,0,,,,,369433.3999,5032458.213,45.42907074,-75.67399586,5941
20--5878,7/27/2020,9:39 PM,SOUTHMORE DR @ WALKLEY RD (0006644),6644,03 - At intersection,02 - Non-fatal injury,03 - Rear end,01 - Clear,07 - Dark,01 - Dry,02 - Stop sign,00 - Unknown,2,1,0,0,03 - Major,1,,,1,,369710.7124,5025574.529,45.36710806,-75.67135807,5942
20--5879,7/28/2020,1:06 PM,BOURASSA ST @ ST. LAURENT BLVD (0007731),7731,02 - Intersection related,03 - P.D. only,03 - Rear end,01 - Clear,01 - Daylight,01 - Dry,01 - Traffic signal,01 - Functioning,3,0,0,0,,0,,,,,373236.7255,5029693.555,45.40383386,-75.62577947,5943
20--588,1/14/2020,5:28 PM,LORRY GREENBERG DR btwn HUNTER'S GLEN CRES & MARGRAVE AVE (__3ZA43X),__3ZA43X,04 - At/near private drive,02 - Non-fatal injury,07 - SMV other,01 - Clear,05 - Dusk,04 - Slush,10 - No control,,1,0,0,2,02 - Minor,1,,1,,,372587.5305,5025189.423,45.3633707,-75.63468993,5944
20--5880,7/28/2020,1:28 PM,DUMAURIER AVE btwn RAMSEY CRES & WATSON ST (__3ZAA4R),__3ZAA4R,04 - At/near private drive,02 - Non-fatal injury,02 - Angle,01 - Clear,01 - Daylight,01 - Dry,10 - No control,,2,0,0,0,02 - Minor,2,1,1,,,360182.3966,5023722.736,45.35126334,-75.79319273,5945
20--5881,7/28/2020,1:29 PM,BLANCHFIELD RD @ STAGECOACH RD (0005067),5067,02 - Intersection related,03 - P.D. only,02 - Angle,01 - Clear,01 - Daylight,01 - Dry,02 - Stop sign,01 - Functioning,2,0,0,0,,0,,,,,377997.7362,5002665.358,45.16016371,-75.56895594,5946
20--5882,7/28/2020,1:46 PM,NORICE ST btwn SULLIVAN AVE & BROOK LANE (__3ZA0GO),__3ZA0GO,01 - Non intersection,03 - P.D. only,07 - SMV other,01 - Clear,01 - Daylight,01 - Dry,10 - No control,,1,0,0,0,,0,,,,,363590.3059,5022616.661,45.34103357,-75.74983505,5947
20--5883,7/28/2020,1:56 AM,ABBEYHILL DR @ EAGLESON RD (0003404),3404,03 - At intersection,03 - P.D. only,07 - SMV other,01 - Clear,07 - Dark,01 - Dry,01 - Traffic signal,01 - Functioning,1,0,0,0,,0,,,,,353827.614,5018034.445,45.30055218,-75.87485252,5948
20--5884,7/28/2020,10:25 PM,TRIM RD @ WALL RD (0005000),5000,03 - At intersection,03 - P.D. only,07 - SMV other,01 - Clear,07 - Dark,01 - Dry,02 - Stop sign,01 - Functioning,1,0,0,0,,0,,,,,387628.7871,5034669.524,45.44704782,-75.44112529,5949
20--5885,7/28/2020,11:55 PM,HIGHWAY 417 btwn HWY417 IC163 RAMP61 & HWY417 IC155 RAMP36 (__3ZA2QB),__3ZA2QB,01 - Non intersection,03 - P.D. only,07 - SMV other,01 - Clear,07 - Dark,01 - Dry,10 - No control,,1,0,0,0,,0,,,,,332848.3816,5021095.892,45.32925166,-76.14217663,5950
20--5886,7/28/2020,12:33 PM,INNES RD @ 260 E OF BELCOURT BLVD/WALMART SC (0012533),12533,02 - Intersection related,03 - P.D. only,03 - Rear end,01 - Clear,01 - Daylight,01 - Dry,01 - Traffic signal,01 - Functioning,2,0,0,0,,0,,,,,382347.1946,5035398.959,45.45421658,-75.50851912,5951
20--5887,7/28/2020,12:41 PM,CARLING AVE @ MOODIE DR/JAMES CUMMINGS AVE W (0000158),158,03 - At intersection,03 - P.D. only,05 - Turning movement,01 - Clear,01 - Daylight,01 - Dry,01 - Traffic signal,01 - Functioning,2,0,0,0,,0,,,,,356001.6663,5023937.516,45.35351365,-75.84652263,5952
20--5888,7/28/2020,12:57 PM,HERON RD btwn JEFFERSON ST & TURN LANE (__3ZA3BI),__3ZA3BI,01 - Non intersection,03 - P.D. only,04 - Sideswipe,01 - Clear,01 - Daylight,01 - Dry,10 - No control,,3,0,0,0,,0,,,,,372073.7817,5027084.746,45.38047359,-75.64098907,5953
20--5889,7/28/2020,2:15 PM,BRONSON AVE @ CHRISTIE ST (0006349),6349,03 - At intersection,02 - Non-fatal injury,05 - Turning movement,01 - Clear,01 - Daylight,01 - Dry,01 - Traffic signal,01 - Functioning,2,0,0,0,02 - Minor,2,,2,,,367050.6994,5030280.558,45.409693,-75.7047185,5954
20--589,1/14/2020,5:35 PM,CATHERINE ST/HWY 417 O'CONN IC119BR76 @ O'CONN (0001697),1697,02 - Intersection related,03 - P.D. only,03 - Rear end,01 - Clear,05 - Dusk,02 - Wet,01 - Traffic signal,01 - Functioning,2,0,0,0,,0,,,,,368243.7121,5030392.555,45.41059358,-75.68946432,5955
20--5890,7/28/2020,2:15 PM,HIGHWAY 417 btwn HWY417 IC122 RAMP51 & HWY417 IC122 RAMP15 (__3ZA2R0),__3ZA2R0,01 - Non intersection,03 - P.D. only,03 - Rear end,01 - Clear,01 - Daylight,01 - Dry,10 - No control,,2,0,0,0,,0,,,,,365365.4935,5028896.255,45.39738523,-75.7264158,5956
20--5891,7/28/2020,2:45 PM,HIGHWAY 417 btwn HWY417 IC124 RAMP65 & HWY417 IC122 RAMP51 (__3ZA2R8),__3ZA2R8,01 - Non intersection,03 - P.D. only,03 - Rear end,01 - Clear,01 - Daylight,01 - Dry,10 - No control,,3,0,0,0,,0,,,,,364655.8926,5027820.253,45.38776459,-75.73560903,5957
20--5892,7/28/2020,3:00 PM,HIGHWAY 417 btwn HWY417 IC124 RAMP65 & HWY417 IC122 RAMP51 (__3ZA2R8),__3ZA2R8,01 - Non intersection,03 - P.D. only,03 - Rear end,01 - Clear,01 - Daylight,01 - Dry,10 - No control,,2,0,0,0,,0,,,,,365083.5738,5028593.932,45.39468932,-75.73005329,5958
20--5893,7/28/2020,3:27 PM,CENTER ST btwn MONTREAL RD & PAUL AVE (__3ZA8W2),__3ZA8W2,01 - Non intersection,03 - P.D. only,06 - SMV unattended vehicle,01 - Clear,01 - Daylight,01 - Dry,10 - No control,,1,0,0,0,,0,,,,,371859.2238,5033855.696,45.44141625,-75.6428073,5959
20--5894,7/28/2020,3:30 PM,INDUSTRIAL AVE @ RIVERSIDE DR (0011905),11905,03 - At intersection,03 - P.D. only,04 - Sideswipe,01 - Clear,01 - Daylight,01 - Dry,01 - Traffic signal,01 - Functioning,2,0,0,0,,0,,,,,370684.7152,5030592.562,45.41216762,-75.65825546,5960
20--5895,7/28/2020,3:56 PM,CONROY RD @ WALKLEY RD (0002648),2648,02 - Intersection related,03 - P.D. only,04 - Sideswipe,01 - Clear,01 - Daylight,01 - Dry,01 - Traffic signal,01 - Functioning,2,0,0,0,,0,,,,,372903.722,5027463.535,45.38380159,-75.63034063,5961
20--5896,7/28/2020,4:20 PM,HIGHWAY 417 btwn HWY417 IC122 RAMP15 & HWY417 IC121B RAMP51 (__3ZA2RB),__3ZA2RB,01 - Non intersection,03 - P.D. only,03 - Rear end,01 - Clear,01 - Daylight,01 - Dry,10 - No control,,2,0,0,0,,0,,,,,366190.3318,5029377.188,45.40164071,-75.71582153,5962
20--5897,7/28/2020,4:37 PM,REGIONAL ROAD 174 btwn TRANSIT & OR174 IC109 RAMP54 (__3ZAZ6V),__3ZAZ6V,01 - Non intersection,03 - P.D. only,04 - Sideswipe,01 - Clear,01 - Daylight,01 - Dry,10 - No control,,2,0,0,0,,0,,,,,376133.7534,5034236.37,45.44441824,-75.58811918,5963
20--5898,7/28/2020,4:41 PM,INNES RD @ TENTH LINE RD (0004633),4633,02 - Intersection related,03 - P.D. only,04 - Sideswipe,01 - Clear,01 - Daylight,01 - Dry,01 - Traffic signal,01 - Functioning,2,0,0,0,,0,,,,,383951.7707,5036159.571,45.46087998,-75.48788454,5964
20--5899,7/28/2020,8:34 AM,O'CONNOR ST btwn ARGYLE AVE & CATHERINE ST (__3ZA3P5),__3ZA3P5,01 - Non intersection,02 - Non-fatal injury,07 - SMV other,01 - Clear,01 - Daylight,01 - Dry,10 - No control,,1,0,0,0,02 - Minor,1,,1,,,368239.3028,5030398.84,45.41065053,-75.68951983,5965
20--59,1/2/2020,9:30 PM,GREENBANK RD @ STRANDHERD DR (0005563),5563,02 - Intersection related,03 - P.D. only,03 - Rear end,01 - Clear,07 - Dark,01 - Dry,01 - Traffic signal,01 - Functioning,2,0,0,0,,0,,,,,363933.6917,5014784.422,45.27053052,-75.74638824,5966
20--590,1/14/2020,6:03 PM,HIGHWAY 417 btwn HWY417 IC124 RAMP65 & HWY417 IC122 RAMP51 (__3ZA2R8),__3ZA2R8,01 - Non intersection,03 - P.D. only,03 - Rear end,02 - Rain,07 - Dark,02 - Wet,10 - No control,,3,0,0,0,,0,,,,,365169.2786,5028724.371,45.3958556,-75.7289428,5967
20--5900,7/28/2020,8:39 AM,KELLY FARM DR @ LEITRIM RD (0017696),17696,02 - Intersection related,02 - Non-fatal injury,04 - Sideswipe,01 - Clear,01 - Daylight,01 - Dry,02 - Stop sign,01 - Functioning,2,0,0,0,01 - Minimal,1,1,,,,374359.7325,5020970.716,45.32523884,-75.61266365,5968
20--5901,7/28/2020,9:45 AM,WOODROFFE AVE @ HWY 417 WOODROFF IC127R26/HWY4 (0002355),2355,02 - Intersection related,03 - P.D. only,05 - Turning movement,01 - Clear,01 - Daylight,01 - Dry,01 - Traffic signal,01 - Functioning,2,0,0,0,,0,,,,,362082.6854,5024939.523,45.36205926,-75.76880161,5969
20--6055,8/4/2020,3:29 PM,REGIONAL ROAD 174 btwn QUIGLEY HILL RD & REGIONAL ROAD 174 DIVIDED (__3ZA2Y5),__3ZA2Y5,01 - Non intersection,02 - Non-fatal injury,07 - SMV other,02 - Rain,01 - Daylight,02 - Wet,10 - No control,,1,0,0,0,02 - Minor,1,,1,,,387874.5169,5042389.067,45.51647072,-75.43667865,5970
20--6056,8/4/2020,3:29 PM,EDGAR BRAULT ST @ ST. JOSEPH BLVD (0012414),12414,02 - Intersection related,03 - P.D. only,03 - Rear end,02 - Rain,01 - Daylight,02 - Wet,01 - Traffic signal,01 - Functioning,2,0,0,0,,0,,,,,381419.7346,5037546.583,45.47364143,-75.52004067,5971
20--6057,8/4/2020,3:31 PM,LYNDALE AVE @ PARKDALE AVE (0006504),6504,02 - Intersection related,03 - P.D. only,03 - Rear end,01 - Clear,01 - Daylight,01 - Dry,01 - Traffic signal,01 - Functioning,2,0,0,0,,0,,,,,364861.7033,5029929.579,45.40672625,-75.73272413,5972
20--6058,8/4/2020,3:41 PM,MERIVALE RD @ FAMILY BROWN LANE (0010933),10933,02 - Intersection related,03 - P.D. only,03 - Rear end,02 - Rain,01 - Daylight,02 - Wet,01 - Traffic signal,01 - Functioning,2,0,0,0,,0,,,,,365004.9453,5023385.672,45.34783306,-75.73169225,5973
20--6059,8/4/2020,4:30 PM,HIGHWAY 417 btwn HWY417 IC110 RAMP64 & HWY417 IC104 RAMP16 (__3ZA2W9),__3ZA2W9,01 - Non intersection,03 - P.D. only,07 - SMV other,02 - Rain,01 - Daylight,02 - Wet,10 - No control,,1,0,0,0,,0,,,,,378132.1314,5026400.772,45.37371165,-75.56374225,5974
20--606,1/15/2020,1:00 PM,HIGHWAY 417 btwn HIGHWAY 417 & HIGHWAY 417 (1) (__3ZA2UX),__3ZA2UX,01 - Non intersection,03 - P.D. only,99 - Other,01 - Clear,01 - Daylight,01 - Dry,10 - No control,,2,0,0,0,,0,,,,,375443.721,5029918.309,45.40563684,-75.59755825,5975
20--6060,8/4/2020,4:38 PM,MICHAEL ST btwn BELFAST RD & NEWMARKET ST (__3ZA1DR),__3ZA1DR,04 - At/near private drive,02 - Non-fatal injury,02 - Angle,02 - Rain,01 - Daylight,02 - Wet,10 - No control,,2,0,0,0,02 - Minor,1,,1,,,373143.0173,5030651.654,45.41246355,-75.62684355,5976
20--6061,8/4/2020,5:00 PM,RIDEAU ST btwn CUMBERLAND ST & KING EDWARD AVE (__3ZBOFX),__3ZBOFX,01 - Non intersection,03 - P.D. only,04 - Sideswipe,01 - Clear,01 - Daylight,01 - Dry,10 - No control,,2,0,0,0,,0,,,,,368396.5638,5032343.414,45.42813286,-75.68725993,5977
20--6062,8/4/2020,5:18 PM,MEADOWLANDS DR btwn BAYNE AVE & MERIVALE RD (__3ZA4HT),__3ZA4HT,04 - At/near private drive,02 - Non-fatal injury,02 - Angle,02 - Rain,01 - Daylight,02 - Wet,10 - No control,,2,0,0,0,01 - Minimal,1,1,,,,364793.3026,5023690.243,45.35059168,-75.73435594,5978
20--6063,8/4/2020,5:45 PM,WEST HUNT CLUB RD @ CLEOPATRA DR/LANCELOT DR (0000114),114,02 - Intersection related,03 - P.D. only,04 - Sideswipe,02 - Rain,01 - Daylight,02 - Wet,01 - Traffic signal,01 - Functioning,2,0,0,0,,0,,,,,365235.6942,5021732.494,45.33293813,-75.72894974,5979
20--6064,8/4/2020,7:10 PM,BASELINE RD/HERON RD @ PRINCE OF WALES DR (0002345),2345,02 - Intersection related,02 - Non-fatal injury,03 - Rear end,01 - Clear,01 - Daylight,01 - Dry,01 - Traffic signal,01 - Functioning,2,0,0,0,01 - Minimal,1,1,,,,366873.7185,5026438.525,45.37513909,-75.70746264,5980
20--6065,8/4/2020,9:00 PM,BANK ST btwn RIVERSIDE DR & BILLINGS TRANSIT (__3ZA3NMA),__3ZA3NMA,01 - Non intersection,02 - Non-fatal injury,07 - SMV other,01 - Clear,07 - Dark,02 - Wet,10 - No control,,1,0,0,1,01 - Minimal,1,1,,,,369398.838,5027791.843,45.38708759,-75.67504894,5981
20--6066,8/4/2020,9:29 AM,MERIVALE RD @ CAPILANO DR/WITHROW AVE (0009820),9820,02 - Intersection related,03 - P.D. only,04 - Sideswipe,01 - Clear,01 - Daylight,01 - Dry,01 - Traffic signal,01 - Functioning,2,0,0,0,,0,,,,,364642.4321,5024227.768,45.35544115,-75.73621615,5982
20--6067,8/5/2020,1:13 AM,MITCH OWENS RD btwn SALE BARN RD & HAWTHORNE RD (__3ZA2CT),__3ZA2CT,01 - Non intersection,03 - P.D. only,07 - SMV other,02 - Rain,07 - Dark,02 - Wet,10 - No control,,1,0,0,0,,0,,,,,378837.1549,5016634.095,45.28576203,-75.55620286,5983
20--6068,8/5/2020,1:53 PM,COOPER ST @ METCALFE ST (0006940),6940,03 - At intersection,03 - P.D. only,02 - Angle,01 - Clear,01 - Daylight,01 - Dry,02 - Stop sign,01 - Functioning,2,0,0,0,,0,,,,,367962.7077,5031178.533,45.41769097,-75.69295325,5984
20--6069,8/5/2020,1:53 PM,HIGHWAY 417 btwn HWY417 IC122 RAMP51 & HWY417 IC122 RAMP15 (__3ZA2R0),__3ZA2R0,01 - Non intersection,03 - P.D. only,04 - Sideswipe,01 - Clear,01 - Daylight,01 - Dry,10 - No control,,2,0,0,0,,0,,,,,365344.9866,5028882.311,45.39726153,-75.72667942,5985
20--607,1/15/2020,1:10 PM,WEST HUNT CLUB RD btwn TURN LANE & PRINCE OF WALES DR (1) (__3ZA3KJ),__3ZA3KJ,01 - Non intersection,03 - P.D. only,03 - Rear end,01 - Clear,01 - Daylight,02 - Wet,10 - No control,,2,0,0,0,,0,,,,,367407.6209,5021908.296,45.33432955,-75.7012203,5986
20--6070,8/5/2020,10:14 PM,KANATA AVE @ LORD BYNG WAY/MARITIME WAY (0009115),9115,03 - At intersection,02 - Non-fatal injury,07 - SMV other,01 - Clear,07 - Dark,01 - Dry,01 - Traffic signal,01 - Functioning,1,0,0,0,02 - Minor,1,,1,,,351429.9722,5019331.305,45.31238489,-75.90530096,5987
20--6071,8/5/2020,10:20 AM,OLD MONTREAL RD btwn GERALD ST & Continuation of OLD MONTREAL RD (__3ZA24F),__3ZA24F,01 - Non intersection,03 - P.D. only,06 - SMV unattended vehicle,01 - Clear,01 - Daylight,01 - Dry,10 - No control,,1,0,0,0,,0,,,,,385049.4971,5039561.954,45.49136608,-75.47329434,5988
20--6072,8/5/2020,10:20 AM,HIGHWAY 417 btwn HWY417 IC112 RAMP66 & HWY417 IC113 RAMP65 (__3ZA284),__3ZA284,01 - Non intersection,03 - P.D. only,04 - Sideswipe,01 - Clear,01 - Daylight,01 - Dry,10 - No control,,2,0,0,0,,0,,,,,374195.9385,5031321.424,45.41838618,-75.61329863,5989
20--6073,8/5/2020,10:25 AM,HIGHWAY 417 btwn HWY417 IC110 RAMP56 & HWY417 IC110 RAMP64 (__3ZA28Y),__3ZA28Y,01 - Non intersection,02 - Non-fatal injury,03 - Rear end,02 - Rain,01 - Daylight,02 - Wet,10 - No control,,2,0,0,0,01 - Minimal,1,1,,,,375866.5981,5028753.169,45.39511073,-75.59232475,5990
20--6074,8/5/2020,10:30 AM,WELLINGTON ST    W btwn SMIRLE AVE & JULIAN AVE (__3ZA4PE),__3ZA4PE,01 - Non intersection,03 - P.D. only,04 - Sideswipe,01 - Clear,01 - Daylight,01 - Dry,10 - No control,,2,0,0,0,,0,,,,,364685.2863,5029070.358,45.39901028,-75.73508196,5991
20--6075,8/5/2020,10:30 AM,HAZELDEAN RD @ HUNTMAR DR/IBER RD (0000075),75,02 - Intersection related,03 - P.D. only,03 - Rear end,01 - Clear,01 - Daylight,01 - Dry,01 - Traffic signal,01 - Functioning,2,0,0,0,,0,,,,,350942.5888,5016079.443,45.28315593,-75.91181912,5992
20--6076,8/5/2020,Unknown,BRIDGEPORT AVE btwn ALABASTER HTS  & CONCH WAY (__8AO8TE),__8AO8TE,01 - Non intersection,03 - P.D. only,06 - SMV unattended vehicle,01 - Clear,00 - Unknown,01 - Dry,10 - No control,,1,0,0,0,,0,,,,,369333.392,5008835.472,45.21652762,-75.67835219,5993
20--6077,8/5/2020,12:17 PM,SMYTH RD @ RIVERSIDE HOSPITAL (0009069),9069,03 - At intersection,02 - Non-fatal injury,05 - Turning movement,01 - Clear,01 - Daylight,01 - Dry,01 - Traffic signal,01 - Functioning,2,1,0,0,01 - Minimal,1,1,,,,369987.5607,5029121.027,45.39899258,-75.66735592,5994
20--6078,8/5/2020,12:28 PM,STRANDHERD DR btwn 215 W OF GREENBANK RD/BARRHAVEN MALL SC & GREENBANK (__3ZAZMMB),__3ZAZMMB,01 - Non intersection,02 - Non-fatal injury,04 - Sideswipe,01 - Clear,01 - Daylight,01 - Dry,10 - No control,,2,0,1,0,02 - Minor,1,,1,,,363898.9146,5014765.189,45.27036039,-75.74683369,5995
20--6079,8/5/2020,12:30 PM,PRINCE OF WALES DR @ WEST HUNT CLUB RD (0000567),567,02 - Intersection related,03 - P.D. only,04 - Sideswipe,01 - Clear,01 - Daylight,01 - Dry,01 - Traffic signal,00 - Unknown,2,0,0,0,,0,,,,,367458.7159,5021891.511,45.33417396,-75.7005706,5996
20--608,1/15/2020,1:10 PM,CHURCHILL AVE @ RICHMOND RD (0002361),2361,02 - Intersection related,03 - P.D. only,04 - Sideswipe,01 - Clear,01 - Daylight,02 - Wet,01 - Traffic signal,01 - Functioning,2,0,0,0,,0,,,,,363227.6873,5028292.546,45.39213481,-75.75379046,5997
20--6080,8/5/2020,12:37 PM,INNES RD @ 240 E OF TENTH LINE RD/HOME DEPOT E (0012919),12919,02 - Intersection related,03 - P.D. only,04 - Sideswipe,01 - Clear,01 - Daylight,01 - Dry,01 - Traffic signal,01 - Functioning,2,0,0,0,,0,,,,,384168.1144,5036256.414,45.46172674,-75.48510295,5998
20--6081,8/5/2020,12:41 PM,WALKLEY RD btwn DON REID DR/RYDER ST & 160 W OF CONROY RD (__3ZA2EHA),__3ZA2EHA,01 - Non intersection,03 - P.D. only,03 - Rear end,01 - Clear,01 - Daylight,01 - Dry,10 - No control,,2,0,0,0,,0,,,,,372605.0199,5027286.493,45.38223762,-75.63417882,5999
20--6082,8/5/2020,2:06 PM,ST. LAURENT BLVD @ PEEL ST (0012033),12033,02 - Intersection related,02 - Non-fatal injury,07 - SMV other,01 - Clear,01 - Daylight,01 - Dry,02 - Stop sign,01 - Functioning,1,0,0,1,02 - Minor,1,,1,,,371069.7061,5034967.621,45.45149612,-75.65274853,6000
20--6623,8/26/2020,6:25 PM,LEES AVE btwn TURN LANE & TRANSIT (__4LN2VF),__4LN2VF,01 - Non intersection,02 - Non-fatal injury,03 - Rear end,01 - Clear,01 - Daylight,01 - Dry,10 - No control,,2,0,0,0,03 - Major,1,,,1,,369274.5273,5031307.737,45.41873385,-75.6761766,6001
20--6443,8/19/2020,4:57 PM,ST. JOSEPH BLVD @ DUFORD DR/PLACE D'ORLEANS DR (0003629),3629,02 - Intersection related,03 - P.D. only,04 - Sideswipe,01 - Clear,01 - Daylight,01 - Dry,01 - Traffic signal,01 - Functioning,2,0,0,0,,0,,,,,381996.7259,5037996.579,45.47762656,-75.51259139,6002
20--6624,8/26/2020,7:50 AM,HIGHWAY 417 btwn HWY417 IC121B RAMP51 & HWY417 IC121A RAMP51 (__3ZA2YW),__3ZA2YW,01 - Non intersection,03 - P.D. only,03 - Rear end,01 - Clear,01 - Daylight,01 - Dry,10 - No control,,2,0,0,0,,0,,,,,366981.0484,5029635.315,45.40389347,-75.70568961,6003
20--6625,8/26/2020,8:00 PM,MERIVALE RD btwn 170 N OF WEST HUNT CLUB RD/COSTCO SC & WEST HUNT CLUB (__3ZA33DB),__3ZA33DB,04 - At/near private drive,03 - P.D. only,05 - Turning movement,01 - Clear,05 - Dusk,01 - Dry,10 - No control,,2,0,0,0,,0,,,,,365594.2455,5021987.641,45.33520294,-75.72434436,6004
20--6444,8/19/2020,5:05 PM,KING ST @ PERTH ST (0010389),10389,02 - Intersection related,03 - P.D. only,02 - Angle,01 - Clear,01 - Daylight,01 - Dry,02 - Stop sign,01 - Functioning,2,0,0,0,,0,,,,,357077.6146,5006558.404,45.19705386,-75.83462151,6005
20--6626,8/26/2020,8:36 PM,MONTREAL RD @ PALACE ST (0004699),4699,02 - Intersection related,03 - P.D. only,04 - Sideswipe,01 - Clear,07 - Dark,01 - Dry,10 - No control,,2,0,0,0,,0,,,,,369955.7202,5032998.595,45.43388441,-75.66724989,6006
20--6445,8/19/2020,5:29 AM,ALBION RD @ MITCH OWENS RD (0004212),4212,03 - At intersection,03 - P.D. only,05 - Turning movement,01 - Clear,03 - Dawn,01 - Dry,01 - Traffic signal,01 - Functioning,2,0,0,0,,0,,,,,375906.7509,5014804.46,45.26960216,-75.59381582,6007
20--6627,8/26/2020,8:40 PM,BANK ST @ CATHERINE ST (0002708),2708,02 - Intersection related,03 - P.D. only,04 - Sideswipe,01 - Clear,05 - Dusk,01 - Dry,01 - Traffic signal,01 - Functioning,2,0,0,0,,0,,,,,368039.7025,5030267.581,45.40948757,-75.69208645,6008
20--6446,8/19/2020,5:39 PM,WOODRIDGE CRES btwn 220 W OF BAYSHORE DR/BAYSHORE SC & TRANSITWAY LINK (__3ZAA4NA),__3ZAA4NA,04 - At/near private drive,03 - P.D. only,05 - Turning movement,01 - Clear,01 - Daylight,01 - Dry,10 - No control,,2,0,0,0,,0,,,,,358900.2655,5023231.58,45.34694399,-75.80960821,6009
20--6628,8/26/2020,9:35 AM,GREENBANK RD @ BERRIGAN DR/WESSEX RD (0004726),4726,03 - At intersection,03 - P.D. only,05 - Turning movement,02 - Rain,01 - Daylight,02 - Wet,01 - Traffic signal,01 - Functioning,2,0,0,0,,0,,,,,363723.0518,5015277.311,45.27498323,-75.74901395,6010
20--6447,8/19/2020,6:00 PM,LYNDA LANE @ SMYTH RD (0002250),2250,03 - At intersection,03 - P.D. only,02 - Angle,01 - Clear,01 - Daylight,01 - Dry,02 - Stop sign,01 - Functioning,2,0,0,0,,0,,,,,371611.7104,5029191.552,45.39947403,-75.64660331,6011
20--6629,8/27/2020,10:04 PM,WOODROFFE AVE @ CRESTHAVEN DR/PAUL METIVIER (0010547),10547,03 - At intersection,03 - P.D. only,02 - Angle,01 - Clear,07 - Dark,01 - Dry,02 - Stop sign,01 - Functioning,2,0,0,0,,0,,,,,366327.0657,5014854.533,45.27095606,-75.71588072,6012
20--6448,8/19/2020,6:00 PM,RIVERSIDE DR @ HERON RD (0002236),2236,02 - Intersection related,03 - P.D. only,03 - Rear end,01 - Clear,01 - Daylight,01 - Dry,01 - Traffic signal,01 - Functioning,2,0,0,0,,0,,,,,368121.1053,5026647.235,45.3769054,-75.69151122,6013
20--663,1/15/2020,8:37 PM,EAGLESON RD @ EMERALD MEADOWS DR (0010422),10422,03 - At intersection,03 - P.D. only,02 - Angle,01 - Clear,07 - Dark,02 - Wet,02 - Stop sign,01 - Functioning,2,0,0,0,,0,,,,,354998.6281,5015092.418,45.2739965,-75.8602196,6014