Anom_ID,Accident_Date,Accident_Time,Location,Geo_ID,Accident_Location,Classification_of_Accident,Initial_Impact_Type,Environment_Condition,Light,Road_Surface_Condition,Traffic_Control,Traffic_Control_Condition,No__of_Vehicles,No__of_Bicycles,No__of_Motorcycles,No__of_Pedestrians,Max_Injury,No__of_Injuries,No__of_Minimal,No__of_Minor,No__of_Major,No__of_Fatal,X,Y,Latitude,Longitude,ObjectId
20--6449,8/19/2020,6:16 PM,BRITANNIA RD @ CASSELS ST (0003120),3120,03 - At intersection,03 - P.D. only,02 - Angle,01 - Clear,01 - Daylight,01 - Dry,02 - Stop sign,01 - Functioning,2,0,0,0,,0,,,,,359566.6563,5026048.541,45.37223925,-75.80079267,6015
20--6630,8/27/2020,10:15 AM,NAVAHO DR @ WOODROFFE AVE/TRANSITWAY N BASELIN (0010359),10359,02 - Intersection related,03 - P.D. only,03 - Rear end,02 - Rain,01 - Daylight,02 - Wet,01 - Traffic signal,01 - Functioning,2,0,0,0,,0,,,,,362706.2374,5023492.793,45.34899048,-75.76101226,6016
20--645,1/15/2020,6:45 PM,ALBION RD/COLLISTON CRES E @ WALKLEY RD (0011422),11422,02 - Intersection related,02 - Non-fatal injury,03 - Rear end,02 - Rain,07 - Dark,02 - Wet,01 - Traffic signal,01 - Functioning,2,0,0,0,01 - Minimal,2,2,,,,371033.7337,5026354.538,45.37400254,-75.6543658,6017
20--6450,8/19/2020,7:00 PM,DEERMEADOW DR btwn ELKWOOD DR & ELKWOOD DR (__3ZA1YO),__3ZA1YO,01 - Non intersection,02 - Non-fatal injury,07 - SMV other,01 - Clear,01 - Daylight,01 - Dry,10 - No control,,1,0,0,0,01 - Minimal,1,1,,,,375361.5434,5011369.942,45.23875426,-75.60125069,6018
20--6451,8/19/2020,7:39 PM,CARLING AVE @ KIRKWOOD AVE N (0002358),2358,02 - Intersection related,03 - P.D. only,03 - Rear end,01 - Clear,01 - Daylight,01 - Dry,01 - Traffic signal,01 - Functioning,2,0,0,0,,0,,,,,364275.6879,5027493.533,45.38485721,-75.74050338,6019
20--6452,8/19/2020,8:43 PM,MARAVISTA DR @ STRANDHERD DR (0013565),13565,02 - Intersection related,03 - P.D. only,03 - Rear end,01 - Clear,05 - Dusk,01 - Dry,01 - Traffic signal,01 - Functioning,2,0,0,0,,0,,,,,361288.4381,5014584.958,45.26895318,-75.78011984,6020
20--6453,8/19/2020,9:42 AM,RUSSELL RD S @ ST. LAURENT BLVD (0007734),7734,03 - At intersection,02 - Non-fatal injury,05 - Turning movement,01 - Clear,01 - Daylight,01 - Dry,01 - Traffic signal,01 - Functioning,2,0,0,0,02 - Minor,2,,2,,,373569.7282,5029260.549,45.39990524,-75.62158652,6021
20--6454,8/19/2020,9:53 AM,CHAMPLAIN BRIDGE/ISLAND PARK DR btwn BATE ISLAND & OTTAWA RIVER PKWY (__3ZA2ZEB),__3ZA2ZEB,01 - Non intersection,03 - P.D. only,03 - Rear end,01 - Clear,01 - Daylight,01 - Dry,10 - No control,,2,0,0,0,,0,,,,,363007.183,5030005.482,45.40756589,-75.75640424,6022
20--6455,8/19/2020,9:55 AM,BANTREE ST @ INNES RD (0007684),7684,02 - Intersection related,03 - P.D. only,03 - Rear end,01 - Clear,01 - Daylight,01 - Dry,01 - Traffic signal,01 - Functioning,2,0,0,0,,0,,,,,373705.7279,5030406.567,45.41020319,-75.61968942,6023
20--6456,8/20/2020,1:06 PM,FIELD ST btwn MAJOR ST & BERWICK AVE (__3ZAAXU),__3ZAAXU,01 - Non intersection,03 - P.D. only,06 - SMV unattended vehicle,01 - Clear,01 - Daylight,01 - Dry,10 - No control,,1,0,0,0,,0,,,,,362686.6651,5024438.37,45.35750032,-75.7611513,6024
20--6457,8/20/2020,1:30 PM,KING EDWARD AVE @ LAURIER AVE (0002170),2170,02 - Intersection related,03 - P.D. only,03 - Rear end,01 - Clear,01 - Daylight,01 - Dry,01 - Traffic signal,01 - Functioning,2,0,0,0,,0,,,,,368739.6295,5032034.603,45.42532302,-75.68291621,6025
20--6458,8/20/2020,1:47 PM,MOODIE DR @ ROBERTSON RD (0010545),10545,02 - Intersection related,03 - P.D. only,04 - Sideswipe,01 - Clear,01 - Daylight,01 - Dry,01 - Traffic signal,01 - Functioning,2,0,0,0,,0,,,,,357066.6502,5020455.479,45.32210343,-75.83329915,6026
20--6459,8/20/2020,10:18 AM,BASELINE RD @ CLYDE AVE (0002343),2343,03 - At intersection,03 - P.D. only,02 - Angle,01 - Clear,01 - Daylight,01 - Dry,01 - Traffic signal,01 - Functioning,2,0,0,0,,0,,,,,364358.6756,5024890.513,45.3614286,-75.73975762,6027
20--646,1/15/2020,6:53 PM,HIGHWAY 417 btwn HWY417 IC144 RAMP16 & HWY417 IC144 RAMP61 (__3ZA2QU),__3ZA2QU,01 - Non intersection,03 - P.D. only,03 - Rear end,01 - Clear,07 - Dark,02 - Wet,10 - No control,,2,0,0,0,,0,,,,,347742.6234,5016177.35,45.2842397,-75.95259876,6028
20--6460,8/20/2020,11:09 AM,HIGHWAY 417 btwn HWY417 IC142 RAMP25 & HIGHWAY 417 (__3ZA1ZP),__3ZA1ZP,01 - Non intersection,02 - Non-fatal injury,07 - SMV other,01 - Clear,01 - Daylight,01 - Dry,10 - No control,,1,0,0,0,02 - Minor,1,,1,,,349419.8809,5017645.982,45.29735045,-75.93108723,6029
20--6461,8/20/2020,11:34 AM,BANK ST @ FINDLAY CREEK SC/310 S OF FINDLAY CREEK DR (0013532),13532,03 - At intersection,02 - Non-fatal injury,05 - Turning movement,01 - Clear,01 - Daylight,01 - Dry,01 - Traffic signal,01 - Functioning,2,0,0,0,02 - Minor,1,,1,,,375967.5345,5020175.263,45.31792052,-75.59227064,6030
20--6462,8/20/2020,12:00 PM,HIGHWAY 417 btwn HWY417 IC122 RAMP15 & HWY417 IC121B RAMP51 (__3ZA2RB),__3ZA2RB,01 - Non intersection,03 - P.D. only,03 - Rear end,01 - Clear,01 - Daylight,01 - Dry,10 - No control,,3,0,0,0,,0,,,,,365785.1719,5029172.027,45.39983013,-75.72102178,6031
20--6463,8/20/2020,2:00 PM,HIGHWAY 417 btwn HWY417 IC142 RAMP35 & HWY417 IC142 RAMP25 (__3ZA1ZO),__3ZA1ZO,01 - Non intersection,03 - P.D. only,03 - Rear end,01 - Clear,01 - Daylight,01 - Dry,10 - No control,,2,0,0,0,,0,,,,,349256.2523,5017499.119,45.29603931,-75.93318659,6032
20--6464,8/20/2020,2:30 PM,LARCH ST @ PRESTON ST (0005745),5745,02 - Intersection related,03 - P.D. only,06 - SMV unattended vehicle,01 - Clear,01 - Daylight,01 - Dry,02 - Stop sign,00 - Unknown,1,0,0,0,,0,,,,,366437.6872,5029830.561,45.4056983,-75.71260553,6033
20--6465,8/20/2020,3:16 PM,BLAIR RD @ MEADOWBROOK RD (0004163),4163,02 - Intersection related,03 - P.D. only,03 - Rear end,01 - Clear,01 - Daylight,01 - Dry,01 - Traffic signal,01 - Functioning,2,0,0,0,,0,,,,,375194.6755,5032311.59,45.42719537,-75.60039743,6034
20--6466,8/20/2020,3:35 PM,WOODRIDGE CRES btwn BAYSHORE PS & TRANSITWAY LINK (__6KE4J1B),__6KE4J1B,04 - At/near private drive,03 - P.D. only,02 - Angle,01 - Clear,01 - Daylight,01 - Dry,10 - No control,,2,0,0,0,,0,,,,,358627.4982,5023397.174,45.348455,-75.81307081,6035
20--6467,8/20/2020,4:15 PM,HIGHWAY 417 btwn HWY417 IC124 RAMP65 & HWY417 IC122 RAMP51 (__3ZA2R8),__3ZA2R8,01 - Non intersection,03 - P.D. only,03 - Rear end,01 - Clear,01 - Daylight,01 - Dry,10 - No control,,2,0,0,0,,0,,,,,364978.7812,5028407.626,45.39302199,-75.73141432,6036
20--6468,8/20/2020,4:30 PM,HIGHWAY 417 btwn HWY417 IC118 RAMP67 & HWY417 IC117 RAMP36 (__3ZA2YO),__3ZA2YO,01 - Non intersection,03 - P.D. only,03 - Rear end,01 - Clear,01 - Daylight,01 - Dry,10 - No control,,3,0,0,0,,0,,,,,370106.1784,5031113.1,45.41690545,-75.66557709,6037
20--6469,8/20/2020,4:40 PM,RICHMOND RD btwn CLIFTON RD & KIRKWOOD AVE (__3ZA4OD),__3ZA4OD,01 - Non intersection,03 - P.D. only,04 - Sideswipe,01 - Clear,01 - Daylight,01 - Dry,10 - No control,,2,0,0,0,,0,,,,,363751.2978,5028624.724,45.39507981,-75.74706406,6038
20--647,1/15/2020,6:55 PM,ST. JOSEPH BLVD/OLD MONTREAL RD @ TRIM RD (0004118),4118,03 - At intersection,02 - Non-fatal injury,02 - Angle,01 - Clear,07 - Dark,02 - Wet,11 - Roundabout,01 - Functioning,2,0,0,0,03 - Major,1,,,1,,384682.7523,5039285.585,45.48892166,-75.47803067,6039
20--6470,8/20/2020,5:04 PM,BANK ST btwn MCLEOD ST & FLORA ST (__3ZA3P6),__3ZA3P6,01 - Non intersection,03 - P.D. only,04 - Sideswipe,01 - Clear,01 - Daylight,01 - Dry,10 - No control,,2,0,0,0,,0,,,,,367952.5225,5030478.457,45.41139283,-75.69317308,6040
20--6471,8/20/2020,5:11 PM,240 S OF CHARLEMAGNE BLVD/DES EPINETTES AVE @ TENTH LINE RD (0014362),14362,03 - At intersection,03 - P.D. only,05 - Turning movement,01 - Clear,01 - Daylight,01 - Dry,01 - Traffic signal,01 - Functioning,2,0,0,0,,0,,,,,383736.1826,5036677.455,45.46556382,-75.49055768,6041
20--6472,8/20/2020,5:30 PM,HIGHWAY 417 btwn HWY417 IC113 RAMP85 & HWY417 IC112 RAMP54 (__3ZA287),__3ZA287,01 - Non intersection,03 - P.D. only,03 - Rear end,01 - Clear,01 - Daylight,01 - Dry,10 - No control,,2,0,0,0,,0,,,,,374113.9021,5031469.476,45.4197264,-75.61432589,6042
20--6473,8/20/2020,7:01 AM,HAWTHORNE AVE/ISABELLA ST @ QUEEN ELIZABETH DR (0002105),2105,03 - At intersection,03 - P.D. only,05 - Turning movement,01 - Clear,01 - Daylight,01 - Dry,01 - Traffic signal,01 - Functioning,2,0,0,0,,0,,,,,368665.7107,5030476.57,45.41131113,-75.68406267,6043
20--6474,8/20/2020,7:22 PM,BANK ST @ WALKLEY RD (0011423),11423,03 - At intersection,03 - P.D. only,05 - Turning movement,01 - Clear,01 - Daylight,01 - Dry,01 - Traffic signal,01 - Functioning,2,0,0,0,,0,,,,,370337.5453,5025947.385,45.37040456,-75.6633074,6044
20--6475,8/21/2020,1:14 PM,HIGHWAY 417 btwn HWY417 IC124 RAMP65 & HWY417 IC122 RAMP51 (__3ZA2R8),__3ZA2R8,01 - Non intersection,02 - Non-fatal injury,03 - Rear end,01 - Clear,01 - Daylight,01 - Dry,10 - No control,,3,0,0,0,02 - Minor,1,,1,,,365125.4559,5028665.086,45.39532594,-75.72950972,6045
20--6476,8/21/2020,1:23 PM,RICHMOND RD @ HOLLY ACRES RD/NANAIMO DR (0001068),1068,02 - Intersection related,03 - P.D. only,03 - Rear end,01 - Clear,01 - Daylight,01 - Dry,01 - Traffic signal,01 - Functioning,2,0,0,0,,0,,,,,359058.6777,5022748.507,45.34258505,-75.80763979,6046
20--6477,8/21/2020,1:28 PM,BLOHM DR @ FORESTGLADE CRES S/PICASSO DR (0008252),8252,02 - Intersection related,03 - P.D. only,03 - Rear end,01 - Clear,01 - Daylight,01 - Dry,02 - Stop sign,01 - Functioning,2,0,0,0,,0,,,,,375067.7438,5026322.521,45.37332156,-75.6028726,6047
20--6478,8/21/2020,1:30 PM,TRIM RD @ WATTERS RD (0012847),12847,02 - Intersection related,03 - P.D. only,03 - Rear end,01 - Clear,01 - Daylight,01 - Dry,01 - Traffic signal,01 - Functioning,2,0,0,0,,0,,,,,384964.6583,5038717.588,45.48377906,-75.47451746,6048
20--6479,8/21/2020,1:37 PM,FERNBANK RD btwn GO/KA BOUNDARY & SHEA RD (__3ZBNCF),__3ZBNCF,04 - At/near private drive,03 - P.D. only,05 - Turning movement,01 - Clear,01 - Daylight,01 - Dry,10 - No control,,2,0,0,0,,0,,,,,352536.5981,5013548.271,45.26027327,-75.89174471,6049
20--648,1/15/2020,7:02 AM,MACDONALD-CARTIER BR btwn RAMP & END (2) (__3ZA3UC),__3ZA3UC,01 - Non intersection,03 - P.D. only,03 - Rear end,01 - Clear,03 - Dawn,04 - Slush,10 - No control,,2,0,0,0,,0,,,,,367428.1737,5033209.229,45.43601056,-75.69952424,6050
20--6480,8/21/2020,1:40 PM,COACH AVE btwn HOBIN ST & BEVERLY ST (__3ZACOF),__3ZACOF,01 - Non intersection,03 - P.D. only,06 - SMV unattended vehicle,01 - Clear,01 - Daylight,01 - Dry,10 - No control,,1,0,0,0,,0,,,,,349621.3199,5013699.758,45.26182818,-75.92887533,6051
20--6481,8/21/2020,11:00 PM,BANK ST @ QUEEN ST (0003138),3138,03 - At intersection,03 - P.D. only,05 - Turning movement,01 - Clear,07 - Dark,01 - Dry,01 - Traffic signal,01 - Functioning,2,0,0,0,,0,,,,,367343.7821,5031489.525,45.42054478,-75.70082117,6052
20--6482,8/21/2020,11:50 AM,BRONSON AVE btwn RENFREW AVE & POWELL AVE (__3ZA3BZ),__3ZA3BZ,04 - At/near private drive,03 - P.D. only,02 - Angle,01 - Clear,01 - Daylight,01 - Dry,10 - No control,,2,0,0,0,,0,,,,,367365.8477,5029529.752,45.40290936,-75.700788,6053
20--6353,8/16/2020,12:30 PM,DALMENY RD @ RIVER RD (0012900),12900,03 - At intersection,02 - Non-fatal injury,02 - Angle,01 - Clear,01 - Daylight,01 - Dry,02 - Stop sign,01 - Functioning,2,0,0,0,02 - Minor,1,,1,,,374387.7105,4996968.299,45.10926701,-75.61566099,6054
20--6483,8/21/2020,Unknown,BANK ST btwn CHAMBERLAIN AVE & ROSEBERY AVE (__3ZA3PI),__3ZA3PI,01 - Non intersection,03 - P.D. only,06 - SMV unattended vehicle,01 - Clear,00 - Unknown,01 - Dry,10 - No control,,1,0,0,0,,0,,,,,368113.952,5030089.45,45.40787809,-75.69116085,6055
20--6484,8/21/2020,12:01 PM,HIGHWAY 417 btwn HWY417 IC127 RAMP67 & HWY417 IC126 RAMP16 (__3ZA2X0),__3ZA2X0,01 - Non intersection,03 - P.D. only,07 - SMV other,01 - Clear,01 - Daylight,01 - Dry,10 - No control,,1,0,0,0,,0,,,,,362603.8814,5025228.527,45.3646169,-75.76211543,6056
20--6485,8/21/2020,12:17 AM,HERON RD WB btwn HERON RD WB OFF RAMP/VINCENT MASSEY PARK & RIVERSIDE  (__3ZAZKM),__3ZAZKM,01 - Non intersection,03 - P.D. only,04 - Sideswipe,02 - Rain,07 - Dark,02 - Wet,10 - No control,,2,0,0,0,,0,,,,,368043.9353,5026639.391,45.37684179,-75.69249744,6057
20--6486,8/21/2020,12:48 PM,BESSERER ST @ WALLER ST (0008859),8859,03 - At intersection,03 - P.D. only,04 - Sideswipe,01 - Clear,01 - Daylight,01 - Dry,01 - Traffic signal,01 - Functioning,2,0,0,0,,0,,,,,368315.9432,5032191.975,45.4267776,-75.68830965,6058
20--6487,8/21/2020,2:20 PM,HIGHWAY 417 btwn HWY417 IC118 RAMP67 & HWY417 IC117 RAMP36 (__3ZA2YO),__3ZA2YO,01 - Non intersection,03 - P.D. only,03 - Rear end,01 - Clear,01 - Daylight,01 - Dry,10 - No control,,2,0,0,0,,0,,,,,370393.6141,5031142.969,45.41714731,-75.66190092,6059
20--6488,8/21/2020,2:45 PM,RIVERSIDE DR btwn MOONEY'S BAY PL & WALKLEY RD (__3ZA36Q),__3ZA36Q,01 - Non intersection,02 - Non-fatal injury,03 - Rear end,01 - Clear,01 - Daylight,01 - Dry,10 - No control,,2,0,0,0,01 - Minimal,1,1,,,,368380.6433,5025191.473,45.36378333,-75.68838513,6060
20--6489,8/21/2020,2:50 PM,PAUL METIVIER DR btwn LEAMINGTON WAY & LONGFIELDS DR (__7JQ6CT),__7JQ6CT,04 - At/near private drive,03 - P.D. only,06 - SMV unattended vehicle,01 - Clear,01 - Daylight,01 - Dry,10 - No control,,1,0,0,0,,0,,,,,365123.83,5014258.951,45.26570126,-75.73128606,6061
20--649,1/15/2020,7:03 AM,MARCH RD btwn JACOB'S GT & BEARHILL RD (__3ZA2Q0),__3ZA2Q0,01 - Non intersection,03 - P.D. only,07 - SMV other,01 - Clear,07 - Dark,02 - Wet,10 - No control,,1,0,0,0,,0,,,,,337681.4779,5017605.753,45.29763588,-76.08075224,6062
20--6490,8/21/2020,2:54 AM,LAURIER AVE @ NICHOLAS ST (0010711),10711,03 - At intersection,03 - P.D. only,07 - SMV other,01 - Clear,07 - Dark,01 - Dry,01 - Traffic signal,01 - Functioning,1,0,0,0,,0,,,,,368373.6386,5031798.271,45.42322994,-75.68762323,6063
20--6491,8/21/2020,3:12 PM,MEADOWLANDS DR @ MERIVALE RD (0000625),625,02 - Intersection related,02 - Non-fatal injury,03 - Rear end,01 - Clear,01 - Daylight,01 - Dry,01 - Traffic signal,01 - Functioning,2,0,0,0,01 - Minimal,2,2,,,,364858.6979,5023725.508,45.35090339,-75.73351715,6064
20--6492,8/21/2020,3:22 AM,RIVERSIDE DR btwn KIMBERWICK CRES & MALHOTRA CRT (__3ZA1KW),__3ZA1KW,01 - Non intersection,03 - P.D. only,07 - SMV other,01 - Clear,07 - Dark,01 - Dry,10 - No control,,1,0,0,0,,0,,,,,368198.7915,5022842.429,45.34266365,-75.69100747,6065
20--6493,8/21/2020,3:26 AM,PAUL METIVIER DR btwn CLEARBROOK DR & MOSS GROVE ST (__5A5DGI),__5A5DGI,01 - Non intersection,03 - P.D. only,06 - SMV unattended vehicle,01 - Clear,07 - Dark,02 - Wet,10 - No control,,1,0,0,0,,0,,,,,366097.3132,5014765.986,45.27017938,-75.71881941,6066
20--6494,8/21/2020,3:50 AM,HIGHWAY 417 btwn HWY417 IC124 RAMP57 & HWY417 IC124 RAMP55 (__3ZA2Y1),__3ZA2Y1,01 - Non intersection,03 - P.D. only,07 - SMV other,02 - Rain,07 - Dark,02 - Wet,10 - No control,,1,0,0,0,,0,,,,,364244.9799,5027266.803,45.38281974,-75.74092279,6067
20--6495,8/21/2020,3:52 PM,HUNT CLUB RD @ UPLANDS DR (0010844),10844,02 - Intersection related,03 - P.D. only,03 - Rear end,01 - Clear,01 - Daylight,01 - Dry,01 - Traffic signal,01 - Functioning,2,0,0,0,,0,,,,,370156.7309,5023121.49,45.34499488,-75.66598917,6068
20--6496,8/21/2020,4:06 PM,MEADOWLANDS DR @ MERIVALE RD (0000625),625,02 - Intersection related,02 - Non-fatal injury,99 - Other,01 - Clear,01 - Daylight,01 - Dry,01 - Traffic signal,01 - Functioning,2,0,0,0,01 - Minimal,1,1,,,,364858.698,5023725.501,45.35090333,-75.73351715,6069
20--6497,8/21/2020,4:10 PM,HWY417 IC117 RAMP51 btwn HIGHWAY 417 & HWY417 IC117 RAMP53 (__3ZAY9J),__3ZAY9J,01 - Non intersection,03 - P.D. only,03 - Rear end,01 - Clear,01 - Daylight,01 - Dry,10 - No control,,2,0,0,0,,0,,,,,370587.9366,5031120.58,45.41692762,-75.65942129,6070
20--6498,8/21/2020,4:21 PM,BROPHY DR btwn WILLIAM MCEWEN DR & HWY416 IC57 RAMP53 (__3ZA1XR),__3ZA1XR,01 - Non intersection,03 - P.D. only,05 - Turning movement,01 - Clear,01 - Daylight,01 - Dry,10 - No control,,2,0,0,0,,0,,,,,364314.9767,5007788.393,45.20754768,-75.74236659,6071
20--6499,8/21/2020,5:19 PM,INNES RD @ JEANNE D'ARC BLVD/MER BLEUE RD (0012475),12475,02 - Intersection related,03 - P.D. only,03 - Rear end,01 - Clear,01 - Daylight,01 - Dry,01 - Traffic signal,01 - Functioning,2,0,0,0,,0,,,,,382637.7508,5035567.551,45.45570112,-75.50477809,6072
20--65,1/3/2020,10:41 AM,JEANNE D'ARC BLVD @ SAPINIER ST (0004220),4220,03 - At intersection,02 - Non-fatal injury,03 - Rear end,01 - Clear,01 - Daylight,02 - Wet,02 - Stop sign,00 - Unknown,3,0,0,0,02 - Minor,2,1,1,,,382555.7436,5035769.59,45.45752803,-75.50579451,6073
20--650,1/15/2020,7:09 AM,MARCH RD btwn DONALD B. MUNRO DR & DONALD B. MUNRO DR (__3ZA3FK),__3ZA3FK,01 - Non intersection,03 - P.D. only,07 - SMV other,01 - Clear,07 - Dark,02 - Wet,10 - No control,,1,0,0,0,,0,,,,,343142.0279,5022637.644,45.34263803,-76.01074156,6074
20--6500,8/21/2020,5:36 PM,VICTORIA ST btwn DOW ST & BOWEN ST (__3ZA20B),__3ZA20B,04 - At/near private drive,02 - Non-fatal injury,02 - Angle,01 - Clear,01 - Daylight,01 - Dry,10 - No control,,2,0,0,0,02 - Minor,1,,1,,,385326.4918,5011090.252,45.23516855,-75.47439059,6075
20--6501,8/21/2020,5:41 PM,CAMEO DR @ MAITLAND AVE (0003215),3215,02 - Intersection related,02 - Non-fatal injury,02 - Angle,01 - Clear,01 - Daylight,01 - Dry,02 - Stop sign,01 - Functioning,2,1,0,0,03 - Major,1,,,1,,364152.9666,5025146.136,45.36374611,-75.74235248,6076
20--6502,8/21/2020,5:53 PM,CONROY RD @ HUNT CLUB RD (0002257),2257,03 - At intersection,02 - Non-fatal injury,05 - Turning movement,01 - Clear,01 - Daylight,01 - Dry,01 - Traffic signal,01 - Functioning,2,0,0,0,02 - Minor,2,,2,,,373763.6605,5025404.698,45.36519293,-75.61964832,6077
20--6503,8/21/2020,6:15 AM,RAMSAYVILLE RD @ RIDGE RD (0009270),9270,03 - At intersection,03 - P.D. only,05 - Turning movement,01 - Clear,03 - Dawn,01 - Dry,02 - Stop sign,01 - Functioning,2,0,0,0,,0,,,,,376683.7382,5028863.529,45.39602028,-75.58187335,6078
20--6504,8/21/2020,6:35 PM,TERRY FOX DR @ FERNBANK RD (0011863),11863,03 - At intersection,02 - Non-fatal injury,03 - Rear end,01 - Clear,01 - Daylight,01 - Dry,01 - Traffic signal,01 - Functioning,2,0,0,0,02 - Minor,1,,1,,,354303.5418,5015130.102,45.27438487,-75.86907416,6079
20--6505,8/21/2020,6:36 PM,BASELINE RD @ CLYDE AVE (0002343),2343,02 - Intersection related,02 - Non-fatal injury,05 - Turning movement,01 - Clear,01 - Daylight,01 - Dry,01 - Traffic signal,01 - Functioning,2,0,0,0,02 - Minor,1,,1,,,364358.7037,5024890.513,45.3614286,-75.73975727,6080
20--6506,8/21/2020,6:41 PM,JENNIFER LANE @ JOCKVALE RD (0000811),811,02 - Intersection related,03 - P.D. only,03 - Rear end,01 - Clear,01 - Daylight,01 - Dry,02 - Stop sign,01 - Functioning,2,0,0,0,,0,,,,,361590.675,5015301.432,45.27537573,-75.77618654,6081
20--6507,8/21/2020,7:12 PM,ST. JOSEPH BLVD @ JEANNE D'ARC BLVD (0012421),12421,03 - At intersection,02 - Non-fatal injury,02 - Angle,01 - Clear,01 - Daylight,01 - Dry,11 - Roundabout,01 - Functioning,2,0,1,0,02 - Minor,1,,1,,,379860.7393,5036471.853,45.46414116,-75.54014138,6082
20--6508,8/21/2020,8:30 AM,TRIOLE ST btwn BELFAST RD & END (__3ZA79Y),__3ZA79Y,04 - At/near private drive,03 - P.D. only,02 - Angle,01 - Clear,01 - Daylight,01 - Dry,10 - No control,,2,0,0,0,,0,,,,,373024.9899,5030514.934,45.41124492,-75.62837023,6083
20--6509,8/21/2020,8:30 PM,THOMAS A. DOLAN PKWY btwn CONSTANCE CREEK DR & GREENLAND RD (__3ZAZJQ),__3ZAZJQ,01 - Non intersection,03 - P.D. only,07 - SMV other,01 - Clear,07 - Dark,01 - Dry,10 - No control,,1,0,0,0,,0,,,,,344049.399,5032935.128,45.43524735,-75.99834461,6084
20--651,1/15/2020,7:13 AM,LEITRIM RD @ ALBION RD (0012479),12479,03 - At intersection,02 - Non-fatal injury,05 - Turning movement,01 - Clear,03 - Dawn,02 - Wet,01 - Traffic signal,01 - Functioning,2,0,0,0,02 - Minor,1,,1,,,373497.5829,5020419.256,45.3203619,-75.62373683,6085
20--6510,8/21/2020,8:47 AM,BESSERER ST @ WALLER ST (0008859),8859,03 - At intersection,03 - P.D. only,04 - Sideswipe,01 - Clear,01 - Daylight,01 - Dry,01 - Traffic signal,01 - Functioning,2,0,0,0,,0,,,,,368315.9424,5032191.983,45.42677767,-75.68830966,6086
20--6511,8/21/2020,9:10 PM,YOUVILLE DR btwn ST. JOSEPH BLVD & JEANNE D'ARC BLVD S (__3ZA6DC),__3ZA6DC,01 - Non intersection,02 - Non-fatal injury,07 - SMV other,01 - Clear,07 - Dark,01 - Dry,10 - No control,,1,0,0,0,02 - Minor,1,,1,,,379504.6225,5036613.451,45.46545333,-75.54467316,6087
20--6512,8/21/2020,9:11 AM,CARLING AVE @ PINECREST  RD/GREENVIEW AVE (0001630),1630,03 - At intersection,03 - P.D. only,05 - Turning movement,01 - Clear,01 - Daylight,01 - Dry,01 - Traffic signal,01 - Functioning,2,0,0,0,,0,,,,,360006.6613,5024632.534,45.35946354,-75.79533375,6088
20--6513,8/21/2020,9:11 AM,CARLING AVE @ PINECREST  RD/GREENVIEW AVE (0001630),1630,02 - Intersection related,03 - P.D. only,03 - Rear end,01 - Clear,01 - Daylight,01 - Dry,01 - Traffic signal,01 - Functioning,2,0,0,0,,0,,,,,360006.6652,5024632.532,45.35946352,-75.7953337,6089
20--6514,8/22/2020,1:39 PM,CARLING AVE @ CHURCHILL AVE (0002149),2149,02 - Intersection related,03 - P.D. only,04 - Sideswipe,01 - Clear,01 - Daylight,01 - Dry,01 - Traffic signal,01 - Functioning,2,0,0,0,,0,,,,,363775.6942,5027013.54,45.38058059,-75.74694502,6090
20--6515,8/22/2020,10:58 AM,BANTREE ST @ INNES RD (0007684),7684,02 - Intersection related,03 - P.D. only,04 - Sideswipe,01 - Clear,01 - Daylight,01 - Dry,01 - Traffic signal,01 - Functioning,2,0,0,0,,0,,,,,373705.7246,5030406.559,45.41020312,-75.61968947,6091
20--6516,8/22/2020,11:21 AM,VANIER PKWY/CRICHTON ST @ BEECHWOOD AVE/ST. PA (0001604),1604,03 - At intersection,03 - P.D. only,03 - Rear end,01 - Clear,01 - Daylight,01 - Dry,01 - Traffic signal,01 - Functioning,2,0,0,0,,0,,,,,369127.7981,5033487.132,45.43835672,-75.67776656,6092
20--6517,8/22/2020,Unknown,WELLINGTON ST    W btwn STIRLING AVE & SHERBROOKE AVE (__3ZA3Z0),__3ZA3Z0,01 - Non intersection,03 - P.D. only,06 - SMV unattended vehicle,01 - Clear,00 - Unknown,01 - Dry,10 - No control,,1,0,0,0,,0,,,,,365414.4215,5029495.345,45.40277147,-75.72571729,6093
20--6518,8/22/2020,Unknown,CHURCHILL AVE   N btwn CURRELL AVE & ROBIN LANE (__3ZA3AO),__3ZA3AO,01 - Non intersection,03 - P.D. only,06 - SMV unattended vehicle,01 - Clear,00 - Unknown,01 - Dry,10 - No control,,1,0,0,0,,0,,,,,363727.7254,5027141.057,45.381732,-75.74754226,6094
20--6519,8/22/2020,Unknown,JOSEPH CIRC btwn JOHNWOODS ST & Continuation of JOSEPH CIRC (__3ZACME),__3ZACME,01 - Non intersection,03 - P.D. only,06 - SMV unattended vehicle,01 - Clear,00 - Unknown,01 - Dry,10 - No control,,1,0,0,0,,0,,,,,350026.4973,5015639.749,45.27925895,-75.92353603,6095
20--652,1/15/2020,7:15 AM,HIGHWAY 416 btwn HWY416 IC66 RAMP62 & HWY416 IC72 RAMP24 (__3ZAZMZ),__3ZAZMZ,01 - Non intersection,03 - P.D. only,03 - Rear end,01 - Clear,03 - Dawn,02 - Wet,10 - No control,,3,0,0,0,,0,,,,,360210.2194,5017617.106,45.29632251,-75.79352088,6096