Anom_ID,Accident_Date,Accident_Time,Location,Geo_ID,Accident_Location,Classification_of_Accident,Initial_Impact_Type,Environment_Condition,Light,Road_Surface_Condition,Traffic_Control,Traffic_Control_Condition,No__of_Vehicles,No__of_Bicycles,No__of_Motorcycles,No__of_Pedestrians,Max_Injury,No__of_Injuries,No__of_Minimal,No__of_Minor,No__of_Major,No__of_Fatal,X,Y,Latitude,Longitude,ObjectId
20--6520,8/22/2020,12:00 PM,KING EDWARD AVE @ LAURIER AVE (0002170),2170,02 - Intersection related,03 - P.D. only,03 - Rear end,01 - Clear,01 - Daylight,01 - Dry,01 - Traffic signal,01 - Functioning,3,0,0,0,,0,,,,,368739.7044,5032034.854,45.42532527,-75.68291522,6097
20--6521,8/22/2020,12:18 PM,GREENBANK RD @ STRANDHERD DR (0005563),5563,03 - At intersection,03 - P.D. only,04 - Sideswipe,01 - Clear,01 - Daylight,01 - Dry,01 - Traffic signal,01 - Functioning,2,1,0,0,,0,,,,,363933.6868,5014784.429,45.27053059,-75.7463883,6098
20--6522,8/22/2020,2:06 PM,PRINCE OF WALES DR btwn 187 N OF MEADOWLANDS DR & MEADOWLANDS DR/HOG'S (__3ZA36WA),__3ZA36WA,04 - At/near private drive,02 - Non-fatal injury,05 - Turning movement,01 - Clear,01 - Daylight,01 - Dry,10 - No control,,2,1,0,0,02 - Minor,1,,1,,,367330.2119,5025810.464,45.36944736,-75.70171436,6099
20--6523,8/22/2020,2:12 PM,HIGHWAY 417 btwn HWY417 IC124 RAMP65 & HWY417 IC122 RAMP51 (__3ZA2R8),__3ZA2R8,01 - Non intersection,03 - P.D. only,03 - Rear end,01 - Clear,01 - Daylight,01 - Dry,10 - No control,,3,0,0,0,,0,,,,,365143.9743,5028692.318,45.39556937,-75.72926989,6100
20--6524,8/22/2020,2:24 PM,WELLINGTON ST    W btwn MELROSE AVE & MERTON ST (__3ZA31I),__3ZA31I,01 - Non intersection,02 - Non-fatal injury,03 - Rear end,01 - Clear,01 - Daylight,01 - Dry,10 - No control,,2,1,0,0,02 - Minor,1,,1,,,365480.4224,5029582.143,45.40354674,-75.7248636,6101
20--6525,8/22/2020,2:40 PM,BRONSON AVE btwn RENFREW AVE & POWELL AVE (__3ZA3BZ),__3ZA3BZ,01 - Non intersection,03 - P.D. only,03 - Rear end,01 - Clear,01 - Daylight,01 - Dry,10 - No control,,2,0,0,0,,0,,,,,367376.1226,5029505.499,45.40269022,-75.70065984,6102
20--6526,8/22/2020,2:55 PM,HIGHWAY 417 btwn HWY417 IC124 RAMP65 & HWY417 IC122 RAMP51 (__3ZA2R8),__3ZA2R8,01 - Non intersection,03 - P.D. only,03 - Rear end,01 - Clear,01 - Daylight,01 - Dry,10 - No control,,3,0,0,0,,0,,,,,364880.3655,5028227.07,45.39140583,-75.73269312,6103
20--6527,8/22/2020,3:40 PM,GREENBANK RD btwn BANNER RD & CANFIELD RD (__3ZA4YY),__3ZA4YY,01 - Non intersection,03 - P.D. only,04 - Sideswipe,01 - Clear,01 - Daylight,01 - Dry,10 - No control,,2,0,0,0,,0,,,,,361045.9369,5021508.843,45.33127405,-75.78242452,6104
20--6528,8/22/2020,4:57 AM,TERRY FOX DR btwn KANATA AVE & Continuation of TERRY FOX DR (__4V3NPM),__4V3NPM,01 - Non intersection,03 - P.D. only,07 - SMV other,01 - Clear,07 - Dark,01 - Dry,10 - No control,,1,0,0,0,,0,,,,,349524.1106,5019092.109,45.31035651,-75.92962787,6105
20--6529,8/22/2020,5:49 AM,RIVERSIDE DR btwn KIMBERWICK CRES & MALHOTRA CRT (__3ZA1KW),__3ZA1KW,01 - Non intersection,02 - Non-fatal injury,07 - SMV other,01 - Clear,03 - Dawn,08 - Loose sand or gravel,10 - No control,,1,0,0,0,02 - Minor,1,,1,,,368198.6207,5022895.805,45.34314393,-75.69100281,6106
20--653,1/15/2020,7:20 AM,HIGHWAY 416 btwn HWY416 IC66 RAMP62 & HWY416 IC72 RAMP24 (__3ZAZMZ),__3ZAZMZ,01 - Non intersection,03 - P.D. only,03 - Rear end,01 - Clear,03 - Dawn,02 - Wet,10 - No control,,2,0,0,0,,0,,,,,360143.7606,5017528.015,45.2955261,-75.79437811,6107
20--6530,8/22/2020,6:04 PM,BANK ST @ ST. BERNARD ST (0012406),12406,03 - At intersection,03 - P.D. only,05 - Turning movement,01 - Clear,01 - Daylight,01 - Dry,01 - Traffic signal,01 - Functioning,2,0,0,0,,0,,,,,373004.4323,5023708.226,45.35000301,-75.62957315,6108
20--6531,8/22/2020,7:30 PM,COBOURG ST @ RIDEAU ST (0008860),8860,03 - At intersection,03 - P.D. only,03 - Rear end,01 - Clear,01 - Daylight,01 - Dry,01 - Traffic signal,01 - Functioning,2,0,0,0,,0,,,,,369128.799,5032787.686,45.43206329,-75.67784516,6109
20--6532,8/22/2020,8:30 AM,WOODROFFE AVE btwn MAJESTIC DR & TO BE DETERMINED (__3ZA247),__3ZA247,01 - Non intersection,02 - Non-fatal injury,04 - Sideswipe,01 - Clear,01 - Daylight,01 - Dry,10 - No control,,2,0,0,0,01 - Minimal,1,1,,,,363556.3185,5021507.994,45.33106072,-75.75040032,6110
20--6631,8/27/2020,10:45 AM,ST. JOSEPH BLVD @ JEANNE D'ARC BLVD (0012421),12421,03 - At intersection,03 - P.D. only,03 - Rear end,02 - Rain,01 - Daylight,02 - Wet,11 - Roundabout,01 - Functioning,2,0,0,0,,0,,,,,379860.7429,5036471.572,45.46413864,-75.54014138,6111
20--6632,8/27/2020,11:50 AM,CARLING AVE @ MAITLAND AVE/SHERBOURNE RD (0002641),2641,02 - Intersection related,03 - P.D. only,04 - Sideswipe,02 - Rain,01 - Daylight,02 - Wet,01 - Traffic signal,01 - Functioning,2,0,0,0,,0,,,,,362942.7001,5026488.527,45.37592622,-75.75764236,6112
20--6633,8/27/2020,2:11 PM,CROSSKEYS PL/HELENE CAMPBELL RD @ STRANDHERD DR (0015337),15337,02 - Intersection related,03 - P.D. only,03 - Rear end,01 - Clear,01 - Daylight,01 - Dry,01 - Traffic signal,01 - Functioning,2,0,0,0,,0,,,,,360982.3112,5014901.733,45.27182808,-75.78398493,6113
20--6634,8/27/2020,2:30 PM,HIGHWAY 417 btwn HWY417 IC122 RAMP15 & HWY417 IC121B RAMP51 (__3ZA2RB),__3ZA2RB,01 - Non intersection,03 - P.D. only,03 - Rear end,01 - Clear,01 - Daylight,01 - Dry,10 - No control,,3,0,0,0,,0,,,,,365682.2663,5029107.603,45.39925941,-75.72234405,6114
20--6635,8/27/2020,3:07 PM,WEST HUNT CLUB RD WB btwn MERIVALE RD & ROYDON PL (__3ZA3JR),__3ZA3JR,01 - Non intersection,03 - P.D. only,03 - Rear end,01 - Clear,01 - Daylight,01 - Dry,10 - No control,,2,0,0,0,,0,,,,,365728.2638,5022015.087,45.33543827,-75.72263124,6115
20--6636,8/27/2020,3:18 PM,BAY ST @ QUEEN ST (0006360),6360,03 - At intersection,03 - P.D. only,02 - Angle,01 - Clear,01 - Daylight,01 - Dry,01 - Traffic signal,01 - Functioning,2,0,0,0,,0,,,,,366899.5818,5031212.039,45.41808761,-75.70653154,6116
20--6637,8/27/2020,3:27 PM,BRONSON AVE @ JAMES ST (0005694),5694,02 - Intersection related,03 - P.D. only,04 - Sideswipe,01 - Clear,01 - Daylight,01 - Dry,02 - Stop sign,01 - Functioning,2,0,0,0,,0,,,,,367066.7036,5030241.564,45.40934072,-75.70451898,6117
20--6638,8/27/2020,3:29 PM,CENTRAL PARK DR S @ MERIVALE RD (0009113),9113,03 - At intersection,03 - P.D. only,05 - Turning movement,01 - Clear,01 - Daylight,01 - Dry,01 - Traffic signal,01 - Functioning,2,0,0,0,,0,,,,,364987.1957,5025598.49,45.36774518,-75.73164931,6118
20--6639,8/27/2020,3:31 PM,BASELINE RD @ FERGUSON ST (0003206),3206,02 - Intersection related,02 - Non-fatal injury,03 - Rear end,01 - Clear,01 - Daylight,01 - Dry,12 - IPS,00 - Unknown,3,0,0,0,02 - Minor,1,,1,,,363440.6949,5024315.494,45.35633203,-75.75154248,6119
20--664,1/15/2020,9:00 AM,DALHOUSIE ST btwn GUIGUES AVE & ST. PATRICK ST (__3ZA7BL),__3ZA7BL,01 - Non intersection,03 - P.D. only,05 - Turning movement,01 - Clear,01 - Daylight,02 - Wet,10 - No control,,2,0,0,0,,0,,,,,367932.7206,5032681.109,45.43121335,-75.69314378,6120
20--6640,8/27/2020,3:40 PM,MANITOU DR @ SHERBOURNE RD (0003076),3076,02 - Intersection related,03 - P.D. only,05 - Turning movement,01 - Clear,01 - Daylight,01 - Dry,02 - Stop sign,00 - Unknown,2,0,0,0,,0,,,,,362331.6896,5026638.544,45.37732649,-75.76542553,6121
20--6641,8/27/2020,3:48 PM,SECOND LINE RD btwn THOMAS A. DOLAN PKWY & MURPHY SIDE RD (__3ZBNBL),__3ZBNBL,01 - Non intersection,02 - Non-fatal injury,07 - SMV other,01 - Clear,01 - Daylight,01 - Dry,10 - No control,,1,0,0,0,02 - Minor,1,,1,,,343460.9069,5028043.405,45.39126325,-76.00624969,6122
20--6642,8/27/2020,4:00 PM,BROOKFIELD RD btwn 200 W OF FLANNERY DR & BROOKFIELD RAMP 36 (__3ZA225B),__3ZA225B,01 - Non intersection,03 - P.D. only,04 - Sideswipe,01 - Clear,01 - Daylight,01 - Dry,10 - No control,,2,0,0,0,,0,,,,,368565.6149,5026263.519,45.37341251,-75.68588581,6123
20--6643,8/27/2020,4:00 PM,HIGHWAY 417 btwn HWY417 IC124 RAMP65 & HWY417 IC122 RAMP51 (__3ZA2R8),__3ZA2R8,01 - Non intersection,02 - Non-fatal injury,03 - Rear end,01 - Clear,01 - Daylight,01 - Dry,10 - No control,,3,0,0,0,02 - Minor,2,,2,,,365072.7412,5028574.84,45.39451846,-75.73019397,6124
20--6644,8/27/2020,4:49 PM,BRIAN COBURN BLVD @ PORTOBELLO BLVD (0013015),13015,03 - At intersection,03 - P.D. only,07 - SMV other,01 - Clear,01 - Daylight,01 - Dry,11 - Roundabout,00 - Unknown,1,0,0,0,,0,,,,,385751.352,5035489.414,45.45464436,-75.46498732,6125
20--6645,8/27/2020,5:18 PM,EARL MULLIGAN DR @ WOODROFFE AVE (0000591),591,02 - Intersection related,03 - P.D. only,03 - Rear end,01 - Clear,01 - Daylight,01 - Dry,01 - Traffic signal,01 - Functioning,2,0,0,0,,0,,,,,365250.7101,5017506.466,45.2949114,-75.72927381,6126
20--6646,8/27/2020,5:37 PM,FERNBANK RD btwn GO/KA BOUNDARY & SHEA RD (__3ZBNCF),__3ZBNCF,04 - At/near private drive,03 - P.D. only,05 - Turning movement,01 - Clear,01 - Daylight,01 - Dry,10 - No control,,2,0,0,0,,0,,,,,352163.3535,5013220.433,45.25734851,-75.89653154,6127
20--6647,8/27/2020,5:42 AM,STEWART ST @ WALLER ST (0011915),11915,03 - At intersection,03 - P.D. only,05 - Turning movement,01 - Clear,03 - Dawn,01 - Dry,02 - Stop sign,02 - Not functioning,2,0,0,0,,0,,,,,368371.6214,5032042.433,45.42542701,-75.6876175,6128
20--6648,8/27/2020,6:09 PM,WOODROFFE AVE @ CLARIDGE DR/STONEWAY DR N (0009791),9791,03 - At intersection,03 - P.D. only,02 - Angle,01 - Clear,01 - Daylight,01 - Dry,01 - Traffic signal,01 - Functioning,2,0,0,0,,0,,,,,365576.3892,5016707.403,45.28769338,-75.7252198,6129
20--6649,8/27/2020,7:10 PM,POWELL AVE btwn BRONSON AVE & PERCY ST (__3ZA927),__3ZA927,04 - At/near private drive,03 - P.D. only,06 - SMV unattended vehicle,01 - Clear,01 - Daylight,01 - Dry,10 - No control,,1,0,0,0,,0,,,,,367524.4816,5029557.621,45.40314592,-75.69875828,6130
20--665,1/15/2020,9:03 AM,LONGFIELDS DR @ MOUNTSHANNON DR E (0000028),28,03 - At intersection,03 - P.D. only,02 - Angle,01 - Clear,01 - Daylight,02 - Wet,11 - Roundabout,01 - Functioning,2,0,0,0,,0,,,,,364886.6898,5016801.444,45.28859886,-75.73399994,6131
20--6650,8/27/2020,7:36 AM,KITTIWAKE DR btwn WILDERNESS WAY & CARP RD (__4YT2ON),__4YT2ON,04 - At/near private drive,03 - P.D. only,05 - Turning movement,02 - Rain,01 - Daylight,02 - Wet,10 - No control,,2,0,0,0,,0,,,,,348535.7099,5014489.735,45.26900503,-75.94263823,6132
20--6651,8/27/2020,9:01 PM,EARL ARMSTRONG RD @ SHORELINE DR (0013041),13041,03 - At intersection,02 - Non-fatal injury,02 - Angle,01 - Clear,07 - Dark,01 - Dry,01 - Traffic signal,01 - Functioning,2,0,0,0,02 - Minor,1,,1,,,368840.0336,5015288.215,45.27463393,-75.68380197,6133
20--6652,8/27/2020,9:18 AM,UPLANDS DR @ AIRPORT PKWY RAMP 35 (0009397),9397,02 - Intersection related,03 - P.D. only,04 - Sideswipe,02 - Rain,01 - Daylight,02 - Wet,01 - Traffic signal,01 - Functioning,2,0,0,0,,0,,,,,371123.7324,5021373.489,45.32917611,-75.65388498,6134
20--6653,8/27/2020,9:19 AM,HIGHWAY 417 btwn HWY417 IC140 RAMP36 & HWY417 IC140 RAMP16 (__3ZA20N),__3ZA20N,01 - Non intersection,03 - P.D. only,07 - SMV other,02 - Rain,01 - Daylight,02 - Wet,10 - No control,,1,0,0,0,,0,,,,,350861.4821,5018549.911,45.30539123,-75.91262349,6135
20--6654,8/28/2020,1:50 PM,FALLOWFIELD RD btwn HWY416 IC66 RAMP63 & HWY416 IC66 RAMP52 (__3ZAZMY),__3ZAZMY,01 - Non intersection,03 - P.D. only,04 - Sideswipe,01 - Clear,01 - Daylight,01 - Dry,10 - No control,,2,0,0,0,,0,,,,,360078.4484,5014796.341,45.27095138,-75.79551505,6136
20--6655,8/28/2020,1:53 PM,BLACKWELL ST btwn BANTREE ST & LEEDS AVE (__3ZA783),__3ZA783,04 - At/near private drive,03 - P.D. only,05 - Turning movement,01 - Clear,01 - Daylight,01 - Dry,10 - No control,,2,0,1,0,,0,,,,,374531.9915,5029772.103,45.40441277,-75.60922444,6137
20--6656,8/28/2020,10:00 PM,LONGFIELDS DR @ WOODROFFE AVE (0000096),96,02 - Intersection related,03 - P.D. only,03 - Rear end,01 - Clear,07 - Dark,01 - Dry,01 - Traffic signal,01 - Functioning,2,0,0,0,,0,,,,,365421.2246,5017107.122,45.29130344,-75.72714882,6138
20--6657,8/28/2020,10:45 AM,DALY AVE @ WALLER ST (0008233),8233,03 - At intersection,03 - P.D. only,05 - Turning movement,01 - Clear,01 - Daylight,01 - Dry,01 - Traffic signal,01 - Functioning,2,0,0,0,,0,,,,,368341.1834,5032120.444,45.42613169,-75.68799636,6139
20--6658,8/28/2020,11:05 AM,AIRPORT PKWY @ HUNT CLUB RD (0010856),10856,03 - At intersection,03 - P.D. only,04 - Sideswipe,01 - Clear,01 - Daylight,01 - Dry,01 - Traffic signal,01 - Functioning,2,0,0,0,,0,,,,,371018.5159,5023702.996,45.35014627,-75.65491535,6140
20--6659,8/28/2020,11:24 AM,BRAMPTON RD btwn ALDERWOOD ST & ALBION RD (__3ZA9B6),__3ZA9B6,01 - Non intersection,03 - P.D. only,07 - SMV other,01 - Clear,01 - Daylight,01 - Dry,10 - No control,,1,0,0,0,,0,,,,,372157.5623,5023557.817,45.34873152,-75.64040018,6141
20--666,1/15/2020,9:05 AM,TENTH LINE RD btwn VANGUARD DR & LAKEPOINTE DR (__4V3JUE),__4V3JUE,01 - Non intersection,03 - P.D. only,04 - Sideswipe,01 - Clear,01 - Daylight,02 - Wet,10 - No control,,2,0,0,0,,0,,,,,384258.6033,5035429.133,45.45427333,-75.48407971,6142
20--6660,8/28/2020,11:45 AM,INNES RD @ TENTH LINE RD (0004633),4633,02 - Intersection related,03 - P.D. only,03 - Rear end,01 - Clear,01 - Daylight,01 - Dry,01 - Traffic signal,01 - Functioning,2,0,0,0,,0,,,,,383951.7613,5036159.561,45.46087989,-75.48788466,6143
20--6661,8/28/2020,11:58 AM,BANK ST @ FIFTH AVE (0007247),7247,02 - Intersection related,03 - P.D. only,04 - Sideswipe,01 - Clear,01 - Daylight,01 - Dry,01 - Traffic signal,01 - Functioning,2,0,0,0,,0,,,,,368398.7075,5029400.551,45.40165378,-75.6876123,6144
20--6662,8/28/2020,Unknown,LISGAR ST btwn METCALFE ST & ELGIN ST (__3ZA9U7),__3ZA9U7,01 - Non intersection,03 - P.D. only,06 - SMV unattended vehicle,01 - Clear,00 - Unknown,01 - Dry,10 - No control,,1,0,0,0,,0,,,,,368007.0746,5031305.456,45.41882898,-75.69237013,6145
20--6663,8/28/2020,12:09 PM,MARSHWOOD RD @ PANMURE RD (0006071),6071,02 - Intersection related,03 - P.D. only,03 - Rear end,01 - Clear,01 - Daylight,01 - Dry,02 - Stop sign,00 - Unknown,2,0,0,0,,0,,,,,330891.6067,5021124.571,45.3295852,-76.16713797,6146
20--6664,8/28/2020,12:10 PM,FIFTH AVE btwn BANK ST & HOWICK PL (__3ZA92S),__3ZA92S,04 - At/near private drive,03 - P.D. only,99 - Other,01 - Clear,01 - Daylight,01 - Dry,10 - No control,,2,0,0,0,,0,,,,,368466.6454,5029440.678,45.40200865,-75.6867394,6147
20--6665,8/28/2020,2:25 PM,TERRY FOX DR S @ DIDSBURY RD/CENTRUM KANATA SC (0011820),11820,03 - At intersection,03 - P.D. only,05 - Turning movement,01 - Clear,01 - Daylight,01 - Dry,01 - Traffic signal,01 - Functioning,2,0,0,0,,0,,,,,350623.4741,5018915.739,45.30869861,-75.91562459,6148
20--6666,8/28/2020,2:27 PM,CASTLEFRANK RD @ TERRY FOX DR (0011757),11757,02 - Intersection related,03 - P.D. only,03 - Rear end,01 - Clear,01 - Daylight,01 - Dry,01 - Traffic signal,01 - Functioning,2,0,0,0,,0,,,,,352993.9989,5016304.799,45.28504608,-75.88564933,6149
20--6667,8/28/2020,2:30 PM,MARAVISTA DR @ STRANDHERD DR (0013565),13565,02 - Intersection related,03 - P.D. only,04 - Sideswipe,01 - Clear,01 - Daylight,01 - Dry,01 - Traffic signal,01 - Functioning,2,0,0,0,,0,,,,,361288.4381,5014584.958,45.26895318,-75.78011984,6150
20--6668,8/28/2020,2:31 PM,INDUSTRIAL AVE btwn TRAINYARDS DR & RUSSELL RD (__3ZA3R9),__3ZA3R9,01 - Non intersection,02 - Non-fatal injury,03 - Rear end,01 - Clear,01 - Daylight,01 - Dry,10 - No control,,2,0,0,0,02 - Minor,1,,1,,,372073.1982,5030440.804,45.41067007,-75.64053887,6151
20--6669,8/28/2020,2:57 PM,MARCH RD btwn HALTON TERR/MAXWELL BRIDGE RD & KLONDIKE RD (__3ZA3CG),__3ZA3CG,01 - Non intersection,03 - P.D. only,04 - Sideswipe,01 - Clear,01 - Daylight,01 - Dry,10 - No control,,2,0,0,0,,0,,,,,349230.0448,5024097.595,45.35541583,-75.93292862,6152
20--667,1/15/2020,9:15 AM,REGIONAL ROAD 174 btwn OR174 IC105 RAMP25 & OR174 IC102 RAMP51 (__3ZA27G),__3ZA27G,01 - Non intersection,03 - P.D. only,99 - Other,01 - Clear,01 - Daylight,01 - Dry,10 - No control,,2,0,0,0,,0,,,,,380847.7666,5037815.761,45.4761258,-75.52731336,6153
20--6670,8/28/2020,3:00 PM,BASELINE RD/HERON RD @ PRINCE OF WALES DR (0002345),2345,02 - Intersection related,03 - P.D. only,04 - Sideswipe,01 - Clear,01 - Daylight,01 - Dry,01 - Traffic signal,01 - Functioning,2,0,0,0,,0,,,,,366873.7132,5026438.541,45.37513924,-75.70746271,6154
20--6671,8/28/2020,3:15 PM,HIGHWAY 417 btwn HWY417 IC113 RAMP85 & HWY417 IC112 RAMP54 (__3ZA287),__3ZA287,01 - Non intersection,03 - P.D. only,04 - Sideswipe,01 - Clear,01 - Daylight,01 - Dry,10 - No control,,2,0,0,0,,0,,,,,374148.7442,5031333.284,45.41849757,-75.61389991,6155
20--6672,8/28/2020,3:23 PM,STRANDHERD DR btwn FALLOWFIELD RD & MARAVISTA DR (__6NFZTL),__6NFZTL,01 - Non intersection,02 - Non-fatal injury,03 - Rear end,01 - Clear,01 - Daylight,01 - Dry,10 - No control,,2,0,0,0,01 - Minimal,2,2,,,,361229.0126,5014691.952,45.2699207,-75.78086493,6156
20--6673,8/28/2020,3:36 PM,BRUYERE ST @ KING EDWARD AVE (0011437),11437,02 - Intersection related,03 - P.D. only,04 - Sideswipe,01 - Clear,01 - Daylight,01 - Dry,02 - Stop sign,01 - Functioning,2,0,0,0,,0,,,,,368140.696,5033039.587,45.43442,-75.69043994,6157
20--6674,8/28/2020,3:50 PM,MARCH VALLEY RD @ RIDDELL DR (0003191),3191,03 - At intersection,03 - P.D. only,02 - Angle,01 - Clear,01 - Daylight,01 - Dry,02 - Stop sign,01 - Functioning,2,0,0,0,,0,,,,,348201.6084,5027265.546,45.38398616,-75.94577584,6158
20--6675,8/28/2020,3:54 PM,CLEROUX CRES W @ INNES RD (0004132),4132,03 - At intersection,02 - Non-fatal injury,02 - Angle,01 - Clear,01 - Daylight,01 - Dry,01 - Traffic signal,01 - Functioning,2,1,0,0,03 - Major,1,,,1,,379015.7396,5033439.568,45.43694914,-75.55140302,6159
20--6676,8/28/2020,4:15 PM,VANIER PKWY SB btwn RIVERSIDE DR & TO BE DETERMINED (__3ZA1Q9),__3ZA1Q9,01 - Non intersection,03 - P.D. only,03 - Rear end,01 - Clear,01 - Daylight,01 - Dry,10 - No control,,2,0,0,0,,0,,,,,370803.1552,5031201.589,45.41763624,-75.65666087,6160
20--6677,8/28/2020,5:00 PM,CAMERON ST @ REGIONAL RD 174 (0012883),12883,02 - Intersection related,03 - P.D. only,03 - Rear end,01 - Clear,01 - Daylight,01 - Dry,01 - Traffic signal,01 - Functioning,2,0,0,0,,0,,,,,389860.7687,5042617.552,45.51828688,-75.41122032,6161
20--6678,8/28/2020,5:00 PM,CAMERON ST @ REGIONAL RD 174 (0012883),12883,02 - Intersection related,03 - P.D. only,03 - Rear end,01 - Clear,01 - Daylight,01 - Dry,01 - Traffic signal,01 - Functioning,3,0,0,0,,0,,,,,389860.7757,5042617.578,45.51828711,-75.41122023,6162
20--6679,8/28/2020,5:19 PM,WOODKILTON RD @ KINBURN SIDE RD (0005761),5761,03 - At intersection,03 - P.D. only,02 - Angle,01 - Clear,01 - Daylight,01 - Dry,02 - Stop sign,01 - Functioning,2,0,0,0,,0,,,,,336951.5457,5034990.688,45.45410627,-76.08892695,6163
20--668,1/15/2020,9:30 AM,ELGIN ST @ WELLINGTON ST W (0002113),2113,03 - At intersection,03 - P.D. only,04 - Sideswipe,01 - Clear,01 - Daylight,04 - Slush,01 - Traffic signal,01 - Functioning,2,0,0,0,,0,,,,,367664.6902,5031877.583,45.42400764,-75.69667152,6164
20--6680,8/28/2020,5:19 PM,HIGHWAY 417 btwn HWY417 IC117 RAMP25 & HWY417 IC115 RAMP51 (__3ZA2R3),__3ZA2R3,01 - Non intersection,03 - P.D. only,07 - SMV other,01 - Clear,01 - Daylight,01 - Dry,10 - No control,,1,0,0,0,,0,,,,,371622.1561,5031407.055,45.41940719,-75.64616959,6165
20--6681,8/28/2020,5:45 PM,COLONEL BY DR/MACKENZIE AVE @ DALY AVE (0008541),8541,02 - Intersection related,03 - P.D. only,05 - Turning movement,01 - Clear,01 - Daylight,01 - Dry,01 - Traffic signal,01 - Functioning,2,0,0,0,,0,,,,,368002.7094,5031904.585,45.42422013,-75.69234904,6166
20--6682,8/28/2020,6:15 PM,HIGHWAY 417 btwn HWY417 IC124 RAMP65 & HWY417 IC122 RAMP51 (__3ZA2R8),__3ZA2R8,01 - Non intersection,03 - P.D. only,03 - Rear end,01 - Clear,01 - Daylight,01 - Dry,10 - No control,,2,0,0,0,,0,,,,,364980.7805,5028411.233,45.39305427,-75.73138834,6167
20--6683,8/28/2020,6:18 PM,MACKENZIE AVE btwn 205 N OF RIDEAU ST & RIDEAU ST (__3ZA8H8A),__3ZA8H8A,01 - Non intersection,03 - P.D. only,04 - Sideswipe,01 - Clear,01 - Daylight,01 - Dry,10 - No control,,2,0,0,0,,0,,,,,367789.9109,5032135.78,45.42631954,-75.6950385,6168
20--6684,8/28/2020,7:20 PM,HIGHWAY 417 btwn HWY417 IC122 RAMP15 & HWY417 IC121B RAMP51 (__3ZA2RB),__3ZA2RB,01 - Non intersection,03 - P.D. only,03 - Rear end,01 - Clear,01 - Daylight,01 - Dry,10 - No control,,3,0,0,0,,0,,,,,366504.2349,5029491.712,45.40264356,-75.71179789,6169
20--6685,8/28/2020,8:25 PM,HERON RD btwn TURN LANE & TO BE DETERMINED (__3ZA362),__3ZA362,06 - Underpass or tunnel,03 - P.D. only,01 - Approaching,01 - Clear,07 - Dark,01 - Dry,10 - No control,,2,0,0,0,,0,,,,,367509.0772,5026522.81,45.37584089,-75.69934068,6170
20--6686,8/28/2020,8:28 PM,RAMSAYVILLE RD btwn LEITRIM RD & LEITRIM RD (__3ZA6FG),__3ZA6FG,01 - Non intersection,03 - P.D. only,07 - SMV other,01 - Clear,07 - Dark,01 - Dry,10 - No control,,1,0,0,0,,0,,,,,378780.1071,5023743.416,45.34973416,-75.55586823,6171
20--6687,8/28/2020,8:40 AM,FRANK KENNY RD btwn FRENCH HILL RD & WALL RD (__3ZBO6S),__3ZBO6S,01 - Non intersection,03 - P.D. only,07 - SMV other,01 - Clear,01 - Daylight,01 - Dry,10 - No control,,1,0,0,0,,0,,,,,388817.1353,5035445.285,45.45388545,-75.42580374,6172
20--6688,8/28/2020,9:00 AM,CARLING AVE @ MERIVALE RD EXTENSION (0008794),8794,02 - Intersection related,03 - P.D. only,03 - Rear end,01 - Clear,01 - Daylight,01 - Dry,02 - Stop sign,01 - Functioning,2,0,0,0,,0,,,,,364950.6973,5027734.549,45.38696819,-75.73185501,6173
20--6689,8/28/2020,9:45 AM,BESSERER ST @ DALHOUSIE ST (0011452),11452,03 - At intersection,03 - P.D. only,04 - Sideswipe,01 - Clear,01 - Daylight,01 - Dry,01 - Traffic signal,01 - Functioning,2,0,0,0,,0,,,,,368252.7088,5032157.575,45.42647382,-75.6891221,6174
20--669,1/15/2020,9:37 PM,HWY417 IC118 RAMP52 btwn HWY417 IC118 RAMP57 & HWY417 IC118 RAMP62 (__6KCF0O),__6KCF0O,07 - Overpass or bridge,03 - P.D. only,03 - Rear end,01 - Clear,07 - Dark,02 - Wet,10 - No control,,2,0,0,0,,0,,,,,369469.5285,5031057.195,45.41646157,-75.67371811,6175
20--6690,8/28/2020,9:59 AM,CATHERINE ST @ METCALFE ST (0011239),11239,03 - At intersection,03 - P.D. only,02 - Angle,01 - Clear,01 - Daylight,01 - Dry,01 - Traffic signal,01 - Functioning,2,0,0,0,,0,,,,,368393.7065,5030486.585,45.41142602,-75.6875361,6176
20--6691,8/29/2020,1:18 AM,BANK ST btwn AYLMER AVE & EUCLID AVE (__3ZA3N7),__3ZA3N7,01 - Non intersection,02 - Non-fatal injury,04 - Sideswipe,01 - Clear,07 - Dark,01 - Dry,10 - No control,,2,1,0,0,03 - Major,1,,,1,,368676.5685,5028723.214,45.39553402,-75.68415108,6177
20--6692,8/29/2020,1:45 PM,CHAMPLAIN BRIDGE/ISLAND PARK DR btwn BATE ISLAND & PROVINCIAL BOUNDARY (__3ZA2ZEA),__3ZA2ZEA,01 - Non intersection,03 - P.D. only,03 - Rear end,02 - Rain,01 - Daylight,02 - Wet,10 - No control,,3,0,0,0,,0,,,,,362929.8601,5030100.946,45.40843128,-75.7573807,6178