Anom_ID,Accident_Date,Accident_Time,Location,Geo_ID,Accident_Location,Classification_of_Accident,Initial_Impact_Type,Environment_Condition,Light,Road_Surface_Condition,Traffic_Control,Traffic_Control_Condition,No__of_Vehicles,No__of_Bicycles,No__of_Motorcycles,No__of_Pedestrians,Max_Injury,No__of_Injuries,No__of_Minimal,No__of_Minor,No__of_Major,No__of_Fatal,X,Y,Latitude,Longitude,ObjectId
20--6693,8/29/2020,1:45 PM,HIGHWAY 417 btwn HWY417 IC124 RAMP65 & HWY417 IC122 RAMP51 (__3ZA2R8),__3ZA2R8,01 - Non intersection,03 - P.D. only,03 - Rear end,02 - Rain,01 - Daylight,02 - Wet,10 - No control,,2,0,0,0,,0,,,,,365033.7191,5028506.03,45.39390268,-75.73070072,6179
20--6694,8/29/2020,11:37 PM,BYRON AVE @ ISLAND PARK DR (0006365),6365,03 - At intersection,03 - P.D. only,05 - Turning movement,01 - Clear,07 - Dark,01 - Dry,01 - Traffic signal,01 - Functioning,2,0,0,0,,0,,,,,364255.6899,5028603.541,45.39484656,-75.740625,6180
20--6695,8/29/2020,11:56 AM,INDUSTRIAL AVE @ NEIGHBORHOOD WAY (0002706),2706,02 - Intersection related,03 - P.D. only,03 - Rear end,02 - Rain,01 - Daylight,02 - Wet,02 - Stop sign,00 - Unknown,2,0,0,0,,0,,,,,371092.7183,5030527.562,45.41154425,-75.65305212,6181
20--6696,8/29/2020,12:03 PM,HIGHWAY 417 btwn HWY417 IC124 RAMP65 & HWY417 IC122 RAMP51 (__3ZA2R8),__3ZA2R8,01 - Non intersection,02 - Non-fatal injury,03 - Rear end,02 - Rain,01 - Daylight,02 - Wet,10 - No control,,2,0,0,0,01 - Minimal,1,1,,,,365114.0745,5028646.015,45.39515532,-75.7296574,6182
20--6697,8/29/2020,2:33 PM,IBER RD btwn HUNTMAR DR & HARRY DOUGLAS DR (__3ZA4XQ),__3ZA4XQ,01 - Non intersection,03 - P.D. only,03 - Rear end,02 - Rain,01 - Daylight,02 - Wet,10 - No control,,2,0,0,0,,0,,,,,351053.3779,5015949.964,45.28198355,-75.91041903,6183
20--6698,8/29/2020,3:00 PM,MCBEAN ST @ PERTH ST (0000124),124,03 - At intersection,02 - Non-fatal injury,07 - SMV other,02 - Rain,01 - Daylight,02 - Wet,01 - Traffic signal,01 - Functioning,1,0,0,1,01 - Minimal,1,1,,,,356743.305,5006255.314,45.19435127,-75.83890783,6184
20--6699,8/29/2020,4:15 AM,CARP RD btwn WESTHUNT RD & RICHARDSON SIDE RD (__3ZA3FT),__3ZA3FT,01 - Non intersection,03 - P.D. only,04 - Sideswipe,02 - Rain,07 - Dark,02 - Wet,10 - No control,,2,0,0,0,,0,,,,,346092.2012,5017291.082,45.29436038,-75.97354352,6185
20--67,1/3/2020,Unknown,BAYCREST DR btwn CEDARWOOD DR & SANDALWOOD DR (__3ZA9YY),__3ZA9YY,01 - Non intersection,03 - P.D. only,06 - SMV unattended vehicle,01 - Clear,00 - Unknown,01 - Dry,10 - No control,,1,0,0,0,,0,,,,,371311.8832,5026734.761,45.3773973,-75.65076373,6186
20--670,1/16/2020,1:15 PM,LIMEBANK RD @ SPRATT RD (0012970),12970,03 - At intersection,02 - Non-fatal injury,02 - Angle,01 - Clear,01 - Daylight,02 - Wet,01 - Traffic signal,01 - Functioning,2,0,0,0,02 - Minor,1,,1,,,369776.991,5016878.73,45.28885917,-75.67165334,6187
20--6700,8/29/2020,4:18 AM,FIRESIDE DR btwn DORIS CURRIE RD & WENDIGO WAY (__3ZAZ8K),__3ZAZ8K,01 - Non intersection,02 - Non-fatal injury,07 - SMV other,02 - Rain,07 - Dark,02 - Wet,10 - No control,,1,0,0,0,02 - Minor,1,,1,,,336416.4832,5041029.416,45.5084686,-76.09537904,6188
20--6701,8/29/2020,4:50 PM,ALBION RD    S btwn TURN LANE & ALBION RD (__3ZA9WD),__3ZA9WD,04 - At/near private drive,03 - P.D. only,05 - Turning movement,01 - Clear,01 - Daylight,01 - Dry,10 - No control,,2,0,0,0,,0,,,,,371912.5853,5024213.288,45.35465272,-75.6434372,6189
20--6702,8/29/2020,4:59 PM,HAWTHORNE RD @ HUNT CLUB RD (0007651),7651,03 - At intersection,02 - Non-fatal injury,05 - Turning movement,02 - Rain,01 - Daylight,02 - Wet,01 - Traffic signal,01 - Functioning,2,0,0,0,02 - Minor,1,,1,,,375507.7411,5026406.533,45.3740332,-75.59724371,6190
20--6703,8/29/2020,5:03 PM,GREENBANK RD @ STRANDHERD DR (0005563),5563,03 - At intersection,02 - Non-fatal injury,05 - Turning movement,02 - Rain,01 - Daylight,02 - Wet,01 - Traffic signal,01 - Functioning,2,0,0,0,02 - Minor,1,,1,,,363933.6837,5014784.439,45.27053068,-75.74638834,6191
20--6704,8/29/2020,5:30 PM,WERSCH LANE btwn RIVERSTONE DR & RIVERSTONE DR (__4NBCZL),__4NBCZL,01 - Non intersection,03 - P.D. only,06 - SMV unattended vehicle,01 - Clear,01 - Daylight,01 - Dry,10 - No control,,1,0,0,0,,0,,,,,365892.0844,5013887.325,45.26229107,-75.7215427,6192
20--6705,8/29/2020,5:55 PM,JOCKVALE RD @ LONGFIELDS DR (0013613),13613,03 - At intersection,02 - Non-fatal injury,02 - Angle,02 - Rain,01 - Daylight,02 - Wet,02 - Stop sign,01 - Functioning,2,0,0,0,02 - Minor,1,,1,,,364829.2929,5014001.028,45.26340567,-75.73507021,6193
20--6706,8/29/2020,6:07 AM,MONTREAL RD @ 46 E OF HILLSIDE DR/MONTREAL SQU (0008215),8215,03 - At intersection,03 - P.D. only,05 - Turning movement,02 - Rain,03 - Dawn,02 - Wet,01 - Traffic signal,01 - Functioning,2,0,0,0,,0,,,,,371749.9628,5033916.695,45.44197556,-75.64419549,6194
20--6707,8/29/2020,6:50 PM,ABERDEEN ST @ ROCHESTER ST (0002164),2164,02 - Intersection related,03 - P.D. only,04 - Sideswipe,02 - Rain,01 - Daylight,02 - Wet,01 - Traffic signal,01 - Functioning,2,0,0,0,,0,,,,,366824.7009,5029414.557,45.40192102,-75.7077144,6195
20--6708,8/29/2020,7:21 PM,BANK ST btwn CAHILL DR & TURN LANE (2) (__5AFHMD),__5AFHMD,04 - At/near private drive,03 - P.D. only,02 - Angle,02 - Rain,05 - Dusk,02 - Wet,10 - No control,,2,0,0,0,,0,,,,,371504.0905,5024149.901,45.35412136,-75.64865882,6196
20--6709,8/29/2020,7:30 PM,MARIER AVE btwn ALICE ST & STE. MONIQUE ST (__3ZA8YK),__3ZA8YK,01 - Non intersection,03 - P.D. only,07 - SMV other,01 - Clear,05 - Dusk,01 - Dry,10 - No control,,1,0,0,0,,0,,,,,369878.5778,5033763.49,45.4407738,-75.66813462,6197
20--671,1/16/2020,1:43 PM,MONTREAL RD @ VANIER PKWY (0004630),4630,02 - Intersection related,03 - P.D. only,04 - Sideswipe,01 - Clear,01 - Daylight,04 - Slush,01 - Traffic signal,01 - Functioning,2,0,0,0,,0,,,,,370072.7262,5033065.593,45.43447632,-75.66574573,6198
20--6710,8/29/2020,7:50 AM,MONTREAL RD btwn PALACE ST & VANIER PKWY (__3ZA3LL),__3ZA3LL,04 - At/near private drive,03 - P.D. only,02 - Angle,02 - Rain,01 - Daylight,02 - Wet,10 - No control,,2,0,0,0,,0,,,,,370007.1795,5033028.178,45.43414579,-75.66658835,6199
20--6711,8/29/2020,8:00 PM,SOMERSET ST    W btwn UPPER LORNE PL & LEBRETON ST N (__3ZA320),__3ZA320,01 - Non intersection,03 - P.D. only,04 - Sideswipe,01 - Clear,05 - Dusk,01 - Dry,10 - No control,,2,0,0,0,,0,,,,,366676.3948,5030316.639,45.41005084,-75.70949543,6200
20--6712,8/29/2020,8:29 PM,ISABELLA ST/HWY417 IC119AR75 @ METCALFE ST (0011380),11380,03 - At intersection,03 - P.D. only,05 - Turning movement,01 - Clear,05 - Dusk,01 - Dry,01 - Traffic signal,01 - Functioning,2,0,0,0,,0,,,,,368448.6608,5030399.805,45.4106402,-75.68684529,6201
20--7074,9/14/2020,7:18 AM,HAWTHORNE RD/RUSSELL RD @ WALKLEY RD (0002618),2618,03 - At intersection,03 - P.D. only,04 - Sideswipe,01 - Clear,01 - Daylight,01 - Dry,01 - Traffic signal,01 - Functioning,2,0,0,0,,0,,,,,374674.727,5028499.545,45.39294869,-75.60758159,6202
20--6354,8/16/2020,12:32 PM,BOOTH ST @ SIR JOHN A. MACDONALD PKWY/WELLINGTON ST (0012252),12252,02 - Intersection related,03 - P.D. only,03 - Rear end,01 - Clear,01 - Daylight,01 - Dry,01 - Traffic signal,01 - Functioning,3,0,0,0,,0,,,,,366264.258,5031006.688,45.41629602,-75.71467415,6203
20--6713,8/29/2020,9:00 AM,HIGHWAY 417 btwn HWY 417 ANDERSON IC104R61 & HWY 417 BOUNDARY IC96R16 (__3ZA2W5),__3ZA2W5,01 - Non intersection,03 - P.D. only,07 - SMV other,01 - Clear,01 - Daylight,02 - Wet,10 - No control,,1,0,0,0,,0,,,,,384855.2874,5025078.339,45.36107763,-75.47813273,6204
20--6533,8/22/2020,8:38 AM,KERWIN RD btwn MOWBRAY ST & FIFTH LINE RD (__3ZBNC2),__3ZBNC2,01 - Non intersection,03 - P.D. only,07 - SMV other,01 - Clear,01 - Daylight,01 - Dry,10 - No control,,1,0,0,0,,0,,,,,347174.1285,5028204.184,45.39249513,-75.95881523,6205
20--7075,9/14/2020,7:30 AM,BASELINE RD @ WOODROFFE AVE (0002225),2225,02 - Intersection related,03 - P.D. only,03 - Rear end,01 - Clear,01 - Daylight,01 - Dry,01 - Traffic signal,01 - Functioning,2,0,0,0,,0,,,,,362549.6919,5023770.503,45.3515022,-75.76297746,6206
20--7076,9/14/2020,8:04 PM,TYRRELL PL @ MOODIE DR (0010386),10386,03 - At intersection,03 - P.D. only,05 - Turning movement,01 - Clear,07 - Dark,01 - Dry,01 - Traffic signal,01 - Functioning,2,0,0,0,,0,,,,,357326.025,5019854.744,45.31667859,-75.83005456,6207
20--7077,9/14/2020,8:20 AM,ST. JOSEPH BLVD/OLD MONTREAL RD @ TRIM RD (0004118),4118,03 - At intersection,03 - P.D. only,04 - Sideswipe,01 - Clear,01 - Daylight,01 - Dry,11 - Roundabout,01 - Functioning,2,0,0,0,,0,,,,,384682.7628,5039285.583,45.48892164,-75.47803053,6208
20--7078,9/14/2020,8:29 PM,TENTH LINE RD @ CHARLEMAGNE BLVD N/TOMPKINS AV (0009222),9222,03 - At intersection,02 - Non-fatal injury,05 - Turning movement,01 - Clear,07 - Dark,01 - Dry,01 - Traffic signal,01 - Functioning,2,0,0,0,02 - Minor,1,,1,,,383184.288,5037978.145,45.47732841,-75.49740678,6209
20--7079,9/14/2020,9:27 PM,RIVER RD btwn ROGER STEVENS DR & DOYLE RD (__3ZA3TW),__3ZA3TW,01 - Non intersection,02 - Non-fatal injury,07 - SMV other,01 - Clear,07 - Dark,01 - Dry,10 - No control,,1,0,0,0,03 - Major,1,,,1,,373723.1816,5003540.554,45.16846892,-75.62319907,6210
20--708,1/16/2020,5:14 PM,FOURTH LINE RD btwn COMMUNITY WAY & WILLISBROOK DR (__3ZA4KY),__3ZA4KY,04 - At/near private drive,03 - P.D. only,02 - Angle,01 - Clear,05 - Dusk,01 - Dry,10 - No control,,2,0,0,0,,0,,,,,366853.8587,4998913.668,45.127473,-75.71115235,6211
20--7080,9/14/2020,9:42 PM,AIRPORT PKWY @ HUNT CLUB RD (0010856),10856,02 - Intersection related,03 - P.D. only,03 - Rear end,01 - Clear,07 - Dark,01 - Dry,01 - Traffic signal,01 - Functioning,2,0,0,0,,0,,,,,371018.5293,5023703.004,45.35014634,-75.65491518,6212
20--7081,9/14/2020,9:44 PM,HWY417 IC113 RAMP65 btwn REGIONAL ROAD 174 & HIGHWAY 417 (__3ZAY0G),__3ZAY0G,01 - Non intersection,03 - P.D. only,07 - SMV other,01 - Clear,07 - Dark,01 - Dry,10 - No control,,1,0,0,0,,0,,,,,373921.5558,5031927.85,45.42386965,-75.61671904,6213
20--7082,9/15/2020,1:54 PM,PARKDALE AVE @ WELLINGTON ST (0002260),2260,02 - Intersection related,03 - P.D. only,03 - Rear end,01 - Clear,01 - Daylight,01 - Dry,01 - Traffic signal,01 - Functioning,2,0,0,0,,0,,,,,365149.7123,5029270.561,45.40077178,-75.72912586,6214
20--6984,9/11/2020,Unknown,HIGHWAY 417 btwn HWY417 IC123 RAMP62 & HWY417 IC122 RAMP16 (__3ZA2R9),__3ZA2R9,01 - Non intersection,03 - P.D. only,03 - Rear end,01 - Clear,07 - Dark,01 - Dry,10 - No control,,2,0,0,0,,0,,,,,364821.589,5028153.661,45.39075035,-75.73345264,6215
20--7083,9/15/2020,10:00 AM,COVENTRY RD @ VANIER PKWY (0002139),2139,02 - Intersection related,03 - P.D. only,03 - Rear end,01 - Clear,01 - Daylight,01 - Dry,01 - Traffic signal,01 - Functioning,2,0,0,0,,0,,,,,370676.373,5031611.707,45.42133826,-75.65822579,6216
20--7084,9/15/2020,10:42 AM,INNES RD btwn HWY417 IC112 RAMP65 & HWY417 IC112 RAMP56 (__3ZA3RA),__3ZA3RA,01 - Non intersection,03 - P.D. only,03 - Rear end,01 - Clear,01 - Daylight,01 - Dry,10 - No control,,2,0,0,0,,0,,,,,374465.3346,5030851.61,45.41413226,-75.60992328,6217
20--7085,9/15/2020,Unknown,CENTRAL PARK DR btwn STATEN WAY & CEDAR PARK ST (__3ZAZK3),__3ZAZK3,01 - Non intersection,03 - P.D. only,06 - SMV unattended vehicle,01 - Clear,00 - Unknown,01 - Dry,10 - No control,,1,0,0,0,,0,,,,,364529.6054,5025643.881,45.36819275,-75.7374849,6218
20--7086,9/15/2020,Unknown,OSGOODE ST btwn BLACKBURN AVE & GOULBURN AVE (__3ZA8KD),__3ZA8KD,01 - Non intersection,03 - P.D. only,06 - SMV unattended vehicle,01 - Clear,00 - Unknown,01 - Dry,10 - No control,,1,0,0,0,,0,,,,,369358.0644,5032163.59,45.42642679,-75.67499715,6219
20--7087,9/15/2020,12:20 PM,TREMBLAY RD btwn PICKERING PL & AVENUE K (__3ZA25Z),__3ZA25Z,01 - Non intersection,03 - P.D. only,04 - Sideswipe,01 - Clear,01 - Daylight,01 - Dry,10 - No control,,2,0,0,0,,0,,,,,371354.5917,5031303.316,45.4184993,-75.64960206,6220
20--7088,9/15/2020,2:57 PM,HAWTHORNE AVE @ MAIN ST (0006919),6919,03 - At intersection,03 - P.D. only,02 - Angle,01 - Clear,01 - Daylight,01 - Dry,01 - Traffic signal,01 - Functioning,2,0,0,0,,0,,,,,368971.3269,5030632.845,45.41268929,-75.68013822,6221
20--7089,9/15/2020,3:00 PM,ST. JOSEPH BLVD btwn ORLEANS BLVD & COUSINEAU ST (__3ZA2B2),__3ZA2B2,04 - At/near private drive,03 - P.D. only,02 - Angle,01 - Clear,01 - Daylight,01 - Dry,10 - No control,,2,0,0,0,,0,,,,,380696.4103,5037022.531,45.46900543,-75.52937152,6222
20--709,1/16/2020,5:18 PM,ALBION RD @ MITCH OWENS RD (0004212),4212,03 - At intersection,03 - P.D. only,05 - Turning movement,01 - Clear,05 - Dusk,03 - Loose snow,01 - Traffic signal,01 - Functioning,2,0,0,0,,0,,,,,375906.7533,5014804.449,45.26960206,-75.5938158,6223
20--7090,9/15/2020,3:10 PM,PRINCE OF WALES DR @ WEST HUNT CLUB RD (0000567),567,02 - Intersection related,03 - P.D. only,03 - Rear end,01 - Clear,01 - Daylight,01 - Dry,01 - Traffic signal,01 - Functioning,2,0,0,0,,0,,,,,367458.7129,5021891.513,45.33417398,-75.70057064,6224
20--7091,9/15/2020,3:55 PM,MCARTHUR AVE btwn LAFONTAINE AVE & EASTWOOD PL (__3ZA3W0),__3ZA3W0,04 - At/near private drive,03 - P.D. only,05 - Turning movement,01 - Clear,01 - Daylight,01 - Dry,10 - No control,,2,0,0,0,,0,,,,,371017.4682,5032778.368,45.43180317,-75.65371087,6225
20--7092,9/15/2020,4:01 PM,MONTREAL RD @ SHEFFORD RD (0012423),12423,03 - At intersection,03 - P.D. only,05 - Turning movement,01 - Clear,01 - Daylight,01 - Dry,01 - Traffic signal,01 - Functioning,2,0,0,0,,0,,,,,376125.7285,5034853.751,45.44997386,-75.58813225,6226
20--7093,9/15/2020,6:58 AM,INDUSTRIAL AVE @ RIVERSIDE DR (0011905),11905,02 - Intersection related,02 - Non-fatal injury,03 - Rear end,01 - Clear,01 - Daylight,01 - Dry,01 - Traffic signal,01 - Functioning,3,0,0,0,02 - Minor,3,,3,,,370684.7226,5030592.55,45.41216751,-75.65825537,6227
20--7094,9/15/2020,7:20 AM,LONGFIELDS DR @ WOODROFFE AVE (0000096),96,03 - At intersection,03 - P.D. only,05 - Turning movement,01 - Clear,01 - Daylight,01 - Dry,01 - Traffic signal,01 - Functioning,2,0,0,0,,0,,,,,365421.1714,5017106.941,45.29130181,-75.72714952,6228
20--7095,9/15/2020,7:31 AM,TERRY FOX DR @ EDGEWATER ST/WALTER BAKER PL (0002699),2699,02 - Intersection related,02 - Non-fatal injury,03 - Rear end,01 - Clear,01 - Daylight,01 - Dry,01 - Traffic signal,01 - Functioning,3,0,0,0,03 - Major,1,,,1,,351777.6214,5017613.449,45.29690402,-75.90103024,6229
20--7096,9/15/2020,7:53 PM,TRIM RD @ WATTERS RD (0012847),12847,03 - At intersection,02 - Non-fatal injury,05 - Turning movement,01 - Clear,07 - Dark,01 - Dry,01 - Traffic signal,01 - Functioning,2,0,0,0,02 - Minor,2,1,1,,,384964.6596,5038717.587,45.48377905,-75.47451744,6230
20--7097,9/15/2020,7:57 PM,BRIAN COBURN BLVD @ TRIM RD (0015655),15655,03 - At intersection,03 - P.D. only,02 - Angle,01 - Clear,07 - Dark,01 - Dry,11 - Roundabout,01 - Functioning,2,0,0,0,,0,,,,,387159.8738,5035824.92,45.45749831,-75.44692535,6231
20--7098,9/15/2020,8:05 AM,BRONSON AVE btwn COOPER ST & SOMERSET ST W (__3ZA33L),__3ZA33L,04 - At/near private drive,03 - P.D. only,02 - Angle,01 - Clear,01 - Daylight,01 - Dry,10 - No control,,2,0,0,0,,0,,,,,366955.4753,5030505.158,45.41172235,-75.70590659,6232
20--7099,9/15/2020,8:49 PM,GLEN PARK DR btwn INNES RD & BEDDOE LANE (__3ZA57V),__3ZA57V,01 - Non intersection,03 - P.D. only,06 - SMV unattended vehicle,01 - Clear,07 - Dark,01 - Dry,10 - No control,,1,0,0,0,,0,,,,,377607.582,5032449.333,45.42818769,-75.56954556,6233
20--71,1/3/2020,2:27 AM,MONTREAL RD @ VANIER PKWY (0004630),4630,03 - At intersection,02 - Non-fatal injury,05 - Turning movement,01 - Clear,07 - Dark,02 - Wet,01 - Traffic signal,01 - Functioning,3,0,0,0,02 - Minor,1,,1,,,370072.7201,5033065.575,45.43447616,-75.66574581,6234
20--710,1/16/2020,5:21 PM,MONTREAL RD @ FOXVIEW PL/DESLOGES PRIV (0008207),8207,03 - At intersection,03 - P.D. only,02 - Angle,01 - Clear,05 - Dusk,04 - Slush,02 - Stop sign,00 - Unknown,2,0,0,0,,0,,,,,372908.7229,5034446.585,45.4466313,-75.62931171,6235
20--7100,9/15/2020,8:50 AM,DWYER HILL RD btwn FLEWELLYN RD & FALLOWFIELD RD (__3ZA3F8),__3ZA3F8,01 - Non intersection,03 - P.D. only,07 - SMV other,01 - Clear,01 - Daylight,01 - Dry,10 - No control,,1,0,0,0,,0,,,,,344556.698,5003205.372,45.16769856,-75.99424511,6236
20--7101,9/16/2020,1:30 PM,FISHER AVE btwn BASELINE RD & MALIBU TER (__3ZA4JK),__3ZA4JK,01 - Non intersection,02 - Non-fatal injury,03 - Rear end,01 - Clear,01 - Daylight,01 - Dry,10 - No control,,3,0,0,0,02 - Minor,1,,1,,,366185.2522,5025980.266,45.37107642,-75.71630888,6237
20--7102,9/16/2020,1:33 PM,GLENMANOR DR W @ VIEWMOUNT DR W (0001942),1942,03 - At intersection,02 - Non-fatal injury,05 - Turning movement,01 - Clear,01 - Daylight,01 - Dry,02 - Stop sign,01 - Functioning,2,1,0,0,02 - Minor,1,,1,,,364748.6999,5022702.509,45.34170799,-75.73504484,6238
20--7103,9/16/2020,1:49 PM,BANK ST btwn ALTA VISTA DR & WALKLEY RD (__3ZA4TX),__3ZA4TX,01 - Non intersection,02 - Non-fatal injury,03 - Rear end,01 - Clear,01 - Daylight,01 - Dry,10 - No control,,3,0,0,0,02 - Minor,2,1,1,,,370321.9409,5025995.354,45.37083763,-75.66350023,6239
20--7104,9/16/2020,10:37 AM,BORRISOKANE RD/TARTAN DR @ STRANDHERD DR (0010634),10634,02 - Intersection related,03 - P.D. only,03 - Rear end,01 - Clear,01 - Daylight,01 - Dry,01 - Traffic signal,01 - Functioning,4,0,0,0,,0,,,,,362291.2001,5013545.414,45.25951803,-75.76746215,6240
20--7105,9/16/2020,Unknown,RIDEAUCREST DR btwn COTTINGHAM ST & NEWBOROUGH CRES (__3ZA4WM),__3ZA4WM,01 - Non intersection,03 - P.D. only,06 - SMV unattended vehicle,01 - Clear,00 - Unknown,01 - Dry,10 - No control,,1,0,0,0,,0,,,,,366050.066,5016517.666,45.28594502,-75.71920533,6241
20--7106,9/16/2020,Unknown,WOLFGANG DR btwn FIELDGATE DR & FOXFIELD DR (__3ZABLD),__3ZABLD,01 - Non intersection,03 - P.D. only,06 - SMV unattended vehicle,01 - Clear,00 - Unknown,01 - Dry,10 - No control,,1,0,0,0,,0,,,,,363610.0627,5016685.512,45.28766369,-75.75028702,6242
20--7107,9/16/2020,12:10 PM,WELLINGTON ST    W btwn MERTON ST & FAIRMONT AVE (__3ZA31M),__3ZA31M,01 - Non intersection,02 - Non-fatal injury,04 - Sideswipe,01 - Clear,01 - Daylight,01 - Dry,10 - No control,,2,0,0,0,02 - Minor,1,,1,,,365552.4567,5029693.199,45.40453974,-75.72392983,6243
20--7108,9/16/2020,12:34 PM,QUEEN MARY ST @ VANIER PKWY (0007648),7648,02 - Intersection related,03 - P.D. only,03 - Rear end,01 - Clear,01 - Daylight,01 - Dry,01 - Traffic signal,01 - Functioning,2,0,0,0,,0,,,,,370363.6978,5031957.591,45.42447976,-75.66217472,6244
20--7109,9/16/2020,2:14 PM,ST. JOSEPH BLVD @ JEANNE D'ARC BLVD (0012421),12421,03 - At intersection,03 - P.D. only,04 - Sideswipe,01 - Clear,01 - Daylight,01 - Dry,11 - Roundabout,01 - Functioning,2,0,0,0,,0,,,,,379860.7439,5036471.578,45.46413869,-75.54014136,6245
20--711,1/16/2020,5:21 PM,HOLLAND AVE @ KENILWORTH ST (0006299),6299,02 - Intersection related,03 - P.D. only,03 - Rear end,01 - Clear,05 - Dusk,01 - Dry,01 - Traffic signal,01 - Functioning,2,0,0,0,,0,,,,,365214.7088,5028496.551,45.3938018,-75.7283905,6246
20--7110,9/16/2020,2:24 PM,WALKLEY RD @ HEATHERINGTON RD (0006928),6928,03 - At intersection,02 - Non-fatal injury,07 - SMV other,01 - Clear,01 - Daylight,01 - Dry,01 - Traffic signal,01 - Functioning,1,0,0,1,02 - Minor,1,,1,,,371766.7247,5026794.524,45.3778917,-75.64494877,6247
20--7111,9/16/2020,2:39 PM,MERIVALE RD @ SLACK RD (0000110),110,03 - At intersection,03 - P.D. only,05 - Turning movement,01 - Clear,01 - Daylight,01 - Dry,01 - Traffic signal,01 - Functioning,2,0,0,0,,0,,,,,366019.6996,5020955.496,45.32587884,-75.71904427,6248
20--7112,9/16/2020,3:58 PM,TENTH LINE RD @ LAKEPOINTE DR (0013369),13369,03 - At intersection,02 - Non-fatal injury,07 - SMV other,01 - Clear,01 - Daylight,01 - Dry,01 - Traffic signal,01 - Functioning,1,0,0,1,02 - Minor,1,,1,,,384262.1302,5035420.691,45.45419698,-75.48403599,6249
20--7113,9/16/2020,4:10 PM,CEDARVIEW RD btwn LYTLE AVE & CEDARHILL DR (__3ZA4XG),__3ZA4XG,01 - Non intersection,03 - P.D. only,07 - SMV other,01 - Clear,01 - Daylight,01 - Dry,10 - No control,,1,0,0,0,,0,,,,,360515.1942,5017478.258,45.29504903,-75.78964836,6250
20--7114,9/16/2020,4:35 AM,BANK ST btwn KENNEDY RD & BELMEADE RD (__3ZBPHO),__3ZBPHO,01 - Non intersection,02 - Non-fatal injury,07 - SMV other,01 - Clear,07 - Dark,01 - Dry,10 - No control,,1,0,0,0,01 - Minimal,1,1,,,,388000.0652,5001171.889,45.14561838,-75.4419997,6251
20--7115,9/16/2020,4:49 PM,BYRON AVE @ KIRKWOOD AVE (0006296),6296,02 - Intersection related,03 - P.D. only,04 - Sideswipe,01 - Clear,01 - Daylight,01 - Dry,01 - Traffic signal,01 - Functioning,2,0,0,0,,0,,,,,363866.6924,5028431.556,45.39333199,-75.74561347,6252
20--7116,9/16/2020,5:17 PM,CARLING AVE @ FAIRLAWN AVE/WOODROFFE AVE E (0002393),2393,02 - Intersection related,03 - P.D. only,03 - Rear end,01 - Clear,01 - Daylight,01 - Dry,01 - Traffic signal,01 - Functioning,2,0,0,0,,0,,,,,361934.6841,5025830.528,45.37008852,-75.77058762,6253
20--7117,9/16/2020,6:30 AM,HIGHWAY 417 btwn HWY417 IC169 RAMP25 & HWY417 IC163 RAMP51 (__5SPOUW),__5SPOUW,01 - Non intersection,03 - P.D. only,07 - SMV other,01 - Clear,03 - Dawn,01 - Dry,10 - No control,,1,0,0,0,,0,,,,,326745.5779,5023969.586,45.35532819,-76.21990376,6254
20--7118,9/16/2020,6:33 PM,AVIATION PKWY @ OGILVIE RD (0004114),4114,02 - Intersection related,03 - P.D. only,03 - Rear end,01 - Clear,05 - Dusk,01 - Dry,01 - Traffic signal,01 - Functioning,2,0,0,0,,0,,,,,373110.7201,5032376.582,45.42798677,-75.62701698,6255
20--7119,9/16/2020,7:04 PM,BERNARD ST @ QUEEN MARY ST (0008561),8561,03 - At intersection,03 - P.D. only,05 - Turning movement,01 - Clear,01 - Daylight,01 - Dry,02 - Stop sign,01 - Functioning,2,0,0,0,,0,,,,,371916.719,5032131.583,45.42589797,-75.64230748,6256
20--712,1/16/2020,5:24 PM,WALKLEY EXTENSION RD btwn HWY417 IC110 RAMP66 & RAMSAYVILLE RD (__3ZA2LZ),__3ZA2LZ,01 - Non intersection,03 - P.D. only,01 - Approaching,05 - Drifting Snow,05 - Dusk,06 - Ice,10 - No control,,2,0,0,0,,0,,,,,376394.5805,5029397.232,45.40085187,-75.58548865,6257
20--7120,9/16/2020,7:10 PM,MERIVALE RD @ WEST HUNT CLUB RD (0000584),584,02 - Intersection related,03 - P.D. only,03 - Rear end,01 - Clear,05 - Dusk,01 - Dry,01 - Traffic signal,01 - Functioning,2,0,0,0,,0,,,,,365612.6919,5021942.5,45.33479517,-75.72411457,6258
20--7121,9/16/2020,7:30 AM,BRONSON AVE @ CATHERINE ST/RAYMOND ST (0007198),7198,02 - Intersection related,03 - P.D. only,04 - Sideswipe,01 - Clear,01 - Daylight,01 - Dry,01 - Traffic signal,01 - Functioning,2,0,0,0,,0,,,,,367252.6965,5029796.575,45.40532026,-75.70219945,6259
20--7122,9/16/2020,7:51 AM,BASELINE RD @ WOODROFFE AVE (0002225),2225,02 - Intersection related,03 - P.D. only,07 - SMV other,01 - Clear,01 - Daylight,01 - Dry,01 - Traffic signal,01 - Functioning,1,0,0,0,,0,,,,,362549.6759,5023770.5,45.35150217,-75.76297766,6260
20--6714,8/30/2020,1:30 PM,SOMERSET ST    W btwn BOOTH ST & UPPER LORNE PL (__3ZA328),__3ZA328,01 - Non intersection,03 - P.D. only,04 - Sideswipe,01 - Clear,01 - Daylight,01 - Dry,10 - No control,,2,0,0,0,,0,,,,,366622.6173,5030281.587,45.4097402,-75.71018679,6261