Anom_ID,Accident_Date,Accident_Time,Location,Geo_ID,Accident_Location,Classification_of_Accident,Initial_Impact_Type,Environment_Condition,Light,Road_Surface_Condition,Traffic_Control,Traffic_Control_Condition,No__of_Vehicles,No__of_Bicycles,No__of_Motorcycles,No__of_Pedestrians,Max_Injury,No__of_Injuries,No__of_Minimal,No__of_Minor,No__of_Major,No__of_Fatal,X,Y,Latitude,Longitude,ObjectId
20--6374,8/17/2020,10:17 PM,PRINCE OF WALES DR btwn VILLA CRES & MARYLAND AVE (__3ZA3G1),__3ZA3G1,01 - Non intersection,02 - Non-fatal injury,07 - SMV other,01 - Clear,07 - Dark,01 - Dry,10 - No control,,1,0,0,0,02 - Minor,1,,1,,,366938.8195,5026012.381,45.37129898,-75.70668515,6344
20--6375,8/17/2020,10:20 PM,MAITLAND AVE btwn GARFIELD AVE & AGINCOURT RD (__3ZA4IG),__3ZA4IG,01 - Non intersection,03 - P.D. only,04 - Sideswipe,01 - Clear,07 - Dark,01 - Dry,10 - No control,,2,0,0,0,,0,,,,,363419.4025,5025479.199,45.3668047,-75.75167619,6345
20--6376,8/17/2020,10:28 AM,JOCKVALE RD @ STRANDHERD DR (0010541),10541,03 - At intersection,03 - P.D. only,02 - Angle,01 - Clear,01 - Daylight,01 - Dry,01 - Traffic signal,01 - Functioning,2,0,0,0,,0,,,,,363560.7888,5014578.113,45.26870541,-75.75116459,6346
20--6377,8/17/2020,11:11 AM,MEADOWLANDS DR @ MERIVALE RD (0000625),625,02 - Intersection related,03 - P.D. only,99 - Other,01 - Clear,01 - Daylight,01 - Dry,01 - Traffic signal,01 - Functioning,2,0,0,0,,0,,,,,364858.6949,5023725.513,45.35090344,-75.73351719,6347
20--6378,8/17/2020,11:30 AM,BASELINE RD/HWY 416 RICHMOND IC75R53 @ RICHMON (0000148),148,02 - Intersection related,03 - P.D. only,04 - Sideswipe,01 - Clear,01 - Daylight,01 - Dry,01 - Traffic signal,01 - Functioning,2,0,0,0,,0,,,,,358635.6631,5021821.497,45.33427637,-75.81313808,6348
20--6379,8/17/2020,11:39 AM,MITCH OWENS RD btwn LIMEBANK RD & DOWNEY RD (__3ZA3H4),__3ZA3H4,04 - At/near private drive,03 - P.D. only,04 - Sideswipe,01 - Clear,01 - Daylight,01 - Dry,10 - No control,,2,0,0,0,,0,,,,,371676.3393,5012110.089,45.24577369,-75.64808462,6349
20--638,1/15/2020,5:41 PM,RIOCAN AVE @ STRANDHERD DR (0010997),10997,02 - Intersection related,03 - P.D. only,99 - Other,01 - Clear,07 - Dark,01 - Dry,01 - Traffic signal,01 - Functioning,2,0,0,0,,0,,,,,364172.2142,5014944.573,45.27195147,-75.74332957,6350
20--6380,8/17/2020,12:45 AM,SMYTH RD NORTH SIDE RAMP btwn SMYTH RD & RIVERSIDE DR (__3ZAY69),__3ZAY69,01 - Non intersection,03 - P.D. only,07 - SMV other,02 - Rain,07 - Dark,02 - Wet,10 - No control,,1,0,0,0,,0,,,,,369954.4638,5029268.907,45.40032623,-75.66775909,6351
20--6381,8/17/2020,2:00 PM,DALY AVE @ NICHOLAS ST (0011451),11451,02 - Intersection related,02 - Non-fatal injury,03 - Rear end,01 - Clear,01 - Daylight,01 - Dry,01 - Traffic signal,01 - Functioning,2,0,0,0,01 - Minimal,1,1,,,,368226.7683,5032046.836,45.42547978,-75.68946782,6352
20--6382,8/17/2020,2:03 PM,WENTWORTH AVE @ CARLING AVE (0002770),2770,02 - Intersection related,03 - P.D. only,03 - Rear end,01 - Clear,01 - Daylight,01 - Dry,02 - Stop sign,01 - Functioning,2,0,0,0,,0,,,,,361329.6817,5025469.516,45.36688922,-75.7783521,6353
20--6383,8/17/2020,2:50 PM,WALKLEY RD btwn HARDING RD & HALIFAX DR (__3ZA2EK),__3ZA2EK,01 - Non intersection,02 - Non-fatal injury,03 - Rear end,01 - Clear,01 - Daylight,01 - Dry,10 - No control,,3,0,0,0,02 - Minor,2,,2,,,373212.9984,5027647.056,45.3854227,-75.62636631,6354
20--6384,8/17/2020,2:58 AM,BOUNDARY RD btwn PANA RD & CARTWRIGHT RD (__3ZA3XE),__3ZA3XE,01 - Non intersection,03 - P.D. only,07 - SMV other,01 - Clear,07 - Dark,02 - Wet,10 - No control,,1,0,0,0,,0,,,,,390217.517,5016411.67,45.28247004,-75.41119324,6355
20--6385,8/17/2020,3:27 PM,BRONSON AVE @ SUNNYSIDE AVE/UNIVERSITY RD - CA (0007209),7209,02 - Intersection related,03 - P.D. only,03 - Rear end,01 - Clear,01 - Daylight,01 - Dry,01 - Traffic signal,01 - Functioning,3,0,0,0,,0,,,,,367922.7124,5028091.545,45.38991881,-75.69385938,6356
20--6386,8/17/2020,3:30 PM,TERRY FOX DR btwn PALLADIUM DR & MAPLE GROVE RD (__3ZA3DN),__3ZA3DN,01 - Non intersection,02 - Non-fatal injury,03 - Rear end,01 - Clear,01 - Daylight,01 - Dry,10 - No control,,4,0,0,0,01 - Minimal,1,1,,,,351533.4563,5017887.411,45.29938549,-75.90411738,6357
20--6387,8/17/2020,4:42 PM,HIGHWAY 417 btwn HWY417 IC124 RAMP65 & HWY417 IC122 RAMP51 (__3ZA2R8),__3ZA2R8,01 - Non intersection,03 - P.D. only,03 - Rear end,01 - Clear,01 - Daylight,01 - Dry,10 - No control,,3,0,0,0,,0,,,,,364983.7097,5028416.52,45.39310159,-75.73135029,6358
20--6388,8/17/2020,4:50 PM,BRONSON AVE btwn OLD SUNSET BLVD & LAKESIDE AVE (__3ZA3NC),__3ZA3NC,01 - Non intersection,03 - P.D. only,04 - Sideswipe,01 - Clear,01 - Daylight,01 - Dry,10 - No control,,2,0,0,0,,0,,,,,367639.3054,5028878.063,45.39702116,-75.69737824,6359
20--6389,8/17/2020,5:08 PM,ST. JOSEPH BLVD/OLD MONTREAL RD @ TRIM RD (0004118),4118,03 - At intersection,02 - Non-fatal injury,99 - Other,01 - Clear,01 - Daylight,01 - Dry,11 - Roundabout,01 - Functioning,2,0,0,0,02 - Minor,1,,1,,,384682.7521,5039285.585,45.48892166,-75.47803067,6360
20--639,1/15/2020,5:45 PM,BLAIR RD @ OGILVIE RD (0004120),4120,02 - Intersection related,03 - P.D. only,04 - Sideswipe,01 - Clear,07 - Dark,02 - Wet,01 - Traffic signal,01 - Functioning,2,0,0,0,,0,,,,,374507.7189,5033198.579,45.43524481,-75.60904969,6361
20--6390,8/17/2020,5:14 PM,HIGHWAY 417 btwn HWY417 IC124 RAMP65 & HWY417 IC122 RAMP51 (__3ZA2R8),__3ZA2R8,01 - Non intersection,03 - P.D. only,03 - Rear end,01 - Clear,01 - Daylight,01 - Dry,10 - No control,,4,0,0,0,,0,,,,,365075.0494,5028578.917,45.39455495,-75.73016399,6362
20--6391,8/17/2020,5:15 PM,HIGHWAY 417 btwn HWY417 IC122 RAMP15 & HWY417 IC121B RAMP51 (__3ZA2RB),__3ZA2RB,01 - Non intersection,03 - P.D. only,03 - Rear end,01 - Clear,01 - Daylight,01 - Dry,10 - No control,,3,0,0,0,,0,,,,,365728.6241,5029139.456,45.39954199,-75.72174804,6363
20--6392,8/17/2020,5:30 AM,HIGHWAY 417 btwn HWY417 IC115 RAMP61 & REGIONAL ROAD 174 (__3ZA2XG),__3ZA2XG,01 - Non intersection,03 - P.D. only,07 - SMV other,02 - Rain,07 - Dark,02 - Wet,10 - No control,,1,0,0,0,,0,,,,,372937.6148,5031602.786,45.42104141,-75.62933597,6364
20--6393,8/17/2020,5:32 AM,REGIONAL ROAD 174 btwn HWY417 IC113 RAMP67 & Continuation of REGIONAL  (__3ZA28A),__3ZA28A,01 - Non intersection,03 - P.D. only,99 - Other,02 - Rain,07 - Dark,02 - Wet,10 - No control,,3,0,0,0,,0,,,,,373729.8869,5032041.567,45.42491173,-75.6191521,6365
20--6394,8/17/2020,5:45 PM,HIGHWAY 417 btwn HWY417 IC124 RAMP65 & HWY417 IC122 RAMP51 (__3ZA2R8),__3ZA2R8,01 - Non intersection,03 - P.D. only,03 - Rear end,01 - Clear,01 - Daylight,01 - Dry,10 - No control,,4,0,0,0,,0,,,,,365064.4736,5028560.257,45.39438796,-75.73030133,6366
20--6395,8/17/2020,5:46 PM,LEN PURCELL DR btwn BAYVIEW DR & WHISTLER RD (__3ZACDS),__3ZACDS,01 - Non intersection,03 - P.D. only,07 - SMV other,02 - Rain,01 - Daylight,02 - Wet,10 - No control,,1,0,0,0,,0,,,,,336175.6274,5039709.729,45.49660466,-76.09854579,6367
20--6396,8/17/2020,6:00 AM,HIGHWAY 417 btwn HWY417 IC115 RAMP25 & REGIONAL ROAD 174 (__3ZA2RY),__3ZA2RY,01 - Non intersection,03 - P.D. only,07 - SMV other,02 - Rain,03 - Dawn,02 - Wet,10 - No control,,1,0,0,0,,0,,,,,373099.8723,5031621.55,45.42119442,-75.62726028,6368
20--6397,8/17/2020,6:30 PM,BASELINE RD/HERON RD @ PRINCE OF WALES DR (0002345),2345,02 - Intersection related,03 - P.D. only,03 - Rear end,02 - Rain,01 - Daylight,02 - Wet,01 - Traffic signal,01 - Functioning,2,0,0,0,,0,,,,,366873.6291,5026438.516,45.37513902,-75.70746379,6369
20--6398,8/17/2020,6:45 PM,ALTHA AVE @ MONTREAL RD (0009344),9344,02 - Intersection related,03 - P.D. only,07 - SMV other,01 - Clear,01 - Daylight,01 - Dry,02 - Stop sign,01 - Functioning,1,0,0,0,,0,,,,,370621.087,5033374.857,45.43720754,-75.6586965,6370
20--6399,8/17/2020,6:55 PM,HIGHWAY 417 btwn HWY417 IC110 RAMP64 & HWY417 IC104 RAMP16 (__3ZA2W9),__3ZA2W9,01 - Non intersection,03 - P.D. only,07 - SMV other,02 - Rain,01 - Daylight,02 - Wet,10 - No control,,1,0,0,0,,0,,,,,377461.301,5026727.65,45.37672259,-75.57225776,6371
20--64,1/3/2020,10:23 AM,BANK ST @ DALMENY RD/MARVELVILLE RD (0001081),1081,03 - At intersection,02 - Non-fatal injury,02 - Angle,01 - Clear,01 - Daylight,02 - Wet,02 - Stop sign,01 - Functioning,2,0,0,0,02 - Minor,1,,1,,,385828.7672,5004368.352,45.17463103,-75.46908756,6372
20--640,1/15/2020,5:53 PM,WOODROFFE AVE btwn CLARIDGE DR & QUEENSBURY DR (__3ZA4KI),__3ZA4KI,01 - Non intersection,03 - P.D. only,03 - Rear end,03 - Snow,07 - Dark,04 - Slush,10 - No control,,3,0,0,0,,0,,,,,365608.069,5016628.389,45.28697968,-75.72482567,6373
20--6400,8/17/2020,7:10 AM,MONTGOMERY ST @ MONTREAL RD (0009342),9342,02 - Intersection related,03 - P.D. only,99 - Other,01 - Clear,01 - Daylight,02 - Wet,01 - Traffic signal,01 - Functioning,2,0,0,0,,0,,,,,369813.6369,5032920.416,45.43319421,-75.66907598,6374
20--6401,8/17/2020,7:18 AM,FERNBANK RD btwn DWYER HILL RD & MUNSTER RD (__3ZAC55),__3ZAC55,01 - Non intersection,03 - P.D. only,07 - SMV other,01 - Clear,01 - Daylight,01 - Dry,10 - No control,,1,0,0,0,,0,,,,,344516.7233,5006457.245,45.19696307,-75.99449473,6375
20--6402,8/17/2020,7:30 AM,NICHOLAS ST NB btwn HWY417 IC118 RAMP52 & WALLER ST/TRANSITWAY (__6KCFNL),__6KCFNL,01 - Non intersection,03 - P.D. only,03 - Rear end,01 - Clear,01 - Daylight,01 - Dry,10 - No control,,2,0,0,0,,0,,,,,369095.2294,5031305.021,45.41872591,-75.67846769,6376
20--6403,8/17/2020,7:36 AM,LANCASTER RD @ WALKLEY RD (0003130),3130,03 - At intersection,02 - Non-fatal injury,05 - Turning movement,01 - Clear,01 - Daylight,02 - Wet,01 - Traffic signal,01 - Functioning,3,0,0,0,02 - Minor,1,,1,,,374908.896,5028602.506,45.39385168,-75.60457659,6377
20--6404,8/17/2020,9:34 AM,HUNT CLUB RD @ RIVERSIDE DR (0002237),2237,02 - Intersection related,03 - P.D. only,03 - Rear end,01 - Clear,01 - Daylight,01 - Dry,01 - Traffic signal,01 - Functioning,2,0,0,0,,0,,,,,368036.6828,5021945.509,45.33460798,-75.69319046,6378
20--6405,8/17/2020,9:47 AM,WOODROFFE AVE @ ALGONQUIN COLLEGE/TRANSITWAY S (0004682),4682,03 - At intersection,03 - P.D. only,02 - Angle,01 - Clear,01 - Daylight,01 - Dry,01 - Traffic signal,01 - Functioning,2,0,0,0,,0,,,,,362823.6872,5023270.502,45.34698061,-75.75953959,6379
20--6406,8/17/2020,9:50 AM,ARLINGTON AVE @ KENT ST (0007259),7259,02 - Intersection related,03 - P.D. only,04 - Sideswipe,01 - Clear,01 - Daylight,01 - Dry,01 - Traffic signal,01 - Functioning,2,0,0,0,,0,,,,,367868.699,5030257.566,45.40941289,-75.69427215,6380
20--6407,8/18/2020,1:15 PM,COBOURG ST @ ST. PATRICK ST (0011483),11483,02 - Intersection related,03 - P.D. only,03 - Rear end,01 - Clear,01 - Daylight,01 - Dry,01 - Traffic signal,01 - Functioning,2,0,0,0,,0,,,,,368802.1343,5033234.543,45.43611391,-75.68196159,6381
20--6408,8/18/2020,1:27 PM,"EGLISE, RUE DE L @ COLLEGE CIRC (0011556)",11556,02 - Intersection related,03 - P.D. only,03 - Rear end,01 - Clear,01 - Daylight,01 - Dry,02 - Stop sign,01 - Functioning,2,0,0,0,,0,,,,,371286.8334,5033368.067,45.43708346,-75.65018901,6382
20--6409,8/18/2020,1:30 PM,INNES RD btwn PRESTWICK DR & TENTH LINE RD (__3ZA3Y7),__3ZA3Y7,04 - At/near private drive,03 - P.D. only,02 - Angle,01 - Clear,01 - Daylight,01 - Dry,10 - No control,,2,0,0,0,,0,,,,,383822.1511,5036105.548,45.4604086,-75.48955041,6383
20--641,1/15/2020,6:00 PM,SMYTH RD @ GENERAL HOSPITAL E (0008855),8855,02 - Intersection related,03 - P.D. only,03 - Rear end,01 - Clear,07 - Dark,01 - Dry,01 - Traffic signal,01 - Functioning,2,0,0,0,,0,,,,,371516.7195,5029181.549,45.39939308,-75.64781786,6384
20--6410,8/18/2020,11:52 AM,CENTREPOINTE DR @ GEMINI WAY (0010344),10344,03 - At intersection,02 - Non-fatal injury,05 - Turning movement,01 - Clear,01 - Daylight,01 - Dry,02 - Stop sign,00 - Unknown,2,0,0,0,02 - Minor,1,,1,,,362112.6615,5023380.469,45.34802855,-75.76859974,6385
20--6411,8/18/2020,12:41 PM,WEST HUNT CLUB RD @ ANTARES DR/LASER ST (0000116),116,02 - Intersection related,03 - P.D. only,03 - Rear end,01 - Clear,01 - Daylight,01 - Dry,01 - Traffic signal,01 - Functioning,2,0,0,0,,0,,,,,367107.7204,5022081.504,45.33591474,-75.70502441,6386
20--6412,8/18/2020,2:06 PM,HANNAH ST btwn DESCHAMPS AVE & MONTREAL RD (__3ZA8TI),__3ZA8TI,01 - Non intersection,03 - P.D. only,07 - SMV other,01 - Clear,01 - Daylight,01 - Dry,10 - No control,,1,0,0,0,,0,,,,,370199.6277,5033253.05,45.43615112,-75.66409906,6387
20--6413,8/18/2020,2:30 PM,BASELINE RD @ GREENBANK RD (0002357),2357,02 - Intersection related,03 - P.D. only,04 - Sideswipe,01 - Clear,01 - Daylight,01 - Dry,01 - Traffic signal,01 - Functioning,2,0,0,0,,0,,,,,360597.6793,5022584.498,45.34098858,-75.78802158,6388
20--6414,8/18/2020,3:25 PM,RICHMOND RD btwn PERTH ST & CAMBRIAN RD (__3ZAB98),__3ZAB98,01 - Non intersection,03 - P.D. only,07 - SMV other,01 - Clear,01 - Daylight,01 - Dry,10 - No control,,1,0,0,0,,0,,,,,358778.7089,5007973.495,45.20965903,-75.8128186,6389
20--6415,8/18/2020,3:26 PM,LYON ST @ WELLINGTON ST (0002388),2388,02 - Intersection related,03 - P.D. only,03 - Rear end,01 - Clear,01 - Daylight,01 - Dry,01 - Traffic signal,01 - Functioning,2,0,0,0,,0,,,,,366934.9139,5031426.502,45.42001415,-75.70605309,6390
20--6416,8/18/2020,4:10 PM,PRINCE OF WALES DR @ MERIVALE RD (0000564),564,03 - At intersection,03 - P.D. only,05 - Turning movement,01 - Clear,01 - Daylight,01 - Dry,01 - Traffic signal,01 - Functioning,2,0,0,0,,0,,,,,367449.7141,5017616.457,45.29570846,-75.70122605,6391
20--6417,8/18/2020,4:56 PM,REGIONAL ROAD 174 btwn OR174 IC102 RAMP26 & REGIONAL ROAD 174 (__3ZA1SH),__3ZA1SH,01 - Non intersection,03 - P.D. only,99 - Other,01 - Clear,01 - Daylight,01 - Dry,10 - No control,,5,0,0,0,,0,,,,,381578.0342,5038253.727,45.47998633,-75.51790581,6392
20--6418,8/18/2020,4:59 PM,KING EDWARD AVE @ SOMERSET ST/MARIE CURIE PRIV (0001696),1696,02 - Intersection related,03 - P.D. only,03 - Rear end,01 - Clear,01 - Daylight,01 - Dry,01 - Traffic signal,01 - Functioning,3,0,0,0,,0,,,,,368957.714,5031673.574,45.42205464,-75.68017662,6393
20--6419,8/18/2020,5:35 PM,ALBERT ST @ O'CONNOR ST (0002116),2116,03 - At intersection,03 - P.D. only,05 - Turning movement,01 - Clear,01 - Daylight,02 - Wet,01 - Traffic signal,01 - Functioning,2,0,0,0,,0,,,,,367538.6962,5031521.182,45.42081217,-75.69832679,6394
20--642,1/15/2020,6:18 AM,BANK ST btwn CENOTE RD & STONE SCHOOL RD (__3ZAZBJ),__3ZAZBJ,01 - Non intersection,03 - P.D. only,07 - SMV other,01 - Clear,07 - Dark,01 - Dry,10 - No control,,1,0,0,0,,0,,,,,381650.1688,5011888.859,45.24276488,-75.52108293,6395
20--6420,8/18/2020,5:37 PM,HWY417 IC129 RAMP35 btwn HIGHWAY 417 & GREENBANK RD (__3ZAYBL),__3ZAYBL,01 - Non intersection,03 - P.D. only,07 - SMV other,01 - Clear,01 - Daylight,01 - Dry,10 - No control,,1,0,0,0,,0,,,,,360423.43,5023494.445,45.34919011,-75.7901425,6396
20--6421,8/18/2020,6:48 PM,HIGHWAY 417 btwn HWY417 IC134 RAMP35 & HWY417 IC134 RAMP25 (__3ZA29D),__3ZA29D,01 - Non intersection,03 - P.D. only,07 - SMV other,01 - Clear,01 - Daylight,01 - Dry,10 - No control,,1,0,0,0,,0,,,,,356824.5251,5022458.873,45.34014815,-75.83617688,6397
20--6422,8/18/2020,7:13 PM,CEDARVIEW RD @ HWY 416 WESTHUNT IC72R24 (0005514),5514,02 - Intersection related,03 - P.D. only,02 - Angle,01 - Clear,01 - Daylight,01 - Dry,02 - Stop sign,01 - Functioning,2,0,0,0,,0,,,,,359607.887,5019743.772,45.31550565,-75.80096487,6398
20--6423,8/18/2020,7:40 PM,BASELINE RD @ FARLANE BLVD (0002725),2725,03 - At intersection,02 - Non-fatal injury,07 - SMV other,01 - Clear,05 - Dusk,01 - Dry,01 - Traffic signal,01 - Functioning,1,0,0,1,02 - Minor,1,,1,,,365356.6818,5025517.537,45.36698496,-75.72694279,6399
20--6424,8/18/2020,8:10 PM,REGIONAL ROAD 174 btwn OR174 IC112 RAMP26 & OR174 IC112 RAMP61 (__3ZA2XF),__3ZA2XF,01 - Non intersection,03 - P.D. only,04 - Sideswipe,01 - Clear,05 - Dusk,01 - Dry,10 - No control,,2,0,0,0,,0,,,,,374932.8794,5032945.917,45.43292899,-75.60365227,6400
20--6425,8/18/2020,8:25 AM,LEITRIM RD @ LIMEBANK RD (0012318),12318,02 - Intersection related,03 - P.D. only,03 - Rear end,01 - Clear,01 - Daylight,01 - Dry,01 - Traffic signal,01 - Functioning,2,0,0,0,,0,,,,,369321.6299,5017960.093,45.29863104,-75.67731714,6401
20--6426,8/18/2020,8:42 AM,GLOUCESTER ST btwn KENT ST & BANK ST (__3ZBOR0),__3ZBOR0,04 - At/near private drive,03 - P.D. only,06 - SMV unattended vehicle,01 - Clear,01 - Daylight,01 - Dry,10 - No control,,1,0,0,0,,0,,,,,367516.1907,5031194.054,45.41787079,-75.69865597,6402
20--6427,8/18/2020,8:48 PM,LONGFIELDS DR btwn MOUNTSHANNON DR & WOODROFFE AVE (__3ZA5AN),__3ZA5AN,01 - Non intersection,03 - P.D. only,99 - Other,01 - Clear,07 - Dark,01 - Dry,10 - No control,,2,0,0,0,,0,,,,,364901.8378,5016810.09,45.28867537,-75.7338058,6403
20--6428,8/18/2020,9:02 AM,JOCKVALE RD @ LONGFIELDS DR (0013613),13613,02 - Intersection related,03 - P.D. only,03 - Rear end,01 - Clear,01 - Daylight,01 - Dry,02 - Stop sign,01 - Functioning,2,0,0,0,,0,,,,,364829.2929,5014001.028,45.26340567,-75.73507021,6404
20--6429,8/19/2020,1:57 PM,RIDEOUT CRES btwn RUSTIC DR & RUSTIC DR (__3ZABK2),__3ZABK2,04 - At/near private drive,03 - P.D. only,06 - SMV unattended vehicle,01 - Clear,01 - Daylight,01 - Dry,10 - No control,,1,0,0,0,,0,,,,,362043.7151,5023806.572,45.35186823,-75.76943021,6405
20--643,1/15/2020,6:25 AM,ALTA VISTA DR btwn DORION AVE & DALE AVE (__3ZA963),__3ZA963,04 - At/near private drive,03 - P.D. only,02 - Angle,01 - Clear,07 - Dark,04 - Slush,10 - No control,,2,0,0,0,,0,,,,,370689.0936,5030173.669,45.40839818,-75.65825552,6406
20--6430,8/19/2020,10:44 PM,HIGHWAY 417 btwn HWY417 IC119A RAMP75 & HWY417 IC118 RAMP57 (__3ZA2R2),__3ZA2R2,01 - Non intersection,03 - P.D. only,03 - Rear end,01 - Clear,07 - Dark,01 - Dry,10 - No control,,2,0,0,0,,0,,,,,368992.1945,5030725.738,45.41352319,-75.67985954,6407
20--6431,8/19/2020,11:23 PM,KING EDWARD AVE @ RIDEAU ST (0002121),2121,03 - At intersection,02 - Non-fatal injury,03 - Rear end,01 - Clear,07 - Dark,01 - Dry,01 - Traffic signal,01 - Functioning,2,0,0,0,01 - Minimal,1,1,,,,368511.7025,5032413.585,45.42875376,-75.68577957,6408
20--6432,8/19/2020,11:30 AM,BELFAST RD @ ST. LAURENT BLVD (0007658),7658,03 - At intersection,02 - Non-fatal injury,07 - SMV other,01 - Clear,01 - Daylight,01 - Dry,01 - Traffic signal,01 - Functioning,1,0,0,1,01 - Minimal,1,1,,,,372860.7243,5030578.571,45.41183349,-75.63045983,6409
20--6433,8/19/2020,11:31 PM,HWY 417 INNES IC112R57 @ INNES RD (0012298),12298,03 - At intersection,02 - Non-fatal injury,07 - SMV other,01 - Clear,07 - Dark,01 - Dry,01 - Traffic signal,01 - Functioning,1,0,1,0,02 - Minor,1,,1,,,374298.8371,5030754.953,45.41327915,-75.6120639,6410
20--6434,8/19/2020,11:40 PM,RAVENSWOOD WAY btwn ASHENVALE WAY & STORMWIND AVE (__8OJCNG),__8OJCNG,01 - Non intersection,03 - P.D. only,06 - SMV unattended vehicle,01 - Clear,07 - Dark,01 - Dry,10 - No control,,1,0,0,0,,0,,,,,385650.127,5034992.628,45.45018647,-75.46636299,6411
20--6435,8/19/2020,12:00 PM,STRANDHERD DR btwn LONGFIELDS DR & CLARIDGE DR (__4BRV9S),__4BRV9S,01 - Non intersection,03 - P.D. only,03 - Rear end,01 - Clear,01 - Daylight,01 - Dry,10 - No control,,3,0,0,0,,0,,,,,364898.0475,5015364.534,45.27566861,-75.73402917,6412
20--6436,8/19/2020,12:09 AM,VANCOUVER AVE btwn BANK ST & BANFF AVE (__3ZA9AA),__3ZA9AA,04 - At/near private drive,03 - P.D. only,06 - SMV unattended vehicle,01 - Clear,07 - Dark,01 - Dry,10 - No control,,1,0,0,0,,0,,,,,370567.7736,5025757.328,45.36867293,-75.66039378,6413
20--6437,8/19/2020,12:48 PM,MITCH OWENS RD/BRIDGE ST @ RIVER RD (0003573),3573,02 - Intersection related,03 - P.D. only,03 - Rear end,01 - Clear,01 - Daylight,01 - Dry,01 - Traffic signal,01 - Functioning,2,0,0,0,,0,,,,,369499.7045,5010770.673,45.23392519,-75.67598335,6414
20--6438,8/19/2020,2:02 PM,HUNT CLUB RD btwn NORTH BOWESVILLE RD & BILLY BISHOP PRIV (__5G43Y1),__5G43Y1,01 - Non intersection,03 - P.D. only,03 - Rear end,01 - Clear,01 - Daylight,01 - Dry,10 - No control,,2,0,0,0,,0,,,,,368801.3036,5022394.539,45.33857893,-75.6833779,6415
20--6439,8/19/2020,2:15 PM,TRENTON AVE @ MERIVALE RD (0002734),2734,03 - At intersection,03 - P.D. only,05 - Turning movement,01 - Clear,01 - Daylight,01 - Dry,02 - Stop sign,01 - Functioning,2,0,0,0,,0,,,,,364887.0838,5026361.173,45.37461627,-75.73283445,6416
20--644,1/15/2020,6:40 AM,PAUL METIVIER DR btwn GLENDORE ST & TAPESTRY DR (__6REWOM),__6REWOM,01 - Non intersection,03 - P.D. only,07 - SMV other,01 - Clear,07 - Dark,02 - Wet,10 - No control,,1,0,0,0,,0,,,,,365904.518,5014718.119,45.26976545,-75.72128208,6417
20--6440,8/19/2020,2:20 PM,HIGHWAY 417 btwn HWY417 IC124 RAMP65 & HWY417 IC122 RAMP51 (__3ZA2R8),__3ZA2R8,01 - Non intersection,03 - P.D. only,03 - Rear end,01 - Clear,01 - Daylight,01 - Dry,10 - No control,,2,0,0,0,,0,,,,,365178.2709,5028735.738,45.3959571,-75.72882657,6418
20--6441,8/19/2020,4:31 PM,HAWTHORNE RD @ STEVENAGE DR (0008802),8802,02 - Intersection related,03 - P.D. only,03 - Rear end,01 - Clear,01 - Daylight,01 - Dry,01 - Traffic signal,01 - Functioning,2,0,0,0,,0,,,,,375136.7453,5027313.537,45.38223133,-75.60185059,6419
20--6442,8/19/2020,4:36 PM,HIGHWAY 417 btwn HWY417 IC124 RAMP65 & HWY417 IC122 RAMP51 (__3ZA2R8),__3ZA2R8,01 - Non intersection,03 - P.D. only,03 - Rear end,01 - Clear,01 - Daylight,01 - Dry,10 - No control,,2,0,0,0,,0,,,,,364997.4627,5028441.287,45.39332326,-75.73117164,6420
20--6809,9/3/2020,12:26 PM,DONALD ST @ VANIER PKWY (0007644),7644,02 - Intersection related,03 - P.D. only,03 - Rear end,01 - Clear,01 - Daylight,01 - Dry,01 - Traffic signal,01 - Functioning,2,0,0,0,,0,,,,,370311.7167,5032270.58,45.42730077,-75.66279727,6421
20--681,1/16/2020,11:41 AM,RICHMOND RD btwn EDGEWOOD AVE & ATHLONE AVE (__3ZA4O2),__3ZA4O2,01 - Non intersection,03 - P.D. only,06 - SMV unattended vehicle,01 - Clear,01 - Daylight,04 - Slush,10 - No control,,1,0,0,0,,0,,,,,363405.6839,5028409.277,45.39317026,-75.75150351,6422
20--6810,9/3/2020,12:34 PM,HERON RD @ ALTA VISTA DR (0007188),7188,02 - Intersection related,03 - P.D. only,03 - Rear end,01 - Clear,01 - Daylight,01 - Dry,01 - Traffic signal,02 - Not functioning,3,0,0,0,,0,,,,,370492.7108,5026902.535,45.37898416,-75.66119962,6423
20--6811,9/3/2020,2:35 PM,ROGER STEVENS DR btwn MCKENNA RD & DWYER HILL RD (__3ZA428),__3ZA428,01 - Non intersection,03 - P.D. only,07 - SMV other,01 - Clear,01 - Daylight,01 - Dry,10 - No control,,1,0,0,0,,0,,,,,353596.2236,4988683.027,45.03645159,-75.88067171,6424
20--6812,9/3/2020,2:56 PM,ST. JOSEPH BLVD @ JEANNE D'ARC BLVD (0012421),12421,03 - At intersection,03 - P.D. only,02 - Angle,01 - Clear,01 - Daylight,01 - Dry,11 - Roundabout,01 - Functioning,2,0,0,0,,0,,,,,379860.4295,5036471.849,45.46414116,-75.54014534,6425
20--6813,9/3/2020,3:40 PM,PRINCE OF WALES DR @ WATERFORD DR (0000546),546,02 - Intersection related,03 - P.D. only,03 - Rear end,01 - Clear,01 - Daylight,01 - Dry,02 - Stop sign,00 - Unknown,2,0,0,0,,0,,,,,367362.7109,5021037.477,45.32649807,-75.70190329,6426