Anom_ID,Accident_Date,Accident_Time,Location,Geo_ID,Accident_Location,Classification_of_Accident,Initial_Impact_Type,Environment_Condition,Light,Road_Surface_Condition,Traffic_Control,Traffic_Control_Condition,No__of_Vehicles,No__of_Bicycles,No__of_Motorcycles,No__of_Pedestrians,Max_Injury,No__of_Injuries,No__of_Minimal,No__of_Minor,No__of_Major,No__of_Fatal,X,Y,Latitude,Longitude,ObjectId
20--6814,9/3/2020,3:56 PM,FISHER AVE btwn ARNOT RD & DEER PARK RD (__3ZA4IF),__3ZA4IF,01 - Non intersection,03 - P.D. only,04 - Sideswipe,01 - Clear,01 - Daylight,01 - Dry,10 - No control,,2,0,0,0,,0,,,,,366362.2006,5025557.803,45.36725967,-75.71410268,6427
20--6815,9/3/2020,4:43 AM,TRIM RD @ VALIN ST (0013092),13092,02 - Intersection related,03 - P.D. only,99 - Other,01 - Clear,07 - Dark,01 - Dry,01 - Traffic signal,01 - Functioning,2,0,0,0,,0,,,,,386438.0085,5037556.559,45.47316257,-75.45586615,6428
20--6816,9/3/2020,5:00 PM,HANNAH ST @ MONTFORT ST (0010014),10014,03 - At intersection,03 - P.D. only,02 - Angle,01 - Clear,01 - Daylight,01 - Dry,02 - Stop sign,01 - Functioning,2,0,0,0,,0,,,,,370140.7109,5033529.405,45.43864315,-75.66481534,6429
20--6817,9/3/2020,5:00 PM,LEMIEUX ST @ ST. LAURENT BLVD (0002021),2021,02 - Intersection related,03 - P.D. only,03 - Rear end,01 - Clear,01 - Daylight,01 - Dry,01 - Traffic signal,00 - Unknown,2,0,0,0,,0,,,,,372391.7212,5031742.565,45.42235203,-75.63629144,6430
20--6818,9/3/2020,5:06 PM,BASELINE RD btwn MORLEY BLVD & PRINCE OF WALES DR (__3ZA4JU),__3ZA4JU,01 - Non intersection,02 - Non-fatal injury,03 - Rear end,01 - Clear,01 - Daylight,01 - Dry,10 - No control,,2,0,0,0,02 - Minor,1,,1,,,366692.1356,5026354.922,45.37440291,-75.70979129,6431
20--6819,9/3/2020,5:19 PM,BANK ST btwn JOHNSTON RD & SOUTHKEYS SC (__3ZA37TA),__3ZA37TA,04 - At/near private drive,03 - P.D. only,02 - Angle,01 - Clear,01 - Daylight,01 - Dry,10 - No control,,2,0,0,0,,0,,,,,370958.4386,5024644.331,45.35862178,-75.65555601,6432
20--682,1/16/2020,Unknown,RIDEAU VALLEY DR    S btwn WASHINGTON ST & OLD WELLINGTON ST (__3ZA39D),__3ZA39D,01 - Non intersection,03 - P.D. only,06 - SMV unattended vehicle,02 - Rain,00 - Unknown,02 - Wet,10 - No control,,1,0,0,0,,0,,,,,371844.5049,5001499.205,45.15028188,-75.64736983,6433
20--6820,9/3/2020,5:47 PM,STRANDHERD DR @ LONGFIELDS DR (0010935),10935,03 - At intersection,02 - Non-fatal injury,02 - Angle,01 - Clear,01 - Daylight,01 - Dry,01 - Traffic signal,01 - Functioning,2,0,0,0,02 - Minor,1,,1,,,364548.811,5015173.269,45.27397738,-75.73850293,6434
20--6821,9/3/2020,5:56 PM,INNES RD @ TENTH LINE RD (0004633),4633,02 - Intersection related,03 - P.D. only,04 - Sideswipe,01 - Clear,01 - Daylight,01 - Dry,01 - Traffic signal,01 - Functioning,2,0,0,0,,0,,,,,383951.7568,5036159.566,45.46087993,-75.48788472,6435
20--6822,9/3/2020,6:10 PM,HIGHWAY 417 btwn HWY417 IC124 RAMP65 & HWY417 IC122 RAMP51 (__3ZA2R8),__3ZA2R8,01 - Non intersection,03 - P.D. only,03 - Rear end,01 - Clear,01 - Daylight,01 - Dry,10 - No control,,2,0,0,0,,0,,,,,365113.2255,5028644.605,45.39514271,-75.72966842,6436
20--6823,9/3/2020,6:58 AM,ALBION RD @ DEL ZOTTO AVE (0009359),9359,03 - At intersection,03 - P.D. only,05 - Turning movement,01 - Clear,01 - Daylight,01 - Dry,02 - Stop sign,01 - Functioning,2,0,0,0,,0,,,,,373791.824,5019723.342,45.31407145,-75.62008104,6437
20--6824,9/3/2020,7:05 PM,OSGOODE ST @ SWEETLAND AVE (0008459),8459,03 - At intersection,02 - Non-fatal injury,02 - Angle,01 - Clear,01 - Daylight,01 - Dry,02 - Stop sign,01 - Functioning,2,1,0,0,02 - Minor,1,,1,,,369065.6981,5031984.577,45.42484302,-75.67875634,6438
20--6825,9/3/2020,8:44 AM,GILLESPIE CRES/RICH LITTLE DR/ @ UPLANDS DR (0007004),7004,03 - At intersection,03 - P.D. only,02 - Angle,01 - Clear,01 - Daylight,01 - Dry,02 - Stop sign,01 - Functioning,2,0,0,0,,0,,,,,368629.0715,5023195.255,45.34579928,-75.68547196,6439
20--6826,9/3/2020,8:59 AM,MEADOWLANDS DR @ VIEWMOUNT DR (0001752),1752,02 - Intersection related,02 - Non-fatal injury,03 - Rear end,01 - Clear,01 - Daylight,01 - Dry,01 - Traffic signal,01 - Functioning,3,0,0,0,02 - Minor,1,,1,,,363738.4276,5023107.009,45.34543325,-75.74788676,6440
20--6827,9/3/2020,9:45 AM,HAWTHORNE RD @ HUNT CLUB RD (0007651),7651,02 - Intersection related,03 - P.D. only,03 - Rear end,01 - Clear,01 - Daylight,01 - Dry,01 - Traffic signal,01 - Functioning,2,0,0,0,,0,,,,,375507.7525,5026406.534,45.37403321,-75.59724356,6441
20--6828,9/4/2020,10:20 AM,BRIDGE ST/MAPLE AVE @ MANOTICK MAIN ST (0008225),8225,02 - Intersection related,03 - P.D. only,05 - Turning movement,01 - Clear,01 - Daylight,01 - Dry,01 - Traffic signal,01 - Functioning,2,0,0,0,,0,,,,,368699.7018,5009932.392,45.22645543,-75.6862788,6442
20--6829,9/4/2020,10:50 AM,SHERBOURNE RD @ WINDERMERE AVE (0002564),2564,03 - At intersection,03 - P.D. only,02 - Angle,01 - Clear,01 - Daylight,01 - Dry,02 - Stop sign,01 - Functioning,2,0,0,0,,0,,,,,362647.7072,5026665.513,45.37754313,-75.76138774,6443
20--683,1/16/2020,Unknown,CUMMINGS AVE btwn GARDENVALE RD & SHANE ST (__3ZA1WG),__3ZA1WG,01 - Non intersection,03 - P.D. only,06 - SMV unattended vehicle,01 - Clear,00 - Unknown,02 - Wet,10 - No control,,1,0,0,0,,0,,,,,372433.6571,5032963.729,45.43333543,-75.63558793,6444
20--6830,9/4/2020,10:55 AM,HIGHWAY 417 btwn HWY417 IC129 RAMP25 & TRANSIT (__3ZA2SH),__3ZA2SH,01 - Non intersection,03 - P.D. only,04 - Sideswipe,01 - Clear,01 - Daylight,01 - Dry,10 - No control,,2,0,0,0,,0,,,,,361835.9522,5024599.254,45.35901766,-75.77199011,6445
20--6831,9/4/2020,11:00 AM,BANK ST @ HOLMWOOD AVE (0007225),7225,03 - At intersection,03 - P.D. only,05 - Turning movement,01 - Clear,01 - Daylight,01 - Dry,01 - Traffic signal,01 - Functioning,2,0,0,0,,0,,,,,368481.7082,5029197.561,45.39981979,-75.6865784,6446
20--6832,9/4/2020,11:07 AM,MERIVALE RD btwn 210 S OF MEADOWLANDS DR/MERIVALE PL SC & FAMILY BROWN (__3ZBPLPB),__3ZBPLPB,04 - At/near private drive,02 - Non-fatal injury,05 - Turning movement,01 - Clear,01 - Daylight,01 - Dry,10 - No control,,2,0,0,0,02 - Minor,1,,1,,,364992.1572,5023416.1,45.34810794,-75.73185173,6447
20--6539,8/23/2020,11:21 AM,RIDEAU ST btwn NELSON ST & FRIEL ST (__3ZA3WJ),__3ZA3WJ,01 - Non intersection,03 - P.D. only,05 - Turning movement,01 - Clear,01 - Daylight,01 - Dry,10 - No control,,2,0,0,0,,0,,,,,368764.1549,5032566.107,45.43010305,-75.68253381,6448
20--7164,9/18/2020,12:00 PM,RICHMOND RD @ WINONA AVE (0006990),6990,02 - Intersection related,03 - P.D. only,02 - Angle,01 - Clear,01 - Daylight,01 - Dry,02 - Stop sign,01 - Functioning,2,0,0,0,,0,,,,,363294.84,5028338.165,45.39253968,-75.75292749,6449
20--6833,9/4/2020,11:08 PM,HERON RD RAMP 24 @ HERON RD RAMP 42 (0002520),2520,02 - Intersection related,02 - Non-fatal injury,03 - Rear end,01 - Clear,07 - Dark,01 - Dry,03 - Yield sign,00 - Unknown,2,0,0,0,02 - Minor,1,,1,,,368628.0855,5026935.501,45.37945313,-75.68500146,6450
20--6834,9/4/2020,11:45 AM,GREENBANK RD @ CANFIELD RD/CRAIG HENRY DR (0000154),154,03 - At intersection,03 - P.D. only,02 - Angle,01 - Clear,01 - Daylight,01 - Dry,01 - Traffic signal,01 - Functioning,2,0,0,0,,0,,,,,361107.3039,5021364.151,45.32996719,-75.78165813,6451
20--6835,9/4/2020,11:45 AM,HIGHWAY 417 btwn HWY417 IC123 RAMP62 & HWY417 IC122 RAMP16 (__3ZA2R9),__3ZA2R9,01 - Non intersection,02 - Non-fatal injury,03 - Rear end,01 - Clear,01 - Daylight,01 - Dry,10 - No control,,3,0,0,0,01 - Minimal,1,1,,,,364992.0833,5028465.57,45.39354221,-75.73123737,6452
20--6836,9/4/2020,Unknown,HEATHERSTONE CRES btwn SPRINGRIDGE DR & ARIA CRT (__4VGRLA),__4VGRLA,01 - Non intersection,03 - P.D. only,06 - SMV unattended vehicle,01 - Clear,00 - Unknown,01 - Dry,10 - No control,,1,0,0,0,,0,,,,,385596.7526,5038723.816,45.48376222,-75.46643187,6453
20--6837,9/4/2020,Unknown,CHAMPAGNE AVE   S btwn BEECH ST & HICKORY ST (__3ZA024),__3ZA024,01 - Non intersection,03 - P.D. only,06 - SMV unattended vehicle,01 - Clear,00 - Unknown,01 - Dry,10 - No control,,1,0,0,0,,0,,,,,366511.6579,5029071.363,45.39886072,-75.71175568,6454
20--6838,9/4/2020,Unknown,BERMUDA AVE btwn CARSON'S RD & ROANOKE ST (__3ZA7XQ),__3ZA7XQ,01 - Non intersection,03 - P.D. only,06 - SMV unattended vehicle,01 - Clear,00 - Unknown,01 - Dry,10 - No control,,1,0,0,0,,0,,,,,372950.2392,5034129.685,45.44377596,-75.62882493,6455
20--6839,9/4/2020,12:14 PM,COVENTRY RD @ VANIER PKWY (0002139),2139,02 - Intersection related,03 - P.D. only,04 - Sideswipe,01 - Clear,01 - Daylight,01 - Dry,01 - Traffic signal,01 - Functioning,2,0,0,0,,0,,,,,370676.3834,5031611.704,45.42133823,-75.65822566,6456
20--684,1/16/2020,Unknown,PRINCE ALBERT ST btwn WHITTON PL & EDITH AVE (__3ZA8HX),__3ZA8HX,01 - Non intersection,03 - P.D. only,06 - SMV unattended vehicle,03 - Snow,00 - Unknown,03 - Loose snow,10 - No control,,1,0,0,0,,0,,,,,370902.6769,5031947.338,45.42433678,-75.65528934,6457
20--6840,9/4/2020,12:16 AM,BRIAN COBURN BLVD @ NAVAN RD (0017228),17228,03 - At intersection,03 - P.D. only,07 - SMV other,01 - Clear,07 - Dark,01 - Dry,11 - Roundabout,01 - Functioning,1,0,0,0,,0,,,,,381168.997,5032906.816,45.43192398,-75.52396751,6458
20--6841,9/4/2020,2:03 PM,ST. JOSEPH BLVD @ TENTH LINE RD (0009163),9163,03 - At intersection,03 - P.D. only,02 - Angle,01 - Clear,01 - Daylight,01 - Dry,01 - Traffic signal,01 - Functioning,3,0,0,0,,0,,,,,382890.8065,5038666.453,45.48355406,-75.50105061,6459
20--6842,9/4/2020,2:32 PM,BEECHWOOD AVE @ CHARLEVOIX ST/MACKAY ST (0002248),2248,02 - Intersection related,03 - P.D. only,04 - Sideswipe,01 - Clear,01 - Daylight,01 - Dry,01 - Traffic signal,01 - Functioning,2,0,0,0,,0,,,,,369185.8728,5033592.353,45.43929812,-75.67701057,6460
20--6843,9/4/2020,2:45 PM,LONGFIELDS DR @ WOODROFFE AVE (0000096),96,03 - At intersection,02 - Non-fatal injury,02 - Angle,01 - Clear,01 - Daylight,01 - Dry,01 - Traffic signal,01 - Functioning,2,1,0,0,02 - Minor,1,,1,,,365421.1633,5017106.942,45.29130182,-75.72714962,6461
20--6844,9/4/2020,3:12 PM,BANKFIELD RD @ MANOTICK MAIN ST/RIDEAU VALLEY  (0000070),70,02 - Intersection related,03 - P.D. only,03 - Rear end,01 - Clear,01 - Daylight,01 - Dry,01 - Traffic signal,01 - Functioning,2,0,0,0,,0,,,,,368431.698,5010157.401,45.22850431,-75.68966255,6462
20--6845,9/4/2020,3:50 PM,HIGHWAY 417 btwn HWY417 IC118 RAMP35 & HWY417 IC117 RAMP51 (__3ZA2YP),__3ZA2YP,01 - Non intersection,03 - P.D. only,07 - SMV other,02 - Rain,01 - Daylight,02 - Wet,10 - No control,,1,0,0,0,,0,,,,,369831.3907,5031136.576,45.41714227,-75.66908461,6463
20--6988,9/11/2020,3:14 PM,EARL ARMSTRONG RD @ RIVER RD (0012470),12470,02 - Intersection related,03 - P.D. only,03 - Rear end,01 - Clear,01 - Daylight,01 - Dry,01 - Traffic signal,01 - Functioning,2,0,0,0,,0,,,,,367572.715,5014684.405,45.26931517,-75.70002884,6464
20--6717,8/30/2020,10:00 PM,KELLY FARM DR btwn SHEPODY CIRC & FINDLAY CREEK DR (__51MYBN),__51MYBN,01 - Non intersection,03 - P.D. only,06 - SMV unattended vehicle,02 - Rain,07 - Dark,02 - Wet,10 - No control,,1,0,0,0,,0,,,,,375240.1571,5020096.324,45.31728361,-75.60155828,6465
20--6846,9/4/2020,4:15 PM,MOODIE DR @ RICHMOND RD N (0001487),1487,03 - At intersection,03 - P.D. only,02 - Angle,01 - Clear,01 - Daylight,01 - Dry,02 - Stop sign,01 - Functioning,2,0,0,0,,0,,,,,357393.6368,5019689.474,45.31518642,-75.82920981,6466
20--6847,9/4/2020,5:00 PM,MERIVALE RD @ 110 S OF BURRIS LANE/LOBLAWS SC (0004606),4606,03 - At intersection,03 - P.D. only,01 - Approaching,01 - Clear,01 - Daylight,01 - Dry,01 - Traffic signal,01 - Functioning,2,0,0,0,,0,,,,,364814.6992,5024952.529,45.36194772,-75.73392966,6467
20--6848,9/4/2020,5:30 PM,CANTERBURY AVE btwn URBANDALE DR & HARDING RD (__3ZA73I),__3ZA73I,04 - At/near private drive,03 - P.D. only,05 - Turning movement,01 - Clear,01 - Daylight,01 - Dry,10 - No control,,2,0,0,0,,0,,,,,372626.7609,5028041.907,45.38903241,-75.63379743,6468
20--6849,9/4/2020,5:35 PM,HWY 417 MAITLAND IC126R16/HWY 417 MAITLAND IC1 (0011618),11618,02 - Intersection related,03 - P.D. only,03 - Rear end,01 - Clear,01 - Daylight,01 - Dry,03 - Yield sign,01 - Functioning,2,0,0,0,,0,,,,,363072.6904,5025953.529,45.37110157,-75.75604593,6469
20--685,1/16/2020,12:00 PM,HIGHWAY 417 btwn HWY417 IC138 RAMP61 & HWY417 IC134 RAMP36 (__3ZA20I),__3ZA20I,01 - Non intersection,03 - P.D. only,99 - Other,03 - Snow,01 - Daylight,02 - Wet,10 - No control,,2,0,0,0,,0,,,,,355835.9253,5021949.148,45.3356342,-75.84884297,6470
20--6850,9/4/2020,5:40 PM,BANK ST @ HOLMWOOD AVE (0007225),7225,02 - Intersection related,03 - P.D. only,04 - Sideswipe,01 - Clear,01 - Daylight,01 - Dry,01 - Traffic signal,01 - Functioning,2,0,0,0,,0,,,,,368481.7095,5029197.55,45.39981969,-75.68657838,6471
20--6851,9/4/2020,5:40 PM,RIVERSIDE DR @ WALKLEY RD (0002158),2158,02 - Intersection related,03 - P.D. only,03 - Rear end,01 - Clear,01 - Daylight,01 - Dry,01 - Traffic signal,01 - Functioning,2,0,0,0,,0,,,,,368418.7184,5024853.531,45.36073916,-75.68794265,6472
20--6852,9/4/2020,7:15 PM,BASELINE RD/HERON RD @ PRINCE OF WALES DR (0002345),2345,02 - Intersection related,02 - Non-fatal injury,03 - Rear end,01 - Clear,07 - Dark,01 - Dry,01 - Traffic signal,01 - Functioning,3,0,0,0,01 - Minimal,1,1,,,,366873.6824,5026438.515,45.37513901,-75.7074631,6473
20--6853,9/4/2020,8:12 AM,PARKDALE AVE @ WELLINGTON ST (0002260),2260,02 - Intersection related,03 - P.D. only,03 - Rear end,01 - Clear,01 - Daylight,01 - Dry,01 - Traffic signal,01 - Functioning,2,0,0,0,,0,,,,,365149.6984,5029270.555,45.40077173,-75.72912604,6474
20--6854,9/4/2020,8:40 AM,INNES RD btwn PRESTWICK DR & TENTH LINE RD (__3ZA3Y7),__3ZA3Y7,01 - Non intersection,03 - P.D. only,03 - Rear end,01 - Clear,01 - Daylight,01 - Dry,10 - No control,,2,0,0,0,,0,,,,,383877.1945,5036128.535,45.46060919,-75.48884299,6475
20--6855,9/4/2020,9:51 PM,CAMPEAU DR @ COUNTRY GLEN WAY (0014650),14650,03 - At intersection,03 - P.D. only,07 - SMV other,01 - Clear,07 - Dark,01 - Dry,11 - Roundabout,01 - Functioning,1,0,0,0,,0,,,,,349295.6134,5018231.375,45.30262588,-75.93261905,6476
20--6856,9/5/2020,1:21 AM,CUMMINGS AVE @ MONTREAL RD (0007748),7748,03 - At intersection,03 - P.D. only,02 - Angle,01 - Clear,07 - Dark,01 - Dry,01 - Traffic signal,01 - Functioning,2,0,0,0,,0,,,,,372007.7073,5034040.584,45.44306552,-75.64088426,6477
20--6857,9/5/2020,1:24 PM,HAZELDEAN RD @ TERRY FOX DR (0003682),3682,03 - At intersection,02 - Non-fatal injury,02 - Angle,01 - Clear,01 - Daylight,01 - Dry,01 - Traffic signal,01 - Functioning,3,0,0,0,03 - Major,2,,1,1,,352207.6113,5017242.451,45.29353681,-75.89558359,6478
20--6858,9/5/2020,11:28 AM,TALBACK PL btwn CLEMENTINE BLVD & END (__3ZA5OS),__3ZA5OS,04 - At/near private drive,03 - P.D. only,06 - SMV unattended vehicle,01 - Clear,01 - Daylight,01 - Dry,10 - No control,,1,0,0,0,,0,,,,,369433.6919,5027436.422,45.38388641,-75.67465043,6479
20--6859,9/5/2020,11:43 PM,BASELINE RD @ FERGUSON ST (0003206),3206,03 - At intersection,02 - Non-fatal injury,07 - SMV other,02 - Rain,07 - Dark,02 - Wet,12 - IPS,01 - Functioning,1,0,0,1,02 - Minor,1,,1,,,363440.6936,5024315.499,45.35633208,-75.7515425,6480
20--686,1/16/2020,12:01 AM,CITY PARK DR btwn OGILVIE RD & WILBURY RD (__3ZAZQG),__3ZAZQG,01 - Non intersection,03 - P.D. only,06 - SMV unattended vehicle,01 - Clear,07 - Dark,01 - Dry,10 - No control,,1,0,0,0,,0,,,,,373854.9649,5032744.676,45.4312256,-75.61745535,6481
20--6860,9/5/2020,2:06 PM,SAVILLE ROW @ WOODROFFE AVE (0002760),2760,02 - Intersection related,03 - P.D. only,03 - Rear end,01 - Clear,01 - Daylight,01 - Dry,01 - Traffic signal,01 - Functioning,3,0,0,0,,0,,,,,361779.6786,5026185.538,45.37329549,-75.77252539,6482
20--6861,9/5/2020,2:16 PM,WEST HUNT CLUB RD EB btwn CLEOPATRA DR & 210 W OF MERIVALE RD (__3ZA3JDA),__3ZA3JDA,01 - Non intersection,02 - Non-fatal injury,03 - Rear end,01 - Clear,01 - Daylight,01 - Dry,10 - No control,,2,0,0,0,01 - Minimal,1,1,,,,365259.3536,5021725.578,45.33287386,-75.72864876,6483
20--6862,9/5/2020,2:25 PM,MCKENNA CASEY DR btwn MOODIE DR & STRANDHERD DR (__3ZA1OJ),__3ZA1OJ,01 - Non intersection,02 - Non-fatal injury,07 - SMV other,01 - Clear,01 - Daylight,01 - Dry,10 - No control,,1,0,0,0,02 - Minor,1,,1,,,361834.1655,5013563.195,45.25971523,-75.77328305,6484
20--6863,9/5/2020,2:28 PM,BASELINE RD @ CENTREPOINTE DR E/HIGHGATE RD (0011468),11468,02 - Intersection related,03 - P.D. only,03 - Rear end,01 - Clear,01 - Daylight,01 - Dry,01 - Traffic signal,01 - Functioning,2,0,0,0,,0,,,,,362061.6772,5023465.498,45.3487978,-75.76924049,6485
20--6864,9/5/2020,3:15 PM,OGILVIE RD btwn CYRVILLE RD & MURDOCK GT (__3ZA13S),__3ZA13S,01 - Non intersection,02 - Non-fatal injury,03 - Rear end,02 - Rain,01 - Daylight,02 - Wet,10 - No control,,2,0,0,0,02 - Minor,1,,1,,,372540.7268,5032057.157,45.42516817,-75.63434435,6486
20--6865,9/5/2020,3:18 PM,HIGHWAY 417 btwn HWY417 IC127 RAMP25 & HWY417 IC126 RAMP51 (__3ZA2XA),__3ZA2XA,01 - Non intersection,03 - P.D. only,03 - Rear end,01 - Clear,01 - Daylight,01 - Dry,10 - No control,,2,0,0,0,,0,,,,,363199.327,5025875.155,45.37038583,-75.75443859,6487
20--6866,9/5/2020,3:24 PM,ARMSTRONG ST @ PARKDALE AVE (0006267),6267,03 - At intersection,02 - Non-fatal injury,07 - SMV other,02 - Rain,01 - Daylight,02 - Wet,01 - Traffic signal,01 - Functioning,1,0,0,1,02 - Minor,1,,1,,,365090.6981,5029404.553,45.4019825,-75.72986323,6488
20--6867,9/5/2020,3:28 AM,RIVERSIDE DR @ SMYTH RD NORTH SIDE RAMP (0011479),11479,02 - Intersection related,03 - P.D. only,07 - SMV other,01 - Clear,07 - Dark,01 - Dry,01 - Traffic signal,01 - Functioning,1,0,0,0,,0,,,,,369937.5635,5029316.748,45.40075826,-75.66796862,6489
20--6868,9/5/2020,3:37 PM,KING EDWARD AVE @ RIDEAU ST (0002121),2121,02 - Intersection related,03 - P.D. only,04 - Sideswipe,01 - Clear,01 - Daylight,01 - Dry,01 - Traffic signal,01 - Functioning,2,0,0,0,,0,,,,,368511.708,5032413.581,45.42875372,-75.6857795,6490
20--6869,9/5/2020,3:44 PM,BRUIN RD @ CEDARVIEW RD (0005240),5240,02 - Intersection related,02 - Non-fatal injury,07 - SMV other,02 - Rain,01 - Daylight,02 - Wet,02 - Stop sign,01 - Functioning,1,0,1,0,02 - Minor,1,,1,,,359230.5247,5020937.029,45.326272,-75.80564635,6491
20--687,1/16/2020,12:34 PM,DWYER HILL RD btwn DWYER HILL RD & O'NEIL RD (__3ZA177),__3ZA177,01 - Non intersection,02 - Non-fatal injury,07 - SMV other,03 - Snow,01 - Daylight,02 - Wet,10 - No control,,1,0,0,0,02 - Minor,1,,1,,,350892.5294,4995085.875,45.09424953,-75.91439754,6492
20--6870,9/5/2020,3:44 PM,REGIONAL RD 174 @ TRIM RD (0012835),12835,02 - Intersection related,03 - P.D. only,07 - SMV other,01 - Clear,01 - Daylight,01 - Dry,01 - Traffic signal,01 - Functioning,1,0,0,0,,0,,,,,384351.8517,5039990.341,45.49530016,-75.4821491,6493
20--6871,9/5/2020,5:06 PM,BAYSHORE DR @ WOODRIDGE CRES S (0000360),360,02 - Intersection related,03 - P.D. only,03 - Rear end,02 - Rain,01 - Daylight,02 - Wet,01 - Traffic signal,01 - Functioning,2,0,0,0,,0,,,,,359233.6673,5023509.513,45.34941904,-75.80532328,6494
20--6872,9/5/2020,6:06 PM,BASELINE RD btwn BARBARA ANN PRIV & HIGHGATE RD (__3ZA4MS),__3ZA4MS,01 - Non intersection,02 - Non-fatal injury,03 - Rear end,01 - Clear,01 - Daylight,02 - Wet,10 - No control,,2,0,0,0,02 - Minor,1,,1,,,362017.5515,5023438.936,45.3485624,-75.76980664,6495
20--6873,9/5/2020,6:13 PM,BEECH ST btwn LORETTA AVE S & CHAMPAGNE AVE S (__3ZA04Q),__3ZA04Q,04 - At/near private drive,02 - Non-fatal injury,05 - Turning movement,01 - Clear,01 - Daylight,01 - Dry,10 - No control,,2,1,0,0,02 - Minor,1,,1,,,366442.0918,5029167.008,45.39972744,-75.71263221,6496
20--6874,9/5/2020,6:19 PM,KING EDWARD AVE btwn LAURIER AVE E & THOMAS MORE PRIV (__3ZA3UU),__3ZA3UU,01 - Non intersection,03 - P.D. only,03 - Rear end,01 - Clear,05 - Dusk,01 - Dry,10 - No control,,2,0,0,0,,0,,,,,368765.5308,5031991.844,45.42493592,-75.68259081,6497
20--6875,9/5/2020,7:14 PM,KINCARDINE DR btwn TO BE DETERMINED & HALKIRK AVE (__3ZAZ87),__3ZAZ87,01 - Non intersection,03 - P.D. only,06 - SMV unattended vehicle,01 - Clear,05 - Dusk,01 - Dry,10 - No control,,1,0,0,0,,0,,,,,352104.0051,5017046.083,45.29177682,-75.89692316,6498
20--6876,9/5/2020,8:40 AM,HWY417 IC126 RAMP61 btwn HWY417 IC126 RAMP63 & HIGHWAY 417 (__3ZAY5Y),__3ZAY5Y,01 - Non intersection,03 - P.D. only,07 - SMV other,01 - Clear,01 - Daylight,01 - Dry,10 - No control,,1,0,0,0,,0,,,,,363084.4306,5025851.251,45.37018031,-75.75590812,6499
20--6877,9/6/2020,1:00 AM,ALTA VISTA DR @ BANK ST (0011318),11318,02 - Intersection related,03 - P.D. only,04 - Sideswipe,01 - Clear,07 - Dark,01 - Dry,01 - Traffic signal,01 - Functioning,2,0,0,0,,0,,,,,370248.0575,5026200.74,45.37269253,-75.66441616,6500
20--6878,9/6/2020,11:00 AM,MEADOWBREEZE DR btwn FLOWING CREEK CIR & HAWKBIRCH ST (e___1GCG),e___1GCG,04 - At/near private drive,03 - P.D. only,06 - SMV unattended vehicle,01 - Clear,01 - Daylight,01 - Dry,10 - No control,,1,0,0,0,,0,,,,,356264.379,5015275.192,45.27554964,-75.84406973,6501
20--6879,9/6/2020,Unknown,NEPEAN ST btwn KENT ST & BANK ST (__3ZA9UN),__3ZA9UN,01 - Non intersection,03 - P.D. only,06 - SMV unattended vehicle,01 - Clear,00 - Unknown,01 - Dry,10 - No control,,1,0,0,0,,0,,,,,367505.8866,5031097.543,45.41700334,-75.6987999,6502
20--688,1/16/2020,12:53 PM,WILLOW ST @ LEBRETON ST (0012099),12099,02 - Intersection related,03 - P.D. only,03 - Rear end,01 - Clear,01 - Daylight,02 - Wet,02 - Stop sign,01 - Functioning,2,0,0,0,,0,,,,,366814.7055,5030013.559,45.40731157,-75.70776673,6503
20--6880,9/6/2020,12:09 PM,KING EDWARD AVE @ LAURIER AVE (0002170),2170,02 - Intersection related,03 - P.D. only,03 - Rear end,01 - Clear,01 - Daylight,01 - Dry,01 - Traffic signal,01 - Functioning,2,0,0,0,,0,,,,,368739.7042,5032034.576,45.42532277,-75.68291526,6504
20--6881,9/6/2020,12:18 AM,YORK ST EB btwn BY WARD MARKET SQ & SUSSEX DR (__3ZA8ZZ),__3ZA8ZZ,01 - Non intersection,03 - P.D. only,02 - Angle,01 - Clear,07 - Dark,01 - Dry,10 - No control,,2,0,0,0,,0,,,,,367886.6187,5032287.56,45.42767649,-75.69378333,6505
20--6882,9/6/2020,2:21 PM,CONROY RD btwn HUNT CLUB RD & CONROY RD (__3ZA2TB),__3ZA2TB,04 - At/near private drive,03 - P.D. only,02 - Angle,01 - Clear,01 - Daylight,01 - Dry,10 - No control,,2,0,0,0,,0,,,,,373800.2284,5025325.453,45.36447632,-75.61919263,6506
20--6883,9/6/2020,2:58 AM,ST. LAURENT BLVD @ COVENTRY RD/OGILVIE RD (0002151),2151,03 - At intersection,03 - P.D. only,07 - SMV other,01 - Clear,07 - Dark,01 - Dry,01 - Traffic signal,01 - Functioning,1,0,0,0,,0,,,,,372305.7221,5031951.575,45.42424091,-75.63736159,6507
20--6884,9/6/2020,3:00 PM,MERIVALE RD @ WEST HUNT CLUB RD (0000584),584,02 - Intersection related,03 - P.D. only,03 - Rear end,01 - Clear,01 - Daylight,01 - Dry,01 - Traffic signal,01 - Functioning,3,0,0,0,,0,,,,,365612.6988,5021942.503,45.33479519,-75.72411448,6508
20--6885,9/6/2020,3:15 PM,FLEET ST btwn BOOTH ST & END (__3ZA333),__3ZA333,01 - Non intersection,03 - P.D. only,04 - Sideswipe,01 - Clear,01 - Daylight,01 - Dry,10 - No control,,2,0,0,0,,0,,,,,366461.5729,5031004.879,45.41626239,-75.71215353,6509