Anom_ID,Accident_Date,Accident_Time,Location,Geo_ID,Accident_Location,Classification_of_Accident,Initial_Impact_Type,Environment_Condition,Light,Road_Surface_Condition,Traffic_Control,Traffic_Control_Condition,No__of_Vehicles,No__of_Bicycles,No__of_Motorcycles,No__of_Pedestrians,Max_Injury,No__of_Injuries,No__of_Minimal,No__of_Minor,No__of_Major,No__of_Fatal,X,Y,Latitude,Longitude,ObjectId
20--6886,9/6/2020,4:32 PM,CALDWELL AVE @ MERIVALE RD (0011432),11432,02 - Intersection related,03 - P.D. only,03 - Rear end,01 - Clear,01 - Daylight,01 - Dry,01 - Traffic signal,01 - Functioning,2,0,0,0,,0,,,,,364907.3974,5026230.412,45.37343796,-75.73259103,6510
20--6887,9/6/2020,4:48 PM,WOODRIDGE CRES btwn BAYSHORE DR & BAYSHORE PS (__6KE4J1A),__6KE4J1A,01 - Non intersection,03 - P.D. only,05 - Turning movement,01 - Clear,01 - Daylight,01 - Dry,10 - No control,,2,0,0,0,,0,,,,,359037.3047,5023853.957,45.35253356,-75.80779127,6511
20--6888,9/6/2020,6:30 PM,FERNBANK RD btwn JINKINSON RD & BLACK'S SIDE RD (__3ZACRF),__3ZACRF,01 - Non intersection,03 - P.D. only,07 - SMV other,01 - Clear,01 - Daylight,01 - Dry,10 - No control,,1,0,0,0,,0,,,,,346339.8936,5008050.439,45.2111944,-75.97115799,6512
20--6889,9/6/2020,8:25 AM,STAGECOACH RD btwn SNAKE ISLAND RD & HERBERTS CORNERS RD (__3ZA2CV),__3ZA2CV,01 - Non intersection,03 - P.D. only,07 - SMV other,01 - Clear,01 - Daylight,01 - Dry,10 - No control,,1,0,0,0,,0,,,,,377941.0149,5008121.793,45.2092652,-75.56887724,6513
20--689,1/16/2020,2:47 AM,RICHMOND RD @ WEST HUNT CLUB RD (0000598),598,02 - Intersection related,03 - P.D. only,03 - Rear end,03 - Snow,07 - Dark,03 - Loose snow,01 - Traffic signal,01 - Functioning,2,0,0,0,,0,,,,,357145.6563,5018152.482,45.3013749,-75.83253473,6514
20--6890,9/6/2020,9:40 PM,HIGHWAY 417 btwn HWY417 IC119B RAMP57 & HWY417 IC119A RAMP75 (__3ZA1QN),__3ZA1QN,01 - Non intersection,03 - P.D. only,03 - Rear end,01 - Clear,07 - Dark,01 - Dry,10 - No control,,2,0,0,0,,0,,,,,368587.5642,5030514.639,45.41166079,-75.68505602,6515
20--6891,9/7/2020,11:06 PM,HIGHWAY 417 btwn HWY417 IC122 RAMP15 & HWY417 IC121B RAMP51 (__3ZA2RB),__3ZA2RB,01 - Non intersection,02 - Non-fatal injury,07 - SMV other,01 - Clear,07 - Dark,01 - Dry,10 - No control,,1,0,0,0,02 - Minor,1,,1,,,365749.6224,5029151.777,45.39965102,-75.72147833,6516
20--6892,9/7/2020,12:35 PM,MONTREAL RD btwn BETHAMY LANE & OGILVIE RD (__3ZA2DX),__3ZA2DX,01 - Non intersection,03 - P.D. only,02 - Angle,01 - Clear,01 - Daylight,01 - Dry,10 - No control,,2,1,0,0,,0,,,,,375638.732,5034546.655,45.44726033,-75.59440172,6517
20--6893,9/7/2020,12:50 PM,BASELINE RD @ FISHER AVE (0002346),2346,02 - Intersection related,03 - P.D. only,03 - Rear end,01 - Clear,01 - Daylight,01 - Dry,01 - Traffic signal,01 - Functioning,2,0,0,0,,0,,,,,366166.6853,5026028.54,45.37151241,-75.7165399,6518
20--7165,9/18/2020,12:27 PM,CASTLEFRANK RD @ HAZELDEAN RD (0003608),3608,03 - At intersection,02 - Non-fatal injury,05 - Turning movement,01 - Clear,01 - Daylight,01 - Dry,01 - Traffic signal,01 - Functioning,2,0,0,0,02 - Minor,1,,1,,,352677.8758,5017676.769,45.29741302,-75.88954643,6519
20--7166,9/18/2020,2:22 PM,BESSERER ST @ WALLER ST (0008859),8859,02 - Intersection related,03 - P.D. only,04 - Sideswipe,01 - Clear,01 - Daylight,01 - Dry,01 - Traffic signal,01 - Functioning,2,0,0,0,,0,,,,,368315.9317,5032191.988,45.42677771,-75.6883098,6520
20--7167,9/18/2020,2:56 PM,HAWTHORNE RD @ LEITRIM RD (0009269),9269,03 - At intersection,02 - Non-fatal injury,05 - Turning movement,01 - Clear,01 - Daylight,01 - Dry,01 - Traffic signal,01 - Functioning,2,1,0,0,02 - Minor,1,,1,,,377038.7688,5022709.499,45.340613,-75.5782392,6521
20--7168,9/18/2020,3:00 PM,TOMMARY DR btwn STANMORE ST & SCOTTANNE ST (__3ZA552),__3ZA552,01 - Non intersection,03 - P.D. only,06 - SMV unattended vehicle,01 - Clear,01 - Daylight,01 - Dry,10 - No control,,1,0,0,0,,0,,,,,376668.0016,5012217.408,45.24624735,-75.58448985,6522
20--7169,9/18/2020,3:29 PM,VANIER PKWY/CRICHTON ST @ BEECHWOOD AVE/ST. PA (0001604),1604,02 - Intersection related,03 - P.D. only,03 - Rear end,01 - Clear,01 - Daylight,01 - Dry,01 - Traffic signal,01 - Functioning,2,0,0,0,,0,,,,,369127.79,5033487.138,45.43835678,-75.67776666,6523
20--717,1/16/2020,6:20 AM,HIGHWAY 417 btwn HWY417 IC126 RAMP61 & HWY417 IC124 RAMP76 (__3ZA2Y2),__3ZA2Y2,01 - Non intersection,03 - P.D. only,07 - SMV other,03 - Snow,07 - Dark,04 - Slush,10 - No control,,1,0,0,0,,0,,,,,363695.012,5026563.246,45.3765357,-75.74802887,6524
20--7170,9/18/2020,3:30 PM,WEST HUNT CLUB RD @ ROYDON PL/SUNDERLAND ST (0009775),9775,03 - At intersection,02 - Non-fatal injury,05 - Turning movement,01 - Clear,01 - Daylight,01 - Dry,01 - Traffic signal,01 - Functioning,2,0,0,0,01 - Minimal,3,3,,,,365973.7042,5022169.485,45.33680616,-75.71948093,6525
20--7171,9/18/2020,3:30 PM,HIGHWAY 417 btwn HWY417 IC110 RAMP55 & HWY417 IC104 RAMP51 (__3ZA2W8),__3ZA2W8,01 - Non intersection,02 - Non-fatal injury,07 - SMV other,01 - Clear,01 - Daylight,01 - Dry,10 - No control,,1,0,0,0,02 - Minor,1,,1,,,377106.279,5026931.543,45.37859384,-75.57676024,6526
20--7172,9/18/2020,3:55 PM,ARCH ST @ CANTERBURY AVE (0008922),8922,02 - Intersection related,03 - P.D. only,03 - Rear end,01 - Clear,01 - Daylight,01 - Dry,02 - Stop sign,01 - Functioning,2,0,0,0,,0,,,,,372876.7308,5028055.547,45.38913089,-75.6306036,6527
20--7173,9/18/2020,3:58 AM,PRETORIA AVE btwn O'CONNOR ST & METCALFE ST (__3ZA973),__3ZA973,01 - Non intersection,03 - P.D. only,06 - SMV unattended vehicle,01 - Clear,07 - Dark,01 - Dry,10 - No control,,1,0,0,0,,0,,,,,368471.5668,5030319.967,45.40991976,-75.68656299,6528
20--7174,9/18/2020,4:02 PM,HIGHWAY 417 btwn HWY417 IC122 RAMP61 & HWY417 IC121B RAMP16 (__3ZA2Y4),__3ZA2Y4,01 - Non intersection,03 - P.D. only,03 - Rear end,01 - Clear,01 - Daylight,01 - Dry,10 - No control,,3,0,0,0,,0,,,,,366093.4889,5029353.81,45.40143884,-75.71706135,6529
20--7175,9/18/2020,4:30 PM,CARLING AVE @ SCRIVENS ST (0002720),2720,02 - Intersection related,02 - Non-fatal injury,07 - SMV other,01 - Clear,01 - Daylight,01 - Dry,01 - Traffic signal,01 - Functioning,1,0,0,1,02 - Minor,1,,1,,,359423.6629,5024258.509,45.35614373,-75.80281601,6530
20--7176,9/18/2020,4:30 PM,BANK ST @ CHAMBERLAIN AVE N/ISABELLA ST (0002132),2132,02 - Intersection related,03 - P.D. only,03 - Rear end,01 - Clear,01 - Daylight,01 - Dry,01 - Traffic signal,01 - Functioning,2,0,0,0,,0,,,,,368082.7135,5030166.562,45.40857474,-75.69154998,6531
20--7177,9/18/2020,5:41 PM,SCOTT ST @ WESTERN AVE (0006132),6132,03 - At intersection,03 - P.D. only,02 - Angle,01 - Clear,01 - Daylight,01 - Dry,02 - Stop sign,01 - Functioning,2,0,0,0,,0,,,,,364205.6873,5029269.558,45.4008435,-75.74118337,6532
20--7178,9/18/2020,5:55 PM,BLACKBURN BYPASS WB btwn NAVAN RD & 1700 W OF NAVAN RD (__3ZA3J5B),__3ZA3J5B,01 - Non intersection,03 - P.D. only,04 - Sideswipe,01 - Clear,01 - Daylight,01 - Dry,10 - No control,,2,0,0,0,,0,,,,,379603.0317,5033260.604,45.43527637,-75.54392472,6533
20--7179,9/18/2020,6:40 PM,MITCH OWENS RD btwn RIVER RD & SPRATT RD (__3ZA38F),__3ZA38F,04 - At/near private drive,03 - P.D. only,02 - Angle,01 - Clear,05 - Dusk,01 - Dry,10 - No control,,2,0,0,0,,0,,,,,369559.6211,5010804.406,45.23422321,-75.67521594,6534
20--718,1/16/2020,6:20 PM,DRYSDALE ST btwn BELLROCK DR & GRAY CRES (__4TZILD),__4TZILD,04 - At/near private drive,03 - P.D. only,06 - SMV unattended vehicle,01 - Clear,07 - Dark,05 - Packed snow,10 - No control,,1,0,0,0,,0,,,,,352102.3346,5019833.027,45.31685454,-75.89667851,6535
20--7180,9/18/2020,6:44 PM,MITCH OWENS RD btwn RIVER RD & SPRATT RD (__3ZA38F),__3ZA38F,04 - At/near private drive,03 - P.D. only,02 - Angle,01 - Clear,05 - Dusk,01 - Dry,10 - No control,,2,0,0,0,,0,,,,,369558.5895,5010803.832,45.23421814,-75.67522915,6536
20--7181,9/18/2020,7:30 AM,ST. JOSEPH BLVD @ REGIONAL RD 174/TRANSITWAY (0012428),12428,02 - Intersection related,02 - Non-fatal injury,05 - Turning movement,01 - Clear,01 - Daylight,01 - Dry,01 - Traffic signal,01 - Functioning,2,1,0,0,01 - Minimal,1,1,,,,376556.2776,5035056.392,45.45175303,-75.58259902,6537
20--7182,9/18/2020,9:20 AM,STADACONE WAY btwn CAP-DIAMANT WAY & CAP-DIAMANT WAY (e___2HK2),e___2HK2,01 - Non intersection,03 - P.D. only,06 - SMV unattended vehicle,01 - Clear,01 - Daylight,01 - Dry,10 - No control,,1,0,0,0,,0,,,,,385580.647,5040270.935,45.49768349,-75.46638327,6538
20--7183,9/18/2020,9:30 PM,HAZELDEAN RD @ HUNTMAR DR/IBER RD (0000075),75,03 - At intersection,03 - P.D. only,05 - Turning movement,01 - Clear,07 - Dark,01 - Dry,01 - Traffic signal,01 - Functioning,2,0,0,0,,0,,,,,350942.5978,5016079.431,45.28315582,-75.911819,6539
20--7184,9/18/2020,9:37 AM,HIGHWAY 417 btwn HWY417 IC110 RAMP64 & HWY417 IC104 RAMP16 (__3ZA2W9),__3ZA2W9,01 - Non intersection,03 - P.D. only,04 - Sideswipe,01 - Clear,01 - Daylight,01 - Dry,10 - No control,,2,0,0,0,,0,,,,,377357.6071,5026827.282,45.37762977,-75.57356691,6540
20--7185,9/18/2020,9:42 AM,ST. LAURENT BLVD btwn INDUSTRIAL AVE & BOURASSA ST (__3ZBOFB),__3ZBOFB,01 - Non intersection,02 - Non-fatal injury,04 - Sideswipe,01 - Clear,01 - Daylight,01 - Dry,10 - No control,,2,0,0,0,02 - Minor,1,,1,,,373107.7228,5029987.292,45.40648937,-75.62738648,6541
20--7186,9/19/2020,1:09 AM,LESTER RD btwn ALBION RD & UPLANDS DR (__3ZA2SC),__3ZA2SC,01 - Non intersection,03 - P.D. only,07 - SMV other,01 - Clear,07 - Dark,01 - Dry,10 - No control,,1,0,0,0,,0,,,,,371410.1829,5021377.279,45.32918308,-75.65023053,6542
20--7187,9/19/2020,10:00 AM,BAYCREST DR btwn HERON RD & CEDARWOOD DR (__3ZA861),__3ZA861,01 - Non intersection,03 - P.D. only,99 - Other,01 - Clear,01 - Daylight,01 - Dry,10 - No control,,2,0,0,0,,0,,,,,371155.8303,5026920.55,45.37908376,-75.65273105,6543
20--7188,9/19/2020,10:10 AM,CITIPLACE DR btwn COLONNADE RD N & Continuation of CITIPLACE DR (__5Z1V0T),__5Z1V0T,01 - Non intersection,03 - P.D. only,01 - Approaching,01 - Clear,01 - Daylight,01 - Dry,10 - No control,,2,0,0,0,,0,,,,,366886.4288,5023371.673,45.34754307,-75.70768565,6544
20--7189,9/19/2020,10:30 AM,BESSERER ST @ WALLER ST (0008859),8859,02 - Intersection related,03 - P.D. only,03 - Rear end,01 - Clear,01 - Daylight,01 - Dry,01 - Traffic signal,00 - Unknown,2,0,0,0,,0,,,,,368315.9337,5032191.974,45.42677759,-75.68830977,6545
20--719,1/16/2020,6:25 AM,BRIAN COBURN BLVD @ GERRY LALONDE DR (0014327),14327,02 - Intersection related,03 - P.D. only,07 - SMV other,03 - Snow,07 - Dark,05 - Packed snow,02 - Stop sign,01 - Functioning,1,0,0,0,,0,,,,,383523.5359,5034614.313,45.44702549,-75.49360687,6546
20--7190,9/19/2020,10:45 AM,BASELINE RD @ FISHER AVE (0002346),2346,02 - Intersection related,03 - P.D. only,03 - Rear end,01 - Clear,01 - Daylight,01 - Dry,01 - Traffic signal,01 - Functioning,2,0,0,0,,0,,,,,366166.6867,5026028.524,45.37151227,-75.71653989,6547
20--7191,9/19/2020,11:30 PM,BARNSDALE RD btwn TWIN ELM RD & MOODIE DR (__3ZAB90),__3ZAB90,01 - Non intersection,03 - P.D. only,07 - SMV other,01 - Clear,07 - Dark,01 - Dry,10 - No control,,1,0,0,0,,0,,,,,360866.5569,5008236.763,45.21186496,-75.78621144,6548
20--7192,9/19/2020,Unknown,ARGYLE AVE btwn ELGIN ST & CARTIER ST (__3ZA9TT),__3ZA9TT,01 - Non intersection,03 - P.D. only,06 - SMV unattended vehicle,01 - Clear,00 - Unknown,01 - Dry,10 - No control,,1,0,0,0,,0,,,,,368638.8488,5030723.235,45.41353299,-75.68437387,6549
20--7193,9/19/2020,Unknown,WALKLEY RD btwn HARDING RD & HALIFAX DR (__3ZA2EK),__3ZA2EK,01 - Non intersection,03 - P.D. only,07 - SMV other,01 - Clear,00 - Unknown,01 - Dry,10 - No control,,1,0,0,0,,0,,,,,373165.3296,5027618.404,45.38516955,-75.62697894,6550
20--7194,9/19/2020,Unknown,MERIVALE RD btwn CHATELAIN AVE & SHILLINGTON AVE (__3ZA30U),__3ZA30U,01 - Non intersection,03 - P.D. only,06 - SMV unattended vehicle,01 - Clear,00 - Unknown,01 - Dry,10 - No control,,1,0,0,0,,0,,,,,364844.1339,5026784.776,45.37843145,-75.73333126,6551
20--7195,9/19/2020,12:28 PM,PRINCE OF WALES DR @ FAIRCHILD PRIV (0003171),3171,02 - Intersection related,03 - P.D. only,03 - Rear end,01 - Clear,01 - Daylight,01 - Dry,10 - No control,,2,0,0,0,,0,,,,,367080.7078,5026862.538,45.37893589,-75.70476665,6552
20--7196,9/19/2020,12:30 PM,VANIER PKWY/CRICHTON ST @ BEECHWOOD AVE/ST. PA (0001604),1604,02 - Intersection related,03 - P.D. only,03 - Rear end,01 - Clear,01 - Daylight,01 - Dry,01 - Traffic signal,01 - Functioning,2,0,0,0,,0,,,,,369127.7943,5033487.137,45.43835677,-75.67776661,6553
20--7197,9/19/2020,12:30 PM,VANIER PKWY/CRICHTON ST @ BEECHWOOD AVE/ST. PA (0001604),1604,02 - Intersection related,03 - P.D. only,03 - Rear end,01 - Clear,01 - Daylight,01 - Dry,01 - Traffic signal,01 - Functioning,2,0,0,0,,0,,,,,369127.7988,5033487.121,45.43835663,-75.67776655,6554
20--7198,9/19/2020,12:33 PM,HWY 417 MAITLAND IC126R26/62 @ MAITLAND AVE (0008228),8228,02 - Intersection related,02 - Non-fatal injury,03 - Rear end,01 - Clear,01 - Daylight,01 - Dry,01 - Traffic signal,01 - Functioning,2,0,0,0,02 - Minor,1,,1,,,363145.6828,5025983.519,45.37136535,-75.75511059,6555
20--7199,9/19/2020,2:15 PM,RIVERSIDE DR @ TREMBLAY RD/HWY417 IC117 RAMP52 (0010790),10790,02 - Intersection related,03 - P.D. only,03 - Rear end,01 - Clear,01 - Daylight,01 - Dry,01 - Traffic signal,01 - Functioning,2,0,0,0,,0,,,,,370802.0724,5031015.911,45.41596569,-75.65669957,6556
20--72,1/3/2020,3:37 PM,PARKDALE AVE btwn WELLINGTON ST W & GLADSTONE AVE (__3ZA4QM),__3ZA4QM,01 - Non intersection,02 - Non-fatal injury,07 - SMV other,01 - Clear,01 - Daylight,02 - Wet,10 - No control,,1,0,0,1,02 - Minor,1,,1,,,365165.932,5029237.188,45.4004701,-75.72892278,6557
20--720,1/16/2020,6:47 PM,REGIONAL ROAD 174 btwn TRANSIT & OR174 IC105 RAMP51 (__3ZA28H),__3ZA28H,01 - Non intersection,02 - Non-fatal injury,03 - Rear end,01 - Clear,07 - Dark,03 - Loose snow,10 - No control,,2,0,0,0,01 - Minimal,1,1,,,,377298.5697,5035811.136,45.45846709,-75.57299883,6558
20--7200,9/19/2020,2:30 AM,ROGER STEVENS DR btwn DWYER HILL RD & MALAKOFF RD (__3ZA4ZQ),__3ZA4ZQ,01 - Non intersection,03 - P.D. only,07 - SMV other,01 - Clear,07 - Dark,01 - Dry,10 - No control,,1,0,0,0,,0,,,,,361950.2618,4995884.353,45.10062778,-75.77382894,6559
20--7201,9/19/2020,2:30 PM,KING EDWARD AVE btwn LAURIER AVE E & THOMAS MORE PRIV (__3ZA3UU),__3ZA3UU,01 - Non intersection,03 - P.D. only,03 - Rear end,01 - Clear,01 - Daylight,01 - Dry,10 - No control,,3,0,0,0,,0,,,,,368765.7535,5031991.5,45.4249328,-75.68258801,6560
20--7202,9/19/2020,2:41 PM,COLONNADE RD @ MERIVALE RD (0004569),4569,02 - Intersection related,03 - P.D. only,03 - Rear end,01 - Clear,01 - Daylight,01 - Dry,01 - Traffic signal,01 - Functioning,2,0,0,0,,0,,,,,365363.6968,5022544.497,45.34023339,-75.72721743,6561
20--7203,9/19/2020,2:50 PM,HIGHWAY 417 btwn RAMP & HWY417 IC129 RAMP76 (__3ZA2X8),__3ZA2X8,01 - Non intersection,03 - P.D. only,99 - Other,01 - Clear,01 - Daylight,01 - Dry,10 - No control,,2,0,0,0,,0,,,,,359907.7805,5023184.783,45.34644447,-75.79675715,6562
20--7204,9/19/2020,3:11 PM,WILHAVEN DR btwn EMMETT RD & BECKETT'S CREEK RD (__3ZA1RC),__3ZA1RC,01 - Non intersection,02 - Non-fatal injury,07 - SMV other,01 - Clear,01 - Daylight,01 - Dry,10 - No control,,1,0,1,0,02 - Minor,2,,2,,,394611.5272,5041184.225,45.50479607,-75.35068503,6563
20--7205,9/19/2020,3:28 PM,HIGHWAY 417 btwn HWY417 IC124 RAMP67 & HWY417 IC123 RAMP62 (__3ZA2YZ),__3ZA2YZ,01 - Non intersection,03 - P.D. only,03 - Rear end,01 - Clear,01 - Daylight,01 - Dry,10 - No control,,3,0,0,0,,0,,,,,364680.596,5027894.883,45.38843399,-75.73528453,6564
20--7206,9/19/2020,3:39 PM,HIGHWAY 7 btwn HAZELDEAN IC RAMP 53 & HIGHWAY 7 (__7JQ7LK),__7JQ7LK,01 - Non intersection,03 - P.D. only,04 - Sideswipe,01 - Clear,01 - Daylight,01 - Dry,10 - No control,,2,0,0,0,,0,,,,,341602.5853,5007750.322,45.2087571,-76.03148841,6565
20--7207,9/19/2020,3:58 PM,BAYCREST DR @ SANDALWOOD DR (0007085),7085,02 - Intersection related,03 - P.D. only,02 - Angle,01 - Clear,01 - Daylight,01 - Dry,03 - Yield sign,01 - Functioning,2,0,0,0,,0,,,,,371353.725,5026705.522,45.37713025,-75.65023348,6566
20--7208,9/19/2020,4:08 PM,GREENBANK RD @ HARRISON ST/ASHGROVE CRES (0000627),627,03 - At intersection,02 - Non-fatal injury,07 - SMV other,01 - Clear,01 - Daylight,01 - Dry,01 - Traffic signal,01 - Functioning,1,0,0,1,02 - Minor,1,,1,,,360839.6714,5022007.49,45.33577737,-75.78499935,6567
20--7209,9/19/2020,4:22 AM,EAGLESON RD btwn FALLOWFIELD RD & AKINS RD (__3ZA418),__3ZA418,01 - Non intersection,03 - P.D. only,07 - SMV other,01 - Clear,07 - Dark,01 - Dry,10 - No control,,1,0,0,0,,0,,,,,356422.4803,5011388.387,45.24056371,-75.84245861,6568
20--721,1/16/2020,6:51 PM,BAYSWATER AVE btwn HICKORY ST & SHERWOOD DR (__3ZA01P),__3ZA01P,01 - Non intersection,02 - Non-fatal injury,01 - Approaching,06 - Strong wind,07 - Dark,03 - Loose snow,10 - No control,,2,0,0,0,02 - Minor,1,,1,,,366296.1758,5028801.018,45.39644718,-75.71454148,6569
20--7210,9/19/2020,4:38 PM,CAMBRIAN RD @ KILBIRNIE DR/TUCANA WAY (0013607),13607,02 - Intersection related,03 - P.D. only,03 - Rear end,01 - Clear,01 - Daylight,01 - Dry,01 - Traffic signal,01 - Functioning,2,0,0,0,,0,,,,,365113.837,5013068.716,45.25499238,-75.73155788,6570
20--6718,8/30/2020,10:56 AM,CLEARVIEW AVE @ ISLAND PARK DR (0006144),6144,03 - At intersection,03 - P.D. only,02 - Angle,01 - Clear,01 - Daylight,01 - Dry,02 - Stop sign,01 - Functioning,2,0,0,0,,0,,,,,363546.6863,5029364.574,45.40175404,-75.74958905,6571
20--6989,9/11/2020,4:07 PM,BEARBROOK RD btwn ROCKCLIFFE PKWY & Continuation of BEARBROOK RD (__55RXY1),__55RXY1,01 - Non intersection,03 - P.D. only,07 - SMV other,01 - Clear,01 - Daylight,01 - Dry,10 - No control,,1,0,0,0,,0,,,,,376946.3313,5034691.371,45.44842865,-75.57766638,6572
20--654,1/15/2020,7:40 AM,BARRINGTON ST btwn SMITHERS CRES & NUGGETT DR (__3ZA6C6),__3ZA6C6,01 - Non intersection,03 - P.D. only,06 - SMV unattended vehicle,01 - Clear,03 - Dawn,06 - Ice,10 - No control,,1,0,0,0,,0,,,,,381449.4448,5035712.464,45.45713629,-75.51994675,6573
20--7211,9/19/2020,4:45 PM,WELLINGTON ST @ HAMILTON AVE (0006106),6106,03 - At intersection,03 - P.D. only,02 - Angle,01 - Clear,01 - Daylight,01 - Dry,02 - Stop sign,01 - Functioning,2,0,1,0,,0,,,,,365077.6825,5029231.563,45.40042709,-75.73005061,6574
20--7212,9/19/2020,4:45 PM,HIGHWAY 417 btwn HWY417 IC124 RAMP57 & HWY417 IC124 RAMP55 (__3ZA2Y1),__3ZA2Y1,01 - Non intersection,03 - P.D. only,03 - Rear end,01 - Clear,01 - Daylight,01 - Dry,10 - No control,,2,0,0,0,,0,,,,,364433.8636,5027512.206,45.38501178,-75.73848142,6575
20--7213,9/19/2020,4:54 PM,LYON ST @ WELLINGTON ST (0002388),2388,02 - Intersection related,02 - Non-fatal injury,03 - Rear end,01 - Clear,01 - Daylight,01 - Dry,01 - Traffic signal,01 - Functioning,2,0,0,0,02 - Minor,1,,1,,,366935.1133,5031426.436,45.42001354,-75.70605055,6576
20--7214,9/19/2020,7:25 PM,OTTAWA RIVER PKWY EB btwn TUNNEY'S PASTURE/REMIC RAPIDS ENT & ISLAND P (__3ZA24JB),__3ZA24JB,01 - Non intersection,03 - P.D. only,03 - Rear end,01 - Clear,05 - Dusk,01 - Dry,10 - No control,,2,0,0,0,,0,,,,,364369.6646,5030307.234,45.41016635,-75.73896363,6577
20--7215,9/19/2020,7:50 AM,BESSERER ST @ DALHOUSIE ST (0011452),11452,03 - At intersection,03 - P.D. only,04 - Sideswipe,01 - Clear,01 - Daylight,01 - Dry,01 - Traffic signal,01 - Functioning,2,0,0,0,,0,,,,,368252.7072,5032157.578,45.42647384,-75.68912212,6578
20--7216,9/19/2020,8:23 AM,ALPINE AVE @ CARLING AVE (0011382),11382,03 - At intersection,03 - P.D. only,02 - Angle,01 - Clear,01 - Daylight,01 - Dry,01 - Traffic signal,01 - Functioning,2,0,0,0,,0,,,,,360496.6775,5024942.52,45.36221403,-75.78904466,6579
20--7217,9/19/2020,9:06 AM,GLADSTONE AVE btwn KENT ST & BANK ST (__3ZA3PA),__3ZA3PA,04 - At/near private drive,02 - Non-fatal injury,05 - Turning movement,01 - Clear,01 - Daylight,01 - Dry,10 - No control,,2,0,0,0,02 - Minor,1,,1,,,367887.601,5030545.127,45.41199857,-75.69399389,6580
20--7218,9/19/2020,9:06 PM,DONALD ST @ VANIER PKWY (0007644),7644,02 - Intersection related,03 - P.D. only,03 - Rear end,"07 - Fog, mist, smoke, dust",07 - Dark,01 - Dry,01 - Traffic signal,01 - Functioning,3,0,0,0,,0,,,,,370311.7134,5032270.585,45.42730082,-75.66279731,6581
20--7219,9/20/2020,11:31 PM,BANK ST @ RIVERSIDE DR S (0002704),2704,03 - At intersection,03 - P.D. only,02 - Angle,01 - Clear,07 - Dark,01 - Dry,01 - Traffic signal,01 - Functioning,2,0,0,0,,0,,,,,369304.7192,5027894.548,45.38802037,-75.67623733,6582
20--722,1/16/2020,7:03 AM,PRINCE OF WALES DR btwn RIDEAU GLEN DR & FALLOWFIELD RD (__3ZA2X1),__3ZA2X1,01 - Non intersection,03 - P.D. only,01 - Approaching,03 - Snow,03 - Dawn,03 - Loose snow,10 - No control,,2,0,0,0,,0,,,,,367454.8631,5018206.384,45.3010161,-75.70108586,6583
20--7220,9/20/2020,Unknown,BANK ST btwn THIRD AVE & FOURTH AVE (__3ZA3OZ),__3ZA3OZ,01 - Non intersection,03 - P.D. only,06 - SMV unattended vehicle,01 - Clear,00 - Unknown,01 - Dry,10 - No control,,1,0,0,0,,0,,,,,368344.7372,5029532.339,45.40284447,-75.68828465,6584
20--7221,9/20/2020,Unknown,PATTERSON AVE btwn BANK ST & ALLAN PL (__3ZA95B),__3ZA95B,01 - Non intersection,03 - P.D. only,06 - SMV unattended vehicle,01 - Clear,00 - Unknown,01 - Dry,10 - No control,,1,0,0,0,,0,,,,,368273.4868,5030053.993,45.40754461,-75.68912755,6585
20--7222,9/20/2020,Unknown,EARL ARMSTRONG RD btwn BOWESVILLE RD & HIGH RD (__3ZA7ZZ),__3ZA7ZZ,01 - Non intersection,03 - P.D. only,07 - SMV other,01 - Clear,00 - Unknown,01 - Dry,10 - No control,,1,0,0,0,,0,,,,,372567.1755,5017466.584,45.29388503,-75.63600687,6586
20--7223,9/20/2020,Unknown,LEWIS ST btwn ELGIN ST & CARTIER ST (__3ZA9UJ),__3ZA9UJ,01 - Non intersection,03 - P.D. only,06 - SMV unattended vehicle,01 - Clear,00 - Unknown,01 - Dry,10 - No control,,1,0,0,0,,0,,,,,368356.8304,5031065.548,45.41663868,-75.68793251,6587
20--7224,9/20/2020,3:50 PM,CALAVERAS AVE @ LONGFIELDS DR (0010987),10987,02 - Intersection related,03 - P.D. only,03 - Rear end,01 - Clear,01 - Daylight,01 - Dry,02 - Stop sign,01 - Functioning,2,0,0,0,,0,,,,,364359.6896,5015493.669,45.27687638,-75.74087463,6588
20--7225,9/20/2020,4:10 PM,GLADSTONE AVE btwn CAMBRIDGE ST N & BRONSON AVE (__3ZBODM),__3ZBODM,01 - Non intersection,03 - P.D. only,04 - Sideswipe,01 - Clear,01 - Daylight,01 - Dry,10 - No control,,2,0,0,0,,0,,,,,367131.2111,5030079.516,45.40787691,-75.70371544,6589
20--7226,9/20/2020,4:19 PM,HIGHWAY 417 btwn HWY417 IC124 RAMP57 & HWY417 IC124 RAMP55 (__3ZA2Y1),__3ZA2Y1,01 - Non intersection,03 - P.D. only,03 - Rear end,01 - Clear,01 - Daylight,01 - Dry,10 - No control,,2,0,0,0,,0,,,,,364341.6352,5027394.532,45.38396082,-75.73967326,6590