Anom_ID,Accident_Date,Accident_Time,Location,Geo_ID,Accident_Location,Classification_of_Accident,Initial_Impact_Type,Environment_Condition,Light,Road_Surface_Condition,Traffic_Control,Traffic_Control_Condition,No__of_Vehicles,No__of_Bicycles,No__of_Motorcycles,No__of_Pedestrians,Max_Injury,No__of_Injuries,No__of_Minimal,No__of_Minor,No__of_Major,No__of_Fatal,X,Y,Latitude,Longitude,ObjectId
20--7227,9/20/2020,5:33 PM,JOHN SUTHERLAND DR @ RICHMOND RD (0000578),578,03 - At intersection,03 - P.D. only,04 - Sideswipe,01 - Clear,01 - Daylight,01 - Dry,01 - Traffic signal,01 - Functioning,2,0,0,0,,0,,,,,358786.6526,5022150.487,45.33722503,-75.81117593,6591
20--7228,9/20/2020,6:24 PM,CUMBERLAND ST @ LAURIER AVE (0007751),7751,03 - At intersection,03 - P.D. only,05 - Turning movement,01 - Clear,05 - Dusk,01 - Dry,01 - Traffic signal,01 - Functioning,2,1,0,0,,0,,,,,368597.6989,5031948.585,45.42456202,-75.6847409,6592
20--7229,9/21/2020,10:08 AM,BANK ST btwn SCRIVENS DR & JOHN QUINN RD (__3ZA278),__3ZA278,01 - Non intersection,02 - Non-fatal injury,03 - Rear end,01 - Clear,01 - Daylight,01 - Dry,10 - No control,,2,0,0,0,03 - Major,1,,,1,,383259.0097,5010820.281,45.2329729,-75.50076116,6593
20--723,1/16/2020,7:10 PM,HWY 417 WOODROFF IC127R62 @ WOODROFFE AVE (0002349),2349,02 - Intersection related,03 - P.D. only,03 - Rear end,01 - Clear,07 - Dark,01 - Dry,03 - Yield sign,01 - Functioning,2,0,0,0,,0,,,,,362050.6874,5025019.519,45.36278167,-75.76920076,6594
20--7230,9/21/2020,10:15 AM,CAHILL DR @ HUNT CLUB RD (0011394),11394,02 - Intersection related,03 - P.D. only,03 - Rear end,01 - Clear,01 - Daylight,01 - Dry,01 - Traffic signal,02 - Not functioning,2,0,0,0,,0,,,,,372407.736,5024542.509,45.35756736,-75.63707325,6595
20--7231,9/21/2020,11:18 AM,KING EDWARD AVE @ MURRAY ST (0002713),2713,02 - Intersection related,03 - P.D. only,99 - Other,01 - Clear,01 - Daylight,01 - Dry,01 - Traffic signal,01 - Functioning,2,0,0,0,,0,,,,,368291.6986,5032753.577,45.43183289,-75.68854704,6596
20--7232,9/21/2020,11:22 AM,BASELINE RD @ ERINDALE DR (0003209),3209,03 - At intersection,03 - P.D. only,03 - Rear end,01 - Clear,01 - Daylight,01 - Dry,02 - Stop sign,01 - Functioning,2,0,0,0,,0,,,,,363857.6881,5024575.524,45.35863675,-75.74618961,6597
20--7233,9/21/2020,11:31 AM,ALBION RD @ MITCH OWENS RD (0004212),4212,03 - At intersection,01 - Fatal injury,05 - Turning movement,01 - Clear,01 - Daylight,01 - Dry,01 - Traffic signal,01 - Functioning,2,0,0,0,04 - Fatal,2,,1,,1,375906.7535,5014804.453,45.2696021,-75.59381579,6598
20--7234,9/21/2020,Unknown,HARDY AVE btwn PRESLAND RD & ISIDORE ST (__3ZA8HQ),__3ZA8HQ,01 - Non intersection,03 - P.D. only,06 - SMV unattended vehicle,01 - Clear,00 - Unknown,01 - Dry,10 - No control,,1,0,0,0,,0,,,,,371679.1413,5031956.101,45.42434182,-75.645367,6599
20--7235,9/21/2020,2:14 PM,HIGHWAY 417 btwn REGIONAL ROAD 174 & HWY417 IC113 RAMP85 (__3ZA289),__3ZA289,01 - Non intersection,02 - Non-fatal injury,07 - SMV other,01 - Clear,01 - Daylight,01 - Dry,10 - No control,,1,0,0,0,02 - Minor,1,,1,,,373672.4423,5031796.986,45.42271677,-75.61992029,6600
20--7236,9/21/2020,2:20 PM,HIGHWAY 417 btwn HWY417 IC120B RAMP36 & HWY417 IC119B RAMP76 (__3ZA2YU),__3ZA2YU,01 - Non intersection,03 - P.D. only,03 - Rear end,01 - Clear,01 - Daylight,01 - Dry,10 - No control,,2,0,0,0,,0,,,,,367888.0797,5030085.279,45.40786095,-75.69404663,6601
20--7237,9/21/2020,2:23 PM,MERIVALE RD @ WOODFIELD DR/ROYDON PL (0009776),9776,02 - Intersection related,03 - P.D. only,02 - Angle,01 - Clear,01 - Daylight,01 - Dry,01 - Traffic signal,01 - Functioning,2,0,0,0,,0,,,,,365462.7033,5022298.499,45.33801138,-75.7259844,6602
20--7238,9/21/2020,2:24 PM,OGILVIE RD @ MATHESON RD/PALMERSTON DR (0012348),12348,02 - Intersection related,03 - P.D. only,03 - Rear end,01 - Clear,01 - Daylight,01 - Dry,01 - Traffic signal,01 - Functioning,2,0,0,0,,0,,,,,373380.1861,5032536.256,45.42939706,-75.62355148,6603
20--7239,9/21/2020,3:46 PM,BAYVIEW DR @ BISHOP DAVIS DR (0010707),10707,02 - Intersection related,03 - P.D. only,02 - Angle,01 - Clear,01 - Daylight,01 - Dry,02 - Stop sign,01 - Functioning,2,0,0,0,,0,,,,,337833.6067,5039923.672,45.49845324,-76.07731795,6604
20--724,1/16/2020,7:17 PM,BASELINE RD @ MERIVALE RD (0002342),2342,02 - Intersection related,03 - P.D. only,03 - Rear end,05 - Drifting Snow,07 - Dark,01 - Dry,01 - Traffic signal,01 - Functioning,4,0,0,0,,0,,,,,365054.6992,5025325.504,45.3652831,-75.73082093,6605
20--7240,9/21/2020,3:50 PM,EAGLESON RD @ PERTH ST/RICHMOND RD (0009376),9376,02 - Intersection related,03 - P.D. only,04 - Sideswipe,01 - Clear,01 - Daylight,01 - Dry,01 - Traffic signal,01 - Functioning,2,0,0,0,,0,,,,,358015.6295,5007410.349,45.20464973,-75.82259252,6606
20--7241,9/21/2020,4:05 PM,MAPLE GROVE RD @ TERRY FOX DR (0003177),3177,02 - Intersection related,03 - P.D. only,02 - Angle,01 - Clear,01 - Daylight,01 - Dry,01 - Traffic signal,01 - Functioning,2,0,0,0,,0,,,,,351553.6046,5017864.475,45.29917776,-75.90386265,6607
20--7242,9/21/2020,4:10 PM,OGILVIE RD @ ELMRIDGE DR/JASMINE CRES N (0008801),8801,03 - At intersection,03 - P.D. only,02 - Angle,01 - Clear,01 - Daylight,01 - Dry,01 - Traffic signal,01 - Functioning,2,0,0,0,,0,,,,,375420.7351,5034060.577,45.44290895,-75.59725799,6608
20--7243,9/21/2020,4:13 PM,CYRVILLE RD btwn STAR TOP RD & MEADOWBROOK RD (__3ZA3SN),__3ZA3SN,01 - Non intersection,02 - Non-fatal injury,03 - Rear end,01 - Clear,01 - Daylight,01 - Dry,10 - No control,,2,0,0,0,01 - Minimal,1,1,,,,374242.022,5031332.206,45.41847861,-75.61270836,6609
20--7244,9/21/2020,4:23 PM,EDENWYLDE DR btwn COSANTI DR & HICKSTEAD WAY/ORVIETO WAY (e___2IX5),e___2IX5,01 - Non intersection,03 - P.D. only,05 - Turning movement,01 - Clear,01 - Daylight,01 - Dry,10 - No control,,2,0,0,0,,0,,,,,352163.718,5012611.758,45.25187143,-75.89658491,6610
20--7245,9/21/2020,4:30 PM,WOODROFFE AVE btwn WOODROFFE AVE & NAVAHO DR (__3ZA2TY),__3ZA2TY,01 - Non intersection,03 - P.D. only,04 - Sideswipe,01 - Clear,01 - Daylight,01 - Dry,10 - No control,,2,0,0,0,,0,,,,,362604.761,5023627.367,45.35020973,-75.76229144,6611
20--7246,9/21/2020,5:05 PM,BURRIS LANE @ MERIVALE RD (0002014),2014,03 - At intersection,02 - Non-fatal injury,07 - SMV other,01 - Clear,01 - Daylight,01 - Dry,01 - Traffic signal,01 - Functioning,1,0,0,1,02 - Minor,1,,1,,,364880.7122,5025067.524,45.36297677,-75.73307312,6612
20--7247,9/21/2020,6:00 PM,BLACKBURN BYPASS EB btwn 1700 W OF NAVAN RD & INNES RD (__3ZA3J6A),__3ZA3J6A,01 - Non intersection,03 - P.D. only,04 - Sideswipe,01 - Clear,01 - Daylight,01 - Dry,10 - No control,,2,0,0,0,,0,,,,,377605.2164,5032111.277,45.42514632,-75.56962576,6613
20--7248,9/21/2020,6:10 AM,FRANKTOWN RD btwn DWYER HILL RD & MATILDA GT (__3ZA3E7),__3ZA3E7,01 - Non intersection,03 - P.D. only,07 - SMV other,01 - Clear,07 - Dark,01 - Dry,10 - No control,,1,0,0,0,,0,,,,,348915.7393,4999179.508,45.13121257,-75.9391506,6614
20--7249,9/21/2020,6:51 PM,TERRY FOX DR N @ FLAMBOROUGH WAY/INNOVATION DR (0011795),11795,03 - At intersection,02 - Non-fatal injury,02 - Angle,01 - Clear,05 - Dusk,01 - Dry,01 - Traffic signal,01 - Functioning,2,1,0,0,01 - Minimal,1,1,,,,349384.9788,5022955.864,45.34513244,-75.93105419,6615
20--725,1/16/2020,7:33 PM,ELGIN ST @ QUEEN ST (0007144),7144,03 - At intersection,03 - P.D. only,05 - Turning movement,01 - Clear,07 - Dark,02 - Wet,01 - Traffic signal,01 - Functioning,2,0,0,0,,0,,,,,367804.69,5031779.567,45.42311313,-75.69489522,6616
20--7250,9/21/2020,7:50 PM,BANK ST @ GLADSTONE AVE (0002253),2253,02 - Intersection related,03 - P.D. only,04 - Sideswipe,01 - Clear,07 - Dark,01 - Dry,01 - Traffic signal,01 - Functioning,2,0,0,0,,0,,,,,367916.6916,5030562.572,45.41215291,-75.69362003,6617
20--7251,9/21/2020,7:51 PM,HIGHWAY 417 btwn HWY417 IC118 RAMP35 & HWY417 IC117 RAMP51 (__3ZA2YP),__3ZA2YP,01 - Non intersection,03 - P.D. only,03 - Rear end,01 - Clear,07 - Dark,01 - Dry,10 - No control,,2,0,0,0,,0,,,,,369947.7739,5031123.306,45.41701205,-75.66759948,6618
20--7252,9/21/2020,8:10 PM,PARKDALE AVE @ SCOTT ST (0002213),2213,03 - At intersection,03 - P.D. only,02 - Angle,01 - Clear,07 - Dark,01 - Dry,01 - Traffic signal,01 - Functioning,2,0,0,0,,0,,,,,364949.7012,5029726.559,45.40489196,-75.73162484,6619
20--7253,9/21/2020,8:17 PM,HWY417 IC118 RAMP62 btwn HWY417 IC118 RAMP64 & HWY417 IC118 RAMP52 (__3ZAY9M),__3ZAY9M,01 - Non intersection,03 - P.D. only,03 - Rear end,01 - Clear,07 - Dark,01 - Dry,10 - No control,,2,0,0,0,,0,,,,,369166.3161,5031275.835,45.41845677,-75.67756329,6620
20--6540,8/23/2020,Unknown,DOWNPATRICK RD btwn WYMAN CRES & WYMAN PL (__3ZA9WQ),__3ZA9WQ,01 - Non intersection,03 - P.D. only,06 - SMV unattended vehicle,01 - Clear,00 - Unknown,01 - Dry,10 - No control,,1,0,0,0,,0,,,,,370556.6109,5023279.327,45.34637768,-75.66086591,6621
20--6541,8/23/2020,2:22 PM,WEST HUNT CLUB RD WB btwn ROYDON PL/SUNDERLAND ST & 545 E OF ROYDON PL (__3ZA3JSA),__3ZA3JSA,01 - Non intersection,03 - P.D. only,03 - Rear end,01 - Clear,01 - Daylight,01 - Dry,10 - No control,,2,0,0,0,,0,,,,,366098.8455,5022248.808,45.33750898,-75.71787456,6622
20--6542,8/23/2020,2:47 PM,HIGHWAY 417 btwn HWY417 IC127 RAMP25 & HWY417 IC126 RAMP51 (__3ZA2XA),__3ZA2XA,01 - Non intersection,03 - P.D. only,04 - Sideswipe,01 - Clear,01 - Daylight,01 - Dry,10 - No control,,2,0,0,0,,0,,,,,362885.606,5025439.414,45.36649115,-75.75849464,6623
20--6543,8/23/2020,3:46 PM,ROSEDALE AVE @ SUNNYSIDE AVE (0008002),8002,03 - At intersection,02 - Non-fatal injury,02 - Angle,01 - Clear,01 - Daylight,01 - Dry,02 - Stop sign,01 - Functioning,2,1,0,0,02 - Minor,1,,1,,,368437.7092,5028401.558,45.3926616,-75.68724304,6624
20--6544,8/23/2020,5:16 PM,PARK ST btwn CARILLON ST & MONTREAL RD (__3ZA8US),__3ZA8US,01 - Non intersection,03 - P.D. only,01 - Approaching,01 - Clear,01 - Daylight,01 - Dry,10 - No control,,2,0,0,0,,0,,,,,370475.42,5033379.729,45.43726507,-75.66055752,6625
20--6545,8/23/2020,5:33 AM,KING EDWARD AVE NB btwn CLARENCE ST & YORK ST (__3ZA3WR),__3ZA3WR,01 - Non intersection,03 - P.D. only,06 - SMV unattended vehicle,01 - Clear,07 - Dark,01 - Dry,10 - No control,,1,0,0,0,,0,,,,,368383.8374,5032643.321,45.43083248,-75.68738382,6626
20--6546,8/23/2020,6:00 PM,HIGHMONT CRT btwn GOLDRIDGE DR & KANATA AVE (__3ZBPJA),__3ZBPJA,01 - Non intersection,03 - P.D. only,06 - SMV unattended vehicle,01 - Clear,01 - Daylight,01 - Dry,10 - No control,,1,0,0,0,,0,,,,,350278.273,5019611.672,45.31498324,-75.91996275,6627
20--6547,8/23/2020,6:23 PM,WOODROFFE AVE btwn HWY417 IC127 RAMP63 & HWY417 IC127 RAMP35 (__3ZA25N),__3ZA25N,01 - Non intersection,03 - P.D. only,04 - Sideswipe,01 - Clear,01 - Daylight,01 - Dry,10 - No control,,2,0,0,0,,0,,,,,362124.1286,5024840.18,45.36116199,-75.76828417,6628
20--6548,8/23/2020,6:30 AM,RIVER RD btwn SUMMERSIDE DR & EDGEWATER DR (__3ZA3T7),__3ZA3T7,01 - Non intersection,02 - Non-fatal injury,07 - SMV other,01 - Clear,03 - Dawn,02 - Wet,10 - No control,,1,0,0,0,02 - Minor,1,,1,,,373327.424,5005369.205,45.18496148,-75.62798197,6629
20--6549,8/23/2020,7:00 PM,JEANNE D'ARC BLVD @ OR174 IC105 RAMP53 (0004156),4156,02 - Intersection related,02 - Non-fatal injury,04 - Sideswipe,02 - Rain,01 - Daylight,02 - Wet,03 - Yield sign,01 - Functioning,2,0,0,0,02 - Minor,1,,1,,,379543.736,5036795.597,45.46708795,-75.54414534,6630
20--655,1/15/2020,7:50 PM,CATHERINE ST/HWY 417 O'CONN IC119BR76 @ O'CONN (0001697),1697,03 - At intersection,03 - P.D. only,02 - Angle,01 - Clear,07 - Dark,02 - Wet,01 - Traffic signal,01 - Functioning,2,0,0,0,,0,,,,,368243.7097,5030392.562,45.41059364,-75.68946435,6631
20--6550,8/23/2020,8:15 PM,MCCORDICK RD btwn HARBISON RD & CARSONBY RD W (__3ZAB0K),__3ZAB0K,01 - Non intersection,03 - P.D. only,07 - SMV other,01 - Clear,07 - Dark,01 - Dry,10 - No control,,1,0,0,0,,0,,,,,361616.5978,5001818.891,45.15405547,-75.77739431,6632
20--6551,8/24/2020,10:00 AM,REGENCY TER btwn BLOOMSBURY CRES & END (__3ZABJA),__3ZABJA,01 - Non intersection,03 - P.D. only,06 - SMV unattended vehicle,01 - Clear,01 - Daylight,01 - Dry,10 - No control,,1,0,0,0,,0,,,,,361862.7275,5023461.301,45.34877625,-75.77177971,6633
20--6552,8/24/2020,10:10 AM,BOOTH ST @ SIR JOHN A. MACDONALD PKWY/WELLINGTON ST (0012252),12252,02 - Intersection related,03 - P.D. only,03 - Rear end,01 - Clear,01 - Daylight,01 - Dry,01 - Traffic signal,01 - Functioning,2,0,0,0,,0,,,,,366264.2538,5031006.676,45.41629592,-75.7146742,6634
20--6553,8/24/2020,11:05 AM,LAKEVIEW TER btwn QUEEN ELIZABETH DRWY & BRONSON AVE (__3ZA9JR),__3ZA9JR,01 - Non intersection,02 - Non-fatal injury,07 - SMV other,01 - Clear,01 - Daylight,01 - Dry,10 - No control,,1,0,0,0,02 - Minor,1,,1,,,367636.2642,5028730.864,45.39569698,-75.69743583,6635
20--6554,8/24/2020,11:07 AM,RIDGEFIELD CRES @ STINSON AVE (0000894),894,03 - At intersection,02 - Non-fatal injury,02 - Angle,01 - Clear,01 - Daylight,01 - Dry,02 - Stop sign,01 - Functioning,2,1,0,0,02 - Minor,1,,1,,,357969.7125,5020702.464,45.324258,-75.82175419,6636
20--6555,8/24/2020,11:10 AM,FOREST VALLEY DR @ ORLEANS BLVD (0003627),3627,03 - At intersection,03 - P.D. only,05 - Turning movement,01 - Clear,01 - Daylight,01 - Dry,01 - Traffic signal,01 - Functioning,2,0,0,0,,0,,,,,380258.7497,5034819.571,45.44923233,-75.53530598,6637
20--6556,8/24/2020,11:30 AM,CYRVILLE RD @ INNES RD (0009352),9352,02 - Intersection related,03 - P.D. only,03 - Rear end,01 - Clear,01 - Daylight,01 - Dry,01 - Traffic signal,01 - Functioning,2,0,0,0,,0,,,,,375047.7327,5031119.571,45.41648501,-75.60244501,6638
20--6557,8/24/2020,11:46 AM,BRONSON AVE @ SOMERSET ST (0002218),2218,02 - Intersection related,03 - P.D. only,04 - Sideswipe,01 - Clear,01 - Daylight,01 - Dry,01 - Traffic signal,01 - Functioning,2,0,0,0,,0,,,,,366967.6796,5030476.569,45.41146403,-75.70575429,6639
20--6558,8/24/2020,Unknown,CHAMPNEUF DR btwn CEDAR MILLS RD & WESTPORT CRES (__3ZA6EK),__3ZA6EK,01 - Non intersection,03 - P.D. only,06 - SMV unattended vehicle,01 - Clear,00 - Unknown,01 - Dry,10 - No control,,1,0,0,0,,0,,,,,381324.5148,5036458.081,45.46385844,-75.52142784,6640
20--6559,8/24/2020,12:25 PM,CARP RD @ WESTBROOK RD (0001681),1681,02 - Intersection related,03 - P.D. only,03 - Rear end,01 - Clear,01 - Daylight,01 - Dry,01 - Traffic signal,01 - Functioning,2,0,0,0,,0,,,,,347737.5719,5015442.436,45.27762698,-75.95272673,6641
20--656,1/15/2020,7:50 PM,GALETTA SIDE RD btwn UPPER DWYER HILL RD & HIGHWAY 17 (__3ZA4SM),__3ZA4SM,01 - Non intersection,03 - P.D. only,07 - SMV other,03 - Snow,07 - Dark,04 - Slush,10 - No control,,1,0,0,0,,0,,,,,321716.3525,5029655.949,45.40663663,-76.2838975,6642
20--6560,8/24/2020,12:33 PM,JOSEPH CYR ST @ CYRVILLE RD (0004157),4157,03 - At intersection,03 - P.D. only,02 - Angle,01 - Clear,01 - Daylight,01 - Dry,02 - Stop sign,01 - Functioning,2,0,0,0,,0,,,,,372513.7184,5031980.565,45.42448165,-75.63469998,6643
20--6561,8/24/2020,2:05 PM,HIGHWAY 417 btwn HWY417 IC122 RAMP51 & HWY417 IC122 RAMP15 (__3ZA2R0),__3ZA2R0,01 - Non intersection,03 - P.D. only,03 - Rear end,01 - Clear,01 - Daylight,01 - Dry,10 - No control,,3,0,0,0,,0,,,,,365346.8226,5028883.542,45.39727245,-75.72665582,6644
20--6562,8/24/2020,2:08 PM,RIOCAN AVE @ STRANDHERD DR (0010997),10997,03 - At intersection,02 - Non-fatal injury,05 - Turning movement,02 - Rain,01 - Daylight,02 - Wet,01 - Traffic signal,01 - Functioning,3,0,0,0,02 - Minor,1,,1,,,364171.5904,5014944.22,45.27194834,-75.74333757,6645
20--6563,8/24/2020,3:02 AM,HIGHWAY 417 btwn HWY417 IC118 RAMP57 & HWY417 IC118 RAMP35 (__3ZA2YQ),__3ZA2YQ,01 - Non intersection,03 - P.D. only,07 - SMV other,02 - Rain,07 - Dark,02 - Wet,10 - No control,,1,0,0,0,,0,,,,,369589.0274,5031103.758,45.41686947,-75.67218531,6646
20--6564,8/24/2020,3:30 PM,MCLEOD ST btwn KENT ST & BANK ST (__3ZA8F7),__3ZA8F7,04 - At/near private drive,03 - P.D. only,99 - Other,01 - Clear,01 - Daylight,01 - Dry,10 - No control,,2,0,0,0,,0,,,,,367831.6325,5030418.425,45.41086358,-75.69472507,6647
20--6565,8/24/2020,4:18 PM,ST. LAURENT BLVD btwn MCARTHUR AVE & DONALD ST (__3ZBOF4),__3ZBOF4,01 - Non intersection,03 - P.D. only,03 - Rear end,01 - Clear,01 - Daylight,01 - Dry,10 - No control,,2,0,0,0,,0,,,,,371985.2632,5032735.228,45.43132271,-75.64134929,6648
20--6566,8/24/2020,5:00 PM,TERRY FOX DR @ PALLADIUM DR/KATIMAVIK RD (0011858),11858,02 - Intersection related,03 - P.D. only,03 - Rear end,01 - Clear,01 - Daylight,02 - Wet,01 - Traffic signal,01 - Functioning,3,0,0,0,,0,,,,,351269.7229,5018181.775,45.30205175,-75.90745239,6649
20--6567,8/24/2020,5:45 AM,RUSSELL RD btwn CARLSBAD LANE & MILTON RD (__3ZA3XY),__3ZA3XY,01 - Non intersection,03 - P.D. only,04 - Sideswipe,01 - Clear,03 - Dawn,01 - Dry,10 - No control,,2,0,0,0,,0,,,,,389354.2474,5025386.752,45.36332427,-75.42066287,6650
20--6568,8/24/2020,6:20 AM,RICHMOND RD btwn PERTH ST & CAMBRIAN RD (__3ZAB98),__3ZAB98,01 - Non intersection,03 - P.D. only,07 - SMV other,02 - Rain,01 - Daylight,02 - Wet,10 - No control,,1,0,0,0,,0,,,,,359058.8453,5008774.154,45.21684204,-75.80916533,6651
20--6569,8/24/2020,6:32 PM,BANK ST @ GLEBE AVE (0007713),7713,02 - Intersection related,02 - Non-fatal injury,04 - Sideswipe,01 - Clear,01 - Daylight,01 - Dry,01 - Traffic signal,00 - Unknown,2,1,0,0,01 - Minimal,1,1,,,,368239.7028,5029787.57,45.40515048,-75.68959338,6652
20--657,1/15/2020,7:57 AM,LEIKIN DR @ RCMP ACCESS/150 N OF BILL LEATHEM DR (0013517),13517,03 - At intersection,03 - P.D. only,05 - Turning movement,01 - Clear,01 - Daylight,01 - Dry,01 - Traffic signal,01 - Functioning,2,0,0,0,,0,,,,,367032.4796,5017599.92,45.29559674,-75.70654728,6653
20--6570,8/24/2020,6:50 AM,HIGHWAY 417 btwn HWY417 IC122 RAMP15 & HWY417 IC121B RAMP51 (__3ZA2RB),__3ZA2RB,01 - Non intersection,02 - Non-fatal injury,04 - Sideswipe,02 - Rain,03 - Dawn,02 - Wet,10 - No control,,9,0,0,0,02 - Minor,1,,1,,,366563.6789,5029510.231,45.40280495,-75.71103631,6654
20--6571,8/24/2020,7:30 AM,EAGLESON RD @ MICHAEL COWPLAND DR/STONEHAVEN D (0003544),3544,02 - Intersection related,02 - Non-fatal injury,03 - Rear end,01 - Clear,01 - Daylight,02 - Wet,01 - Traffic signal,01 - Functioning,2,0,0,0,02 - Minor,1,,1,,,354382.6299,5016623.447,45.28781677,-75.86791704,6655
20--6572,8/24/2020,7:34 AM,BASELINE RD @ MERIVALE RD (0002342),2342,02 - Intersection related,02 - Non-fatal injury,07 - SMV other,01 - Clear,01 - Daylight,02 - Wet,01 - Traffic signal,01 - Functioning,1,0,1,0,02 - Minor,1,,1,,,365054.696,5025325.556,45.36528357,-75.73082096,6656
20--6573,8/24/2020,7:49 PM,BANK ST @ BILLINGS TRANSIT (0008854),8854,03 - At intersection,02 - Non-fatal injury,05 - Turning movement,01 - Clear,01 - Daylight,01 - Dry,01 - Traffic signal,01 - Functioning,2,1,0,0,02 - Minor,1,,1,,,369445.11,5027741.236,45.38662797,-75.67446472,6657
20--6574,8/24/2020,8:49 AM,DOZOIS RD @ KNIGHTS DR/SQUIRE DR S (0004832),4832,02 - Intersection related,03 - P.D. only,07 - SMV other,01 - Clear,01 - Daylight,01 - Dry,02 - Stop sign,01 - Functioning,1,0,0,0,,0,,,,,372610.3833,5009966.357,45.22639539,-75.6364797,6658
20--6575,8/24/2020,9:29 AM,RICHMOND RD btwn ROBERTSON RD & STINSON AVE (__3ZA4YR),__3ZA4YR,04 - At/near private drive,03 - P.D. only,05 - Turning movement,01 - Clear,01 - Daylight,01 - Dry,10 - No control,,2,0,0,0,,0,,,,,357650.2718,5020793.685,45.32510294,-75.82581904,6659
20--6576,8/25/2020,1:57 PM,PARKDALE AVE @ HWY 417 PARKDAL IC122R15/HWY 41 (0002363),2363,02 - Intersection related,03 - P.D. only,03 - Rear end,01 - Clear,01 - Daylight,01 - Dry,01 - Traffic signal,01 - Functioning,3,0,0,0,,0,,,,,365336.686,5028845.56,45.39693157,-75.72678994,6660
20--6577,8/25/2020,10:00 AM,INNES RD @ ORLEANS BLVD (0003611),3611,02 - Intersection related,03 - P.D. only,03 - Rear end,01 - Clear,01 - Daylight,01 - Dry,01 - Traffic signal,01 - Functioning,2,0,0,0,,0,,,,,380460.7934,5034296.405,45.44450344,-75.5328038,6661
20--6578,8/25/2020,10:40 AM,HWY417 IC112 RAMP56 btwn INNES RD & HIGHWAY 417 (__3ZAYAS),__3ZAYAS,01 - Non intersection,03 - P.D. only,07 - SMV other,01 - Clear,01 - Daylight,01 - Dry,10 - No control,,1,0,0,0,,0,,,,,374550.3639,5030814.516,45.41379004,-75.60884229,6662
20--6579,8/25/2020,Unknown,PARENT AVE btwn BRUYERE ST & ST. ANDREW ST (__3ZA7BW),__3ZA7BW,01 - Non intersection,03 - P.D. only,06 - SMV unattended vehicle,01 - Clear,00 - Unknown,01 - Dry,10 - No control,,1,0,0,0,,0,,,,,367702.4595,5032744.364,45.43180324,-75.69607822,6663
20--658,1/15/2020,8:00 AM,CARP RD @ WESTBROOK RD (0001681),1681,03 - At intersection,03 - P.D. only,05 - Turning movement,01 - Clear,01 - Daylight,02 - Wet,01 - Traffic signal,01 - Functioning,3,0,0,0,,0,,,,,347737.5685,5015442.446,45.27762707,-75.95272677,6664
20--6580,8/25/2020,2:14 PM,MERKLEY DR btwn BOTTRIELL WAY & APOLLO WAY (__3ZA6X7),__3ZA6X7,01 - Non intersection,03 - P.D. only,06 - SMV unattended vehicle,01 - Clear,01 - Daylight,01 - Dry,10 - No control,,1,0,0,0,,0,,,,,383796.9313,5037417.625,45.47221632,-75.48966196,6665
20--6581,8/25/2020,2:45 PM,BANFF AVE btwn KITCHENER AVE & LEDBURY AVE (__3ZBOQZ),__3ZBOQZ,01 - Non intersection,03 - P.D. only,06 - SMV unattended vehicle,01 - Clear,01 - Daylight,01 - Dry,10 - No control,,1,0,0,0,,0,,,,,370792.0467,5025450.301,45.36588932,-75.65757198,6666
20--6582,8/25/2020,2:47 PM,BLAIR RD @ INNES RD (0004165),4165,02 - Intersection related,03 - P.D. only,04 - Sideswipe,01 - Clear,01 - Daylight,01 - Dry,01 - Traffic signal,01 - Functioning,2,0,0,0,,0,,,,,375578.7335,5031439.556,45.41931054,-75.5956153,6667
20--6583,8/25/2020,3:11 PM,RAYMOND ST btwn HWY417 IC121A RAMP16 & BRONSON AVE (__3ZA890),__3ZA890,01 - Non intersection,02 - Non-fatal injury,03 - Rear end,01 - Clear,01 - Daylight,01 - Dry,10 - No control,,2,0,0,0,02 - Minor,1,,1,,,367229.561,5029791.923,45.40528047,-75.70249556,6668
20--6584,8/25/2020,3:26 PM,ELGIN ST @ QUEEN ST (0007144),7144,03 - At intersection,03 - P.D. only,05 - Turning movement,01 - Clear,01 - Daylight,01 - Dry,01 - Traffic signal,01 - Functioning,2,0,0,0,,0,,,,,367804.7405,5031779.677,45.42311411,-75.69489456,6669
20--6585,8/25/2020,3:30 PM,DEER MOSS TR btwn SPRINGBROOK DR & SPRINGBROOK DR (__3ZACQ2),__3ZACQ2,04 - At/near private drive,03 - P.D. only,06 - SMV unattended vehicle,01 - Clear,01 - Daylight,01 - Dry,10 - No control,,1,0,0,0,,0,,,,,350583.5506,5014697.94,45.27074819,-75.91652297,6670
20--6586,8/25/2020,3:59 PM,BANK ST btwn ALTA VISTA DR & ERIE AVE (__3ZA36X),__3ZA36X,01 - Non intersection,03 - P.D. only,03 - Rear end,01 - Clear,01 - Daylight,01 - Dry,10 - No control,,3,0,0,0,,0,,,,,370182.7055,5026358.415,45.37411734,-75.66522956,6671
20--6587,8/25/2020,4:17 PM,BOUNDARY RD btwn NINTH LINE RD & INDCUM RD (__3ZA3XU),__3ZA3XU,01 - Non intersection,03 - P.D. only,03 - Rear end,01 - Clear,01 - Daylight,01 - Dry,10 - No control,,2,0,0,0,,0,,,,,387713.4513,5023073.139,45.34270438,-75.44199202,6672