Anom_ID,Accident_Date,Accident_Time,Location,Geo_ID,Accident_Location,Classification_of_Accident,Initial_Impact_Type,Environment_Condition,Light,Road_Surface_Condition,Traffic_Control,Traffic_Control_Condition,No__of_Vehicles,No__of_Bicycles,No__of_Motorcycles,No__of_Pedestrians,Max_Injury,No__of_Injuries,No__of_Minimal,No__of_Minor,No__of_Major,No__of_Fatal,X,Y,Latitude,Longitude,ObjectId
20--6588,8/25/2020,4:34 PM,REGIONAL ROAD 174 EB btwn HWY417 IC113 RAMP65 & OR174 BLAIR IC112 RAMP51 (__3ZAZFJ),__3ZAZFJ,01 - Non intersection,02 - Non-fatal injury,03 - Rear end,01 - Clear,01 - Daylight,01 - Dry,10 - No control,,3,0,0,0,02 - Minor,1,,1,,,374782.9805,5032806.854,45.43169279,-75.60558762,6673
20--6589,8/25/2020,4:55 PM,HIGHWAY 417 btwn HWY417 IC120B RAMP36 & HWY417 IC119B RAMP76 (__3ZA2YU),__3ZA2YU,01 - Non intersection,03 - P.D. only,03 - Rear end,01 - Clear,01 - Daylight,01 - Dry,10 - No control,,2,0,0,0,,0,,,,,367822.3333,5030043.009,45.40748654,-75.69489186,6674
20--659,1/15/2020,8:02 PM,BASELINE RD btwn MARSON ST & FISHER AVE (__3ZA4JL),__3ZA4JL,01 - Non intersection,03 - P.D. only,03 - Rear end,01 - Clear,07 - Dark,02 - Wet,10 - No control,,2,0,0,0,,0,,,,,365923.6736,5025873.734,45.37014073,-75.71966127,6675
20--6590,8/25/2020,6:18 PM,BANK ST btwn CAHILL DR & TURN LANE (2) (__5AFHMD),__5AFHMD,01 - Non intersection,02 - Non-fatal injury,04 - Sideswipe,01 - Clear,01 - Daylight,01 - Dry,10 - No control,,2,0,1,0,02 - Minor,1,,1,,,371539.75,5024133.048,45.35396633,-75.64820602,6676
20--6591,8/25/2020,6:50 AM,HIGHWAY 417 btwn HWY417 IC142 RAMP25 & HIGHWAY 417 (__3ZA1ZP),__3ZA1ZP,01 - Non intersection,03 - P.D. only,04 - Sideswipe,01 - Clear,01 - Daylight,01 - Dry,10 - No control,,2,0,0,0,,0,,,,,349409.5356,5017636.993,45.29727023,-75.93121994,6677
20--6592,8/25/2020,7:00 PM,MEADOWLANDS DR btwn HOGAN ST & NESS ST (__3ZA4IQ),__3ZA4IQ,04 - At/near private drive,03 - P.D. only,05 - Turning movement,01 - Clear,01 - Daylight,01 - Dry,10 - No control,,2,0,0,0,,0,,,,,366333.2884,5024902.219,45.36136339,-75.71455338,6678
20--6593,8/25/2020,7:22 AM,LEVIS AVE btwn OLMSTEAD ST & DUPUIS ST (__3ZA8RG),__3ZA8RG,04 - At/near private drive,03 - P.D. only,06 - SMV unattended vehicle,01 - Clear,01 - Daylight,01 - Dry,10 - No control,,1,0,0,0,,0,,,,,370431.3591,5033126.239,45.43498842,-75.66115443,6679
20--6594,8/25/2020,7:41 AM,AQUAVIEW DR btwn SUNMEADOW ST & LAVOIE ST (__4V3I8X),__4V3I8X,04 - At/near private drive,03 - P.D. only,06 - SMV unattended vehicle,01 - Clear,01 - Daylight,01 - Dry,10 - No control,,1,0,0,0,,0,,,,,385148.9858,5035827.878,45.45775906,-75.47263239,6680
20--6595,8/25/2020,8:10 AM,HIGHWAY 416 btwn HWY416 IC75A RAMP43 & HWY416 IC72 RAMP34 (__3ZAZLD),__3ZAZLD,01 - Non intersection,03 - P.D. only,04 - Sideswipe,01 - Clear,01 - Daylight,01 - Dry,10 - No control,,2,0,0,0,,0,,,,,359220.2143,5020210.689,45.31973715,-75.80585769,6681
20--6596,8/25/2020,8:22 AM,AIRPORT PKWY btwn AIRPORT PKWY/HUNT CLUB RAMP 42 & WALKLEY RD NB RAMP (__3ZAZP9),__3ZAZP9,01 - Non intersection,02 - Non-fatal injury,01 - Approaching,01 - Clear,01 - Daylight,01 - Dry,10 - No control,,3,0,0,0,03 - Major,3,,,3,,370662.6289,5024237.569,45.35498971,-75.6593855,6682
20--6597,8/25/2020,8:30 PM,KINBURN SIDE RD btwn WOODKILTON RD & DUNROBIN RD (__3ZA3GH),__3ZA3GH,01 - Non intersection,03 - P.D. only,07 - SMV other,01 - Clear,07 - Dark,01 - Dry,10 - No control,,1,0,0,0,,0,,,,,337801.3816,5035733.553,45.46075114,-76.07801182,6683
20--6598,8/25/2020,9:11 PM,TERRY FOX DR S @ DIDSBURY RD/CENTRUM KANATA SC (0011820),11820,03 - At intersection,03 - P.D. only,02 - Angle,01 - Clear,07 - Dark,01 - Dry,01 - Traffic signal,01 - Functioning,2,0,0,0,,0,,,,,350623.8285,5018916.265,45.30870332,-75.91562002,6684
20--6599,8/25/2020,9:13 PM,BLAIR RD @ REGIONAL RD 174 S/OR174 IC112 RAMP15 (0012435),12435,03 - At intersection,02 - Non-fatal injury,05 - Turning movement,01 - Clear,07 - Dark,01 - Dry,01 - Traffic signal,01 - Functioning,2,0,0,0,02 - Minor,1,,1,,,374907.9362,5032661.649,45.43037381,-75.6040115,6685
20--66,1/3/2020,Unknown,CLAREY AVE btwn BANK ST & END (__3ZA913),__3ZA913,01 - Non intersection,03 - P.D. only,06 - SMV unattended vehicle,01 - Clear,00 - Unknown,02 - Wet,10 - No control,,1,0,0,0,,0,,,,,368504.6323,5029298.656,45.40072733,-75.68627256,6686
20--660,1/15/2020,8:10 PM,CARLING AVE @ MERIVALE RD (0002148),2148,02 - Intersection related,02 - Non-fatal injury,03 - Rear end,01 - Clear,07 - Dark,02 - Wet,01 - Traffic signal,01 - Functioning,3,0,0,0,02 - Minor,3,1,2,,,364894.6936,5027700.542,45.38666701,-75.73257427,6687
20--6600,8/26/2020,1:00 PM,HIGHWAY 417 btwn HWY417 IC122 RAMP61 & HWY417 IC121B RAMP16 (__3ZA2Y4),__3ZA2Y4,01 - Non intersection,03 - P.D. only,03 - Rear end,01 - Clear,01 - Daylight,01 - Dry,10 - No control,,3,0,0,0,,0,,,,,366408.9542,5029479.087,45.40253836,-75.71301646,6688
20--6601,8/26/2020,1:05 PM,HIGHWAY 417 btwn HWY417 IC122 RAMP51 & HWY417 IC122 RAMP15 (__3ZA2R0),__3ZA2R0,01 - Non intersection,03 - P.D. only,03 - Rear end,01 - Clear,01 - Daylight,01 - Dry,10 - No control,,4,0,0,0,,0,,,,,365325.4147,5028868.955,45.39714305,-75.72693102,6689
20--6602,8/26/2020,1:15 PM,KALADAR AVE btwn GREGG ST & BROOKFIELD RD (__3ZA9YR),__3ZA9YR,04 - At/near private drive,03 - P.D. only,99 - Other,01 - Clear,01 - Daylight,01 - Dry,10 - No control,,2,0,0,0,,0,,,,,369714.1181,5026564.078,45.3760114,-75.67118456,6690
20--6603,8/26/2020,1:30 PM,HIGHWAY 417 btwn HWY417 IC124 RAMP65 & HWY417 IC122 RAMP51 (__3ZA2R8),__3ZA2R8,01 - Non intersection,03 - P.D. only,04 - Sideswipe,01 - Clear,01 - Daylight,01 - Dry,10 - No control,,2,0,0,0,,0,,,,,364945.5178,5028347.697,45.39248562,-75.73184641,6691
20--6604,8/26/2020,1:38 PM,BASELINE RD btwn NAVAHO DR & COLLEGE SQUARE SC (__3ZAZDQB),__3ZAZDQB,04 - At/near private drive,02 - Non-fatal injury,07 - SMV other,01 - Clear,01 - Daylight,01 - Dry,10 - No control,,1,0,0,1,01 - Minimal,1,1,,,,363032.3457,5024064.515,45.35410778,-75.75678355,6692
20--6605,8/26/2020,10:00 AM,HIGHMONT CRT btwn GOLDRIDGE DR & KANATA AVE (__3ZBPJA),__3ZBPJA,04 - At/near private drive,03 - P.D. only,99 - Other,01 - Clear,01 - Daylight,01 - Dry,10 - No control,,2,0,0,0,,0,,,,,350235.3447,5019668.26,45.31549522,-75.92050504,6693
20--6606,8/26/2020,10:05 AM,ST. JOSEPH BLVD @ JEANNE D'ARC BLVD (0012421),12421,03 - At intersection,03 - P.D. only,04 - Sideswipe,01 - Clear,01 - Daylight,01 - Dry,11 - Roundabout,01 - Functioning,2,0,0,0,,0,,,,,379860.7531,5036471.573,45.46413864,-75.54014125,6694
20--6607,8/26/2020,10:28 PM,HEATHERINGTON RD btwn ALBION RD N & BANNERHILL PRIV (__3ZA9YH),__3ZA9YH,04 - At/near private drive,03 - P.D. only,02 - Angle,01 - Clear,07 - Dark,01 - Dry,10 - No control,,2,0,0,0,,0,,,,,371493.9431,5026255.872,45.37307113,-75.64850408,6695
20--6608,8/26/2020,11:55 AM,MONTREAL RD @ SHEFFORD RD (0012423),12423,02 - Intersection related,02 - Non-fatal injury,02 - Angle,01 - Clear,01 - Daylight,01 - Dry,01 - Traffic signal,01 - Functioning,2,1,0,0,02 - Minor,1,,1,,,376125.7367,5034853.579,45.44997232,-75.58813217,6696
20--6609,8/26/2020,11:58 AM,CHAMPLAIN ST @ JEANNE D'ARC BLVD (0004106),4106,03 - At intersection,02 - Non-fatal injury,02 - Angle,01 - Clear,01 - Daylight,01 - Dry,01 - Traffic signal,01 - Functioning,3,0,0,0,02 - Minor,3,,3,,,381379.7344,5038723.609,45.4842357,-75.52036868,6697
20--661,1/15/2020,8:17 AM,CRESTHAVEN DR btwn WOODROFFE AVE & SERENA WAY (__7N38U6),__7N38U6,04 - At/near private drive,03 - P.D. only,07 - SMV other,01 - Clear,01 - Daylight,02 - Wet,10 - No control,,1,0,0,0,,0,,,,,366381.4618,5014861.229,45.27101155,-75.71518671,6698
20--6610,8/26/2020,Unknown,PARENT AVE btwn BOTELER ST & BOLTON ST (__3ZA7DL),__3ZA7DL,01 - Non intersection,03 - P.D. only,06 - SMV unattended vehicle,01 - Clear,00 - Unknown,01 - Dry,10 - No control,,1,0,0,0,,0,,,,,367592.6571,5032928.119,45.43346648,-75.69745797,6699
20--6611,8/26/2020,Unknown,WALL RD btwn DENISE AVE & MER BLEUE RD (__3ZA6PQ),__3ZA6PQ,01 - Non intersection,03 - P.D. only,06 - SMV unattended vehicle,01 - Clear,00 - Unknown,01 - Dry,10 - No control,,1,0,0,0,,0,,,,,383988.1971,5032679.9,45.42956885,-75.48797883,6700
20--6612,8/26/2020,Unknown,FIELDING DR btwn FARMINGTON AVE & HARTMAN CRES (__3ZA9EB),__3ZA9EB,01 - Non intersection,03 - P.D. only,06 - SMV unattended vehicle,02 - Rain,00 - Unknown,02 - Wet,10 - No control,,1,0,0,0,,0,,,,,368845.3858,5024778.906,45.36002886,-75.6825067,6701
20--6613,8/26/2020,12:15 PM,MEADOWLANDS DR/TALLWOOD DR @ WOODROFFE AVE (0000095),95,02 - Intersection related,03 - P.D. only,03 - Rear end,01 - Clear,01 - Daylight,01 - Dry,01 - Traffic signal,01 - Functioning,2,0,0,0,,0,,,,,363056.6878,5022730.5,45.3421024,-75.75663004,6702
20--6614,8/26/2020,2:15 PM,BANK ST btwn CAHILL DR & TURN LANE (1) (__3ZA3HV),__3ZA3HV,04 - At/near private drive,03 - P.D. only,05 - Turning movement,01 - Clear,01 - Daylight,01 - Dry,10 - No control,,2,0,0,0,,0,,,,,371495.2912,5024139.511,45.35402871,-75.64877251,6703
20--6615,8/26/2020,3:00 PM,HIGHWAY 417 btwn HWY417 IC126 RAMP25 & HWY417 IC124 RAMP57 (__3ZA2R5),__3ZA2R5,01 - Non intersection,03 - P.D. only,03 - Rear end,01 - Clear,01 - Daylight,01 - Dry,10 - No control,,2,0,0,0,,0,,,,,363760.6701,5026624.082,45.37707757,-75.74718335,6704
20--6616,8/26/2020,3:16 PM,HIGHWAY 417 btwn HWY417 IC124 RAMP67 & HWY417 IC123 RAMP62 (__3ZA2YZ),__3ZA2YZ,01 - Non intersection,03 - P.D. only,03 - Rear end,01 - Clear,01 - Daylight,01 - Dry,10 - No control,,2,0,0,0,,0,,,,,364607.866,5027780.53,45.38741128,-75.73622712,6705
20--6617,8/26/2020,3:39 PM,KING EDWARD AVE btwn LAURIER AVE E & THOMAS MORE PRIV (__3ZA3UU),__3ZA3UU,01 - Non intersection,03 - P.D. only,03 - Rear end,01 - Clear,01 - Daylight,01 - Dry,10 - No control,,3,0,0,0,,0,,,,,368849.4704,5031852.975,45.42367875,-75.68153632,6706
20--6618,8/26/2020,4:35 PM,WEST HUNT CLUB RD @ ROYDON PL/SUNDERLAND ST (0009775),9775,02 - Intersection related,03 - P.D. only,03 - Rear end,01 - Clear,01 - Daylight,01 - Dry,01 - Traffic signal,01 - Functioning,2,0,0,0,,0,,,,,365973.705,5022169.502,45.33680632,-75.71948091,6707
20--6619,8/26/2020,4:45 PM,PRINCE OF WALES DR btwn VILLA CRES & MARYLAND AVE (__3ZA3G1),__3ZA3G1,01 - Non intersection,02 - Non-fatal injury,03 - Rear end,01 - Clear,01 - Daylight,01 - Dry,10 - No control,,3,0,0,0,02 - Minor,1,,1,,,367023.2819,5025968.372,45.3708955,-75.70561248,6708
20--662,1/15/2020,8:28 AM,FALLOWFIELD RD @ SHEA RD (0000130),130,03 - At intersection,03 - P.D. only,02 - Angle,04 - Freezing Rain,01 - Daylight,02 - Wet,02 - Stop sign,01 - Functioning,2,0,0,0,,0,,,,,354014.6092,5011021.368,45.23743361,-75.8731633,6709
20--6620,8/26/2020,5:40 PM,CEDARVIEW RD @ WEST HUNT CLUB RD (0010267),10267,02 - Intersection related,03 - P.D. only,03 - Rear end,01 - Clear,01 - Daylight,01 - Dry,01 - Traffic signal,01 - Functioning,2,0,0,0,,0,,,,,359718.6748,5019554.468,45.31379362,-75.79957294,6710
20--6621,8/26/2020,5:45 PM,WEST HUNT CLUB RD WB btwn MERIVALE RD & ROYDON PL (__3ZA3JR),__3ZA3JR,01 - Non intersection,03 - P.D. only,03 - Rear end,01 - Clear,01 - Daylight,01 - Dry,10 - No control,,3,0,0,0,,0,,,,,365965.5604,5022164.375,45.3367609,-75.71958546,6711
20--6622,8/26/2020,5:51 PM,RAYMOND ST btwn HWY417 IC121A RAMP16 & BRONSON AVE (__3ZA890),__3ZA890,01 - Non intersection,02 - Non-fatal injury,04 - Sideswipe,01 - Clear,01 - Daylight,01 - Dry,10 - No control,,2,0,0,0,02 - Minor,1,,1,,,367230.9262,5029791.832,45.40527953,-75.70247813,6712
20--699,1/16/2020,4:30 PM,REGIONAL ROAD 174 btwn OR174 IC105 RAMP51 & OR174 IC105 RAMP35 (__3ZA2XC),__3ZA2XC,01 - Non intersection,03 - P.D. only,99 - Other,01 - Clear,01 - Daylight,01 - Dry,10 - No control,,2,0,0,0,,0,,,,,379317.9799,5036950.65,45.46850713,-75.5470085,6713
20--6719,8/30/2020,11:03 AM,STRANDHERD DR @ LONGFIELDS DR (0010935),10935,02 - Intersection related,03 - P.D. only,04 - Sideswipe,01 - Clear,01 - Daylight,01 - Dry,01 - Traffic signal,01 - Functioning,2,0,0,0,,0,,,,,364548.8098,5015173.326,45.27397789,-75.73850294,6714
20--672,1/16/2020,1:59 PM,DEVINE RD @ ROCKDALE RD (0012909),12909,03 - At intersection,03 - P.D. only,02 - Angle,01 - Clear,01 - Daylight,01 - Dry,02 - Stop sign,01 - Functioning,2,0,0,0,,0,,,,,394887.8748,5024096.459,45.35102643,-75.35027497,6715
20--6990,9/11/2020,4:10 PM,ST. LAURENT BLVD btwn MUTUAL ST & MCARTHUR AVE (__3ZA3XM),__3ZA3XM,04 - At/near private drive,02 - Non-fatal injury,02 - Angle,01 - Clear,01 - Daylight,01 - Dry,10 - No control,,2,1,0,0,02 - Minor,1,,1,,,371910.1091,5032921.768,45.43300833,-75.64228425,6716
20--6720,8/30/2020,2:25 PM,HIGHWAY 417 btwn HWY417 IC124 RAMP67 & HWY417 IC123 RAMP62 (__3ZA2YZ),__3ZA2YZ,01 - Non intersection,03 - P.D. only,03 - Rear end,01 - Clear,01 - Daylight,01 - Dry,10 - No control,,3,0,0,0,,0,,,,,364636.0035,5027824.346,45.38780312,-75.73586251,6717
20--6991,9/11/2020,4:28 PM,GREENBANK RD btwn KILBIRNIE DR & BARNSDALE RD (__3ZA1CB),__3ZA1CB,04 - At/near private drive,03 - P.D. only,07 - SMV other,01 - Clear,01 - Daylight,01 - Dry,10 - No control,,1,0,0,0,,0,,,,,365561.3398,5010998.079,45.23632225,-75.72610992,6718
20--6721,8/30/2020,2:32 AM,WEST HUNT CLUB RD btwn MOODIE DR & HWY416 IC72 RAMP53 (__3ZA4YJ),__3ZA4YJ,01 - Non intersection,02 - Non-fatal injury,07 - SMV other,01 - Clear,07 - Dark,01 - Dry,10 - No control,,1,0,0,0,01 - Minimal,1,1,,,,357994.1015,5018547.31,45.30486387,-75.8216745,6719
20--6992,9/11/2020,4:35 PM,HUNT CLUB RD btwn GIBFORD DR & UPLANDS DR (__3ZA36J),__3ZA36J,01 - Non intersection,02 - Non-fatal injury,03 - Rear end,01 - Clear,01 - Daylight,01 - Dry,10 - No control,,2,0,0,0,01 - Minimal,1,1,,,,369964.8226,5023008.056,45.34399209,-75.66845278,6720
20--6722,8/30/2020,2:44 PM,HAWTHORNE RD/RUSSELL RD @ WALKLEY RD (0002618),2618,02 - Intersection related,03 - P.D. only,03 - Rear end,01 - Clear,01 - Daylight,01 - Dry,01 - Traffic signal,01 - Functioning,2,0,0,0,,0,,,,,374674.7431,5028499.535,45.3929486,-75.60758139,6721
20--6993,9/11/2020,6:00 PM,MARKETPLACE AVE @ RIOCAN AVE (0010995),10995,03 - At intersection,03 - P.D. only,02 - Angle,01 - Clear,01 - Daylight,01 - Dry,02 - Stop sign,01 - Functioning,2,0,0,0,,0,,,,,364286.4723,5014761.507,45.27029458,-75.74189547,6722
20--6723,8/30/2020,2:45 PM,ST. JOSEPH BLVD/OLD MONTREAL RD @ TRIM RD (0004118),4118,03 - At intersection,03 - P.D. only,02 - Angle,01 - Clear,01 - Daylight,01 - Dry,11 - Roundabout,01 - Functioning,2,0,0,0,,0,,,,,384682.8915,5039285.553,45.48892135,-75.47802889,6723
20--6994,9/11/2020,6:05 PM,CARP RD btwn RICHARDSON SIDE RD & HWY417 IC144 RAMP62 (__3ZA3FS),__3ZA3FS,01 - Non intersection,03 - P.D. only,07 - SMV other,01 - Clear,01 - Daylight,01 - Dry,10 - No control,,1,0,0,0,,0,,,,,347120.3147,5016126.364,45.28381865,-75.96053549,6724
20--6995,9/11/2020,6:07 PM,KING EDWARD AVE @ SOMERSET ST/MARIE CURIE PRIV (0001696),1696,02 - Intersection related,03 - P.D. only,03 - Rear end,01 - Clear,01 - Daylight,01 - Dry,01 - Traffic signal,01 - Functioning,2,0,0,0,,0,,,,,368957.6997,5031673.567,45.42205458,-75.6801768,6725
20--6996,9/11/2020,6:40 AM,HIGHWAY 417 btwn HWY417 IC122 RAMP15 & HWY417 IC121B RAMP51 (__3ZA2RB),__3ZA2RB,01 - Non intersection,03 - P.D. only,03 - Rear end,01 - Clear,03 - Dawn,01 - Dry,10 - No control,,2,0,0,0,,0,,,,,366356.3892,5029442.739,45.40221593,-75.71369239,6726
20--6997,9/11/2020,6:50 PM,JEANNE D'ARC BLVD  S btwn YOUVILLE DR & ST. JOSEPH BLVD (__3ZA2BT),__3ZA2BT,01 - Non intersection,03 - P.D. only,04 - Sideswipe,01 - Clear,01 - Daylight,01 - Dry,10 - No control,,2,0,0,0,,0,,,,,379822.3364,5036534.189,45.46470614,-75.54062288,6727
20--6998,9/11/2020,7:05 AM,SHEFFIELD RD @ WALKLEY RD (0005156),5156,02 - Intersection related,02 - Non-fatal injury,03 - Rear end,01 - Clear,01 - Daylight,01 - Dry,01 - Traffic signal,01 - Functioning,2,0,0,0,02 - Minor,1,,1,,,375257.7412,5028784.551,45.39545462,-75.60009573,6728
20--6999,9/11/2020,7:21 PM,DALHOUSIE ST btwn GEORGE ST & RIDEAU ST (__3ZA8ZX),__3ZA8ZX,01 - Non intersection,03 - P.D. only,04 - Sideswipe,01 - Clear,05 - Dusk,01 - Dry,10 - No control,,2,0,0,0,,0,,,,,368202.5262,5032235.941,45.42718348,-75.68975324,6729
20--70,1/3/2020,12:42 PM,HOG'S BACK RD btwn PRINCE OF WALES DR & COLONEL BY DR (__3ZA22U),__3ZA22U,04 - At/near private drive,03 - P.D. only,02 - Angle,01 - Clear,01 - Daylight,02 - Wet,10 - No control,,2,0,0,0,,0,,,,,367465.1151,5025767.907,45.36905239,-75.6999977,6730
20--700,1/16/2020,4:32 PM,FOURTH AVE btwn BANK ST & O'CONNOR ST (__3ZA924),__3ZA924,01 - Non intersection,03 - P.D. only,06 - SMV unattended vehicle,01 - Clear,05 - Dusk,04 - Slush,10 - No control,,1,0,0,0,,0,,,,,368497.0445,5029553.482,45.40302086,-75.68633656,6731
20--7000,9/11/2020,7:56 AM,BANK ST btwn ARENA PL & WHITE ALDER AVE (__3ZA29N),__3ZA29N,04 - At/near private drive,03 - P.D. only,03 - Rear end,01 - Clear,01 - Daylight,01 - Dry,10 - No control,,3,0,0,0,,0,,,,,375648.1954,5020931.093,45.32475347,-75.59623512,6732
20--7001,9/11/2020,8:10 AM,MONDAVI ST btwn HALLENDALE ST & VALIN ST (__4BPEST),__4BPEST,01 - Non intersection,03 - P.D. only,06 - SMV unattended vehicle,01 - Clear,01 - Daylight,01 - Dry,10 - No control,,1,0,0,0,,0,,,,,386616.0514,5037827.176,45.47557647,-75.45354433,6733
20--7002,9/11/2020,9:30 AM,HIGHWAY 417 btwn HWY417 IC117 RAMP26 & HWY417 IC117 RAMP61 (__3ZA2YM),__3ZA2YM,01 - Non intersection,02 - Non-fatal injury,03 - Rear end,01 - Clear,01 - Daylight,01 - Dry,10 - No control,,2,0,0,0,02 - Minor,1,,1,,,371128.2902,5031359.835,45.41902932,-75.65248569,6734
20--7003,9/12/2020,1:27 PM,DAZE ST @ 200 W OF BANK ST/SOUTHKEYS SC (0012179),12179,03 - At intersection,03 - P.D. only,02 - Angle,01 - Clear,01 - Daylight,01 - Dry,01 - Traffic signal,01 - Functioning,2,0,0,0,,0,,,,,371194.5017,5024143.407,45.35409231,-75.65261052,6735
20--7004,9/12/2020,1:29 AM,EDGECLIFFE AVE btwn CALDWELL AVE & CAVAN ST (__3ZA14C),__3ZA14C,01 - Non intersection,03 - P.D. only,07 - SMV other,01 - Clear,07 - Dark,01 - Dry,10 - No control,,1,0,0,0,,0,,,,,364347.9842,5026257.406,45.37372861,-75.73972933,6736
20--7005,9/12/2020,1:55 PM,WOODROFFE AVE btwn CARLING AVE & FOX CRES (__3ZA4NI),__3ZA4NI,04 - At/near private drive,03 - P.D. only,02 - Angle,01 - Clear,01 - Daylight,01 - Dry,10 - No control,,2,0,0,0,,0,,,,,361782.9296,5025685.828,45.36879888,-75.77254154,6737
20--7006,9/12/2020,11:00 PM,CAMBRIAN RD @ GRAND CANAL ST (0014646),14646,03 - At intersection,02 - Non-fatal injury,07 - SMV other,01 - Clear,07 - Dark,01 - Dry,02 - Stop sign,01 - Functioning,1,0,0,0,02 - Minor,1,,1,,,364186.2637,5012513.461,45.25007507,-75.74344113,6738
20--7007,9/12/2020,11:50 AM,RIDGEWOOD AVE btwn RIVERSIDE DR & DUPONT ST (__3ZBOQW),__3ZBOQW,01 - Non intersection,03 - P.D. only,05 - Turning movement,01 - Clear,01 - Daylight,01 - Dry,10 - No control,,2,0,0,0,,0,,,,,368319.8518,5025614.589,45.36759593,-75.68910667,6739
20--7008,9/12/2020,11:50 AM,HIGHWAY 417 btwn HWY417 IC121B RAMP16 & HWY417 IC121A RAMP16 (__3ZA2YX),__3ZA2YX,01 - Non intersection,02 - Non-fatal injury,03 - Rear end,01 - Clear,01 - Daylight,01 - Dry,10 - No control,,4,0,0,0,02 - Minor,1,,1,,,366779.8801,5029591.803,45.40351981,-75.70826459,6740
20--7009,9/12/2020,Unknown,OSGOODE ST btwn NELSON ST & SWEETLAND AVE (__3ZA8H1),__3ZA8H1,01 - Non intersection,03 - P.D. only,06 - SMV unattended vehicle,01 - Clear,00 - Unknown,01 - Dry,10 - No control,,1,0,0,0,,0,,,,,369002.5636,5031946.526,45.42450645,-75.67956801,6741
20--701,1/16/2020,4:50 PM,CARLING AVE @ ISLAND PARK DR (0010785),10785,02 - Intersection related,03 - P.D. only,04 - Sideswipe,01 - Clear,05 - Dusk,04 - Slush,01 - Traffic signal,01 - Functioning,2,0,0,0,,0,,,,,365348.7069,5027997.538,45.38930022,-75.72674049,6742
20--7010,9/12/2020,12:30 AM,HIGHWAY 417 btwn HWY417 IC134 RAMP35 & HWY417 IC134 RAMP25 (__3ZA29D),__3ZA29D,01 - Non intersection,01 - Fatal injury,07 - SMV other,01 - Clear,07 - Dark,01 - Dry,10 - No control,,1,0,1,0,04 - Fatal,1,,,,1,356783.2099,5022444.178,45.34001899,-75.83670556,6743
20--7011,9/12/2020,12:39 PM,BRONSON AVE @ POWELL AVE (0007212),7212,02 - Intersection related,03 - P.D. only,03 - Rear end,01 - Clear,01 - Daylight,02 - Wet,01 - Traffic signal,01 - Functioning,2,0,0,0,,0,,,,,367387.887,5029477.219,45.40243472,-75.70051317,6744
20--7012,9/12/2020,2:00 PM,TAPIOLA CRES btwn JOHNSTON RD & GENTLE GATE CRES (__3ZA9GU),__3ZA9GU,04 - At/near private drive,03 - P.D. only,02 - Angle,01 - Clear,01 - Daylight,01 - Dry,10 - No control,,2,0,0,0,,0,,,,,371614.5722,5025195.457,45.3635184,-75.64710757,6745
20--7013,9/12/2020,2:28 PM,CATAMOUNT CRT btwn FREEPORT DR & END (__5Z2RPQ),__5Z2RPQ,04 - At/near private drive,03 - P.D. only,06 - SMV unattended vehicle,01 - Clear,01 - Daylight,01 - Dry,10 - No control,,1,0,0,0,,0,,,,,355468.4338,5014761.736,45.27098726,-75.85426606,6746
20--7014,9/12/2020,2:30 PM,ANDERSON RD @ INNES RD (0004200),4200,02 - Intersection related,03 - P.D. only,03 - Rear end,01 - Clear,01 - Daylight,01 - Dry,01 - Traffic signal,01 - Functioning,2,0,0,0,,0,,,,,376280.7372,5031841.578,45.42285633,-75.58658816,6747
20--7015,9/12/2020,2:36 AM,BLACKBURN BYPASS EB btwn 1700 W OF NAVAN RD & INNES RD (__3ZA3J6A),__3ZA3J6A,01 - Non intersection,03 - P.D. only,07 - SMV other,01 - Clear,07 - Dark,01 - Dry,10 - No control,,1,0,0,0,,0,,,,,377681.1183,5032119.577,45.4252131,-75.56865471,6748
20--7016,9/12/2020,3:52 PM,HEMLOCK RD @ ST. LAURENT BLVD (0007183),7183,02 - Intersection related,03 - P.D. only,04 - Sideswipe,01 - Clear,01 - Daylight,01 - Dry,01 - Traffic signal,01 - Functioning,2,0,0,0,,0,,,,,371145.7089,5034781.593,45.44981512,-75.65180203,6749
20--7017,9/12/2020,4:15 PM,HIGHWAY 417 btwn HWY417 IC127 RAMP25 & HWY417 IC126 RAMP51 (__3ZA2XA),__3ZA2XA,01 - Non intersection,03 - P.D. only,03 - Rear end,01 - Clear,01 - Daylight,01 - Dry,10 - No control,,2,0,0,0,,0,,,,,363186.1151,5025857.702,45.37022989,-75.75460931,6750
20--7018,9/12/2020,4:40 PM,OGILVIE RD btwn BLAIR PL & ELMLEA GT (__3ZA2DQ),__3ZA2DQ,04 - At/near private drive,03 - P.D. only,02 - Angle,01 - Clear,01 - Daylight,01 - Dry,10 - No control,,2,0,0,0,,0,,,,,374853.835,5033404.504,45.43706302,-75.60459714,6751
20--7019,9/12/2020,5:21 PM,HUNT CLUB RD @ BRIDLE PATH DR/DAZE ST (0008214),8214,02 - Intersection related,03 - P.D. only,03 - Rear end,01 - Clear,01 - Daylight,01 - Dry,01 - Traffic signal,01 - Functioning,2,0,0,0,,0,,,,,371291.7358,5023864.494,45.35157353,-75.65140717,6752
20--702,1/16/2020,4:58 PM,HAWTHORNE RD @ HUNT CLUB RD (0007651),7651,03 - At intersection,03 - P.D. only,02 - Angle,04 - Freezing Rain,05 - Dusk,02 - Wet,01 - Traffic signal,01 - Functioning,2,0,0,0,,0,,,,,375507.7581,5026406.537,45.37403324,-75.59724349,6753
20--7020,9/12/2020,5:56 PM,GREENBANK RD btwn BASELINE RD & NE/OT BOUNDARY (__3ZA4MJ),__3ZA4MJ,01 - Non intersection,03 - P.D. only,07 - SMV other,01 - Clear,01 - Daylight,01 - Dry,10 - No control,,1,0,0,0,,0,,,,,360616.6828,5022539.705,45.34058402,-75.78778417,6754