Anom_ID,Accident_Date,Accident_Time,Location,Geo_ID,Accident_Location,Classification_of_Accident,Initial_Impact_Type,Environment_Condition,Light,Road_Surface_Condition,Traffic_Control,Traffic_Control_Condition,No__of_Vehicles,No__of_Bicycles,No__of_Motorcycles,No__of_Pedestrians,Max_Injury,No__of_Injuries,No__of_Minimal,No__of_Minor,No__of_Major,No__of_Fatal,X,Y,Latitude,Longitude,ObjectId
20--6747,8/31/2020,3:55 PM,CAMPEAU DR @ HUNTMAR DR (0011612),11612,03 - At intersection,03 - P.D. only,04 - Sideswipe,01 - Clear,01 - Daylight,01 - Dry,11 - Roundabout,01 - Functioning,2,0,0,0,,0,,,,,349053.6082,5018056.464,45.30106727,-75.93572042,6838
20--6748,8/31/2020,4:46 PM,MARCH RD @ DIAMONDVIEW RD (0010764),10764,02 - Intersection related,03 - P.D. only,03 - Rear end,01 - Clear,01 - Daylight,01 - Dry,02 - Stop sign,00 - Unknown,3,0,0,0,,0,,,,,340133.5233,5019865.49,45.317851,-76.04932782,6839
20--6749,8/31/2020,5:00 PM,REVELSTOKE DR @ RIVERSIDE DR (0006918),6918,02 - Intersection related,03 - P.D. only,03 - Rear end,01 - Clear,01 - Daylight,01 - Dry,01 - Traffic signal,01 - Functioning,2,0,0,0,,0,,,,,368217.7121,5024423.51,45.35688815,-75.6905633,6840
20--675,1/16/2020,10:30 PM,TERRY FOX DR @ PALLADIUM DR/KATIMAVIK RD (0011858),11858,02 - Intersection related,03 - P.D. only,03 - Rear end,01 - Clear,07 - Dark,01 - Dry,01 - Traffic signal,01 - Functioning,2,0,0,0,,0,,,,,351269.7048,5018181.779,45.30205179,-75.90745262,6841
20--6750,8/31/2020,6:00 PM,ISLAND PARK DR btwn RICHMOND RD & BASSETT LANE (__3ZA235),__3ZA235,01 - Non intersection,03 - P.D. only,03 - Rear end,01 - Clear,01 - Daylight,01 - Dry,10 - No control,,3,0,0,0,,0,,,,,364211.0682,5028702.787,45.39574335,-75.74118291,6842
20--6751,8/31/2020,6:23 AM,CARLING AVE btwn MOODIE DR & TURN LANE (__3ZA4ZE),__3ZA4ZE,01 - Non intersection,03 - P.D. only,07 - SMV other,01 - Clear,01 - Daylight,01 - Dry,10 - No control,,1,0,0,0,,0,,,,,356095.4495,5023896.247,45.35313546,-75.84533005,6843
20--6752,8/31/2020,6:28 PM,CHARTWELL AVE W @ CRAIG HENRY DR (0010448),10448,03 - At intersection,02 - Non-fatal injury,02 - Angle,01 - Clear,01 - Daylight,01 - Dry,02 - Stop sign,01 - Functioning,2,1,0,0,01 - Minimal,1,1,,,,361963.7842,5021704.494,45.33296035,-75.77069314,6844
20--6753,8/31/2020,6:30 PM,MERIVALE RD btwn EMERALD PLAZA SC & MEADOWLANDS DR (__3ZA4HZB),__3ZA4HZB,01 - Non intersection,02 - Non-fatal injury,03 - Rear end,01 - Clear,01 - Daylight,01 - Dry,10 - No control,,2,0,0,0,02 - Minor,1,,1,,,364835.3798,5023779.256,45.35138901,-75.73380819,6845
20--6754,8/31/2020,6:49 PM,WELLINGTON ST @ LETT ST (0012269),12269,03 - At intersection,03 - P.D. only,02 - Angle,01 - Clear,01 - Daylight,01 - Dry,01 - Traffic signal,01 - Functioning,2,0,0,0,,0,,,,,366355.1472,5031111.188,45.4172283,-75.71349992,6846
20--6755,8/31/2020,8:06 AM,BASELINE RD @ CLYDE AVE (0002343),2343,02 - Intersection related,03 - P.D. only,03 - Rear end,01 - Clear,01 - Daylight,01 - Dry,01 - Traffic signal,01 - Functioning,2,0,0,0,,0,,,,,364358.71,5024890.501,45.36142849,-75.73975719,6847
20--6756,8/31/2020,8:52 AM,OLD MILL WAY E @ RIVER RD (0009328),9328,02 - Intersection related,02 - Non-fatal injury,03 - Rear end,01 - Clear,01 - Daylight,01 - Dry,02 - Stop sign,00 - Unknown,2,0,0,0,02 - Minor,1,,1,,,369352.7147,5010844.405,45.23460211,-75.67784565,6848
20--6757,8/31/2020,8:59 AM,WOODROFFE AVE btwn FALLOWFIELD RD & EARL MULLIGAN DR (__3ZA3IL),__3ZA3IL,04 - At/near private drive,03 - P.D. only,05 - Turning movement,01 - Clear,01 - Daylight,01 - Dry,10 - No control,,2,0,0,0,,0,,,,,365120.4176,5017821.561,45.29775781,-75.73089652,6849
20--6758,8/31/2020,9:20 AM,HARCOURT AVE btwn BYRON AVE & MIDWAY AVE (__3ZAACY),__3ZAACY,01 - Non intersection,03 - P.D. only,06 - SMV unattended vehicle,01 - Clear,01 - Daylight,01 - Dry,10 - No control,,1,0,0,0,,0,,,,,361495.5176,5026106.739,45.37260951,-75.77616211,6850
20--6759,9/1/2020,1:09 PM,SHEFFIELD RD @ SHEFFIELD RD EXTENSION (0013792),13792,03 - At intersection,02 - Non-fatal injury,05 - Turning movement,01 - Clear,01 - Daylight,01 - Dry,02 - Stop sign,00 - Unknown,2,0,0,0,02 - Minor,1,,1,,,375130.1951,5029016.143,45.39755119,-75.60169156,6851
20--676,1/16/2020,10:42 PM,BARNSDALE RD btwn TWIN ELM RD & MOODIE DR (__3ZAB90),__3ZAB90,01 - Non intersection,02 - Non-fatal injury,07 - SMV other,05 - Drifting Snow,07 - Dark,06 - Ice,10 - No control,,1,0,0,0,02 - Minor,1,,1,,,360357.0585,5007934.153,45.20918236,-75.79273116,6852
20--6760,9/1/2020,10:00 AM,FLEWELLYN RD btwn NO NAME & BLACK'S SIDE RD (__3ZACRE),__3ZACRE,04 - At/near private drive,02 - Non-fatal injury,02 - Angle,01 - Clear,01 - Daylight,01 - Dry,10 - No control,,2,0,0,0,02 - Minor,1,,1,,,349773.5852,5009301.252,45.22223898,-75.927333,6853
20--6761,9/1/2020,10:00 PM,GOTH AVE btwn ALBION RD & GOTHWOOD PL (__3ZA8O8),__3ZA8O8,01 - Non intersection,03 - P.D. only,06 - SMV unattended vehicle,01 - Clear,07 - Dark,01 - Dry,10 - No control,,1,0,0,0,,0,,,,,372476.6333,5023282.112,45.34622011,-75.63636647,6854
20--6762,9/1/2020,11:21 AM,BANK ST btwn RIVERSIDE DR & BILLINGS TRANSIT (__3ZA3NMA),__3ZA3NMA,04 - At/near private drive,03 - P.D. only,05 - Turning movement,01 - Clear,01 - Daylight,01 - Dry,10 - No control,,2,0,0,0,,0,,,,,369379.7361,5027813.679,45.38728582,-75.67529,6855
20--6763,9/1/2020,Unknown,GOULBOURN ST btwn BELL ST & CORDUKES ST (__3ZACNX),__3ZACNX,01 - Non intersection,03 - P.D. only,06 - SMV unattended vehicle,01 - Clear,00 - Unknown,01 - Dry,10 - No control,,1,0,0,0,,0,,,,,350443.7595,5012631.175,45.25215981,-75.91849429,6856
20--6764,9/1/2020,2:00 PM,HIGHWAY 417 btwn RAMP & HWY417 IC129 RAMP76 (__3ZA2X8),__3ZA2X8,01 - Non intersection,03 - P.D. only,04 - Sideswipe,01 - Clear,01 - Daylight,01 - Dry,10 - No control,,2,0,0,0,,0,,,,,359858.5179,5023171.115,45.34632536,-75.79738727,6857
20--6765,9/1/2020,2:15 PM,HAZELDEAN RD @ TERRY FOX DR (0003682),3682,02 - Intersection related,03 - P.D. only,05 - Turning movement,01 - Clear,01 - Daylight,01 - Dry,01 - Traffic signal,01 - Functioning,2,0,0,0,,0,,,,,352207.5343,5017242.317,45.29353561,-75.89558459,6858
20--6766,9/1/2020,2:25 PM,PINECREST RD @ RICHMOND RD (0002353),2353,02 - Intersection related,03 - P.D. only,04 - Sideswipe,01 - Clear,01 - Daylight,01 - Dry,01 - Traffic signal,01 - Functioning,2,0,0,0,,0,,,,,360072.5914,5024471.688,45.35801106,-75.79451026,6859
20--6767,9/1/2020,2:45 PM,BEECHWOOD AVE @ LOYER ST (0014718),14718,03 - At intersection,03 - P.D. only,02 - Angle,01 - Clear,01 - Daylight,01 - Dry,02 - Stop sign,01 - Functioning,2,1,0,0,,0,,,,,369300.7049,5033688.596,45.44015349,-75.67553031,6860
20--6768,9/1/2020,4:01 PM,HIGHWAY 417 btwn HWY417 IC124 RAMP67 & HWY417 IC123 RAMP62 (__3ZA2YZ),__3ZA2YZ,01 - Non intersection,03 - P.D. only,03 - Rear end,01 - Clear,01 - Daylight,01 - Dry,10 - No control,,3,0,0,0,,0,,,,,364751.2708,5028020.905,45.38956186,-75.73436674,6861
20--6769,9/1/2020,4:33 PM,AIRPORT PKWY @ HUNT CLUB RD (0010856),10856,02 - Intersection related,03 - P.D. only,04 - Sideswipe,01 - Clear,01 - Daylight,01 - Dry,01 - Traffic signal,01 - Functioning,2,0,0,0,,0,,,,,371018.5276,5023702.996,45.35014627,-75.6549152,6862
20--677,1/16/2020,11:00 PM,HUNT CLUB RD @ RIVERSIDE DR (0002237),2237,03 - At intersection,03 - P.D. only,04 - Sideswipe,01 - Clear,07 - Dark,01 - Dry,01 - Traffic signal,01 - Functioning,2,0,0,0,,0,,,,,368036.7058,5021945.503,45.33460792,-75.69319016,6863
20--6770,9/1/2020,5:30 PM,HWY416 IC57 RAMP43 btwn BROPHY DR & HIGHWAY 416 (__3ZAY6J),__3ZAY6J,01 - Non intersection,03 - P.D. only,07 - SMV other,01 - Clear,01 - Daylight,01 - Dry,10 - No control,,1,0,0,0,,0,,,,,364546.9249,5008117.878,45.21049279,-75.7393746,6864
20--6771,9/1/2020,6:06 PM,NAVAN RD btwn RENAUD RD & MER BLEUE RD (__3ZA3Y1),__3ZA3Y1,04 - At/near private drive,03 - P.D. only,03 - Rear end,01 - Clear,01 - Daylight,01 - Dry,10 - No control,,3,0,0,0,,0,,,,,383959.9847,5032276.101,45.425939,-75.48840422,6865
20--6772,9/1/2020,6:20 PM,ACCEPTANCE PL @ HOPE SIDE RD (0015272),15272,02 - Intersection related,03 - P.D. only,03 - Rear end,01 - Clear,01 - Daylight,01 - Dry,02 - Stop sign,01 - Functioning,2,0,0,0,,0,,,,,356552.335,5015257.147,45.27536613,-75.84040176,6866
20--6773,9/1/2020,6:35 AM,HIGHWAY 417 btwn HWY417 IC124 RAMP65 & HWY417 IC122 RAMP51 (__3ZA2R8),__3ZA2R8,01 - Non intersection,02 - Non-fatal injury,03 - Rear end,01 - Clear,03 - Dawn,01 - Dry,10 - No control,,3,0,0,0,02 - Minor,1,,1,,,364939.429,5028336.732,45.39238748,-75.73192551,6867
20--6774,9/1/2020,9:31 PM,PLEASANT PARK RD btwn CABOT ST & LESLIE AVE (__3ZA9HD),__3ZA9HD,04 - At/near private drive,03 - P.D. only,06 - SMV unattended vehicle,01 - Clear,07 - Dark,01 - Dry,10 - No control,,1,0,0,0,,0,,,,,369724.3833,5028428.767,45.39278831,-75.67080825,6868
20--6775,9/1/2020,9:32 PM,CHALMERS RD btwn NEIL WAY & END (__3ZA9TQ),__3ZA9TQ,01 - Non intersection,03 - P.D. only,06 - SMV unattended vehicle,01 - Clear,07 - Dark,01 - Dry,10 - No control,,1,0,0,0,,0,,,,,369475.8086,5028043.269,45.38934273,-75.67403316,6869
20--6776,9/2/2020,1:00 PM,HIGHWAY 417 btwn HWY417 IC124 RAMP65 & HWY417 IC122 RAMP51 (__3ZA2R8),__3ZA2R8,01 - Non intersection,03 - P.D. only,03 - Rear end,01 - Clear,01 - Daylight,01 - Dry,10 - No control,,2,0,0,0,,0,,,,,365133.3574,5028678.32,45.39544434,-75.72940719,6870
20--6777,9/2/2020,1:29 PM,COVENTRY RD @ VANIER PKWY (0002139),2139,02 - Intersection related,03 - P.D. only,03 - Rear end,01 - Clear,01 - Daylight,01 - Dry,01 - Traffic signal,01 - Functioning,2,0,0,0,,0,,,,,370676.3895,5031611.698,45.42133818,-75.65822558,6871
20--6778,9/2/2020,11:19 AM,LEITRIM RD @ LIMEBANK RD (0012318),12318,02 - Intersection related,03 - P.D. only,03 - Rear end,01 - Clear,01 - Daylight,01 - Dry,01 - Traffic signal,01 - Functioning,2,0,0,0,,0,,,,,369321.624,5017960.093,45.29863104,-75.67731722,6872
20--6779,9/2/2020,11:20 AM,RIVER RD btwn ROYAL PALM CRES & RIDEAU FOREST DR (__3ZA381),__3ZA381,01 - Non intersection,03 - P.D. only,05 - Turning movement,01 - Clear,01 - Daylight,01 - Dry,10 - No control,,2,0,0,0,,0,,,,,370473.1577,5009205.89,45.2197553,-75.66379322,6873
20--678,1/16/2020,11:09 AM,LAURIER AVE   E btwn LAURIER AVE W & NICHOLAS ST (__3E4JGF),__3E4JGF,01 - Non intersection,02 - Non-fatal injury,07 - SMV other,01 - Clear,01 - Daylight,02 - Wet,10 - No control,,1,0,0,0,02 - Minor,1,,1,,,368356.3518,5031787.847,45.42313772,-75.68784546,6874
20--6780,9/2/2020,Unknown,DAVIDSON DR btwn DAVIDSON CRES & BECKENHAM LANE (__3ZA79B),__3ZA79B,01 - Non intersection,03 - P.D. only,06 - SMV unattended vehicle,01 - Clear,00 - Unknown,01 - Dry,10 - No control,,1,0,0,0,,0,,,,,374429.4338,5034746.748,45.44918217,-75.6098311,6875
20--6781,9/2/2020,12:50 PM,HIGHWAY 417 btwn HWY417 IC122 RAMP51 & HWY417 IC122 RAMP15 (__3ZA2R0),__3ZA2R0,01 - Non intersection,03 - P.D. only,03 - Rear end,01 - Clear,01 - Daylight,01 - Dry,10 - No control,,2,0,0,0,,0,,,,,365446.6005,5028951.374,45.39787415,-75.72537317,6876
20--6782,9/2/2020,2:00 PM,ST. JOSEPH BLVD btwn OR174 IC101 RAMP63 & OR174 IC101 RAMP45 (__3ZA1V2),__3ZA1V2,01 - Non intersection,03 - P.D. only,04 - Sideswipe,01 - Clear,01 - Daylight,01 - Dry,10 - No control,,2,0,0,0,,0,,,,,383125.8823,5038791.036,45.48464861,-75.49802407,6877
20--6783,9/2/2020,2:20 PM,ALBION RD @ BANK ST (0012409),12409,03 - At intersection,03 - P.D. only,02 - Angle,01 - Clear,01 - Daylight,01 - Dry,01 - Traffic signal,01 - Functioning,2,0,0,0,,0,,,,,371946.7314,5024129.511,45.35389565,-75.64301281,6878
20--6784,9/2/2020,2:43 PM,GREENBANK RD @ STRANDHERD DR (0005563),5563,02 - Intersection related,02 - Non-fatal injury,03 - Rear end,01 - Clear,01 - Daylight,01 - Dry,01 - Traffic signal,01 - Functioning,2,0,0,0,01 - Minimal,1,1,,,,363933.6728,5014784.423,45.27053053,-75.74638848,6879
20--6785,9/2/2020,3:00 PM,HIGHWAY 417 btwn HWY417 IC126 RAMP25 & HWY417 IC124 RAMP57 (__3ZA2R5),__3ZA2R5,01 - Non intersection,03 - P.D. only,03 - Rear end,01 - Clear,01 - Daylight,01 - Dry,10 - No control,,2,0,0,0,,0,,,,,363634.9711,5026459.078,45.37560345,-75.74880781,6880
20--6786,9/2/2020,3:21 PM,HIGHWAY 7 btwn RAMP & DWYER HILL RD (__7JQ7LW),__7JQ7LW,01 - Non intersection,03 - P.D. only,99 - Other,01 - Clear,01 - Daylight,01 - Dry,10 - No control,,3,0,0,0,,0,,,,,340631.0092,5006617.397,45.1986124,-76.04393803,6881
20--6787,9/2/2020,3:28 PM,BRIAN COBURN BLVD @ MER BLEUE RD (0014363),14363,02 - Intersection related,02 - Non-fatal injury,03 - Rear end,01 - Clear,01 - Daylight,01 - Dry,11 - Roundabout,00 - Unknown,4,0,0,0,01 - Minimal,3,3,,,,383150.8189,5034441.164,45.44550953,-75.49839849,6882
20--6788,9/2/2020,3:30 PM,REGIONAL ROAD 174 btwn OR174 IC105 RAMP35 & OR174 IC105 RAMP25 (__3ZA27E),__3ZA27E,01 - Non intersection,02 - Non-fatal injury,03 - Rear end,01 - Clear,01 - Daylight,01 - Dry,10 - No control,,2,0,0,0,01 - Minimal,1,1,,,,379540.1855,5037075.404,45.46960582,-75.54414819,6883
20--6789,9/2/2020,3:32 PM,DALHOUSIE ST btwn RIDEAU ST & BESSERER ST (__3ZBOX9),__3ZBOX9,01 - Non intersection,03 - P.D. only,04 - Sideswipe,01 - Clear,01 - Daylight,01 - Dry,10 - No control,,2,0,0,0,,0,,,,,368227.3769,5032196.541,45.42682672,-75.68944077,6884
20--679,1/16/2020,11:22 AM,BANK ST @ WALKLEY RD (0011423),11423,02 - Intersection related,03 - P.D. only,04 - Sideswipe,01 - Clear,01 - Daylight,02 - Wet,01 - Traffic signal,01 - Functioning,2,0,0,0,,0,,,,,370337.8569,5025947.729,45.37040763,-75.66330337,6885
20--6790,9/2/2020,5:10 PM,WINDWAYS CRES btwn BRIDGESTONE DR & BRIDGESTONE DR (__3ZAZ16),__3ZAZ16,01 - Non intersection,03 - P.D. only,06 - SMV unattended vehicle,01 - Clear,01 - Daylight,01 - Dry,10 - No control,,1,0,0,0,,0,,,,,355123.9592,5015416.623,45.27690482,-75.85858949,6886
20--6791,9/2/2020,5:15 PM,REGIONAL ROAD 174 btwn OR174 IC112 RAMP36 & OR174 IC112 RAMP26 (__3ZAZFK),__3ZAZFK,01 - Non intersection,03 - P.D. only,04 - Sideswipe,01 - Clear,01 - Daylight,01 - Dry,10 - No control,,2,0,0,0,,0,,,,,374729.7339,5032792.022,45.43156467,-75.60627016,6887
20--6792,9/2/2020,6:21 PM,BRIAN COBURN BLVD btwn FERN CASEY ST & NAVAN RD (e___2IA8),e___2IA8,01 - Non intersection,03 - P.D. only,07 - SMV other,02 - Rain,01 - Daylight,02 - Wet,10 - No control,,1,0,0,0,,0,,,,,381454.137,5033181.271,45.43436212,-75.52028109,6888
20--6793,9/2/2020,6:24 PM,RICHMOND RD btwn PERTH ST & CAMBRIAN RD (__3ZAB98),__3ZAB98,01 - Non intersection,03 - P.D. only,07 - SMV other,02 - Rain,01 - Daylight,02 - Wet,10 - No control,,1,0,0,0,,0,,,,,358994.7893,5008236.81,45.21201182,-75.81003932,6889
20--6794,9/2/2020,6:30 AM,HIGHWAY 417 btwn HWY417 IC124 RAMP65 & HWY417 IC122 RAMP51 (__3ZA2R8),__3ZA2R8,01 - Non intersection,03 - P.D. only,03 - Rear end,01 - Clear,03 - Dawn,01 - Dry,10 - No control,,2,0,0,0,,0,,,,,364976.2398,5028403.053,45.39298106,-75.73144733,6890
20--6795,9/2/2020,6:50 AM,ST. LAURENT BLVD btwn TO BE DETERMINED & RUSSELL RD (__3ZA776),__3ZA776,04 - At/near private drive,03 - P.D. only,02 - Angle,01 - Clear,03 - Dawn,01 - Dry,10 - No control,,2,0,0,0,,0,,,,,373517.9725,5029183.142,45.39921385,-75.62225832,6891
20--6796,9/2/2020,7:15 AM,HIGHWAY 417 btwn HWY417 IC124 RAMP76 & HWY417 IC124 RAMP67 (__3ZA2R7),__3ZA2R7,01 - Non intersection,03 - P.D. only,04 - Sideswipe,01 - Clear,01 - Daylight,01 - Dry,10 - No control,,2,0,0,0,,0,,,,,364157.5559,5027186.288,45.3821027,-75.74204873,6892
20--6797,9/2/2020,7:53 AM,ECHO DR btwn BANK ST & RIVERDALE AVE (__3ZA9K2),__3ZA9K2,01 - Non intersection,03 - P.D. only,07 - SMV other,01 - Clear,01 - Daylight,01 - Dry,10 - No control,,1,0,0,0,,0,,,,,369096.3952,5029047.942,45.39841739,-75.67874717,6893
20--6798,9/2/2020,9:07 AM,BRONSON AVE @ SOMERSET ST (0002218),2218,02 - Intersection related,03 - P.D. only,04 - Sideswipe,01 - Clear,01 - Daylight,01 - Dry,01 - Traffic signal,01 - Functioning,2,0,0,0,,0,,,,,366967.6936,5030476.576,45.41146409,-75.70575411,6894
20--6799,9/2/2020,9:30 PM,MARCH RD btwn HERZBERG RD & CORKSTOWN RD (__3ZA2XV),__3ZA2XV,01 - Non intersection,03 - P.D. only,07 - SMV other,01 - Clear,07 - Dark,01 - Dry,10 - No control,,1,0,0,0,,0,,,,,352469.7244,5021320.474,45.33021404,-75.89184968,6895
20--68,1/3/2020,Unknown,OWL VALLEY DR btwn Continuation of OWL VALLEY DR & Continuation of OWL (__3ZA1JD),__3ZA1JD,01 - Non intersection,03 - P.D. only,06 - SMV unattended vehicle,01 - Clear,00 - Unknown,01 - Dry,10 - No control,,1,0,0,0,,0,,,,,368418.9761,5015856.099,45.2797819,-75.68909508,6896
20--680,1/16/2020,11:34 AM,BOURASSA ST @ ST. LAURENT BLVD (0007731),7731,02 - Intersection related,03 - P.D. only,04 - Sideswipe,01 - Clear,01 - Daylight,02 - Wet,01 - Traffic signal,01 - Functioning,3,0,0,0,,0,,,,,373236.7326,5029693.554,45.40383385,-75.62577938,6897
20--6800,9/3/2020,1:14 PM,MUNSTER RD btwn FALLOWFIELD RD & BILTMORE CRES (__4LVLPX),__4LVLPX,01 - Non intersection,03 - P.D. only,07 - SMV other,01 - Clear,01 - Daylight,01 - Dry,10 - No control,,1,0,0,0,,0,,,,,347437.5467,5004612.259,45.18019033,-75.95747852,6898
20--6801,9/3/2020,1:17 PM,BRIAN COBURN BLVD @ MER BLEUE RD (0014363),14363,03 - At intersection,03 - P.D. only,02 - Angle,01 - Clear,01 - Daylight,01 - Dry,11 - Roundabout,01 - Functioning,2,0,0,0,,0,,,,,383150.8189,5034441.164,45.44550953,-75.49839849,6899
20--6802,9/3/2020,1:51 PM,MARAVISTA DR @ STRANDHERD DR (0013565),13565,02 - Intersection related,03 - P.D. only,03 - Rear end,01 - Clear,01 - Daylight,01 - Dry,01 - Traffic signal,01 - Functioning,2,0,0,0,,0,,,,,361288.4381,5014584.958,45.26895318,-75.78011984,6900
20--6894,9/7/2020,2:00 PM,INNES RD btwn INDUSTRIAL AVE & BANTREE ST (__3ZA2XQ),__3ZA2XQ,01 - Non intersection,03 - P.D. only,07 - SMV other,01 - Clear,01 - Daylight,01 - Dry,10 - No control,,1,0,0,0,,0,,,,,373223.577,5030077.81,45.4072925,-75.62589409,6901
20--6895,9/7/2020,3:59 PM,SLATER ST btwn ALBERT ST & COMMISSIONER ST (__3ZA33W),__3ZA33W,01 - Non intersection,03 - P.D. only,04 - Sideswipe,02 - Rain,01 - Daylight,02 - Wet,10 - No control,,2,0,0,0,,0,,,,,366720.7217,5030880.011,45.41511598,-75.7088584,6902
20--6896,9/7/2020,4:20 PM,HWY417 IC118 RAMP52 btwn HWY417 IC118 RAMP57 & HWY417 IC118 RAMP62 (__6KCF0O),__6KCF0O,01 - Non intersection,03 - P.D. only,03 - Rear end,01 - Clear,01 - Daylight,01 - Dry,10 - No control,,2,0,1,0,,0,,,,,369208.9419,5031252.095,45.41823924,-75.6770218,6903
20--6897,9/7/2020,5:34 PM,CARLING AVE @ MERIVALE RD (0002148),2148,02 - Intersection related,03 - P.D. only,03 - Rear end,01 - Clear,01 - Daylight,02 - Wet,01 - Traffic signal,01 - Functioning,2,0,0,0,,0,,,,,364894.6948,5027700.541,45.386667,-75.73257425,6904
20--6898,9/7/2020,9:29 PM,BANK ST @ CHAMBERLAIN AVE N/ISABELLA ST (0002132),2132,03 - At intersection,02 - Non-fatal injury,02 - Angle,01 - Clear,07 - Dark,01 - Dry,01 - Traffic signal,01 - Functioning,2,0,0,0,02 - Minor,2,,2,,,368082.7027,5030166.564,45.40857476,-75.69155012,6905
20--6899,9/8/2020,10:05 AM,HIGHWAY 417 btwn Continuation of HIGHWAY 417 & HWY417 IC134 RAMP51 (__3ZA29B),__3ZA29B,01 - Non intersection,03 - P.D. only,04 - Sideswipe,01 - Clear,01 - Daylight,01 - Dry,10 - No control,,2,0,0,0,,0,,,,,355043.1955,5021435.176,45.33106663,-75.85900878,6906
20--69,1/3/2020,12:00 PM,TERRY FOX DR btwn 329 N OF CAMPEAU DR/SIGNATURE CENTRE & CAMPEAU DR (__49GU9G),__49GU9G,04 - At/near private drive,02 - Non-fatal injury,02 - Angle,01 - Clear,01 - Daylight,02 - Wet,10 - No control,,2,0,0,0,01 - Minimal,1,1,,,,350280.2669,5019037.615,45.3098176,-75.91999001,6907
20--690,1/16/2020,3:05 PM,HIGHWAY 416 btwn HWY416 IC66 RAMP62 & HWY416 IC72 RAMP24 (__3ZAZMZ),__3ZAZMZ,01 - Non intersection,03 - P.D. only,07 - SMV other,01 - Clear,01 - Daylight,01 - Dry,10 - No control,,1,0,0,0,,0,,,,,359421.8299,5015835.568,45.28035378,-75.80376823,6908
20--6900,9/8/2020,10:45 AM,RIVERSIDE DR @ HERON RD (0002236),2236,02 - Intersection related,03 - P.D. only,03 - Rear end,01 - Clear,01 - Daylight,01 - Dry,01 - Traffic signal,01 - Functioning,2,0,0,0,,0,,,,,368121.1154,5026647.224,45.3769053,-75.6915111,6909
20--6901,9/8/2020,11:00 AM,INNES RD @ JEANNE D'ARC BLVD/MER BLEUE RD (0012475),12475,02 - Intersection related,03 - P.D. only,03 - Rear end,01 - Clear,01 - Daylight,01 - Dry,01 - Traffic signal,01 - Functioning,2,0,0,0,,0,,,,,382637.7504,5035567.554,45.45570115,-75.50477809,6910
20--6902,9/8/2020,11:00 AM,HWY 417 ST.LAURE IC115R51 @ ST. LAURENT BLVD (0002712),2712,03 - At intersection,03 - P.D. only,03 - Rear end,01 - Clear,01 - Daylight,01 - Dry,01 - Traffic signal,01 - Functioning,2,0,0,0,,0,,,,,372530.7234,5031410.559,45.41935135,-75.63456107,6911
20--6903,9/8/2020,11:44 AM,MERIVALE RD btwn CLYDE AVE & GILBEY DR (__3ZA4HD),__3ZA4HD,01 - Non intersection,03 - P.D. only,04 - Sideswipe,01 - Clear,01 - Daylight,01 - Dry,10 - No control,,2,0,0,0,,0,,,,,364583.8391,5024551.709,45.35836092,-75.73692474,6912
20--6904,9/8/2020,Unknown,WELLINGTON ST    W btwn GRANVILLE AVE & GILCHRIST AVE (__3ZA4P3),__3ZA4P3,01 - Non intersection,03 - P.D. only,06 - SMV unattended vehicle,01 - Clear,00 - Unknown,01 - Dry,10 - No control,,1,0,0,0,,0,,,,,364399.5785,5028985.822,45.39827402,-75.73874121,6913
20--6905,9/8/2020,Unknown,D'AOUST AVE btwn CHILLIWACK WAY & TIMBERMILL ST (__3ZA8PO),__3ZA8PO,01 - Non intersection,03 - P.D. only,06 - SMV unattended vehicle,01 - Clear,00 - Unknown,01 - Dry,10 - No control,,1,0,0,0,,0,,,,,372341.0818,5023541.235,45.34856468,-75.63806068,6914
20--6906,9/8/2020,12:30 PM,HANNAH ST btwn CARILLON ST & DESCHAMPS AVE (__3ZA8UZ),__3ZA8UZ,04 - At/near private drive,03 - P.D. only,02 - Angle,01 - Clear,01 - Daylight,01 - Dry,10 - No control,,2,0,0,0,,0,,,,,370158.6626,5033364.367,45.43715653,-75.66460782,6915
20--6907,9/8/2020,12:45 PM,BELFAST RD @ ST. LAURENT BLVD (0007658),7658,02 - Intersection related,03 - P.D. only,05 - Turning movement,01 - Clear,01 - Daylight,01 - Dry,01 - Traffic signal,01 - Functioning,2,0,0,0,,0,,,,,372860.7256,5030578.559,45.41183338,-75.63045981,6916
20--6908,9/8/2020,2:15 PM,CHAPMAN MILLS DR btwn LEAMINGTON WAY & TEMAGAMI DR (__61W6PK),__61W6PK,01 - Non intersection,03 - P.D. only,06 - SMV unattended vehicle,01 - Clear,01 - Daylight,01 - Dry,10 - No control,,1,0,0,0,,0,,,,,365251.9041,5014791.348,45.27048076,-75.72958934,6917
20--6909,9/8/2020,2:35 PM,GREENBANK RD btwn JOCKVALE RD & CAMBRIAN RD (__3ZA2WE),__3ZA2WE,01 - Non intersection,03 - P.D. only,03 - Rear end,01 - Clear,01 - Daylight,01 - Dry,10 - No control,,2,0,0,0,,0,,,,,364291.5112,5013942.774,45.26292718,-75.74192933,6918
20--691,1/16/2020,3:23 AM,FRANK KENNY RD btwn GIROUX RD & COLONIAL RD (__3ZA6T8),__3ZA6T8,01 - Non intersection,03 - P.D. only,07 - SMV other,03 - Snow,07 - Dark,03 - Loose snow,10 - No control,,1,0,0,0,,0,,,,,390124.6621,5032236.245,45.42485562,-75.40964574,6919
20--6910,9/8/2020,2:50 PM,9TH LINE RD @ MARVELVILLE RD (0001710),1710,03 - At intersection,02 - Non-fatal injury,02 - Angle,01 - Clear,01 - Daylight,01 - Dry,02 - Stop sign,01 - Functioning,2,0,0,0,02 - Minor,3,,3,,,389436.797,5006525.372,45.19361493,-75.42282532,6920