Anom_ID,Accident_Date,Accident_Time,Location,Geo_ID,Accident_Location,Classification_of_Accident,Initial_Impact_Type,Environment_Condition,Light,Road_Surface_Condition,Traffic_Control,Traffic_Control_Condition,No__of_Vehicles,No__of_Bicycles,No__of_Motorcycles,No__of_Pedestrians,Max_Injury,No__of_Injuries,No__of_Minimal,No__of_Minor,No__of_Major,No__of_Fatal,X,Y,Latitude,Longitude,ObjectId
20--6911,9/8/2020,3:09 PM,WEST HUNT CLUB RD @ 545 E OF ROYDON PL/SUNDERLAND ST (0010375),10375,02 - Intersection related,03 - P.D. only,02 - Angle,02 - Rain,01 - Daylight,02 - Wet,01 - Traffic signal,01 - Functioning,2,0,0,0,,0,,,,,366352.7087,5022407.507,45.3389147,-75.71461603,6921
20--6912,9/8/2020,3:30 PM,EASTVALE DR S @ OGILVIE RD (0009416),9416,02 - Intersection related,03 - P.D. only,04 - Sideswipe,01 - Clear,01 - Daylight,01 - Dry,01 - Traffic signal,01 - Functioning,2,0,0,0,,0,,,,,375466.7406,5035025.595,45.45158695,-75.59653137,6922
20--6913,9/8/2020,3:30 PM,BRONSON AVE btwn PLYMOUTH ST & RENFREW AVE (__3ZA3B1),__3ZA3B1,04 - At/near private drive,03 - P.D. only,04 - Sideswipe,01 - Clear,01 - Daylight,01 - Dry,10 - No control,,2,0,0,0,,0,,,,,367332.4197,5029610.069,45.40363502,-75.70120478,6923
20--6914,9/8/2020,3:49 PM,GREENBANK RD @ 220 N OF STRANDHERD DR (0010452),10452,02 - Intersection related,03 - P.D. only,03 - Rear end,01 - Clear,01 - Daylight,01 - Dry,01 - Traffic signal,01 - Functioning,2,0,0,0,,0,,,,,363848.3943,5014984.384,45.27233695,-75.74745141,6924
20--6915,9/8/2020,4:00 PM,RICHMOND RD @ HOLLY ACRES RD/NANAIMO DR (0001068),1068,02 - Intersection related,03 - P.D. only,03 - Rear end,02 - Rain,01 - Daylight,02 - Wet,01 - Traffic signal,01 - Functioning,2,0,0,0,,0,,,,,359058.669,5022748.507,45.34258505,-75.8076399,6925
20--6916,9/8/2020,4:00 PM,ALTA VISTA DR @ RANDALL AVE (0008072),8072,02 - Intersection related,03 - P.D. only,03 - Rear end,01 - Clear,01 - Daylight,01 - Dry,01 - Traffic signal,01 - Functioning,2,0,0,0,,0,,,,,370408.7173,5027366.553,45.38316711,-75.66221032,6926
20--6917,9/8/2020,4:06 PM,RUSSELL AVE @ TEMPLETON ST (0007310),7310,03 - At intersection,02 - Non-fatal injury,02 - Angle,02 - Rain,01 - Daylight,02 - Wet,02 - Stop sign,01 - Functioning,2,0,0,0,02 - Minor,1,,1,,,369360.7102,5031686.579,45.42213458,-75.67502587,6927
20--6918,9/8/2020,4:10 PM,LIMEBANK RD btwn EARL ARMSTRONG RD & RIDEAU RD (__3ZA6L5),__3ZA6L5,04 - At/near private drive,03 - P.D. only,03 - Rear end,02 - Rain,01 - Daylight,02 - Wet,10 - No control,,2,0,0,0,,0,,,,,370585.7772,5014829.285,45.27034339,-75.66161542,6928
20--6919,9/8/2020,4:15 PM,WOODROFFE AVE @ HWY 417 WOODROFF IC127R26/HWY4 (0002355),2355,02 - Intersection related,03 - P.D. only,03 - Rear end,02 - Rain,01 - Daylight,02 - Wet,01 - Traffic signal,00 - Unknown,2,0,0,0,,0,,,,,362082.6866,5024939.517,45.3620592,-75.7688016,6929
20--692,1/16/2020,3:30 PM,HAMILTON AVE @ TYNDALL ST (0005623),5623,03 - At intersection,03 - P.D. only,02 - Angle,01 - Clear,01 - Daylight,01 - Dry,02 - Stop sign,01 - Functioning,2,0,0,0,,0,,,,,365186.7032,5028981.56,45.39816822,-75.72868879,6930
20--6920,9/8/2020,4:25 PM,INNES RD @ STAR TOP RD/WINDMILL LANE (0008734),8734,02 - Intersection related,03 - P.D. only,03 - Rear end,01 - Clear,01 - Daylight,01 - Dry,01 - Traffic signal,01 - Functioning,2,0,0,0,,0,,,,,374147.7266,5030666.564,45.41249886,-75.61400673,6931
20--6921,9/8/2020,4:29 PM,SEGUIN ST @ BLAIR RD (0009284),9284,02 - Intersection related,03 - P.D. only,07 - SMV other,01 - Clear,01 - Daylight,01 - Dry,02 - Stop sign,00 - Unknown,1,0,0,0,,0,,,,,374079.7083,5034284.604,45.44505881,-75.61436666,6932
20--6922,9/8/2020,5:00 PM,PRINCE OF WALES DR btwn RIDEAU SHORE CRT & COLONNADE RD (__3ZBPHP),__3ZBPHP,01 - Non intersection,03 - P.D. only,03 - Rear end,02 - Rain,01 - Daylight,02 - Wet,10 - No control,,2,0,0,0,,0,,,,,367349.9616,5023367.014,45.34745996,-75.70177146,6933
20--6923,9/8/2020,5:04 PM,PRINCE OF WALES DR @ FAIRCHILD PRIV (0003171),3171,03 - At intersection,03 - P.D. only,02 - Angle,02 - Rain,01 - Daylight,02 - Wet,02 - Stop sign,01 - Functioning,2,0,0,0,,0,,,,,367080.3944,5026862.787,45.37893816,-75.70477062,6934
20--6924,9/8/2020,5:04 PM,STRANDHERD BRIDGE (VIMY MEMORIAL BRIDGE) btwn PRINCE OF WALES DR & RIVER RD (e___2H44),e___2H44,07 - Overpass or bridge,03 - P.D. only,03 - Rear end,02 - Rain,01 - Daylight,02 - Wet,10 - No control,,2,0,0,0,,0,,,,,367364.03,5014758.258,45.26999829,-75.70267874,6935
20--6925,9/8/2020,5:19 PM,BEARBROOK RD btwn Continuation of BEARBROOK RD & WESTPARK DR (__3ZA2AA),__3ZA2AA,01 - Non intersection,03 - P.D. only,07 - SMV other,02 - Rain,01 - Daylight,02 - Wet,10 - No control,,1,0,0,0,,0,,,,,377269.3649,5033903.563,45.44130705,-75.57365322,6936
20--6926,9/8/2020,5:28 PM,RICHARDSON SIDE RD btwn CARP RD & OAK CREEK RD (__3ZAC40),__3ZAC40,01 - Non intersection,02 - Non-fatal injury,07 - SMV other,02 - Rain,01 - Daylight,02 - Wet,10 - No control,,1,0,0,0,02 - Minor,1,,1,,,347039.3366,5017937.508,45.30012086,-75.96141345,6937
20--6927,9/8/2020,5:34 PM,NIXON DR btwn BUCKLES ST & DALMENY RD (__3ZA726),__3ZA726,01 - Non intersection,03 - P.D. only,07 - SMV other,02 - Rain,01 - Daylight,02 - Wet,10 - No control,,1,0,0,0,,0,,,,,374981.6475,4999131.086,45.12866896,-75.60781075,6938
20--6928,9/8/2020,5:42 PM,RICHMOND RD btwn PERTH ST & CAMBRIAN RD (__3ZAB98),__3ZAB98,01 - Non intersection,03 - P.D. only,07 - SMV other,02 - Rain,01 - Daylight,02 - Wet,10 - No control,,1,0,0,0,,0,,,,,359024.6729,5008470.017,45.21410797,-75.8096335,6939
20--6929,9/8/2020,6:00 PM,INNES RD @ TENTH LINE RD (0004633),4633,02 - Intersection related,03 - P.D. only,03 - Rear end,02 - Rain,01 - Daylight,02 - Wet,01 - Traffic signal,01 - Functioning,2,0,0,0,,0,,,,,383951.7608,5036159.556,45.46087984,-75.48788467,6940
20--693,1/16/2020,3:30 PM,HUNT CLUB RD @ CANADAIR PRIV (0010852),10852,03 - At intersection,03 - P.D. only,05 - Turning movement,01 - Clear,01 - Daylight,04 - Slush,01 - Traffic signal,01 - Functioning,2,0,0,0,,0,,,,,368662.7211,5022311.49,45.3378443,-75.68515668,6941
20--6930,9/8/2020,6:30 AM,BANK ST @ RIVERDALE AVE (0007210),7210,02 - Intersection related,02 - Non-fatal injury,03 - Rear end,01 - Clear,03 - Dawn,01 - Dry,01 - Traffic signal,01 - Functioning,2,0,0,0,01 - Minimal,3,3,,,,369077.5357,5028116.93,45.39004218,-75.67910933,6942
20--6931,9/8/2020,7:22 AM,BANK ST @ ROTARY WAY (0013660),13660,02 - Intersection related,03 - P.D. only,03 - Rear end,01 - Clear,01 - Daylight,01 - Dry,01 - Traffic signal,01 - Functioning,2,0,0,0,,0,,,,,375523.5441,5021226.117,45.32742054,-75.59778288,6943
20--6932,9/8/2020,8:20 PM,TENTH LINE RD btwn 275 N OF DES EPINETTES AVE/FALLINGBROOK SC & DES EP (__3ZA3YNB),__3ZA3YNB,04 - At/near private drive,02 - Non-fatal injury,02 - Angle,01 - Clear,07 - Dark,01 - Dry,10 - No control,,2,1,0,0,02 - Minor,1,,1,,,383588.3351,5037021.657,45.46867733,-75.49239289,6944
20--6933,9/8/2020,8:30 AM,BLOHM DR @ HUNT CLUB RD (0011392),11392,02 - Intersection related,03 - P.D. only,03 - Rear end,01 - Clear,01 - Daylight,01 - Dry,01 - Traffic signal,01 - Functioning,2,0,0,0,,0,,,,,375129.7311,5026189.516,45.37211863,-75.60210023,6945
20--6934,9/8/2020,8:55 AM,HWY 7 HAZELDEAN RD IC RAMP 24 btwn HIGHWAY 7 & HAZELDEAN RD (__7JQ7J5),__7JQ7J5,01 - Non intersection,03 - P.D. only,07 - SMV other,01 - Clear,01 - Daylight,01 - Dry,10 - No control,,1,0,1,0,,0,,,,,346551.2617,5012144.676,45.24802379,-75.96812369,6946
20--6935,9/9/2020,1:50 PM,WINDERMERE AVE btwn KEENAN AVE & DOVERCOURT AVE (__3ZA0QP),__3ZA0QP,04 - At/near private drive,03 - P.D. only,06 - SMV unattended vehicle,01 - Clear,01 - Daylight,01 - Dry,10 - No control,,1,0,0,0,,0,,,,,362512.578,5026994.019,45.38051013,-75.76307456,6947
20--6936,9/9/2020,11:29 AM,ELGIN ST @ WELLINGTON ST W (0002113),2113,02 - Intersection related,03 - P.D. only,03 - Rear end,01 - Clear,01 - Daylight,01 - Dry,01 - Traffic signal,01 - Functioning,2,0,0,0,,0,,,,,367664.7047,5031877.574,45.42400755,-75.69667134,6948
20--6937,9/9/2020,Unknown,BANTREE ST btwn OLD INNES RD & EDINBURGH PL (__3ZA78D),__3ZA78D,01 - Non intersection,03 - P.D. only,06 - SMV unattended vehicle,01 - Clear,00 - Unknown,01 - Dry,10 - No control,,1,0,0,0,,0,,,,,373863.8347,5030042.855,45.40691511,-75.61772071,6949
20--6938,9/9/2020,12:30 PM,OLD INNES RD @ BANTREE ST (0007674),7674,02 - Intersection related,03 - P.D. only,04 - Sideswipe,01 - Clear,01 - Daylight,01 - Dry,02 - Stop sign,01 - Functioning,3,0,0,0,,0,,,,,373727.7311,5030352.557,45.40971507,-75.6194159,6950
20--6939,9/9/2020,2:00 PM,SIMARD DR btwn BROUSSEAU CRES & BROUSSEAU CRES (__3ZA628),__3ZA628,01 - Non intersection,03 - P.D. only,06 - SMV unattended vehicle,01 - Clear,01 - Daylight,02 - Wet,10 - No control,,1,0,0,0,,0,,,,,381391.0319,5035218.108,45.45269488,-75.5207705,6951
20--694,1/16/2020,3:40 PM,DONNELLY DR @ MERLYN WILSON RD (0003644),3644,03 - At intersection,02 - Non-fatal injury,02 - Angle,01 - Clear,01 - Daylight,01 - Dry,02 - Stop sign,01 - Functioning,2,0,0,0,03 - Major,1,,,1,,369253.6857,4990842.211,45.05462994,-75.68168593,6952
20--6940,9/9/2020,2:10 AM,ALTHA AVE @ MONTREAL RD (0009344),9344,03 - At intersection,03 - P.D. only,02 - Angle,01 - Clear,07 - Dark,01 - Dry,02 - Stop sign,01 - Functioning,2,0,0,0,,0,,,,,370621.7116,5033374.59,45.43720508,-75.65868856,6953
20--6941,9/9/2020,2:11 PM,HIGHWAY 417 btwn HWY417 IC122 RAMP51 & HWY417 IC122 RAMP15 (__3ZA2R0),__3ZA2R0,01 - Non intersection,03 - P.D. only,03 - Rear end,01 - Clear,01 - Daylight,01 - Dry,10 - No control,,2,0,0,0,,0,,,,,365387.641,5028911.306,45.39751874,-75.7261311,6954
20--6942,9/9/2020,2:38 PM,ST. LAURENT BLVD @ TREMBLAY RD (0002573),2573,02 - Intersection related,02 - Non-fatal injury,03 - Rear end,01 - Clear,01 - Daylight,01 - Dry,01 - Traffic signal,01 - Functioning,2,0,0,0,01 - Minimal,1,1,,,,372595.716,5031241.582,45.41782468,-75.63375396,6955
20--6943,9/9/2020,2:48 PM,KING EDWARD AVE @ ST. PATRICK ST (0002714),2714,03 - At intersection,02 - Non-fatal injury,07 - SMV other,01 - Clear,01 - Daylight,01 - Dry,01 - Traffic signal,01 - Functioning,1,0,0,1,02 - Minor,1,,1,,,368248.0787,5032823.854,45.43246918,-75.68909541,6956
20--6944,9/9/2020,2:52 AM,ROCKDALE RD @ RUSSLAND RD/HIGHWAY LANE (0012437),12437,02 - Intersection related,02 - Non-fatal injury,07 - SMV other,01 - Clear,07 - Dark,01 - Dry,02 - Stop sign,00 - Unknown,1,0,0,0,02 - Minor,1,,1,,,395330.8773,5022984.44,45.34096472,-75.34482594,6957
20--6945,9/9/2020,3:15 PM,HIGHWAY 417 btwn HWY417 IC124 RAMP57 & HWY417 IC124 RAMP55 (__3ZA2Y1),__3ZA2Y1,01 - Non intersection,03 - P.D. only,03 - Rear end,01 - Clear,01 - Daylight,01 - Dry,10 - No control,,2,0,0,0,,0,,,,,364380.7423,5027443.451,45.38439766,-75.73916802,6958
20--6946,9/9/2020,3:32 PM,HIGHWAY 417 btwn HWY417 IC118 RAMP35 & HWY417 IC117 RAMP51 (__3ZA2YP),__3ZA2YP,01 - Non intersection,03 - P.D. only,04 - Sideswipe,01 - Clear,01 - Daylight,01 - Dry,10 - No control,,2,0,0,0,,0,,,,,369904.3068,5031130.455,45.41708042,-75.66815386,6959
20--6947,9/9/2020,4:31 PM,MERIVALE RD btwn KIMWAY CRES & LOBLAWS SC (__3ZA4IOB),__3ZA4IOB,01 - Non intersection,03 - P.D. only,04 - Sideswipe,01 - Clear,01 - Daylight,01 - Dry,10 - No control,,2,0,0,0,,0,,,,,364744.5835,5024829.812,45.36084953,-75.73483947,6960
20--6948,9/9/2020,4:50 PM,DUMAURIER AVE btwn RAMSEY CRES & WATSON ST (__3ZAA4R),__3ZAA4R,01 - Non intersection,03 - P.D. only,05 - Turning movement,02 - Rain,01 - Daylight,02 - Wet,10 - No control,,2,0,0,0,,0,,,,,360206.3469,5023762.65,45.35162059,-75.79288262,6961
20--6949,9/9/2020,4:52 PM,STONEHAVEN DR btwn EAGLESON RD & BLUEMEADOW WAY (__3ZACLD),__3ZACLD,04 - At/near private drive,03 - P.D. only,02 - Angle,02 - Rain,01 - Daylight,02 - Wet,10 - No control,,2,0,0,0,,0,,,,,354460.9844,5016654.659,45.28809209,-75.86691511,6962
20--695,1/16/2020,3:44 AM,EAGLESON RD @ MICHAEL COWPLAND DR/STONEHAVEN D (0003544),3544,02 - Intersection related,02 - Non-fatal injury,07 - SMV other,03 - Snow,07 - Dark,05 - Packed snow,01 - Traffic signal,01 - Functioning,1,0,0,0,01 - Minimal,1,1,,,,354382.6279,5016623.438,45.28781669,-75.86791707,6963
20--6950,9/9/2020,4:55 PM,HWY417 IC117 RAMP51 btwn HIGHWAY 417 & HWY417 IC117 RAMP53 (__3ZAY9J),__3ZAY9J,01 - Non intersection,03 - P.D. only,03 - Rear end,02 - Rain,01 - Daylight,02 - Wet,10 - No control,,2,0,0,0,,0,,,,,370673.1729,5031056.513,45.41634315,-75.6583409,6964
20--6951,9/9/2020,5:00 PM,OGILVIE RD @ MATHESON RD/PALMERSTON DR (0012348),12348,02 - Intersection related,03 - P.D. only,99 - Other,02 - Rain,01 - Daylight,02 - Wet,01 - Traffic signal,01 - Functioning,2,0,0,0,,0,,,,,373380.1988,5032535.915,45.42939399,-75.62355137,6965
20--6952,9/9/2020,6:17 PM,CAHILL DR @ MCCARTHY RD (0007022),7022,02 - Intersection related,03 - P.D. only,99 - Other,02 - Rain,01 - Daylight,02 - Wet,02 - Stop sign,01 - Functioning,2,0,0,0,,0,,,,,370271.725,5023735.507,45.35050891,-75.66444061,6966
20--6953,9/9/2020,8:28 PM,BANK ST @ LISGAR ST (0006952),6952,02 - Intersection related,02 - Non-fatal injury,03 - Rear end,01 - Clear,07 - Dark,02 - Wet,01 - Traffic signal,01 - Functioning,2,0,0,0,01 - Minimal,1,1,,,,367604.7182,5031064.565,45.41669775,-75.69754145,6967
20--6954,9/9/2020,8:47 AM,HIGHWAY 417 btwn HWY417 IC124 RAMP65 & HWY417 IC122 RAMP51 (__3ZA2R8),__3ZA2R8,01 - Non intersection,02 - Non-fatal injury,03 - Rear end,02 - Rain,01 - Daylight,02 - Wet,10 - No control,,2,0,0,0,02 - Minor,1,,1,,,364877.27,5028221.134,45.39135269,-75.73273338,6968
20--6955,9/9/2020,8:49 AM,MCCARTHY RD btwn PLANTE DR & PAUL ANKA DR (__3ZA9C9),__3ZA9C9,01 - Non intersection,03 - P.D. only,06 - SMV unattended vehicle,01 - Clear,01 - Daylight,01 - Dry,10 - No control,,1,0,0,0,,0,,,,,369678.6961,5023898.654,45.35203197,-75.67198673,6969
20--6956,9/10/2020,10:12 PM,RUSSELL RD S @ ST. LAURENT BLVD (0007734),7734,02 - Intersection related,03 - P.D. only,03 - Rear end,01 - Clear,07 - Dark,01 - Dry,01 - Traffic signal,01 - Functioning,2,0,0,0,,0,,,,,373569.7252,5029260.551,45.39990526,-75.62158656,6970
20--6957,9/10/2020,10:13 PM,BANTREE ST btwn OLD INNES RD & EDINBURGH PL (__3ZA78D),__3ZA78D,01 - Non intersection,02 - Non-fatal injury,06 - SMV unattended vehicle,01 - Clear,07 - Dark,01 - Dry,10 - No control,,1,0,0,0,02 - Minor,3,1,2,,,373837.7803,5030104.398,45.40747141,-75.61804489,6971
20--6958,9/10/2020,11:15 AM,INNES RD @ JEANNE D'ARC BLVD/MER BLEUE RD (0012475),12475,02 - Intersection related,03 - P.D. only,04 - Sideswipe,01 - Clear,01 - Daylight,01 - Dry,01 - Traffic signal,01 - Functioning,2,0,0,0,,0,,,,,382637.6632,5035567.593,45.45570151,-75.5047792,6972
20--6959,9/10/2020,11:29 AM,JEANNE D'ARC BLVD  S btwn BEAUSEJOUR DR & BELCOURT BLVD (__3ZA2BI),__3ZA2BI,01 - Non intersection,03 - P.D. only,03 - Rear end,01 - Clear,01 - Daylight,02 - Wet,10 - No control,,3,0,0,0,,0,,,,,381426.096,5036052.396,45.46019728,-75.52019227,6973
20--696,1/16/2020,4:05 PM,HIGHWAY 417 btwn HWY417 IC118 RAMP76 & HWY417 IC118 RAMP67 (__3ZA2YR),__3ZA2YR,01 - Non intersection,02 - Non-fatal injury,99 - Other,01 - Clear,01 - Daylight,02 - Wet,10 - No control,,2,0,0,0,01 - Minimal,1,1,,,,369445.3714,5031049.717,45.41639652,-75.67402771,6974
20--6960,9/10/2020,12:50 PM,GREENBANK RD @ 207 S OF BELLMAN DR/GREENBANK S (0004604),4604,02 - Intersection related,02 - Non-fatal injury,03 - Rear end,01 - Clear,01 - Daylight,01 - Dry,01 - Traffic signal,01 - Functioning,3,0,0,0,01 - Minimal,1,1,,,,361337.6896,5020827.484,45.32511974,-75.7787805,6975
20--6961,9/10/2020,2:00 PM,BANK ST btwn BELMONT AVE & GROVE AVE (__3ZA3N1),__3ZA3N1,04 - At/near private drive,02 - Non-fatal injury,05 - Turning movement,01 - Clear,01 - Daylight,01 - Dry,10 - No control,,2,1,0,0,01 - Minimal,2,2,,,,368835.5566,5028389.702,45.39251866,-75.68216394,6976
20--6962,9/10/2020,2:08 PM,MONTREAL RD @ OGILVIE RD (0009279),9279,02 - Intersection related,02 - Non-fatal injury,03 - Rear end,01 - Clear,01 - Daylight,01 - Dry,01 - Traffic signal,01 - Functioning,2,0,0,0,01 - Minimal,2,2,,,,375654.7386,5034556.594,45.44734813,-75.59419568,6977
20--6963,9/10/2020,2:30 PM,RICHMOND RD btwn NEW ORCHARD AVE & WOODROFFE AVE (__3ZA4L0),__3ZA4L0,04 - At/near private drive,03 - P.D. only,02 - Angle,01 - Clear,01 - Daylight,01 - Dry,10 - No control,,2,0,0,0,,0,,,,,361436.7619,5026447.955,45.3756845,-75.77687306,6978
20--6964,9/10/2020,3:10 PM,HIGHWAY 417 btwn HWY417 IC122 RAMP51 & HWY417 IC122 RAMP15 (__3ZA2R0),__3ZA2R0,01 - Non intersection,03 - P.D. only,04 - Sideswipe,01 - Clear,01 - Daylight,01 - Dry,10 - No control,,2,0,0,0,,0,,,,,365325.5798,5028869.077,45.39714414,-75.7269289,6979
20--6965,9/10/2020,3:13 PM,PAUL ANKA DR btwn UPLANDS DR & MCCARTHY RD (__3ZA9CH),__3ZA9CH,04 - At/near private drive,03 - P.D. only,02 - Angle,01 - Clear,01 - Daylight,01 - Dry,10 - No control,,2,0,0,0,,0,,,,,369637.8748,5023800.22,45.35115007,-75.67252056,6980
20--6966,9/10/2020,3:37 PM,MAITLAND AVE @ WOODWARD DR (0003185),3185,03 - At intersection,02 - Non-fatal injury,02 - Angle,01 - Clear,01 - Daylight,01 - Dry,01 - Traffic signal,01 - Functioning,2,1,0,0,01 - Minimal,1,1,,,,363273.6934,5025662.527,45.36846643,-75.75351443,6981
20--6967,9/10/2020,3:42 PM,INNES RD @ JEANNE D'ARC BLVD/MER BLEUE RD (0012475),12475,02 - Intersection related,03 - P.D. only,03 - Rear end,01 - Clear,01 - Daylight,01 - Dry,01 - Traffic signal,01 - Functioning,2,0,0,0,,0,,,,,382637.7432,5035567.559,45.4557012,-75.50477818,6982
20--6968,9/10/2020,3:45 PM,ST. JOSEPH BLVD/OLD MONTREAL RD @ TRIM RD (0004118),4118,02 - Intersection related,03 - P.D. only,03 - Rear end,01 - Clear,01 - Daylight,01 - Dry,11 - Roundabout,01 - Functioning,2,0,0,0,,0,,,,,384682.7583,5039285.579,45.4889216,-75.47803059,6983
20--6969,9/10/2020,4:29 PM,HUNTLEY RD btwn MANSFIELD RD & BROWNLEE RD (__3ZA42J),__3ZA42J,04 - At/near private drive,02 - Non-fatal injury,03 - Rear end,01 - Clear,01 - Daylight,01 - Dry,10 - No control,,2,0,0,0,01 - Minimal,2,2,,,,353468.8203,5008418.563,45.21405062,-75.880369,6984
20--697,1/16/2020,4:09 PM,WEST HUNT CLUB RD WB btwn KNOXDALE RD & WOODROFFE AVE (__3ZA17D),__3ZA17D,01 - Non intersection,03 - P.D. only,99 - Other,01 - Clear,01 - Daylight,03 - Loose snow,10 - No control,,2,0,0,0,,0,,,,,363561.5149,5021176.917,45.32808127,-75.75037333,6985
20--6970,9/10/2020,4:49 PM,BOUNDARY RD @ RUSSELL RD (0004181),4181,03 - At intersection,02 - Non-fatal injury,02 - Angle,01 - Clear,01 - Daylight,01 - Dry,02 - Stop sign,01 - Functioning,2,0,0,0,01 - Minimal,1,1,,,,386546.8216,5026021.497,45.36936817,-75.45638863,6986
20--6971,9/10/2020,5:36 PM,ALBION RD @ RIDEAU RD (0009356),9356,02 - Intersection related,03 - P.D. only,99 - Other,01 - Clear,01 - Daylight,01 - Dry,01 - Traffic signal,01 - Functioning,2,0,0,0,,0,,,,,375092.7374,5016674.469,45.28650974,-75.60392352,6987
20--6972,9/10/2020,5:42 AM,ROCKCLIFFE PKWY btwn BIRCH AVE EXT./ROCKCLIFFE PKWY & ROCKCLIFFE PRKY  (__3ZA2ST),__3ZA2ST,01 - Non intersection,02 - Non-fatal injury,03 - Rear end,01 - Clear,07 - Dark,01 - Dry,10 - No control,,2,0,0,0,02 - Minor,1,,1,,,370221.2937,5035746.624,45.45858517,-75.66349059,6988
20--6973,9/10/2020,6:18 PM,ST. JOSEPH BLVD @ REGIONAL RD 174/TRANSITWAY (0012428),12428,03 - At intersection,03 - P.D. only,03 - Rear end,01 - Clear,01 - Daylight,01 - Dry,01 - Traffic signal,01 - Functioning,3,0,0,0,,0,,,,,376556.288,5035056.405,45.45175314,-75.58259888,6989
20--6974,9/10/2020,6:50 PM,FIFTH AVE btwn BANK ST & HOWICK PL (__3ZA92S),__3ZA92S,04 - At/near private drive,03 - P.D. only,05 - Turning movement,01 - Clear,01 - Daylight,01 - Dry,10 - No control,,2,0,0,0,,0,,,,,368513.8375,5029468.299,45.40225288,-75.68613307,6990
20--6975,9/10/2020,7:37 PM,MACKENZIE KING BR/WALLER ST @ NICHOLAS ST/WALL (0011251),11251,02 - Intersection related,03 - P.D. only,04 - Sideswipe,01 - Clear,05 - Dusk,01 - Dry,01 - Traffic signal,01 - Functioning,2,0,0,0,,0,,,,,368372.141,5031992.63,45.42497885,-75.68761729,6991
20--6976,9/10/2020,7:42 PM,ARLINGTON AVE @ BRONSON AVE (0006759),6759,03 - At intersection,02 - Non-fatal injury,02 - Angle,01 - Clear,07 - Dark,01 - Dry,01 - Traffic signal,01 - Functioning,2,1,0,0,01 - Minimal,2,2,,,,367222.7111,5029867.564,45.40596168,-75.70257348,6992
20--6977,9/10/2020,8:00 PM,TRIM RD @ TRIM RD (0014368),14368,03 - At intersection,03 - P.D. only,07 - SMV other,01 - Clear,05 - Dusk,01 - Dry,01 - Traffic signal,01 - Functioning,1,0,0,0,,0,,,,,386221.4219,5038049.586,45.47762361,-75.45855408,6993
20--6978,9/10/2020,8:54 PM,OGILVIE RD @ MATHESON RD/PALMERSTON DR (0012348),12348,02 - Intersection related,03 - P.D. only,07 - SMV other,01 - Clear,07 - Dark,01 - Dry,01 - Traffic signal,00 - Unknown,1,0,0,0,,0,,,,,373380.1173,5032536.282,45.4293973,-75.62355236,6994
20--6979,9/10/2020,9:11 PM,MERIVALE RD @ WEST HUNT CLUB RD (0000584),584,02 - Intersection related,03 - P.D. only,03 - Rear end,01 - Clear,07 - Dark,01 - Dry,01 - Traffic signal,01 - Functioning,2,0,0,0,,0,,,,,365612.699,5021942.505,45.33479521,-75.72411448,6995
20--698,1/16/2020,4:20 PM,HIGHWAY 417 btwn HWY417 IC110 RAMP55 & HWY417 IC104 RAMP51 (__3ZA2W8),__3ZA2W8,01 - Non intersection,03 - P.D. only,03 - Rear end,01 - Clear,05 - Dusk,01 - Dry,10 - No control,,2,0,0,0,,0,,,,,375921.2181,5028127.761,45.38947809,-75.59171737,6996
20--6980,9/10/2020,9:15 AM,BANK ST btwn WILDWOOD AVE & RIDGEMONT AVE (__3ZA364),__3ZA364,04 - At/near private drive,03 - P.D. only,07 - SMV other,01 - Clear,01 - Daylight,01 - Dry,10 - No control,,1,0,0,0,,0,,,,,370064.4083,5026664.088,45.37687872,-75.66669935,6997
20--6981,9/11/2020,1:10 PM,HIGHWAY 416 btwn HWY416 IC75A RAMP26 & HWY416 IC72 RAMP62 (__3ZAZLF),__3ZAZLF,01 - Non intersection,03 - P.D. only,03 - Rear end,01 - Clear,01 - Daylight,01 - Dry,10 - No control,,2,0,0,0,,0,,,,,359174.4585,5020937.237,45.32627821,-75.8063615,6998
20--6982,9/11/2020,10:00 PM,LA VERENDRYE DR btwn OAKDEAN CRES & GLENFERN AVE (__3ZA7OF),__3ZA7OF,04 - At/near private drive,03 - P.D. only,06 - SMV unattended vehicle,01 - Clear,07 - Dark,01 - Dry,10 - No control,,1,0,0,0,,0,,,,,374720.7207,5035592.161,45.45675962,-75.60598745,6999
20--6983,9/11/2020,10:20 AM,BLAIR RD @ INNES RD (0004165),4165,02 - Intersection related,03 - P.D. only,03 - Rear end,01 - Clear,01 - Daylight,01 - Dry,01 - Traffic signal,01 - Functioning,3,0,0,0,,0,,,,,375578.7267,5031439.556,45.41931054,-75.59561538,7000
20--8065,10/26/2020,11:16 PM,BRONSON AVE @ CARLING AVE/GLEBE AVE (0002134),2134,02 - Intersection related,02 - Non-fatal injury,02 - Angle,01 - Clear,07 - Dark,02 - Wet,01 - Traffic signal,01 - Functioning,2,0,0,0,02 - Minor,2,,2,,,367447.7083,5029335.562,45.40115478,-75.69976709,7001