Anom_ID,Accident_Date,Accident_Time,Location,Geo_ID,Accident_Location,Classification_of_Accident,Initial_Impact_Type,Environment_Condition,Light,Road_Surface_Condition,Traffic_Control,Traffic_Control_Condition,No__of_Vehicles,No__of_Bicycles,No__of_Motorcycles,No__of_Pedestrians,Max_Injury,No__of_Injuries,No__of_Minimal,No__of_Minor,No__of_Major,No__of_Fatal,X,Y,Latitude,Longitude,ObjectId
20--8066,10/26/2020,11:49 AM,KING EDWARD AVE btwn MARIE CURIE PRIV & TEMPLETON ST (__3ZA3MD),__3ZA3MD,04 - At/near private drive,03 - P.D. only,07 - SMV other,01 - Clear,01 - Daylight,02 - Wet,10 - No control,,1,0,0,1,,0,,,,,369052.3813,5031518.852,45.42065382,-75.67898724,7002
20--8067,10/26/2020,Unknown,THIRD AVE btwn BANK ST & O'CONNOR ST (__3ZA92G),__3ZA92G,01 - Non intersection,03 - P.D. only,06 - SMV unattended vehicle,01 - Clear,00 - Unknown,01 - Dry,10 - No control,,1,0,0,0,,0,,,,,368478.9553,5029636.149,45.40376632,-75.68655693,7003
20--8068,10/26/2020,12:22 PM,VIEWMOUNT DR @ MERIVALE RD (0001528),1528,03 - At intersection,03 - P.D. only,02 - Angle,02 - Rain,01 - Daylight,02 - Wet,01 - Traffic signal,01 - Functioning,2,0,0,0,,0,,,,,365193.7001,5022948.486,45.34388309,-75.72933705,7004
20--8069,10/26/2020,2:31 PM,GRENFELL CRES @ WOODROFFE AVE (0001103),1103,02 - Intersection related,02 - Non-fatal injury,03 - Rear end,01 - Clear,01 - Daylight,02 - Wet,02 - Stop sign,01 - Functioning,2,0,0,0,01 - Minimal,1,1,,,,364543.6828,5019227.489,45.31045755,-75.73807996,7005
20--807,1/17/2020,9:45 AM,HIGHWAY 417 btwn HWY417 IC118 RAMP67 & HWY417 IC117 RAMP36 (__3ZA2YO),__3ZA2YO,01 - Non intersection,03 - P.D. only,03 - Rear end,01 - Clear,01 - Daylight,01 - Dry,10 - No control,,2,0,0,0,,0,,,,,370201.0901,5031115.965,45.41692236,-75.66436415,7006
20--8070,10/26/2020,3:11 PM,POULIN AVE @ PRISCILLA ST (0002583),2583,03 - At intersection,03 - P.D. only,02 - Angle,01 - Clear,01 - Daylight,01 - Dry,02 - Stop sign,01 - Functioning,2,1,0,0,,0,,,,,360259.6063,5025046.5,45.36316843,-75.79205891,7007
20--7524,10/2/2020,Unknown,CAHILL DR    W btwn UPLANDS DR & TWYFORD ST (__3ZBN64),__3ZBN64,01 - Non intersection,03 - P.D. only,06 - SMV unattended vehicle,01 - Clear,00 - Unknown,01 - Dry,10 - No control,,1,0,0,0,,0,,,,,370201.9431,5023355.249,45.34709397,-75.66538137,7008
20--8071,10/26/2020,3:42 PM,KING EDWARD AVE @ ST. PATRICK ST (0002714),2714,02 - Intersection related,03 - P.D. only,03 - Rear end,01 - Clear,01 - Daylight,01 - Dry,01 - Traffic signal,01 - Functioning,2,0,0,0,,0,,,,,368248.7778,5032823.688,45.43246762,-75.6890865,7009
20--8072,10/26/2020,3:43 PM,PLACE D'ORLEANS DR @ PLACE D'ORLEANS SC S (0009227),9227,03 - At intersection,03 - P.D. only,05 - Turning movement,02 - Rain,01 - Daylight,02 - Wet,01 - Traffic signal,01 - Functioning,3,0,0,0,,0,,,,,381501.1131,5037817.234,45.47606759,-75.51895775,7010
20--8073,10/26/2020,3:45 PM,KING EDWARD AVE NB btwn CATHCART ST & BRUYERE ST (__3ZA3LP),__3ZA3LP,01 - Non intersection,03 - P.D. only,04 - Sideswipe,01 - Clear,01 - Daylight,01 - Dry,10 - No control,,2,0,0,0,,0,,,,,368102.5768,5033105.295,45.43501467,-75.69091864,7011
20--8074,10/26/2020,5:40 PM,INNES RD @ JEANNE D'ARC BLVD/MER BLEUE RD (0012475),12475,02 - Intersection related,03 - P.D. only,03 - Rear end,01 - Clear,01 - Daylight,01 - Dry,01 - Traffic signal,01 - Functioning,2,0,0,0,,0,,,,,382637.775,5035567.554,45.45570115,-75.50477778,7012
20--8075,10/26/2020,5:50 PM,OAK CREEK RD btwn MCGEE SIDE RD & NEWILL PL (__67PUTD),__67PUTD,01 - Non intersection,03 - P.D. only,07 - SMV other,02 - Rain,01 - Daylight,02 - Wet,10 - No control,,1,0,0,0,,0,,,,,345890.4918,5019604.522,45.31518939,-75.97592333,7013
20--8076,10/26/2020,6:50 PM,FLEWELLYN RD btwn ORMROD RD & DWYER HILL RD (__3ZAC6N),__3ZAC6N,01 - Non intersection,03 - P.D. only,07 - SMV other,02 - Rain,07 - Dark,02 - Wet,10 - No control,,1,0,0,0,,0,,,,,343553.782,5003753.556,45.17268724,-76.00696042,7014
20--8077,10/26/2020,6:53 PM,BRONSON AVE @ CARLING AVE/GLEBE AVE (0002134),2134,03 - At intersection,03 - P.D. only,05 - Turning movement,01 - Clear,07 - Dark,02 - Wet,01 - Traffic signal,01 - Functioning,2,0,0,0,,0,,,,,367447.7151,5029335.569,45.40115484,-75.699767,7015
20--8078,10/26/2020,7:00 PM,HUNT CLUB RD @ BRIDLE PATH DR/DAZE ST (0008214),8214,03 - At intersection,03 - P.D. only,05 - Turning movement,01 - Clear,07 - Dark,02 - Wet,01 - Traffic signal,01 - Functioning,2,0,0,0,,0,,,,,371291.7438,5023864.502,45.3515736,-75.65140707,7016
20--8079,10/26/2020,7:40 PM,DONALD ST @ ST. LAURENT BLVD (0008630),8630,02 - Intersection related,02 - Non-fatal injury,03 - Rear end,01 - Clear,07 - Dark,02 - Wet,01 - Traffic signal,01 - Functioning,2,0,0,0,02 - Minor,1,,1,,,372093.7034,5032472.57,45.42894901,-75.63999944,7017
20--808,1/17/2020,9:51 AM,CYRVILLE RD @ OGILVIE RD (0003554),3554,02 - Intersection related,02 - Non-fatal injury,03 - Rear end,01 - Clear,01 - Daylight,01 - Dry,01 - Traffic signal,01 - Functioning,2,0,0,0,01 - Minimal,1,1,,,,372453.712,5032005.568,45.42471242,-75.63546327,7018
20--8080,10/26/2020,7:45 AM,GREENBANK RD @ STRANDHERD DR (0005563),5563,03 - At intersection,03 - P.D. only,05 - Turning movement,02 - Rain,01 - Daylight,02 - Wet,01 - Traffic signal,01 - Functioning,2,0,0,0,,0,,,,,363933.6047,5014784.612,45.27053224,-75.74638932,7019
20--8081,10/26/2020,7:45 AM,GREENBANK RD @ BELLMAN DR/BATEMAN DR (0000153),153,02 - Intersection related,03 - P.D. only,03 - Rear end,01 - Clear,01 - Daylight,01 - Dry,01 - Traffic signal,01 - Functioning,2,0,0,0,,0,,,,,361256.6729,5021017.493,45.32683596,-75.77979224,7020
20--8082,10/26/2020,8:00 AM,BARROW CRES E @ KAKULU RD E (0003980),3980,02 - Intersection related,03 - P.D. only,03 - Rear end,02 - Rain,01 - Daylight,02 - Wet,02 - Stop sign,01 - Functioning,2,0,0,0,,0,,,,,353067.6158,5019053.465,45.30977418,-75.8844434,7021
20--8083,10/26/2020,8:04 AM,HIGHWAY 417 btwn HWY417 IC124 RAMP65 & HWY417 IC122 RAMP51 (__3ZA2R8),__3ZA2R8,01 - Non intersection,03 - P.D. only,03 - Rear end,02 - Rain,03 - Dawn,02 - Wet,10 - No control,,2,0,0,0,,0,,,,,364919.0552,5028300.025,45.39205895,-75.73219016,7022
20--8084,10/26/2020,8:27 AM,FOSTER ST btwn PARKDALE AVE & BEVERLEY AVE (__3ZA03B),__3ZA03B,01 - Non intersection,03 - P.D. only,07 - SMV other,02 - Rain,01 - Daylight,02 - Wet,10 - No control,,1,0,0,0,,0,,,,,365323.9077,5029093.473,45.39916335,-75.72692272,7023
20--7614,10/6/2020,8:34 AM,ST. JOSEPH BLVD @ FOREST VALLEY DR/YOUVILLE DR (0004440),4440,03 - At intersection,02 - Non-fatal injury,05 - Turning movement,01 - Clear,01 - Daylight,01 - Dry,01 - Traffic signal,01 - Functioning,2,0,0,0,02 - Minor,3,1,2,,,379164.7441,5036156.591,45.46137911,-75.54908805,7024
20--7434,9/28/2020,7:15 AM,BANK ST @ HUNT CLUB RD (0002119),2119,02 - Intersection related,02 - Non-fatal injury,03 - Rear end,01 - Clear,01 - Daylight,01 - Dry,01 - Traffic signal,01 - Functioning,2,0,0,0,02 - Minor,1,,1,,,371608.7242,5024096.507,45.35363098,-75.64733075,7025
20--7254,9/21/2020,8:32 PM,CARLING AVE WB btwn COLE AVE & CHURCHILL AVE N (__3ZA4T0),__3ZA4T0,01 - Non intersection,03 - P.D. only,03 - Rear end,01 - Clear,07 - Dark,01 - Dry,10 - No control,,2,0,0,0,,0,,,,,363767.376,5027008.222,45.38053344,-75.74705186,7026
20--8085,10/26/2020,8:40 AM,HIGHWAY 417 btwn HWY417 IC127 RAMP35 & HWY417 IC127 RAMP25 (__3ZA2RE),__3ZA2RE,01 - Non intersection,03 - P.D. only,04 - Sideswipe,02 - Rain,01 - Daylight,02 - Wet,10 - No control,,2,0,0,0,,0,,,,,362346.1025,5024999.402,45.36257647,-75.76543247,7027
20--8086,10/26/2020,9:16 AM,FOSTER ST btwn PARKDALE AVE & BEVERLEY AVE (__3ZA03B),__3ZA03B,01 - Non intersection,03 - P.D. only,07 - SMV other,02 - Rain,01 - Daylight,02 - Wet,10 - No control,,1,0,0,0,,0,,,,,365377.5337,5029116.817,45.39936875,-75.72623495,7028
20--8087,10/26/2020,9:17 PM,RICHMOND RD @ ROBERTSON RD (0000639),639,03 - At intersection,03 - P.D. only,05 - Turning movement,01 - Clear,07 - Dark,01 - Dry,01 - Traffic signal,01 - Functioning,2,0,0,0,,0,,,,,357577.6363,5020749.489,45.32471073,-75.82675025,7029
20--8088,10/26/2020,9:18 PM,REGIONAL ROAD 174 btwn TRANSIT & OR174 IC105 RAMP51 (__3ZA28H),__3ZA28H,01 - Non intersection,03 - P.D. only,07 - SMV other,01 - Clear,07 - Dark,01 - Dry,10 - No control,,1,0,0,0,,0,,,,,377148.9568,5035726.797,45.45772378,-75.57492401,7030
20--8089,10/26/2020,9:25 PM,GOLDENEYE WAY @ NORTH BLUFF DR (0013174),13174,03 - At intersection,02 - Non-fatal injury,02 - Angle,02 - Rain,07 - Dark,02 - Wet,02 - Stop sign,01 - Functioning,2,0,0,0,01 - Minimal,1,1,,,,369487.5572,5016302.472,45.28370079,-75.67541787,7031
20--809,1/18/2020,1:00 PM,MONTREAL RD @ ST. LAURENT BLVD (0002604),2604,02 - Intersection related,03 - P.D. only,03 - Rear end,01 - Clear,01 - Daylight,01 - Dry,01 - Traffic signal,01 - Functioning,2,0,0,0,,0,,,,,371545.7121,5033817.595,45.44110344,-75.64681952,7032
20--8090,10/26/2020,9:25 PM,REGIONAL ROAD 174 btwn OR174 IC109 RAMP64 & OR174 IC105 RAMP16 (__3ZA2XD),__3ZA2XD,01 - Non intersection,03 - P.D. only,07 - SMV other,02 - Rain,07 - Dark,02 - Wet,10 - No control,,1,0,0,0,,0,,,,,376639.7063,5035362.436,45.45449804,-75.58148782,7033
20--8091,10/26/2020,9:30 PM,KING EDWARD AVE @ SUSSEX DR (0002653),2653,02 - Intersection related,03 - P.D. only,07 - SMV other,01 - Clear,07 - Dark,02 - Wet,01 - Traffic signal,01 - Functioning,1,0,0,0,,0,,,,,367663.6944,5033503.603,45.4386381,-75.69647665,7034
20--8092,10/26/2020,9:35 AM,BELFAST RD @ ST. LAURENT BLVD (0007658),7658,02 - Intersection related,03 - P.D. only,04 - Sideswipe,02 - Rain,01 - Daylight,02 - Wet,01 - Traffic signal,01 - Functioning,2,0,0,0,,0,,,,,372860.7208,5030578.564,45.41183343,-75.63045987,7035
20--8093,10/26/2020,9:53 AM,HAZELDEAN RD btwn JOHNWOODS ST & SAVAGE DR (__3ZA3D1),__3ZA3D1,04 - At/near private drive,02 - Non-fatal injury,03 - Rear end,02 - Rain,01 - Daylight,02 - Wet,10 - No control,,2,0,0,0,02 - Minor,3,,3,,,350190.2044,5015399.669,45.27708808,-75.92147146,7036
20--8094,10/27/2020,1:18 PM,BAYCREST DR btwn HERON RD & CEDARWOOD DR (__3ZA861),__3ZA861,01 - Non intersection,03 - P.D. only,01 - Approaching,01 - Clear,01 - Daylight,01 - Dry,10 - No control,,2,0,0,0,,0,,,,,371207.6023,5026827.922,45.37824542,-75.65208253,7037
20--8095,10/27/2020,1:48 PM,BLACKBURN BYPASS @ NAVAN RD (0004201),4201,02 - Intersection related,03 - P.D. only,03 - Rear end,01 - Clear,01 - Daylight,01 - Dry,01 - Traffic signal,01 - Functioning,2,0,0,0,,0,,,,,379617.7431,5033274.56,45.43540036,-75.54373459,7038
20--8096,10/27/2020,10:11 AM,BANK ST btwn SOUTHKEYS SC & CAHILL DR/DAZE ST (__3ZA37TB),__3ZA37TB,01 - Non intersection,02 - Non-fatal injury,04 - Sideswipe,01 - Clear,01 - Daylight,01 - Dry,10 - No control,,2,0,0,0,02 - Minor,1,,1,,,371296.4914,5024326.009,45.35572564,-75.65128442,7039
20--8097,10/27/2020,11:34 AM,CHARLOTTE ST @ RIDEAU ST (0002622),2622,03 - At intersection,03 - P.D. only,07 - SMV other,01 - Clear,01 - Daylight,01 - Dry,01 - Traffic signal,01 - Functioning,1,0,0,0,,0,,,,,369249.7096,5032859.591,45.43269913,-75.67629061,7040
20--8098,10/27/2020,11:59 AM,CARLING AVE @ CLYDE AVE/COLE AVE (0006984),6984,03 - At intersection,02 - Non-fatal injury,05 - Turning movement,01 - Clear,01 - Daylight,01 - Dry,01 - Traffic signal,01 - Functioning,2,0,0,0,02 - Minor,1,,1,,,363520.6888,5026850.538,45.37913534,-75.75022027,7041
20--7344,9/24/2020,9:52 AM,INNES RD @ JEANNE D'ARC BLVD/MER BLEUE RD (0012475),12475,03 - At intersection,02 - Non-fatal injury,05 - Turning movement,01 - Clear,01 - Daylight,01 - Dry,01 - Traffic signal,01 - Functioning,2,0,0,0,02 - Minor,1,,1,,,382637.7547,5035567.551,45.45570112,-75.50477804,7042
20--8099,10/27/2020,Unknown,BAY ST btwn FLORENCE ST & GLADSTONE AVE (__3ZA970),__3ZA970,01 - Non intersection,03 - P.D. only,06 - SMV unattended vehicle,01 - Clear,00 - Unknown,01 - Dry,10 - No control,,1,0,0,0,,0,,,,,367452.8745,5030304.499,45.40987252,-75.69957799,7043
20--81,1/3/2020,6:32 PM,INDUSTRIAL AVE btwn RIVERSIDE DR & SANDFORD FLEMING AVE (__3ZA3PG),__3ZA3PG,01 - Non intersection,03 - P.D. only,04 - Sideswipe,01 - Clear,07 - Dark,01 - Dry,10 - No control,,2,0,0,0,,0,,,,,370808.5754,5030570.904,45.41196108,-75.6566761,7044
20--810,1/18/2020,1:30 PM,TENTH LINE RD @ CHARLEMAGNE BLVD S/DES EPINETT (0003686),3686,02 - Intersection related,03 - P.D. only,04 - Sideswipe,01 - Clear,01 - Daylight,01 - Dry,01 - Traffic signal,01 - Functioning,2,0,0,0,,0,,,,,383640.9751,5036900.456,45.46758093,-75.49173924,7045
20--8100,10/27/2020,Unknown,DORSET DR btwn PLAYFAIR DR & BEAUMONT RD (__3ZBOT3),__3ZBOT3,01 - Non intersection,03 - P.D. only,06 - SMV unattended vehicle,03 - Snow,00 - Unknown,02 - Wet,10 - No control,,1,0,0,0,,0,,,,,371479.6808,5027957.977,45.38838739,-75.64845627,7046
20--8101,10/27/2020,12:43 PM,HIGHWAY 417 btwn HWY417 IC113 RAMP85 & HWY417 IC112 RAMP54 (__3ZA287),__3ZA287,01 - Non intersection,03 - P.D. only,04 - Sideswipe,01 - Clear,01 - Daylight,01 - Dry,10 - No control,,2,0,0,0,,0,,,,,374159.3904,5031279.232,45.41801018,-75.61377151,7047
20--8102,10/27/2020,2:02 PM,KENT ST @ SLATER ST (0002114),2114,02 - Intersection related,03 - P.D. only,04 - Sideswipe,01 - Clear,01 - Daylight,01 - Dry,01 - Traffic signal,01 - Functioning,2,0,0,0,,0,,,,,367261.6921,5031252.592,45.41842026,-75.70190004,7048
20--8103,10/27/2020,2:15 PM,CONROY RD @ HUNT CLUB RD (0002257),2257,02 - Intersection related,03 - P.D. only,03 - Rear end,01 - Clear,01 - Daylight,01 - Dry,01 - Traffic signal,01 - Functioning,2,0,0,0,,0,,,,,373763.7383,5025404.524,45.36519136,-75.61964735,7049
20--8104,10/27/2020,3:30 PM,POINT PRIM CRES btwn HORSESHOE FALLS WAY & TWIN PEAK LANE (e___2LJ7),e___2LJ7,01 - Non intersection,03 - P.D. only,99 - Other,01 - Clear,01 - Daylight,01 - Dry,10 - No control,,2,0,0,0,,0,,,,,363636.219,5013877.455,45.26239455,-75.7502864,7050
20--8105,10/27/2020,3:40 PM,FALLOWFIELD RD @ HWY 416 FALLOWFI IC66R34 (0005504),5504,02 - Intersection related,03 - P.D. only,03 - Rear end,01 - Clear,01 - Daylight,01 - Dry,01 - Traffic signal,01 - Functioning,2,0,0,0,,0,,,,,359823.4702,5014725.694,45.27033568,-75.79877215,7051
20--8106,10/27/2020,4:35 PM,BASELINE RD @ CENTREPOINTE DR E/HIGHGATE RD (0011468),11468,02 - Intersection related,03 - P.D. only,03 - Rear end,01 - Clear,01 - Daylight,01 - Dry,01 - Traffic signal,01 - Functioning,2,0,0,0,,0,,,,,362061.6994,5023465.502,45.34879783,-75.7692402,7052
20--8107,10/27/2020,6:00 PM,HIGHWAY 416 btwn HWY416 IC42 RAMP43 & END (__3ZAZJE),__3ZAZJE,01 - Non intersection,03 - P.D. only,07 - SMV other,01 - Clear,07 - Dark,01 - Dry,10 - No control,,1,0,0,0,,0,,,,,372503.6145,4994041.789,45.08311698,-75.63999722,7053
20--8108,10/27/2020,6:22 AM,PARKDALE AVE btwn GRANT ST & WELLINGTON ST W (__3ZA3ZQ),__3ZA3ZQ,04 - At/near private drive,03 - P.D. only,04 - Sideswipe,01 - Clear,07 - Dark,01 - Dry,10 - No control,,2,0,0,0,,0,,,,,365134.3356,5029304.26,45.40107632,-75.72931813,7054
20--8109,10/27/2020,6:22 PM,HAWTHORNE AVE/ISABELLA ST @ QUEEN ELIZABETH DR (0002105),2105,03 - At intersection,02 - Non-fatal injury,05 - Turning movement,01 - Clear,07 - Dark,01 - Dry,01 - Traffic signal,01 - Functioning,2,0,0,0,02 - Minor,1,,1,,,368665.7087,5030476.575,45.41131118,-75.68406269,7055
20--811,1/18/2020,1:40 PM,BRIDGESTONE DR/STEEPLE CHASE DR @ STONEHAVEN D (0002781),2781,02 - Intersection related,03 - P.D. only,03 - Rear end,01 - Clear,01 - Daylight,01 - Dry,11 - Roundabout,01 - Functioning,2,0,0,0,,0,,,,,355105.645,5016984.438,45.29101366,-75.85866396,7056
20--8110,10/27/2020,6:48 PM,250 N OF KLONDIKE RD @ MARCH RD (0013528),13528,02 - Intersection related,03 - P.D. only,03 - Rear end,01 - Clear,05 - Dusk,01 - Dry,01 - Traffic signal,01 - Functioning,3,0,0,0,,0,,,,,349101.815,5024237.589,45.35668364,-75.93455262,7057
20--8111,10/27/2020,6:50 AM,BANTREE ST @ INNES RD (0007684),7684,03 - At intersection,02 - Non-fatal injury,05 - Turning movement,01 - Clear,03 - Dawn,01 - Dry,01 - Traffic signal,01 - Functioning,2,0,0,0,02 - Minor,1,,1,,,373705.7146,5030406.559,45.41020312,-75.61968959,7058
20--8112,10/27/2020,7:07 AM,ST. LAURENT BLVD @ MCARTHUR AVE (0008246),8246,02 - Intersection related,03 - P.D. only,03 - Rear end,01 - Clear,07 - Dark,01 - Dry,01 - Traffic signal,01 - Functioning,2,0,0,0,,0,,,,,371921.7161,5032887.847,45.43270201,-75.64214055,7059
20--8113,10/27/2020,7:36 AM,COOPER ST @ LYON ST (0010861),10861,03 - At intersection,03 - P.D. only,05 - Turning movement,01 - Clear,03 - Dawn,01 - Dry,02 - Stop sign,01 - Functioning,2,0,0,0,,0,,,,,367321.708,5030792.564,45.41427571,-75.70119163,7060
20--8114,10/27/2020,7:40 AM,CHAMPLAIN ST btwn OR174 IC102 RAMP36 & PLACE D'ORLEANS DR (__6K6SZ2),__6K6SZ2,01 - Non intersection,03 - P.D. only,99 - Other,01 - Clear,01 - Daylight,02 - Wet,10 - No control,,3,0,0,0,,0,,,,,381577.992,5038227.977,45.47975466,-75.51791037,7061
20--8115,10/27/2020,7:45 PM,OR174 IC109 RAMP65 @ MONTREAL RD (0004119),4119,02 - Intersection related,03 - P.D. only,03 - Rear end,01 - Clear,07 - Dark,01 - Dry,01 - Traffic signal,01 - Functioning,2,0,0,0,,0,,,,,376402.7232,5034982.601,45.45110485,-75.58457269,7062
20--8116,10/27/2020,7:58 AM,HIGHWAY 417 btwn HWY417 IC124 RAMP65 & HWY417 IC122 RAMP51 (__3ZA2R8),__3ZA2R8,01 - Non intersection,03 - P.D. only,03 - Rear end,01 - Clear,01 - Daylight,01 - Dry,10 - No control,,3,0,0,0,,0,,,,,365165.0011,5028718.954,45.39580722,-75.72899809,7063
20--8117,10/27/2020,8:00 PM,VANIER PKWY/CRICHTON ST @ BEECHWOOD AVE/ST. PA (0001604),1604,03 - At intersection,03 - P.D. only,05 - Turning movement,01 - Clear,07 - Dark,01 - Dry,01 - Traffic signal,01 - Functioning,2,0,0,0,,0,,,,,369127.7974,5033487.133,45.43835673,-75.67776657,7064
20--8118,10/27/2020,8:11 AM,BRIAN COBURN BLVD @ STRASBOURG ST (0013501),13501,03 - At intersection,03 - P.D. only,03 - Rear end,01 - Clear,01 - Daylight,01 - Dry,11 - Roundabout,01 - Functioning,2,0,0,0,,0,,,,,384046.5521,5034850.028,45.44908715,-75.48688377,7065
20--8119,10/27/2020,8:40 AM,HARDING RD @ WALKLEY RD (0007652),7652,02 - Intersection related,03 - P.D. only,03 - Rear end,01 - Clear,01 - Daylight,01 - Dry,01 - Traffic signal,01 - Functioning,2,0,0,0,,0,,,,,373148.7326,5027608.541,45.38508243,-75.62719222,7066
20--812,1/18/2020,10:02 PM,MCLEOD ST @ LYON ST (0007470),7470,03 - At intersection,03 - P.D. only,02 - Angle,03 - Snow,07 - Dark,05 - Packed snow,02 - Stop sign,00 - Unknown,2,0,0,0,,0,,,,,367625.5595,5030292.507,45.40974914,-75.69737359,7067
20--8120,10/27/2020,8:50 AM,BRONSON AVE @ CATHERINE ST/RAYMOND ST (0007198),7198,02 - Intersection related,03 - P.D. only,03 - Rear end,01 - Clear,01 - Daylight,01 - Dry,01 - Traffic signal,01 - Functioning,2,0,0,0,,0,,,,,367252.7077,5029796.557,45.4053201,-75.70219931,7068
20--8121,10/27/2020,9:27 AM,HWY 417 INNES IC112R68 @ INNES RD (0012300),12300,02 - Intersection related,03 - P.D. only,04 - Sideswipe,01 - Clear,01 - Daylight,01 - Dry,01 - Traffic signal,00 - Unknown,2,0,0,0,,0,,,,,374641.7129,5030921.572,45.41474416,-75.60766015,7069
20--8122,10/27/2020,9:35 AM,PIETY HILL WAY btwn RICHMOND RD & SARA CRT (__3ZAB5X),__3ZAB5X,01 - Non intersection,03 - P.D. only,06 - SMV unattended vehicle,01 - Clear,01 - Daylight,01 - Dry,10 - No control,,1,0,0,0,,0,,,,,357631.6313,5014109.008,45.26495471,-75.82676892,7070
20--8123,10/27/2020,9:35 AM,CARP RD @ WESTBROOK RD (0001681),1681,02 - Intersection related,03 - P.D. only,99 - Other,01 - Clear,01 - Daylight,01 - Dry,01 - Traffic signal,01 - Functioning,2,0,0,0,,0,,,,,347736.3243,5015442.085,45.2776239,-75.95274266,7071
20--8124,10/28/2020,1:24 PM,CARLING AVE @ SCHNEIDER RD (0003192),3192,02 - Intersection related,03 - P.D. only,04 - Sideswipe,01 - Clear,01 - Daylight,01 - Dry,02 - Stop sign,01 - Functioning,2,0,0,0,,0,,,,,351624.6186,5022236.502,45.33851355,-75.90254392,7072
20--8125,10/28/2020,1:45 PM,WOODROFFE AVE @ GEORGINA DR/LENESTER AVE (0002351),2351,03 - At intersection,02 - Non-fatal injury,05 - Turning movement,01 - Clear,01 - Daylight,01 - Dry,01 - Traffic signal,01 - Functioning,2,0,1,0,02 - Minor,1,,1,,,361909.6863,5025370.518,45.36595143,-75.77095991,7073
20--8126,10/28/2020,10:39 AM,BLAIR RD btwn SWANS WAY & SWANS WAY S (__3ZA7TT),__3ZA7TT,04 - At/near private drive,03 - P.D. only,03 - Rear end,01 - Clear,01 - Daylight,01 - Dry,10 - No control,,2,0,0,0,,0,,,,,373721.0536,5035196.709,45.45330088,-75.61882317,7074
20--8127,10/28/2020,11:51 AM,BARRETTE ST @ ST. CHARLES ST (0010059),10059,02 - Intersection related,03 - P.D. only,03 - Rear end,01 - Clear,01 - Daylight,01 - Dry,02 - Stop sign,01 - Functioning,2,0,0,0,,0,,,,,369470.7044,5033730.609,45.4405158,-75.67335202,7075
20--8128,10/28/2020,Unknown,CLARENCE ST btwn WILLIAM ST & DALHOUSIE ST (__3ZA82W),__3ZA82W,01 - Non intersection,03 - P.D. only,06 - SMV unattended vehicle,01 - Clear,00 - Unknown,01 - Dry,10 - No control,,1,0,0,0,,0,,,,,368019.1505,5032489.076,45.42947769,-75.69206394,7076
20--8129,10/28/2020,12:20 PM,DU GRAND BOIS AVE @ INNES RD (0004107),4107,03 - At intersection,02 - Non-fatal injury,02 - Angle,01 - Clear,01 - Daylight,01 - Dry,02 - Stop sign,01 - Functioning,2,1,0,0,01 - Minimal,1,1,,,,383109.7574,5035762.564,45.45740294,-75.49871295,7077
20--813,1/18/2020,10:05 PM,REGIONAL ROAD 174 btwn HIGHWAY 417 & HWY417 IC113 RAMP67 (__3ZA2YK),__3ZA2YK,01 - Non intersection,02 - Non-fatal injury,07 - SMV other,03 - Snow,07 - Dark,03 - Loose snow,10 - No control,,1,0,0,0,02 - Minor,1,,1,,,373348.8094,5031778.137,45.42257896,-75.62405794,7078
20--8130,10/28/2020,12:52 PM,GREENBANK RD @ HIGHBURY PARK DR (0005310),5310,03 - At intersection,03 - P.D. only,05 - Turning movement,01 - Clear,01 - Daylight,01 - Dry,01 - Traffic signal,01 - Functioning,2,0,0,0,,0,,,,,363615.9329,5015523.055,45.27720341,-75.75034997,7079
20--8131,10/28/2020,3:04 PM,INNES RD btwn BLAIR RD & ANDERSON RD (__3ZA3JZ),__3ZA3JZ,01 - Non intersection,03 - P.D. only,03 - Rear end,01 - Clear,01 - Daylight,01 - Dry,10 - No control,,2,0,0,0,,0,,,,,375864.7322,5031619.372,45.42089943,-75.59193544,7080
20--8132,10/28/2020,3:07 PM,MCARTHUR AVE btwn IRWIN MILLER ST & BRANT ST (__3ZA3WB),__3ZA3WB,01 - Non intersection,03 - P.D. only,07 - SMV other,01 - Clear,01 - Daylight,01 - Dry,10 - No control,,1,0,0,0,,0,,,,,371217.6047,5032800.244,45.43198102,-75.65115037,7081
20--8133,10/28/2020,3:45 PM,HIGHWAY 417 btwn HWY417 IC117 RAMP25 & HWY417 IC115 RAMP51 (__3ZA2R3),__3ZA2R3,01 - Non intersection,03 - P.D. only,99 - Other,01 - Clear,01 - Daylight,01 - Dry,10 - No control,,2,0,0,0,,0,,,,,371528.0481,5031396.556,45.41932171,-75.64737335,7082
20--8134,10/28/2020,4:04 PM,MACKENZIE KING BR/WALLER ST @ NICHOLAS ST/WALL (0011251),11251,02 - Intersection related,03 - P.D. only,04 - Sideswipe,01 - Clear,01 - Daylight,01 - Dry,01 - Traffic signal,01 - Functioning,2,0,0,0,,0,,,,,368372.1411,5031992.642,45.42497896,-75.68761728,7083