Anom_ID,Accident_Date,Accident_Time,Location,Geo_ID,Accident_Location,Classification_of_Accident,Initial_Impact_Type,Environment_Condition,Light,Road_Surface_Condition,Traffic_Control,Traffic_Control_Condition,No__of_Vehicles,No__of_Bicycles,No__of_Motorcycles,No__of_Pedestrians,Max_Injury,No__of_Injuries,No__of_Minimal,No__of_Minor,No__of_Major,No__of_Fatal,X,Y,Latitude,Longitude,ObjectId
20--7651,10/8/2020,12:40 PM,HIGHWAY 417 btwn HWY417 IC124 RAMP67 & HWY417 IC123 RAMP62 (__3ZA2YZ),__3ZA2YZ,01 - Non intersection,03 - P.D. only,03 - Rear end,01 - Clear,01 - Daylight,01 - Dry,10 - No control,,2,0,0,0,,0,,,,,364608.0892,5027780.874,45.38741435,-75.73622422,7166
20--7652,10/8/2020,12:46 AM,HIGHWAY 416 btwn HWY416 IC66 RAMP34 & HWY416 IC72 RAMP53 (__3ZAZM6),__3ZAZM6,01 - Non intersection,02 - Non-fatal injury,07 - SMV other,01 - Clear,07 - Dark,01 - Dry,10 - No control,,1,0,0,0,01 - Minimal,1,1,,,,360291.0721,5017981.038,45.29959082,-75.79244936,7167
20--7653,10/8/2020,2:00 PM,WALKLEY RD btwn MARTHA AVE & AUDREY AVE (__3ZBOFD),__3ZBOFD,01 - Non intersection,03 - P.D. only,03 - Rear end,01 - Clear,01 - Daylight,01 - Dry,10 - No control,,2,0,0,0,,0,,,,,373989.1697,5028097.59,45.38940016,-75.61639262,7168
20--7654,10/8/2020,2:02 PM,ST. LAURENT BLVD @ COVENTRY RD/OGILVIE RD (0002151),2151,02 - Intersection related,03 - P.D. only,04 - Sideswipe,01 - Clear,01 - Daylight,01 - Dry,01 - Traffic signal,01 - Functioning,2,0,0,0,,0,,,,,372305.7221,5031951.575,45.42424091,-75.63736159,7169
20--7655,10/8/2020,2:23 PM,TERRY FOX DR @ EDGEWATER ST/WALTER BAKER PL (0002699),2699,03 - At intersection,03 - P.D. only,05 - Turning movement,01 - Clear,01 - Daylight,01 - Dry,01 - Traffic signal,01 - Functioning,2,0,0,0,,0,,,,,351777.6085,5017613.413,45.2969037,-75.90103041,7170
20--7656,10/8/2020,2:30 PM,MERIVALE RD @ BASIL MACDONALD WAY/MERIVALE MAL (0010301),10301,02 - Intersection related,03 - P.D. only,03 - Rear end,01 - Clear,01 - Daylight,01 - Dry,01 - Traffic signal,01 - Functioning,3,0,0,0,,0,,,,,365097.2779,5023171.232,45.34589562,-75.73054019,7171
20--7657,10/8/2020,2:35 PM,HIGHWAY 417 btwn REGIONAL ROAD 174 & HWY417 IC113 RAMP85 (__3ZA289),__3ZA289,01 - Non intersection,03 - P.D. only,04 - Sideswipe,01 - Clear,01 - Daylight,01 - Dry,10 - No control,,2,0,0,0,,0,,,,,373912.0534,5031722.632,45.42202414,-75.61686924,7172
20--7658,10/8/2020,2:41 PM,HIGHWAY 417 btwn HWY417 IC124 RAMP65 & HWY417 IC122 RAMP51 (__3ZA2R8),__3ZA2R8,01 - Non intersection,03 - P.D. only,03 - Rear end,01 - Clear,01 - Daylight,01 - Dry,10 - No control,,2,0,0,0,,0,,,,,364669.023,5027841.185,45.38795181,-75.73543883,7173
20--7659,10/8/2020,2:41 PM,HIGHWAY 417 btwn HWY417 IC124 RAMP57 & HWY417 IC124 RAMP55 (__3ZA2Y1),__3ZA2Y1,01 - Non intersection,03 - P.D. only,03 - Rear end,01 - Clear,01 - Daylight,01 - Dry,10 - No control,,2,0,0,0,,0,,,,,364405.1968,5027475.105,45.38468039,-75.73885194,7174
20--766,1/17/2020,3:40 PM,WALKLEY RD @ HEATHERINGTON RD (0006928),6928,02 - Intersection related,03 - P.D. only,04 - Sideswipe,01 - Clear,01 - Daylight,01 - Dry,01 - Traffic signal,01 - Functioning,2,0,0,0,,0,,,,,371766.7237,5026794.522,45.37789168,-75.64494878,7175
20--7660,10/8/2020,3:30 PM,METCALFE ST btwn LISGAR ST & COOPER ST (__3ZA345),__3ZA345,01 - Non intersection,03 - P.D. only,04 - Sideswipe,01 - Clear,01 - Daylight,01 - Dry,10 - No control,,2,0,0,0,,0,,,,,367949.2216,5031199.52,45.41788102,-75.69312285,7176
20--7661,10/8/2020,3:54 PM,HIGHWAY 417 btwn HWY417 IC124 RAMP57 & HWY417 IC124 RAMP55 (__3ZA2Y1),__3ZA2Y1,01 - Non intersection,03 - P.D. only,03 - Rear end,01 - Clear,01 - Daylight,01 - Dry,10 - No control,,2,0,0,0,,0,,,,,364312.9876,5027358.355,45.38363774,-75.74004341,7177
20--7662,10/8/2020,3:57 PM,MEADOWLANDS DR/TALLWOOD DR @ WOODROFFE AVE (0000095),95,02 - Intersection related,03 - P.D. only,04 - Sideswipe,01 - Clear,01 - Daylight,01 - Dry,01 - Traffic signal,00 - Unknown,2,0,0,0,,0,,,,,363056.6983,5022730.503,45.34210243,-75.7566299,7178
20--7663,10/8/2020,4:00 PM,INVERNESS AVE btwn GOODWIN AVE & NORMANDY CRES (__3ZAALI),__3ZAALI,04 - At/near private drive,03 - P.D. only,99 - Other,01 - Clear,01 - Daylight,01 - Dry,10 - No control,,2,0,0,0,,0,,,,,366523.0574,5024660.739,45.35917392,-75.71216144,7179
20--7664,10/8/2020,4:30 PM,STITTSVILLE MAIN ST btwn ORVILLE ST & ELM CRES (__3ZA3DW),__3ZA3DW,04 - At/near private drive,03 - P.D. only,07 - SMV other,01 - Clear,01 - Daylight,01 - Dry,10 - No control,,1,0,0,0,,0,,,,,350427.567,5013119.309,45.25655327,-75.91865576,7180
20--7665,10/8/2020,4:34 PM,HIGHWAY 417 btwn HWY417 IC124 RAMP65 & HWY417 IC122 RAMP51 (__3ZA2R8),__3ZA2R8,01 - Non intersection,03 - P.D. only,03 - Rear end,01 - Clear,01 - Daylight,01 - Dry,10 - No control,,2,0,0,0,,0,,,,,364891.705,5028248.839,45.39160073,-75.73254567,7181
20--7666,10/8/2020,4:40 PM,REGIONAL ROAD 174 btwn OR174 IC109 RAMP54 & OR174 IC109 RAMP55 (__3ZA28X),__3ZA28X,01 - Non intersection,03 - P.D. only,03 - Rear end,01 - Clear,01 - Daylight,01 - Dry,10 - No control,,3,0,0,0,,0,,,,,376428.254,5034891.589,45.45028337,-75.58425958,7182
20--7667,10/8/2020,5:00 PM,ALBION RD @ HUNT CLUB RD (0006974),6974,02 - Intersection related,03 - P.D. only,03 - Rear end,01 - Clear,01 - Daylight,01 - Dry,01 - Traffic signal,01 - Functioning,2,0,0,0,,0,,,,,371867.7351,5024320.522,45.35562186,-75.64399501,7183
20--7668,10/8/2020,5:04 PM,KENINS CRES/LEVERTON RD @ WALDEN DR (0011791),11791,03 - At intersection,03 - P.D. only,05 - Turning movement,01 - Clear,01 - Daylight,01 - Dry,02 - Stop sign,00 - Unknown,2,0,0,0,,0,,,,,349995.5974,5020703.473,45.32482581,-75.92346822,7184
20--7669,10/8/2020,5:13 PM,CARLING AVE @ VISCOUNT AVE (0006241),6241,02 - Intersection related,02 - Non-fatal injury,03 - Rear end,01 - Clear,01 - Daylight,01 - Dry,01 - Traffic signal,01 - Functioning,2,0,0,0,01 - Minimal,1,1,,,,365130.6972,5027849.545,45.38798742,-75.7295425,7185
20--767,1/17/2020,3:41 PM,HIGHWAY 417 btwn HWY417 IC118 RAMP57 & HWY417 IC118 RAMP35 (__3ZA2YQ),__3ZA2YQ,01 - Non intersection,03 - P.D. only,03 - Rear end,01 - Clear,01 - Daylight,01 - Dry,10 - No control,,2,0,0,0,,0,,,,,369280.1574,5030920.122,45.41524571,-75.67615538,7186
20--7670,10/8/2020,5:42 PM,CENTRAL PARK DR S @ MERIVALE RD (0009113),9113,02 - Intersection related,03 - P.D. only,03 - Rear end,01 - Clear,01 - Daylight,01 - Dry,01 - Traffic signal,01 - Functioning,3,0,0,0,,0,,,,,364987.2006,5025598.498,45.36774526,-75.73164924,7187
20--7671,10/8/2020,7:00 PM,CEDAR CREEK DR btwn HILLMAN MARSH WAY & HILLMAN MARSH WAY (__5GU06B),__5GU06B,01 - Non intersection,03 - P.D. only,06 - SMV unattended vehicle,01 - Clear,07 - Dark,01 - Dry,10 - No control,,1,0,0,0,,0,,,,,375670.5828,5020177.111,45.31796718,-75.59605747,7188
20--7672,10/8/2020,7:36 AM,HIGHWAY 417 btwn HWY417 IC124 RAMP65 & HWY417 IC122 RAMP51 (__3ZA2R8),__3ZA2R8,01 - Non intersection,03 - P.D. only,03 - Rear end,01 - Clear,01 - Daylight,01 - Dry,10 - No control,,4,0,0,0,,0,,,,,365157.8375,5028709.859,45.39572601,-75.72909069,7189
20--7673,10/8/2020,7:45 AM,HIGHWAY 417 btwn HWY417 IC124 RAMP65 & HWY417 IC122 RAMP51 (__3ZA2R8),__3ZA2R8,01 - Non intersection,03 - P.D. only,03 - Rear end,01 - Clear,01 - Daylight,01 - Dry,10 - No control,,2,0,0,0,,0,,,,,365126.1211,5028666.167,45.39533561,-75.72950109,7190
20--7674,10/8/2020,7:56 PM,BANK ST btwn ALBION RD & SIEVERIGHT AVE (__3ZA29S),__3ZA29S,04 - At/near private drive,03 - P.D. only,05 - Turning movement,01 - Clear,07 - Dark,01 - Dry,10 - No control,,2,0,0,0,,0,,,,,372123.1591,5024141.689,45.35398831,-75.64075968,7191
20--7675,10/8/2020,8:10 PM,STRANDHERD DR @ WOODROFFE AVE (0009688),9688,02 - Intersection related,03 - P.D. only,04 - Sideswipe,01 - Clear,07 - Dark,01 - Dry,01 - Traffic signal,01 - Functioning,2,0,0,0,,0,,,,,366106.1608,5015395.148,45.27583978,-75.71862898,7192
20--7676,10/8/2020,8:25 AM,HWY417 IC115 RAMP51 btwn HIGHWAY 417 & ST. LAURENT BLVD (__3ZAY8F),__3ZAY8F,01 - Non intersection,03 - P.D. only,04 - Sideswipe,01 - Clear,01 - Daylight,01 - Dry,10 - No control,,2,0,0,0,,0,,,,,372347.6056,5031420.274,45.41945647,-75.63689928,7193
20--7677,10/8/2020,9:52 AM,JOSEPH CYR ST @ LEMIEUX ST (0009480),9480,02 - Intersection related,03 - P.D. only,99 - Other,01 - Clear,01 - Daylight,01 - Dry,02 - Stop sign,01 - Functioning,2,0,0,0,,0,,,,,372494.7126,5031752.563,45.42243203,-75.63497416,7194
20--7678,10/9/2020,1:02 PM,CARLING AVE @ RICHMOND RD (0010847),10847,02 - Intersection related,03 - P.D. only,03 - Rear end,01 - Clear,01 - Daylight,01 - Dry,01 - Traffic signal,01 - Functioning,2,0,0,0,,0,,,,,360245.6767,5024781.518,45.36078523,-75.79226644,7195
20--7679,10/9/2020,1:45 PM,TERRY FOX DR S @ DIDSBURY RD/CENTRUM KANATA SC (0011820),11820,02 - Intersection related,03 - P.D. only,04 - Sideswipe,01 - Clear,01 - Daylight,01 - Dry,01 - Traffic signal,01 - Functioning,2,0,0,0,,0,,,,,350623.4803,5018915.736,45.30869859,-75.91562451,7196
20--768,1/17/2020,3:55 PM,HUNT CLUB RD btwn GIBFORD DR & UPLANDS DR (__3ZA36J),__3ZA36J,01 - Non intersection,03 - P.D. only,03 - Rear end,01 - Clear,01 - Daylight,02 - Wet,10 - No control,,3,0,0,0,,0,,,,,370071.5678,5023071.114,45.34454954,-75.66708246,7197
20--7680,10/9/2020,10:28 AM,HIGHWAY 417 btwn REGIONAL ROAD 174 & HWY417 IC113 RAMP85 (__3ZA289),__3ZA289,01 - Non intersection,02 - Non-fatal injury,03 - Rear end,01 - Clear,01 - Daylight,01 - Dry,10 - No control,,2,0,0,0,02 - Minor,1,,1,,,373621.6469,5031796.897,45.42272097,-75.62056931,7198
20--7681,10/9/2020,11:39 AM,WOODMOUNT CRES btwn CHESTERTON DR & CHESTERTON DR (__3ZAAV0),__3ZAAV0,04 - At/near private drive,03 - P.D. only,06 - SMV unattended vehicle,01 - Clear,01 - Daylight,01 - Dry,10 - No control,,1,0,0,0,,0,,,,,365507.0482,5024075.682,45.35399838,-75.72520052,7199
20--7682,10/9/2020,Unknown,JARGEAU RD btwn DE LAMARCHE AVE & DE LE SAGE WAY/DE LOURY ROW (e___2LK5),e___2LK5,01 - Non intersection,03 - P.D. only,06 - SMV unattended vehicle,01 - Clear,00 - Unknown,01 - Dry,10 - No control,,1,0,0,0,,0,,,,,381346.549,5034215.378,45.44367799,-75.52149516,7200
20--7683,10/9/2020,Unknown,SANDGATE RDG btwn KILBIRNIE DR & DEERPATH TER (__54YKRN),__54YKRN,01 - Non intersection,03 - P.D. only,06 - SMV unattended vehicle,01 - Clear,00 - Unknown,01 - Dry,10 - No control,,1,0,0,0,,0,,,,,366023.3594,5012060.478,45.24584171,-75.72009515,7201
20--7684,10/9/2020,12:15 PM,INDUSTRIAL AVE/INNES RD @ ST. LAURENT BLVD (0002203),2203,02 - Intersection related,03 - P.D. only,03 - Rear end,01 - Clear,01 - Daylight,01 - Dry,01 - Traffic signal,01 - Functioning,2,0,0,0,,0,,,,,373099.7299,5030005.572,45.40665463,-75.62748604,7202
20--7685,10/9/2020,12:59 PM,HWY 417 CASTLEFR IC139R61 @ KANATA AVE (0012625),12625,03 - At intersection,03 - P.D. only,02 - Angle,01 - Clear,01 - Daylight,01 - Dry,01 - Traffic signal,01 - Functioning,2,0,0,0,,0,,,,,351616.0631,5019224.793,45.31141409,-75.90293783,7203
20--7686,10/9/2020,2:11 PM,SUSSEX DR btwn LADY GREY DR & 151 W OF KING EDWARD AVE/L.B. PEARSON BU (__3ZBOFZA),__3ZBOFZA,01 - Non intersection,03 - P.D. only,03 - Rear end,01 - Clear,01 - Daylight,01 - Dry,10 - No control,,2,0,0,0,,0,,,,,367565.5146,5033276.72,45.4366055,-75.69776039,7204
20--7687,10/9/2020,2:17 PM,BEECHWOOD AVE @ SPRINGFIELD RD (0011442),11442,02 - Intersection related,03 - P.D. only,03 - Rear end,01 - Clear,01 - Daylight,01 - Dry,01 - Traffic signal,01 - Functioning,2,0,0,0,,0,,,,,369236.7092,5033653.593,45.43984445,-75.67635282,7205
20--7688,10/9/2020,2:35 PM,HIGHWAY 417 btwn HWY417 IC124 RAMP57 & HWY417 IC124 RAMP55 (__3ZA2Y1),__3ZA2Y1,01 - Non intersection,02 - Non-fatal injury,03 - Rear end,01 - Clear,01 - Daylight,01 - Dry,10 - No control,,3,0,0,0,02 - Minor,1,,1,,,364166.1348,5027160.645,45.38187124,-75.74194227,7206
20--7689,10/9/2020,2:49 PM,SLATER ST btwn KENT ST & BANK ST (__3ZA349),__3ZA349,04 - At/near private drive,03 - P.D. only,07 - SMV other,01 - Clear,01 - Daylight,01 - Dry,10 - No control,,1,0,0,0,,0,,,,,367328.4617,5031294.345,45.41878998,-75.70104168,7207
20--769,1/17/2020,3:59 PM,BLAIR RD btwn BEAVERPOND DR & INNES RD (__3ZA2EZ),__3ZA2EZ,01 - Non intersection,02 - Non-fatal injury,03 - Rear end,01 - Clear,01 - Daylight,01 - Dry,10 - No control,,2,0,0,0,02 - Minor,3,,3,,,375504.1102,5031626.431,45.42099949,-75.59654187,7208
20--7690,10/9/2020,3:00 PM,HWY417 IC138 RAMP35 btwn HIGHWAY 417 & EAGLESON RD (__3ZAY6O),__3ZAY6O,01 - Non intersection,03 - P.D. only,03 - Rear end,01 - Clear,01 - Daylight,01 - Dry,10 - No control,,2,0,0,0,,0,,,,,352972.2359,5020137.826,45.31953803,-75.88555427,7209
20--7691,10/9/2020,3:09 PM,HUNT CLUB RD btwn ESSON ST & BLOHM DR (__3ZA2F1),__3ZA2F1,01 - Non intersection,03 - P.D. only,03 - Rear end,01 - Clear,01 - Daylight,01 - Dry,10 - No control,,2,0,0,0,,0,,,,,374676.0492,5025928.412,45.36981472,-75.60792861,7210
20--7692,10/9/2020,3:35 PM,HIGHWAY 417 btwn HIGHWAY 417 & HWY417 IC129 RAMP51 (__3ZA290),__3ZA290,01 - Non intersection,03 - P.D. only,03 - Rear end,01 - Clear,01 - Daylight,01 - Dry,10 - No control,,2,0,0,0,,0,,,,,360050.8029,5023227.689,45.34681929,-75.79492735,7211
20--7693,10/9/2020,3:42 PM,BLACKLEAF DR btwn CHEYENNE WAY/KENNACRAIG PRIV S & DUNDONALD DR (__8JUUW6),__8JUUW6,01 - Non intersection,03 - P.D. only,99 - Other,01 - Clear,01 - Daylight,01 - Dry,10 - No control,,2,0,0,0,,0,,,,,365188.356,5012283.355,45.2479193,-75.73070395,7212
20--7694,10/9/2020,4:10 AM,HIGHWAY 416 btwn HIGHWAY 416 & HWY416 IC57 RAMP52 (__3ZAZEK),__3ZAZEK,01 - Non intersection,03 - P.D. only,07 - SMV other,01 - Clear,07 - Dark,01 - Dry,10 - No control,,1,0,0,0,,0,,,,,364717.5618,5008098.312,45.21030225,-75.73720481,7213
20--7695,10/9/2020,4:14 PM,FISHER AVE btwn 220 S OF TRENT ST & MCCOOEY LANE (__3ZA30SB),__3ZA30SB,01 - Non intersection,03 - P.D. only,03 - Rear end,01 - Clear,01 - Daylight,01 - Dry,10 - No control,,4,0,0,0,,0,,,,,365995.8908,5026429.848,45.37513823,-75.71867049,7214
20--7696,10/9/2020,5:10 PM,STONEHAVEN DR btwn RICHMOND RD & SAWYER WAY/SUMMITVIEW DR (__3ZA5XW),__3ZA5XW,04 - At/near private drive,03 - P.D. only,03 - Rear end,01 - Clear,01 - Daylight,01 - Dry,10 - No control,,2,0,0,0,,0,,,,,356713.5769,5015864.243,45.28081701,-75.83828333,7215
20--7697,10/9/2020,6:18 PM,EAGLESON RD @ EMERALD MEADOWS DR (0010422),10422,03 - At intersection,03 - P.D. only,05 - Turning movement,01 - Clear,05 - Dusk,01 - Dry,02 - Stop sign,01 - Functioning,2,0,0,0,,0,,,,,354998.6224,5015092.42,45.27399652,-75.86021967,7216
20--7698,10/9/2020,6:30 PM,RIVERSIDE DR @ TREMBLAY RD/HWY417 IC117 RAMP52 (0010790),10790,02 - Intersection related,03 - P.D. only,03 - Rear end,01 - Clear,05 - Dusk,01 - Dry,01 - Traffic signal,01 - Functioning,2,0,0,0,,0,,,,,370802.0727,5031015.913,45.4159657,-75.65669957,7217
20--7699,10/9/2020,6:31 AM,BOUNDARY RD @ MITCH OWENS RD (0001708),1708,02 - Intersection related,03 - P.D. only,07 - SMV other,01 - Clear,07 - Dark,01 - Dry,02 - Stop sign,01 - Functioning,1,0,0,0,,0,,,,,388065.8342,5022162.473,45.33446926,-75.43764949,7218
20--77,1/3/2020,5:44 PM,BANK ST btwn CENOTE RD & STONE SCHOOL RD (__3ZAZBJ),__3ZAZBJ,01 - Non intersection,03 - P.D. only,07 - SMV other,01 - Clear,07 - Dark,02 - Wet,10 - No control,,1,0,0,0,,0,,,,,381338.6186,5012129.165,45.24496099,-75.52501389,7219
20--770,1/17/2020,4:00 PM,HIGHWAY 417 btwn HWY417 IC124 RAMP65 & HWY417 IC122 RAMP51 (__3ZA2R8),__3ZA2R8,01 - Non intersection,03 - P.D. only,03 - Rear end,01 - Clear,01 - Daylight,01 - Dry,10 - No control,,4,0,0,0,,0,,,,,364979.4504,5028408.855,45.39303299,-75.73140562,7220
20--7700,10/9/2020,7:34 PM,HIGHWAY 417 btwn HWY417 IC117 RAMP25 & HWY417 IC115 RAMP51 (__3ZA2R3),__3ZA2R3,01 - Non intersection,03 - P.D. only,04 - Sideswipe,01 - Clear,07 - Dark,01 - Dry,10 - No control,,2,0,0,0,,0,,,,,371253.2179,5031368.368,45.41909424,-75.65088845,7221
20--7701,10/9/2020,8:13 AM,RIVER RD btwn CABIN RD & OSGOODE MAIN ST (__3ZA3TB),__3ZA3TB,01 - Non intersection,03 - P.D. only,07 - SMV other,01 - Clear,01 - Daylight,01 - Dry,10 - No control,,1,0,0,0,,0,,,,,372909.0192,5000812.255,45.14399887,-75.63392715,7222
20--7702,10/9/2020,8:45 AM,FALLOWFIELD RD btwn KIMINI DR & SHEA RD (__3ZA42K),__3ZA42K,01 - Non intersection,03 - P.D. only,07 - SMV other,01 - Clear,01 - Daylight,01 - Dry,10 - No control,,1,0,0,0,,0,,,,,352797.1936,5009964.613,45.22800861,-75.88877033,7223
20--7703,10/9/2020,8:53 AM,EAGLESON RD @ FALLOWFIELD RD (0000118),118,02 - Intersection related,02 - Non-fatal injury,03 - Rear end,01 - Clear,01 - Daylight,01 - Dry,01 - Traffic signal,01 - Functioning,2,0,0,0,01 - Minimal,1,1,,,,355961.6361,5012594.409,45.25144944,-75.84820414,7224
20--7526,10/2/2020,12:06 PM,INNES RD btwn BANTREE ST & STAR TOP RD (__3ZA2XP),__3ZA2XP,01 - Non intersection,03 - P.D. only,03 - Rear end,02 - Rain,01 - Daylight,02 - Wet,10 - No control,,2,0,0,0,,0,,,,,373709.9295,5030408.927,45.41022401,-75.61963542,7225
20--7888,10/18/2020,3:06 PM,HIGHWAY 417 btwn HWY417 IC119A RAMP75 & HWY417 IC118 RAMP57 (__3ZA2R2),__3ZA2R2,01 - Non intersection,03 - P.D. only,04 - Sideswipe,01 - Clear,01 - Daylight,01 - Dry,10 - No control,,2,0,0,0,,0,,,,,368675.963,5030557.21,45.41203577,-75.68392125,7226
20--7258,9/21/2020,9:45 AM,BANK ST @ RIVERSIDE DR N (0010778),10778,03 - At intersection,03 - P.D. only,02 - Angle,01 - Clear,01 - Daylight,01 - Dry,01 - Traffic signal,02 - Not functioning,2,0,0,0,,0,,,,,369225.7032,5027983.565,45.38882859,-75.67723468,7227
20--7259,9/22/2020,1:10 PM,RICHMOND RD @ NORTHSIDE RD E (0010417),10417,02 - Intersection related,03 - P.D. only,03 - Rear end,01 - Clear,01 - Daylight,01 - Dry,01 - Traffic signal,01 - Functioning,2,0,0,0,,0,,,,,358329.3009,5021226.536,45.32894631,-75.81711086,7228
20--7707,10/10/2020,11:39 AM,AYLMER AVE @ BANK ST (0007222),7222,02 - Intersection related,03 - P.D. only,03 - Rear end,01 - Clear,01 - Daylight,01 - Dry,01 - Traffic signal,01 - Functioning,2,0,0,0,,0,,,,,368673.7144,5028729.542,45.39559122,-75.68418671,7229
20--7889,10/18/2020,7:00 PM,ALTA VISTA DR @ BANK ST (0011318),11318,02 - Intersection related,03 - P.D. only,04 - Sideswipe,01 - Clear,07 - Dark,01 - Dry,01 - Traffic signal,01 - Functioning,2,0,0,0,,0,,,,,370248.0511,5026200.741,45.37269254,-75.66441624,7230
20--7527,10/2/2020,12:10 PM,472 E OF CHESTNUT ST/UOTTAWA @ LEES AVE (0008222),8222,02 - Intersection related,03 - P.D. only,03 - Rear end,02 - Rain,01 - Daylight,02 - Wet,01 - Traffic signal,01 - Functioning,2,0,0,0,,0,,,,,369789.929,5031040.332,45.41628016,-75.66962701,7231
20--726,1/16/2020,7:39 AM,KING EDWARD AVE @ MURRAY ST (0002713),2713,02 - Intersection related,03 - P.D. only,03 - Rear end,03 - Snow,03 - Dawn,04 - Slush,01 - Traffic signal,01 - Functioning,2,0,0,0,,0,,,,,368291.7043,5032753.569,45.43183282,-75.68854697,7232
20--7348,9/25/2020,10:30 AM,KENT ST btwn LISGAR ST & COOPER ST (__3ZA3RR),__3ZA3RR,01 - Non intersection,03 - P.D. only,04 - Sideswipe,01 - Clear,01 - Daylight,01 - Dry,10 - No control,,2,0,0,0,,0,,,,,367457.3028,5030931.353,45.41551237,-75.69944173,7233
20--7438,9/28/2020,8:59 AM,ST. JOSEPH BLVD @ REGIONAL RD 174/TRANSITWAY (0012428),12428,02 - Intersection related,02 - Non-fatal injury,03 - Rear end,01 - Clear,01 - Daylight,01 - Dry,01 - Traffic signal,01 - Functioning,2,0,0,0,01 - Minimal,1,1,,,,376556.2813,5035056.406,45.45175315,-75.58259897,7234
20--7708,10/10/2020,12:05 AM,FLORENCE ST btwn LYON ST N & KENT ST (__3ZA8F9),__3ZA8F9,01 - Non intersection,02 - Non-fatal injury,07 - SMV other,01 - Clear,07 - Dark,01 - Dry,10 - No control,,1,0,0,1,03 - Major,1,,,1,,367609.1351,5030469.357,45.41134186,-75.69756087,7235
20--789,1/17/2020,8:00 PM,HWY 417 MAITLAND IC126R26/62 @ MAITLAND AVE (0008228),8228,03 - At intersection,03 - P.D. only,05 - Turning movement,01 - Clear,07 - Dark,01 - Dry,01 - Traffic signal,01 - Functioning,2,0,0,0,,0,,,,,363145.692,5025983.519,45.37136535,-75.75511047,7236
20--7528,10/2/2020,12:35 AM,TERRY FOX DR btwn TERRY FOX DR & EAGLESON RD (__51NPEM),__51NPEM,01 - Non intersection,03 - P.D. only,03 - Rear end,01 - Clear,07 - Dark,01 - Dry,10 - No control,,2,0,0,0,,0,,,,,354983.6353,5014580.803,45.26939394,-75.86046238,7237
20--7796,10/14/2020,2:48 PM,CAMPEAU DR/HWY 417 MARCH IC138R63 @ MARCH RD (0009710),9710,03 - At intersection,03 - P.D. only,07 - SMV other,01 - Clear,01 - Daylight,01 - Dry,01 - Traffic signal,01 - Functioning,1,0,0,0,,0,,,,,352841.6259,5020476.467,45.32259414,-75.88718728,7238
20--7439,9/29/2020,1:53 PM,SAUNDERSON DR @ WINGATE DR (0008362),8362,03 - At intersection,02 - Non-fatal injury,02 - Angle,01 - Clear,01 - Daylight,01 - Dry,02 - Stop sign,01 - Functioning,2,1,0,0,03 - Major,1,,,1,,373052.6903,5029060.489,45.39815579,-75.62821769,7239
20--744,1/17/2020,11:48 AM,BRONSON AVE btwn BREWER WAY & RIVERSIDE DR RAMPS 34B & 42A-3 (__3ZA3BR),__3ZA3BR,01 - Non intersection,03 - P.D. only,03 - Rear end,01 - Clear,01 - Daylight,01 - Dry,10 - No control,,2,0,0,0,,0,,,,,368199.2494,5027601.126,45.38548118,-75.69039108,7240
20--7440,9/29/2020,10:00 AM,GRANVILLE AVE @ WELLINGTON ST (0005596),5596,02 - Intersection related,03 - P.D. only,03 - Rear end,01 - Clear,01 - Daylight,02 - Wet,02 - Stop sign,01 - Functioning,2,0,0,0,,0,,,,,364380.6864,5028980.569,45.39822836,-75.73898313,7241
20--7441,9/29/2020,10:01 AM,CEDARVIEW RD @ HWY 416 WESTHUNT IC72R24 (0005514),5514,03 - At intersection,03 - P.D. only,02 - Angle,01 - Clear,01 - Daylight,01 - Dry,02 - Stop sign,01 - Functioning,2,0,0,0,,0,,,,,359607.8843,5019743.774,45.31550567,-75.8009649,7242
20--7442,9/29/2020,10:41 AM,BANTON ST @ WALKLEY RD (0006399),6399,02 - Intersection related,03 - P.D. only,02 - Angle,01 - Clear,01 - Daylight,01 - Dry,01 - Traffic signal,01 - Functioning,2,0,0,0,,0,,,,,374247.7325,5028249.537,45.39074172,-75.61306956,7243
20--7443,9/29/2020,Unknown,CITIPLACE DR btwn Continuation of CITIPLACE DR & Continuation of CITIP (__5Z1V7E),__5Z1V7E,01 - Non intersection,03 - P.D. only,06 - SMV unattended vehicle,02 - Rain,00 - Unknown,02 - Wet,10 - No control,,1,0,0,0,,0,,,,,366805.5089,5023526.936,45.34894725,-75.70869875,7244
20--7444,9/29/2020,12:24 PM,HWY417 IC104 RAMP51 btwn HIGHWAY 417 & ANDERSON RD (__3ZAY0C),__3ZAY0C,01 - Non intersection,03 - P.D. only,07 - SMV other,01 - Clear,01 - Daylight,01 - Dry,10 - No control,,1,0,0,0,,0,,,,,380091.3559,5025632.873,45.36659481,-75.53884866,7245
20--7445,9/29/2020,3:40 PM,WOODKILTON RD btwn KILMAURS SIDE RD & KINBURN SIDE RD (__3ZACCE),__3ZACCE,04 - At/near private drive,03 - P.D. only,05 - Turning movement,01 - Clear,01 - Daylight,01 - Dry,10 - No control,,2,0,0,0,,0,,,,,336442.2356,5035538.274,45.45905685,-76.09540332,7246
20--7446,9/29/2020,4:05 PM,HAIG DR @ SMYTH RD (0007736),7736,03 - At intersection,03 - P.D. only,05 - Turning movement,01 - Clear,01 - Daylight,01 - Dry,01 - Traffic signal,01 - Functioning,2,0,0,0,,0,,,,,372564.685,5029298.56,45.40034525,-75.63441749,7247