Anom_ID,Accident_Date,Accident_Time,Location,Geo_ID,Accident_Location,Classification_of_Accident,Initial_Impact_Type,Environment_Condition,Light,Road_Surface_Condition,Traffic_Control,Traffic_Control_Condition,No__of_Vehicles,No__of_Bicycles,No__of_Motorcycles,No__of_Pedestrians,Max_Injury,No__of_Injuries,No__of_Minimal,No__of_Minor,No__of_Major,No__of_Fatal,X,Y,Latitude,Longitude,ObjectId
20--752,1/17/2020,12:45 PM,KENT ST @ LISGAR ST (0007733),7733,02 - Intersection related,03 - P.D. only,04 - Sideswipe,01 - Clear,01 - Daylight,03 - Loose snow,02 - Stop sign,00 - Unknown,2,0,0,0,,0,,,,,367437.7015,5030963.572,45.41580402,-75.69968805,7330
20--7520,10/2/2020,10:17 PM,PRINCE OF WALES DR @ WEST HUNT CLUB RD (0000567),567,02 - Intersection related,02 - Non-fatal injury,03 - Rear end,01 - Clear,07 - Dark,01 - Dry,01 - Traffic signal,01 - Functioning,4,0,0,0,02 - Minor,1,,1,,,367458.7106,5021891.507,45.33417393,-75.70057067,7331
20--7521,10/2/2020,10:55 AM,INNES RD @ ORLEANS BLVD (0003611),3611,02 - Intersection related,03 - P.D. only,03 - Rear end,02 - Rain,01 - Daylight,02 - Wet,01 - Traffic signal,01 - Functioning,2,0,0,0,,0,,,,,380460.8072,5034296.409,45.44450347,-75.53280362,7332
20--7522,10/2/2020,Unknown,HARTSMERE DR btwn Continuation of HARTSMERE DR & Continuation of HARTS (__49NTU0),__49NTU0,01 - Non intersection,03 - P.D. only,06 - SMV unattended vehicle,02 - Rain,00 - Unknown,02 - Wet,10 - No control,,1,0,0,0,,0,,,,,351527.1117,5012117.033,45.24746228,-75.90474135,7333
20--7523,10/2/2020,Unknown,PARKDALE AVE btwn GRANT ST & WELLINGTON ST W (__3ZA3ZQ),__3ZA3ZQ,04 - At/near private drive,03 - P.D. only,02 - Angle,01 - Clear,00 - Unknown,01 - Dry,10 - No control,,2,0,0,0,,0,,,,,365143.0441,5029285.525,45.400907,-75.7292092,7334
20--7349,9/25/2020,10:45 AM,BRIDGEPORT AVE btwn CONCH WAY & JETTY DR/OFFLEY RD (e___2K1L),e___2K1L,04 - At/near private drive,03 - P.D. only,02 - Angle,01 - Clear,01 - Daylight,01 - Dry,10 - No control,,2,0,0,0,,0,,,,,369244.437,5008774.316,45.21598548,-75.67949257,7335
20--7260,9/22/2020,1:55 PM,GREENBANK RD @ BERRIGAN DR/WESSEX RD (0004726),4726,02 - Intersection related,03 - P.D. only,03 - Rear end,01 - Clear,01 - Daylight,01 - Dry,01 - Traffic signal,01 - Functioning,2,0,0,0,,0,,,,,363723.6786,5015276.423,45.27497519,-75.74900607,7336
20--7709,10/10/2020,12:28 PM,BANK ST @ RIVERSIDE DR S (0002704),2704,02 - Intersection related,03 - P.D. only,03 - Rear end,01 - Clear,01 - Daylight,01 - Dry,01 - Traffic signal,01 - Functioning,2,0,0,0,,0,,,,,369304.7193,5027894.552,45.3880204,-75.67623733,7337
20--7261,9/22/2020,10:40 AM,PRINCE OF WALES DR @ MERIVALE RD (0000564),564,02 - Intersection related,03 - P.D. only,03 - Rear end,01 - Clear,01 - Daylight,01 - Dry,01 - Traffic signal,01 - Functioning,2,0,0,0,,0,,,,,367449.7102,5017616.471,45.29570859,-75.7012261,7338
20--7797,10/14/2020,3:00 PM,CASCADES AVE btwn KEHOE ST & END (__3ZA5YH),__3ZA5YH,01 - Non intersection,03 - P.D. only,06 - SMV unattended vehicle,01 - Clear,01 - Daylight,01 - Dry,10 - No control,,1,0,0,0,,0,,,,,359665.3753,5025475.712,45.36707723,-75.79959603,7339
20--735,1/16/2020,8:50 PM,CENTREPOINTE DR btwn HEMMINGWOOD WAY & Continuation of CENTREPOINTE DR (__3ZA0AP),__3ZA0AP,01 - Non intersection,02 - Non-fatal injury,06 - SMV unattended vehicle,01 - Clear,07 - Dark,05 - Packed snow,10 - No control,,1,0,0,0,01 - Minimal,1,1,,,,362362.1655,5023147.457,45.34591149,-75.76544306,7340
20--7890,10/18/2020,8:52 PM,UPPER DWYER HILL RD btwn VAUGHAN SIDE RD & CARROLL SIDE RD (__3ZA4QD),__3ZA4QD,01 - Non intersection,03 - P.D. only,07 - SMV other,01 - Clear,07 - Dark,01 - Dry,10 - No control,,1,0,0,0,,0,,,,,332470.0983,5016017.504,45.28356844,-76.14728595,7341
20--771,1/17/2020,4:30 PM,HERON RD btwn SANDALWOOD DR & JEFFERSON ST (__3ZA3AG),__3ZA3AG,01 - Non intersection,03 - P.D. only,99 - Other,01 - Clear,01 - Daylight,01 - Dry,10 - No control,,2,0,0,0,,0,,,,,371564.8154,5027024.765,45.37998259,-75.64749539,7342
20--7529,10/2/2020,2:23 PM,BATHGATE DR btwn DEN HAAG DR & DES PIONNIERS PRIV (__3ZAZZQ),__3ZAZZQ,01 - Non intersection,03 - P.D. only,06 - SMV unattended vehicle,01 - Clear,01 - Daylight,01 - Dry,10 - No control,,1,0,0,0,,0,,,,,373435.0104,5033861.263,45.44131341,-75.62266619,7343
20--7350,9/25/2020,11:20 AM,CATHERINE ST @ METCALFE ST (0011239),11239,02 - Intersection related,03 - P.D. only,03 - Rear end,01 - Clear,01 - Daylight,01 - Dry,01 - Traffic signal,01 - Functioning,2,0,0,0,,0,,,,,368393.7141,5030486.562,45.41142581,-75.68753601,7344
20--7798,10/14/2020,3:26 PM,YORK ST WB btwn CUMBERLAND ST & SPLIT (__3ZA82X),__3ZA82X,01 - Non intersection,03 - P.D. only,99 - Other,01 - Clear,01 - Daylight,01 - Dry,10 - No control,,2,0,0,0,,0,,,,,368153.0422,5032468.808,45.42928322,-75.6903556,7345
20--753,1/17/2020,12:57 PM,BESSERER ST @ CHAPEL ST (0008419),8419,02 - Intersection related,03 - P.D. only,04 - Sideswipe,01 - Clear,01 - Daylight,03 - Loose snow,02 - Stop sign,01 - Functioning,2,0,0,0,,0,,,,,368930.7158,5032572.598,45.4301462,-75.68040452,7346
20--7979,10/22/2020,8:15 PM,BRONSON AVE @ FIFTH AVE/MADAWASKA DR (0006977),6977,02 - Intersection related,03 - P.D. only,04 - Sideswipe,01 - Clear,07 - Dark,01 - Dry,01 - Traffic signal,01 - Functioning,2,0,0,0,,0,,,,,367613.713,5028938.551,45.39756771,-75.69769739,7347
20--7710,10/10/2020,12:41 PM,AIRPORT PKWY @ HUNT CLUB RD (0010856),10856,02 - Intersection related,03 - P.D. only,03 - Rear end,01 - Clear,01 - Daylight,01 - Dry,01 - Traffic signal,01 - Functioning,2,0,0,0,,0,,,,,371018.5285,5023702.999,45.3501463,-75.65491519,7348
20--7351,9/25/2020,11:38 PM,MEADOWLANDS DR/TALLWOOD DR @ WOODROFFE AVE (0000095),95,02 - Intersection related,03 - P.D. only,99 - Other,01 - Clear,07 - Dark,01 - Dry,01 - Traffic signal,01 - Functioning,2,0,0,0,,0,,,,,363056.6865,5022730.493,45.34210234,-75.75663006,7349
20--7799,10/14/2020,3:37 PM,MACKENZIE KING BR/NICHOLAS ST SB RAMP @ WALLER (0011252),11252,03 - At intersection,03 - P.D. only,04 - Sideswipe,01 - Clear,01 - Daylight,01 - Dry,03 - Yield sign,00 - Unknown,2,0,0,0,,0,,,,,368356.0046,5031951.695,45.424612,-75.68782875,7350
20--78,1/3/2020,6:00 PM,HIGHWAY 417 btwn HIGHWAY 417 & HWY417 IC140 RAMP51 (__3ZA20L),__3ZA20L,01 - Non intersection,03 - P.D. only,04 - Sideswipe,01 - Clear,07 - Dark,01 - Dry,10 - No control,,2,0,0,0,,0,,,,,350099.8379,5018082.158,45.30123178,-75.92237823,7351
20--780,1/17/2020,5:55 PM,INDUSTRIAL AVE/INNES RD @ ST. LAURENT BLVD (0002203),2203,02 - Intersection related,03 - P.D. only,03 - Rear end,01 - Clear,07 - Dark,01 - Dry,01 - Traffic signal,01 - Functioning,2,0,0,0,,0,,,,,373099.7253,5030005.573,45.40665464,-75.6274861,7352
20--7800,10/14/2020,4:22 PM,DUNNING RD btwn FRENCH HILL RD & INNES RD (__3ZBOGY),__3ZBOGY,01 - Non intersection,03 - P.D. only,03 - Rear end,01 - Clear,01 - Daylight,01 - Dry,10 - No control,,2,0,1,0,,0,,,,,391677.2553,5039290.069,45.48812644,-75.3885629,7353
20--7801,10/14/2020,4:30 PM,PARKGLEN DR @ WOODROFFE AVE (0001099),1099,02 - Intersection related,03 - P.D. only,03 - Rear end,01 - Clear,01 - Daylight,01 - Dry,02 - Stop sign,01 - Functioning,2,0,0,0,,0,,,,,362888.6882,5023126.475,45.34567929,-75.75872707,7354
20--7802,10/14/2020,4:41 PM,HOLLAND AVE btwn WELLINGTON ST W & BYRON AVE (__3ZA4PY),__3ZA4PY,01 - Non intersection,03 - P.D. only,03 - Rear end,01 - Clear,01 - Daylight,02 - Wet,10 - No control,,2,0,0,0,,0,,,,,364967.9313,5029065.847,45.39894546,-75.73147259,7355
20--7803,10/14/2020,4:47 PM,BARNSDALE RD @ RIDEAU VALLEY DR (0010400),10400,03 - At intersection,03 - P.D. only,02 - Angle,01 - Clear,01 - Daylight,01 - Dry,02 - Stop sign,01 - Functioning,2,0,0,0,,0,,,,,367139.6839,5011811.414,45.24350265,-75.70590723,7356
20--7804,10/14/2020,4:50 PM,RIDEAU VALLEY DR    N btwn ROGER STEVENS DR & SUTHERLAND DR (__3ZA391),__3ZA391,04 - At/near private drive,03 - P.D. only,05 - Turning movement,01 - Clear,01 - Daylight,01 - Dry,10 - No control,,2,0,0,0,,0,,,,,372230.0299,5003048.928,45.16418953,-75.64225832,7357
20--7805,10/14/2020,4:53 PM,ST. JOSEPH BLVD @ JEANNE D'ARC BLVD (0012421),12421,03 - At intersection,03 - P.D. only,04 - Sideswipe,01 - Clear,01 - Daylight,01 - Dry,11 - Roundabout,00 - Unknown,2,0,0,0,,0,,,,,379860.7462,5036471.573,45.46413864,-75.54014133,7358
20--7806,10/14/2020,5:00 PM,CASPIAN ROW btwn BRITTANIC & CONTINENTAL AVE (e___2K8S),e___2K8S,04 - At/near private drive,03 - P.D. only,06 - SMV unattended vehicle,01 - Clear,01 - Daylight,01 - Dry,10 - No control,,1,0,0,0,,0,,,,,353443.686,5014449.344,45.26831924,-75.88009911,7359
20--7807,10/14/2020,5:19 AM,SPRING CRESS DR btwn WOODSIA AVE & DODDER KEY (__3ZAB89),__3ZAB89,01 - Non intersection,03 - P.D. only,07 - SMV other,01 - Clear,07 - Dark,02 - Wet,10 - No control,,1,0,0,0,,0,,,,,360877.174,5015994.281,45.28166731,-75.78520132,7360
20--7808,10/14/2020,5:38 PM,BANK ST btwn RIDEAU RD & TURN LANE (__3ZBPH9),__3ZBPH9,01 - Non intersection,03 - P.D. only,03 - Rear end,01 - Clear,01 - Daylight,01 - Dry,10 - No control,,2,0,1,0,,0,,,,,377552.8527,5016405.614,45.28384036,-75.57260598,7361
20--7809,10/14/2020,6:25 PM,CAMBRIAN RD @ CEDARVIEW RD (0001571),1571,02 - Intersection related,03 - P.D. only,03 - Rear end,01 - Clear,05 - Dusk,01 - Dry,02 - Stop sign,01 - Functioning,2,0,0,0,,0,,,,,363002.6432,5011834.412,45.24406382,-75.75859823,7362
20--781,1/17/2020,6:03 PM,OGILVIE RD btwn BATHGATE DR & CITY PARK DR (1) (__3ZA2G8A),__3ZA2G8A,01 - Non intersection,02 - Non-fatal injury,03 - Rear end,01 - Clear,07 - Dark,01 - Dry,10 - No control,,2,0,0,0,02 - Minor,1,,1,,,373898.2407,5032841.126,45.43208913,-75.6168888,7363
20--7810,10/14/2020,6:31 PM,MCCORDICK RD btwn EAGLESON RD & DOBSON LANE (__3ZABAJ),__3ZABAJ,01 - Non intersection,03 - P.D. only,07 - SMV other,01 - Clear,07 - Dark,01 - Dry,10 - No control,,1,0,0,0,,0,,,,,359182.088,5004602.27,45.17929286,-75.80805144,7364
20--7891,10/18/2020,9:38 AM,HEATHERINGTON RD btwn WALKLEY RD & FAIRLEA CRES (__3ZA9YX),__3ZA9YX,01 - Non intersection,03 - P.D. only,06 - SMV unattended vehicle,01 - Clear,01 - Daylight,01 - Dry,10 - No control,,1,0,0,0,,0,,,,,371802.958,5026711.34,45.37713978,-75.64449747,7365
20--7262,9/22/2020,11:00 AM,PARKDALE AVE @ WELLINGTON ST (0002260),2260,02 - Intersection related,03 - P.D. only,04 - Sideswipe,01 - Clear,01 - Daylight,01 - Dry,01 - Traffic signal,01 - Functioning,2,0,0,0,,0,,,,,365149.6961,5029270.552,45.4007717,-75.72912607,7366
20--7811,10/14/2020,6:52 AM,ANDERSON RD @ RUSSELL RD (0004145),4145,02 - Intersection related,03 - P.D. only,99 - Other,01 - Clear,07 - Dark,01 - Dry,02 - Stop sign,01 - Functioning,2,0,0,0,,0,,,,,379787.7877,5026706.539,45.37628753,-75.5425604,7367
20--7812,10/14/2020,7:41 PM,CARLING AVE @ KEMPSTER AVE/FAMOUS PLAYERS THEA (0002395),2395,02 - Intersection related,03 - P.D. only,04 - Sideswipe,01 - Clear,07 - Dark,01 - Dry,01 - Traffic signal,01 - Functioning,2,0,0,0,,0,,,,,359210.6773,5024119.509,45.35490957,-75.80554953,7368
20--7813,10/14/2020,8:05 AM,HOLLAND AVE/TUNNEY'S PASTURE @ SCOTT ST (0006494),6494,02 - Intersection related,03 - P.D. only,04 - Sideswipe,01 - Clear,01 - Daylight,01 - Dry,01 - Traffic signal,01 - Functioning,2,0,0,0,,0,,,,,364737.6934,5029595.532,45.4037312,-75.73434879,7369
20--7814,10/14/2020,8:19 PM,BASELINE RD @ MERIVALE RD (0002342),2342,02 - Intersection related,03 - P.D. only,03 - Rear end,02 - Rain,07 - Dark,02 - Wet,01 - Traffic signal,01 - Functioning,2,0,0,0,,0,,,,,365054.695,5025325.521,45.36528325,-75.73082098,7370
20--7815,10/14/2020,8:46 AM,BRONSON AVE btwn CLEMOW AVE & CARLING AVE (__3ZA3OV),__3ZA3OV,04 - At/near private drive,03 - P.D. only,02 - Angle,01 - Clear,01 - Daylight,01 - Dry,10 - No control,,2,0,0,0,,0,,,,,367434.1947,5029366.602,45.40143527,-75.69993575,7371
20--7816,10/14/2020,9:00 AM,CAMPBELLCROFT RD @ DALMENY RD (0005250),5250,03 - At intersection,03 - P.D. only,07 - SMV other,01 - Clear,01 - Daylight,01 - Dry,02 - Stop sign,01 - Functioning,1,0,0,0,,0,,,,,384146.8571,5003320.146,45.16539087,-75.4906494,7372
20--7817,10/14/2020,9:12 AM,CARLING AVE @ CHURCHILL AVE (0002149),2149,02 - Intersection related,02 - Non-fatal injury,03 - Rear end,01 - Clear,01 - Daylight,01 - Dry,01 - Traffic signal,01 - Functioning,2,0,0,0,01 - Minimal,1,1,,,,363775.6941,5027013.535,45.38058054,-75.74694502,7373
20--7818,10/14/2020,9:21 AM,NICHOLAS ST btwn BESSERER ST & DALY AVE (__3ZA3VO),__3ZA3VO,01 - Non intersection,03 - P.D. only,07 - SMV other,"07 - Fog, mist, smoke, dust",01 - Daylight,01 - Dry,10 - No control,,1,0,0,0,,0,,,,,368222.312,5032054.927,45.42555298,-75.68952372,7374
20--7819,10/15/2020,10:04 PM,HIGHWAY 417 btwn HWY417 IC119A RAMP67 & HWY417 IC118 RAMP76 (__3ZA2YS),__3ZA2YS,01 - Non intersection,03 - P.D. only,04 - Sideswipe,02 - Rain,07 - Dark,02 - Wet,10 - No control,,2,0,0,0,,0,,,,,368611.166,5030546.223,45.41194282,-75.68475043,7375
20--782,1/17/2020,6:05 PM,MONTREAL RD @ NORTH RIVER RD (0009805),9805,02 - Intersection related,03 - P.D. only,03 - Rear end,01 - Clear,07 - Dark,01 - Dry,01 - Traffic signal,01 - Functioning,2,0,0,0,,0,,,,,369739.7072,5032887.585,45.43290568,-75.67002509,7376
20--7820,10/15/2020,10:05 AM,STRANDHERD DR @ WOODROFFE AVE (0009688),9688,02 - Intersection related,02 - Non-fatal injury,03 - Rear end,01 - Clear,01 - Daylight,01 - Dry,01 - Traffic signal,01 - Functioning,2,0,0,0,01 - Minimal,1,1,,,,366106.1576,5015395.154,45.27583983,-75.71862902,7377
20--7821,10/15/2020,10:41 PM,WELLINGTON ST @ BAYSWATER AVE/BAYVIEW RD (0006489),6489,03 - At intersection,02 - Non-fatal injury,02 - Angle,01 - Clear,07 - Dark,02 - Wet,02 - Stop sign,01 - Functioning,2,0,0,0,02 - Minor,1,,1,,,365760.7083,5030012.583,45.40739538,-75.72123032,7378
20--7822,10/15/2020,11:09 AM,SNAKE ISLAND RD btwn MANOTICK STATION RD & STAGECOACH RD (__3ZA2C4),__3ZA2C4,01 - Non intersection,03 - P.D. only,07 - SMV other,01 - Clear,01 - Daylight,01 - Dry,10 - No control,,1,0,0,0,,0,,,,,377880.87,5006474.135,45.19444628,-75.56988443,7379
20--7823,10/15/2020,11:38 AM,BANK ST btwn CLAREY AVE & HOLMWOOD AVE (__3ZA3OP),__3ZA3OP,01 - Non intersection,03 - P.D. only,04 - Sideswipe,01 - Clear,01 - Daylight,01 - Dry,10 - No control,,2,0,0,0,,0,,,,,368460.2283,5029250.895,45.40030163,-75.68684586,7380
20--7824,10/15/2020,11:53 PM,RIVERSIDE DR @ TREMBLAY RD/HWY417 IC117 RAMP52 (0010790),10790,03 - At intersection,02 - Non-fatal injury,07 - SMV other,02 - Rain,07 - Dark,02 - Wet,01 - Traffic signal,01 - Functioning,1,0,0,1,03 - Major,1,,,1,,370802.9468,5031016.319,45.41596927,-75.65668835,7381
20--7825,10/15/2020,12:08 PM,SMYTH RD E/LANCASTER RD @ ST. LAURENT BLVD N/R (0002256),2256,02 - Intersection related,03 - P.D. only,03 - Rear end,01 - Clear,01 - Daylight,01 - Dry,01 - Traffic signal,01 - Functioning,2,0,0,0,,0,,,,,373364.7256,5029424.551,45.40140096,-75.62418197,7382
20--7826,10/15/2020,2:30 PM,HOLLY ACRES RD @ CARLING AVE (0000522),522,03 - At intersection,03 - P.D. only,02 - Angle,01 - Clear,01 - Daylight,01 - Dry,01 - Traffic signal,01 - Functioning,2,0,0,0,,0,,,,,358234.6526,5023497.518,45.34938794,-75.81807298,7383
20--7827,10/15/2020,2:40 PM,HOLLY ACRES RD @ CARLING AVE (0000522),522,03 - At intersection,03 - P.D. only,02 - Angle,02 - Rain,01 - Daylight,02 - Wet,01 - Traffic signal,01 - Functioning,2,0,0,0,,0,,,,,358234.6561,5023497.527,45.34938802,-75.81807293,7384
20--7828,10/15/2020,3:00 PM,INNES RD btwn 260 E OF BELCOURT BLVD/WALMART SC & JEANNE D'ARC BLVD/ME (__3ZA3JWB),__3ZA3JWB,01 - Non intersection,03 - P.D. only,04 - Sideswipe,02 - Rain,01 - Daylight,02 - Wet,10 - No control,,2,0,0,0,,0,,,,,382356.1642,5035404.226,45.45426297,-75.50840362,7385
20--7829,10/15/2020,3:14 PM,DAMSELFLY WAY btwn BROAD COVE CRES & RIVER MIST RD (e___2HJO),e___2HJO,01 - Non intersection,03 - P.D. only,06 - SMV unattended vehicle,02 - Rain,01 - Daylight,02 - Wet,10 - No control,,1,0,0,0,,0,,,,,364963.745,5011560.888,45.24143775,-75.73365246,7386
20--783,1/17/2020,6:23 PM,WOODROFFE AVE @ HWY 417 WOODROFF IC127R26/HWY4 (0002355),2355,02 - Intersection related,03 - P.D. only,04 - Sideswipe,01 - Clear,07 - Dark,01 - Dry,01 - Traffic signal,00 - Unknown,2,0,0,0,,0,,,,,362082.6853,5024939.516,45.36205919,-75.76880161,7387
20--7830,10/15/2020,3:18 PM,KANATA AVE @ TERRY FOX DR (0012691),12691,02 - Intersection related,03 - P.D. only,03 - Rear end,02 - Rain,01 - Daylight,02 - Wet,01 - Traffic signal,01 - Functioning,3,0,0,0,,0,,,,,349305.8594,5019211.591,45.31144551,-75.93240039,7388
20--7831,10/15/2020,4:05 PM,BANK ST @ WELLINGTON ST (0002039),2039,02 - Intersection related,02 - Non-fatal injury,07 - SMV other,02 - Rain,01 - Daylight,02 - Wet,01 - Traffic signal,01 - Functioning,1,0,0,1,02 - Minor,1,,1,,,367257.697,5031628.577,45.42180362,-75.70190342,7389
20--7832,10/15/2020,4:20 AM,HIGHWAY 417 btwn HWY417 IC110 RAMP55 & HWY417 IC104 RAMP51 (__3ZA2W8),__3ZA2W8,01 - Non intersection,03 - P.D. only,07 - SMV other,01 - Clear,07 - Dark,01 - Dry,10 - No control,,1,0,0,0,,0,,,,,378094.9426,5026337.955,45.37315034,-75.56422631,7390
20--7833,10/15/2020,5:08 PM,BANK ST @ WALKLEY RD (0011423),11423,02 - Intersection related,03 - P.D. only,03 - Rear end,02 - Rain,05 - Dusk,02 - Wet,01 - Traffic signal,01 - Functioning,2,0,0,0,,0,,,,,370337.8633,5025947.727,45.37040761,-75.66330329,7391
20--7834,10/15/2020,6:00 AM,KING EDWARD AVE @ RIDEAU ST (0002121),2121,02 - Intersection related,03 - P.D. only,04 - Sideswipe,01 - Clear,07 - Dark,01 - Dry,01 - Traffic signal,01 - Functioning,2,0,0,0,,0,,,,,368511.7092,5032413.594,45.42875384,-75.68577948,7392
20--7835,10/15/2020,6:00 PM,SOMERSET ST    W btwn ELGIN ST & CARTIER ST (__3ZA9U2),__3ZA9U2,01 - Non intersection,02 - Non-fatal injury,01 - Approaching,02 - Rain,07 - Dark,02 - Wet,10 - No control,,2,0,0,0,01 - Minimal,1,1,,,,368190.3616,5031214.03,45.41798977,-75.69004018,7393
20--7836,10/15/2020,6:11 PM,HIGHWAY 417 btwn HWY417 IC124 RAMP76 & HWY417 IC124 RAMP67 (__3ZA2R7),__3ZA2R7,01 - Non intersection,03 - P.D. only,04 - Sideswipe,02 - Rain,01 - Daylight,02 - Wet,10 - No control,,2,0,0,0,,0,,,,,364521.0667,5027656.714,45.38630461,-75.73735046,7394
20--7837,10/15/2020,6:30 AM,RICHMOND RD btwn BASELINE RD TURN LANE & NORTHSIDE RD (__3ZA4LJ),__3ZA4LJ,01 - Non intersection,03 - P.D. only,07 - SMV other,01 - Clear,03 - Dawn,01 - Dry,10 - No control,,1,0,0,0,,0,,,,,358513.5398,5021554.214,45.3318807,-75.81472508,7395
20--7838,10/15/2020,6:34 PM,BLOHM DR @ HUNT CLUB RD (0011392),11392,03 - At intersection,02 - Non-fatal injury,05 - Turning movement,02 - Rain,07 - Dark,02 - Wet,01 - Traffic signal,01 - Functioning,2,0,0,0,03 - Major,2,,,2,,375129.7499,5026189.524,45.3721187,-75.60209999,7396
20--7839,10/15/2020,7:00 PM,RAMSAYVILLE RD btwn RIDGE RD & RUSSELL RD (__3ZA2B5),__3ZA2B5,01 - Non intersection,02 - Non-fatal injury,07 - SMV other,02 - Rain,07 - Dark,02 - Wet,10 - No control,,1,0,0,0,01 - Minimal,1,1,,,,376687.5645,5028854.745,45.39594085,-75.58182577,7397
20--784,1/17/2020,6:45 PM,CARLING AVE @ SCRIVENS ST (0002720),2720,03 - At intersection,03 - P.D. only,05 - Turning movement,01 - Clear,07 - Dark,01 - Dry,01 - Traffic signal,01 - Functioning,2,0,0,0,,0,,,,,359423.6719,5024258.513,45.35614377,-75.80281589,7398
20--7840,10/15/2020,7:45 PM,WEST HUNT CLUB RD WB btwn KNOXDALE RD & WOODROFFE AVE (__3ZA17D),__3ZA17D,01 - Non intersection,03 - P.D. only,03 - Rear end,01 - Clear,07 - Dark,01 - Dry,10 - No control,,2,0,0,0,,0,,,,,363547.1286,5021166.418,45.32798801,-75.75055809,7399
20--7841,10/15/2020,9:05 AM,AIRPORT PKWY/BROOKFIELD RD @ FLANNERY DR/AIRPORT PKWY RAMPS 52A/53 (0006850),6850,03 - At intersection,03 - P.D. only,02 - Angle,01 - Clear,01 - Daylight,01 - Dry,11 - Roundabout,01 - Functioning,2,0,0,0,,0,,,,,368694.7925,5026294.736,45.37368163,-75.68423269,7400
20--7842,10/16/2020,1:00 PM,BANK ST btwn ORVILLE KEMP ST & LEITRIM RD (__3ZA28B),__3ZA28B,01 - Non intersection,03 - P.D. only,03 - Rear end,01 - Clear,01 - Daylight,01 - Dry,10 - No control,,2,0,0,0,,0,,,,,375341.7004,5021657.737,45.33132238,-75.60004086,7401
20--7843,10/16/2020,10:00 PM,YORK ST EB btwn BY WARD MARKET SQ & SUSSEX DR (__3ZA8ZZ),__3ZA8ZZ,01 - Non intersection,03 - P.D. only,06 - SMV unattended vehicle,01 - Clear,07 - Dark,01 - Dry,10 - No control,,1,0,0,0,,0,,,,,367924.59,5032311.468,45.42788818,-75.69329506,7402
20--7844,10/16/2020,10:26 AM,WALKLEY RD @ 160 W OF CONROY RD  (0011391),11391,02 - Intersection related,03 - P.D. only,03 - Rear end,01 - Clear,01 - Daylight,02 - Wet,01 - Traffic signal,01 - Functioning,3,0,0,0,,0,,,,,372768.6352,5027383.458,45.38309421,-75.63207646,7403
20--7845,10/16/2020,10:32 AM,SMYTH RD btwn MAIN ST & RAMP (__3ZA3OL),__3ZA3OL,01 - Non intersection,03 - P.D. only,04 - Sideswipe,01 - Clear,01 - Daylight,01 - Dry,10 - No control,,2,0,0,0,,0,,,,,369562.9799,5029254.96,45.40023706,-75.67276096,7404
20--7846,10/16/2020,11:14 AM,GREENBANK RD @ LISA AVE (0002753),2753,03 - At intersection,02 - Non-fatal injury,07 - SMV other,01 - Clear,01 - Daylight,01 - Dry,01 - Traffic signal,01 - Functioning,1,0,0,1,02 - Minor,1,,1,,,360554.6769,5022893.493,45.34377233,-75.78853543,7405
20--7847,10/16/2020,11:17 AM,HIGHWAY 416 btwn HWY416 IC66 RAMP24 & HWY416 IC57 RAMP62 (__3ZA1OI),__3ZA1OI,01 - Non intersection,03 - P.D. only,07 - SMV other,01 - Clear,01 - Daylight,01 - Dry,10 - No control,,1,0,0,0,,0,,,,,363272.233,5011098.506,45.23741973,-75.75525093,7406
20--7848,10/16/2020,Unknown,COPPERFIELD CRES btwn COBBLE HILL DR & COBBLE HILL DR (__6NDG6H),__6NDG6H,01 - Non intersection,03 - P.D. only,06 - SMV unattended vehicle,01 - Clear,00 - Unknown,01 - Dry,10 - No control,,1,0,0,0,,0,,,,,361447.3378,5014427.463,45.26752325,-75.77811297,7407
20--7849,10/16/2020,12:35 PM,MCRAE AVE btwn SCOTT ST & RICHMOND RD (__3ZA0Y2),__3ZA0Y2,04 - At/near private drive,03 - P.D. only,02 - Angle,01 - Clear,01 - Daylight,01 - Dry,10 - No control,,2,0,0,0,,0,,,,,363590.8452,5028574.427,45.39464073,-75.7491192,7408
20--785,1/17/2020,6:50 PM,BELCOURT BLVD @ INNES RD (0004202),4202,02 - Intersection related,03 - P.D. only,03 - Rear end,01 - Clear,07 - Dark,06 - Ice,01 - Traffic signal,01 - Functioning,2,0,0,0,,0,,,,,382121.5673,5035266.611,45.45305083,-75.51142425,7409
20--7850,10/16/2020,2:58 PM,HWY 417 VANIER IC117R63 @ VANIER PKWY (0002101),2101,03 - At intersection,03 - P.D. only,04 - Sideswipe,01 - Clear,01 - Daylight,01 - Dry,01 - Traffic signal,01 - Functioning,2,0,0,0,,0,,,,,370799.7271,5031397.563,45.41939985,-75.65667842,7410
20--7851,10/16/2020,3:35 PM,HIGHWAY 417 btwn HWY417 IC124 RAMP65 & HWY417 IC122 RAMP51 (__3ZA2R8),__3ZA2R8,01 - Non intersection,03 - P.D. only,03 - Rear end,01 - Clear,01 - Daylight,01 - Dry,10 - No control,,3,0,0,0,,0,,,,,365155.81,5028707.295,45.39570311,-75.7291169,7411