Anom_ID,Accident_Date,Accident_Time,Location,Geo_ID,Accident_Location,Classification_of_Accident,Initial_Impact_Type,Environment_Condition,Light,Road_Surface_Condition,Traffic_Control,Traffic_Control_Condition,No__of_Vehicles,No__of_Bicycles,No__of_Motorcycles,No__of_Pedestrians,Max_Injury,No__of_Injuries,No__of_Minimal,No__of_Minor,No__of_Major,No__of_Fatal,X,Y,Latitude,Longitude,ObjectId
20--7852,10/16/2020,3:38 PM,TERRY FOX DR btwn COPE DR & TRANS CANADA TRAIL (__355BDZB),__355BDZB,01 - Non intersection,02 - Non-fatal injury,03 - Rear end,02 - Rain,01 - Daylight,02 - Wet,10 - No control,,4,0,0,0,01 - Minimal,1,1,,,,353284.568,5015955.658,45.28188444,-75.88197964,7412
20--7853,10/16/2020,3:43 PM,MAITLAND AVE @ DUNCAN PL (0006514),6514,02 - Intersection related,03 - P.D. only,03 - Rear end,01 - Clear,01 - Daylight,01 - Dry,02 - Stop sign,01 - Functioning,2,0,0,0,,0,,,,,363002.6952,5026339.523,45.37458052,-75.75689398,7413
20--7854,10/16/2020,4:57 PM,FALLOWFIELD RD @ VIA PARK PL/275 W OF WOODROFFE AVE (0010154),10154,03 - At intersection,03 - P.D. only,07 - SMV other,02 - Rain,01 - Daylight,02 - Wet,01 - Traffic signal,01 - Functioning,1,0,0,0,,0,,,,,364847.2299,5017766.011,45.29728137,-75.73438616,7414
20--7855,10/16/2020,8:00 AM,ACE ST btwn PACK ST & SHINNY AVE (e___2IQU),e___2IQU,01 - Non intersection,03 - P.D. only,06 - SMV unattended vehicle,01 - Clear,01 - Daylight,01 - Dry,10 - No control,,1,0,0,0,,0,,,,,352929.499,5014541.557,45.26918437,-75.88664245,7415
20--7856,10/17/2020,1:10 PM,FALLOWFIELD RD @ MERIVALE RD (0000587),587,03 - At intersection,02 - Non-fatal injury,02 - Angle,01 - Clear,01 - Daylight,01 - Dry,01 - Traffic signal,01 - Functioning,2,0,0,0,01 - Minimal,2,2,,,,366891.7099,5018844.742,45.30680997,-75.708186,7416
20--7857,10/17/2020,1:52 PM,ST. JOSEPH BLVD @ JEANNE D'ARC BLVD (0012421),12421,03 - At intersection,03 - P.D. only,02 - Angle,01 - Clear,01 - Daylight,01 - Dry,11 - Roundabout,01 - Functioning,2,0,0,0,,0,,,,,379860.7338,5036471.587,45.46413877,-75.54014149,7417
20--7858,10/17/2020,10:15 AM,BANK ST @ CATHERINE ST (0002708),2708,02 - Intersection related,02 - Non-fatal injury,03 - Rear end,01 - Clear,01 - Daylight,01 - Dry,01 - Traffic signal,01 - Functioning,2,0,0,0,01 - Minimal,1,1,,,,368039.7053,5030267.576,45.40948752,-75.69208641,7418
20--7859,10/17/2020,10:22 PM,HIGHWAY 417 btwn HWY417 IC96 RAMP61 & HWY417 IC88 RAMP16 (__3ZA27Z),__3ZA27Z,01 - Non intersection,02 - Non-fatal injury,07 - SMV other,01 - Clear,07 - Dark,01 - Dry,10 - No control,,1,0,0,0,02 - Minor,2,,2,,,388570.6117,5023706.593,45.34830181,-75.43094894,7419
20--786,1/17/2020,7:49 AM,BANK ST @ PARKWAY RD (0005709),5709,03 - At intersection,02 - Non-fatal injury,02 - Angle,01 - Clear,03 - Dawn,01 - Dry,01 - Traffic signal,01 - Functioning,2,0,0,0,02 - Minor,1,,1,,,378746.7802,5014207.441,45.26393755,-75.55771621,7420
20--7860,10/17/2020,10:26 PM,LEITRIM RD btwn HIGH RD & ALBION RD (__4B2G24),__4B2G24,01 - Non intersection,03 - P.D. only,07 - SMV other,01 - Clear,07 - Dark,01 - Dry,10 - No control,,1,0,0,0,,0,,,,,372553.4526,5019834.133,45.31518889,-75.63585821,7421
20--7861,10/17/2020,10:58 AM,HIGHWAY 417 btwn HWY417 IC119B RAMP76 & HWY417 IC119A RAMP67 (__3ZA2YT),__3ZA2YT,01 - Non intersection,03 - P.D. only,03 - Rear end,01 - Clear,01 - Daylight,01 - Dry,10 - No control,,2,0,0,0,,0,,,,,368543.8059,5030508.402,45.41160866,-75.68561583,7422
20--7862,10/17/2020,10:59 PM,ALTA VISTA DR @ KILBORN AVE (0008082),8082,02 - Intersection related,03 - P.D. only,03 - Rear end,01 - Clear,07 - Dark,01 - Dry,01 - Traffic signal,01 - Functioning,2,0,0,0,,0,,,,,370365.7229,5027751.54,45.38663511,-75.66270814,7423
20--7863,10/17/2020,11:18 AM,HIGHWAY 417 btwn HWY417 IC122 RAMP61 & HWY417 IC121B RAMP16 (__3ZA2Y4),__3ZA2Y4,01 - Non intersection,03 - P.D. only,04 - Sideswipe,01 - Clear,01 - Daylight,01 - Dry,10 - No control,,2,0,0,0,,0,,,,,366252.3567,5029421.71,45.40203586,-75.71502377,7424
20--7864,10/17/2020,11:18 PM,MADELEINE MEILLEUR PRIV @ VANIER PKWY (0013514),13514,02 - Intersection related,03 - P.D. only,07 - SMV other,01 - Clear,07 - Dark,01 - Dry,01 - Traffic signal,01 - Functioning,1,0,0,0,,0,,,,,369654.8152,5033359.306,45.43715791,-75.67104781,7425
20--7865,10/17/2020,2:00 PM,BANK ST btwn ST. PAUL AVE & KITCHENER AVE (__3ZA4TR),__3ZA4TR,01 - Non intersection,02 - Non-fatal injury,04 - Sideswipe,01 - Clear,01 - Daylight,01 - Dry,10 - No control,,2,0,0,0,01 - Minimal,1,1,,,,370524.8491,5025529.476,45.36662681,-75.66097202,7426
20--7866,10/17/2020,2:22 PM,HAZELDEAN RD @ TERRY FOX DR (0003682),3682,03 - At intersection,03 - P.D. only,02 - Angle,01 - Clear,01 - Daylight,01 - Dry,01 - Traffic signal,01 - Functioning,2,0,0,0,,0,,,,,352207.6028,5017242.446,45.29353676,-75.8955837,7427
20--7867,10/17/2020,2:27 PM,BLACK STALLION WAY N @ STABLEVIEW WAY N (0005235),5235,03 - At intersection,02 - Non-fatal injury,02 - Angle,01 - Clear,01 - Daylight,01 - Dry,02 - Stop sign,01 - Functioning,2,1,0,0,02 - Minor,1,,1,,,375671.9058,5011909.512,45.24357799,-75.59722118,7428
20--7868,10/17/2020,3:00 PM,INNES RD @ JEANNE D'ARC BLVD/MER BLEUE RD (0012475),12475,02 - Intersection related,02 - Non-fatal injury,03 - Rear end,01 - Clear,01 - Daylight,01 - Dry,01 - Traffic signal,01 - Functioning,3,0,0,0,01 - Minimal,2,2,,,,382637.7555,5035567.566,45.45570126,-75.50477802,7429
20--7869,10/17/2020,3:38 PM,CATHERINE ST @ KENT ST (0002707),2707,02 - Intersection related,03 - P.D. only,04 - Sideswipe,01 - Clear,01 - Daylight,01 - Dry,01 - Traffic signal,01 - Functioning,2,0,0,0,,0,,,,,367907.7129,5030188.562,45.40878849,-75.69378262,7430
20--787,1/17/2020,7:51 AM,BASSANO ST @ RITA AVE (0001976),1976,03 - At intersection,02 - Non-fatal injury,02 - Angle,03 - Snow,03 - Dawn,05 - Packed snow,02 - Stop sign,01 - Functioning,2,0,0,0,02 - Minor,1,,1,,,364093.6935,5023980.5,45.35326288,-75.74324887,7431
20--7870,10/17/2020,4:01 PM,MONTREAL RD @ MONTFORT HOSPITAL (0011388),11388,02 - Intersection related,02 - Non-fatal injury,03 - Rear end,01 - Clear,01 - Daylight,01 - Dry,01 - Traffic signal,01 - Functioning,2,0,0,0,01 - Minimal,1,1,,,,372222.4217,5034144.245,45.44397754,-75.63812567,7432
20--7871,10/17/2020,5:10 PM,LEITRIM RD @ ALBION RD (0012479),12479,02 - Intersection related,03 - P.D. only,03 - Rear end,01 - Clear,01 - Daylight,01 - Dry,01 - Traffic signal,01 - Functioning,2,0,0,0,,0,,,,,373497.585,5020419.263,45.32036196,-75.6237368,7433
20--7872,10/17/2020,5:14 AM,RENAUD RD @ MER BLEUE RD (0012893),12893,02 - Intersection related,02 - Non-fatal injury,07 - SMV other,01 - Clear,07 - Dark,01 - Dry,02 - Stop sign,01 - Functioning,1,0,0,0,02 - Minor,1,,1,,,383448.7691,5033734.54,45.43911847,-75.49470314,7434
20--7873,10/17/2020,6:15 PM,WELLINGTON ST @ HAMILTON AVE (0006106),6106,02 - Intersection related,03 - P.D. only,04 - Sideswipe,01 - Clear,07 - Dark,01 - Dry,02 - Stop sign,01 - Functioning,2,0,0,0,,0,,,,,365077.7076,5029231.569,45.40042714,-75.73005029,7435
20--7874,10/17/2020,7:30 PM,KING EDWARD AVE @ LAURIER AVE (0002170),2170,02 - Intersection related,03 - P.D. only,03 - Rear end,01 - Clear,07 - Dark,01 - Dry,01 - Traffic signal,01 - Functioning,2,0,0,0,,0,,,,,368739.7037,5032034.585,45.42532285,-75.68291527,7436
20--7875,10/17/2020,8:00 AM,4TH LINE RD @ MCDIARMID RD (0005814),5814,02 - Intersection related,03 - P.D. only,07 - SMV other,01 - Clear,01 - Daylight,01 - Dry,02 - Stop sign,01 - Functioning,1,0,0,0,,0,,,,,381573.7509,4999349.32,45.1299472,-75.52398633,7437
20--7876,10/17/2020,8:29 PM,INDUSTRIAL AVE @ RUSSELL RD (0007732),7732,03 - At intersection,03 - P.D. only,05 - Turning movement,01 - Clear,07 - Dark,01 - Dry,01 - Traffic signal,01 - Functioning,2,0,0,0,,0,,,,,372465.725,5030279.552,45.40918136,-75.63554678,7438
20--7877,10/17/2020,8:56 AM,FISHER AVE @ HOLLAND AVE (0002359),2359,02 - Intersection related,03 - P.D. only,07 - SMV other,01 - Clear,01 - Daylight,01 - Dry,02 - Stop sign,01 - Functioning,1,0,0,0,,0,,,,,365402.6987,5027821.818,45.38771446,-75.72607261,7439
20--7878,10/18/2020,1:46 PM,BELFAST RD @ ST. LAURENT BLVD (0007658),7658,02 - Intersection related,03 - P.D. only,03 - Rear end,01 - Clear,01 - Daylight,01 - Dry,01 - Traffic signal,01 - Functioning,2,0,0,0,,0,,,,,372860.7997,5030578.739,45.411835,-75.63045884,7440
20--7879,10/18/2020,10:55 PM,DAVIDSON RD @ HAWTHORNE RD (0009547),9547,02 - Intersection related,03 - P.D. only,02 - Angle,01 - Clear,07 - Dark,01 - Dry,02 - Stop sign,01 - Functioning,2,0,0,0,,0,,,,,376282.7625,5024509.522,45.35688621,-75.58762436,7441
20--788,1/17/2020,7:55 AM,GREENBANK RD btwn CANFIELD RD & BELLMAN DR (__3ZA4YT),__3ZA4YT,04 - At/near private drive,03 - P.D. only,02 - Angle,01 - Clear,01 - Daylight,01 - Dry,10 - No control,,2,0,0,0,,0,,,,,361152.1632,5021258.065,45.32900903,-75.78109796,7442
20--7880,10/18/2020,11:16 AM,OR174 IC109 RAMP55 btwn REGIONAL ROAD 174 & ST. JOSEPH BLVD (__3ZAY59),__3ZAY59,01 - Non intersection,03 - P.D. only,07 - SMV other,01 - Clear,01 - Daylight,01 - Dry,10 - No control,,1,0,0,0,,0,,,,,376568.3069,5034975.589,45.45102478,-75.58245703,7443
20--7881,10/18/2020,11:52 AM,BANK ST @ CAHILL DR/DAZE ST (0012178),12178,03 - At intersection,03 - P.D. only,05 - Turning movement,01 - Clear,01 - Daylight,01 - Dry,01 - Traffic signal,01 - Functioning,2,0,0,0,,0,,,,,371306.8075,5024316.723,45.35564111,-75.65115401,7444
20--7882,10/18/2020,Unknown,VALLEY STREAM DR btwn SHADOW CRT & SANDCASTLE DR (__3ZBOIO),__3ZBOIO,01 - Non intersection,03 - P.D. only,06 - SMV unattended vehicle,01 - Clear,00 - Unknown,01 - Dry,10 - No control,,1,0,0,0,,0,,,,,359387.3383,5021713.635,45.33324775,-75.80356044,7445
20--7883,10/18/2020,Unknown,LAVATERA ST btwn ACONITUM WAY N & ACONITUM WAY S (e___2J4L),e___2J4L,01 - Non intersection,03 - P.D. only,06 - SMV unattended vehicle,01 - Clear,00 - Unknown,01 - Dry,10 - No control,,1,0,0,0,,0,,,,,374642.191,5020602.255,45.32189552,-75.60911288,7446
20--7884,10/18/2020,Unknown,CARLING AVE EB btwn CHURCHILL AVE N & SAIGON CRT (__3ZA26X),__3ZA26X,01 - Non intersection,03 - P.D. only,06 - SMV unattended vehicle,01 - Clear,00 - Unknown,01 - Dry,10 - No control,,1,0,0,0,,0,,,,,363999.0347,5027117.301,45.38149538,-75.74408102,7447
20--7530,10/2/2020,2:41 PM,AVIATION PKWY @ MONTREAL RD (0008799),8799,03 - At intersection,03 - P.D. only,05 - Turning movement,01 - Clear,01 - Daylight,01 - Dry,01 - Traffic signal,01 - Functioning,2,0,0,0,,0,,,,,372146.9529,5034108.372,45.44366204,-75.63909521,7448
20--7711,10/10/2020,12:50 PM,RICHARDSON SIDE RD @ SPRUCE RIDGE RD (0011499),11499,03 - At intersection,02 - Non-fatal injury,02 - Angle,01 - Clear,01 - Daylight,01 - Dry,02 - Stop sign,01 - Functioning,2,0,0,0,01 - Minimal,1,1,,,,343201.5229,5014397.45,45.2684861,-76.01062084,7449
20--7531,10/2/2020,3:28 PM,BATHGATE DR btwn PLUMBER AVE & BATHGATE DR (__3ZBO1E),__3ZBO1E,01 - Non intersection,03 - P.D. only,03 - Rear end,01 - Clear,01 - Daylight,01 - Dry,10 - No control,,2,0,0,0,,0,,,,,373518.1469,5033667.29,45.43955998,-75.6216307,7450
20--7352,9/25/2020,11:45 AM,KING EDWARD AVE @ MURRAY ST (0002713),2713,02 - Intersection related,03 - P.D. only,03 - Rear end,01 - Clear,01 - Daylight,01 - Dry,01 - Traffic signal,01 - Functioning,2,0,0,0,,0,,,,,368291.6928,5032753.588,45.43183299,-75.68854712,7451
20--798,1/17/2020,9:10 AM,MAITLAND AVE @ 30 S OF AGINCOURT RD/TRINITY UN (0008628),8628,02 - Intersection related,03 - P.D. only,03 - Rear end,01 - Clear,01 - Daylight,01 - Dry,01 - Traffic signal,01 - Functioning,2,0,0,0,,0,,,,,363464.5789,5025426.67,45.36632827,-75.75110577,7452
20--7263,9/22/2020,12:05 PM,CYRVILLE RD @ INNES RD (0009352),9352,02 - Intersection related,03 - P.D. only,05 - Turning movement,01 - Clear,01 - Daylight,01 - Dry,01 - Traffic signal,01 - Functioning,2,0,0,0,,0,,,,,375047.7237,5031119.566,45.41648496,-75.60244512,7453
20--7712,10/10/2020,3:09 PM,DUNROBIN RD @ THOMAS A. DOLAN PKWY (0003181),3181,03 - At intersection,03 - P.D. only,02 - Angle,01 - Clear,01 - Daylight,01 - Dry,01 - Traffic signal,01 - Functioning,2,0,0,0,,0,,,,,342337.6657,5031477.703,45.42222709,-76.02033296,7454
20--7892,10/19/2020,1:41 PM,DONALD ST @ ST. LAURENT BLVD (0008630),8630,02 - Intersection related,03 - P.D. only,03 - Rear end,02 - Rain,01 - Daylight,02 - Wet,01 - Traffic signal,01 - Functioning,2,0,0,0,,0,,,,,372093.7119,5032472.584,45.42894914,-75.63999933,7455
20--7353,9/25/2020,Unknown,ACONITUM WAY btwn LAVATERA ST & LAVATERA ST (e___2J4M),e___2J4M,01 - Non intersection,03 - P.D. only,06 - SMV unattended vehicle,01 - Clear,00 - Unknown,01 - Dry,10 - No control,,1,0,0,0,,0,,,,,374673.604,5020582.556,45.32171515,-75.60871501,7456
20--7532,10/2/2020,4:19 PM,HUNTLEY RD @ FALLOWFIELD RD (0000089),89,03 - At intersection,03 - P.D. only,02 - Angle,01 - Clear,01 - Daylight,01 - Dry,02 - Stop sign,01 - Functioning,2,0,0,0,,0,,,,,352403.6657,5009615.487,45.22489376,-75.89381489,7457
20--7980,10/22/2020,8:45 PM,HIGHWAY 417 btwn HWY417 IC104 RAMP15 & HWY417 IC96 RAMP51 (__3ZA2W4),__3ZA2W4,01 - Non intersection,03 - P.D. only,07 - SMV other,01 - Clear,07 - Dark,01 - Dry,10 - No control,,1,0,0,0,,0,,,,,386551.4803,5023961.641,45.35083477,-75.45666987,7458
20--7264,9/22/2020,12:25 PM,INDUSTRIAL AVE btwn NEIGHBORHOOD WAY & TRAINYARDS DR (__6N4VKM),__6N4VKM,04 - At/near private drive,02 - Non-fatal injury,03 - Rear end,01 - Clear,01 - Daylight,01 - Dry,10 - No control,,3,0,0,0,02 - Minor,1,,1,,,371456.3394,5030556.566,45.41177067,-75.64840313,7459
20--7713,10/10/2020,3:13 PM,SOMERSET ST    W btwn PERCY ST & BAY ST (__3ZA3BA),__3ZA3BA,01 - Non intersection,02 - Non-fatal injury,05 - Turning movement,01 - Clear,01 - Daylight,01 - Dry,10 - No control,,2,0,1,0,01 - Minimal,1,1,,,,367158.574,5030593.925,45.41250298,-75.70330084,7460
20--7893,10/19/2020,1:44 PM,ISABELLA ST/HWY417 IC119AR75 @ METCALFE ST (0011380),11380,03 - At intersection,02 - Non-fatal injury,02 - Angle,02 - Rain,01 - Daylight,02 - Wet,01 - Traffic signal,01 - Functioning,2,0,0,0,02 - Minor,1,,1,,,368448.4333,5030400.108,45.41064295,-75.68684816,7461
20--7354,9/25/2020,12:00 PM,HIGHWAY 417 btwn HWY417 IC126 RAMP25 & HWY417 IC124 RAMP57 (__3ZA2R5),__3ZA2R5,01 - Non intersection,03 - P.D. only,07 - SMV other,01 - Clear,01 - Daylight,01 - Dry,10 - No control,,1,0,0,0,,0,,,,,363894.7772,5026801.845,45.37866575,-75.74544993,7462
20--7355,9/25/2020,12:02 PM,BANKFIELD RD @ PRINCE OF WALES DR (0003618),3618,02 - Intersection related,03 - P.D. only,03 - Rear end,01 - Clear,01 - Daylight,01 - Dry,01 - Traffic signal,01 - Functioning,3,0,0,0,,0,,,,,366379.6967,5008975.381,45.21805087,-75.71593811,7463
20--7356,9/25/2020,12:21 PM,BESSERER ST @ WALLER ST (0008859),8859,03 - At intersection,03 - P.D. only,04 - Sideswipe,01 - Clear,01 - Daylight,01 - Dry,01 - Traffic signal,01 - Functioning,2,0,0,0,,0,,,,,368315.932,5032191.982,45.42677766,-75.6883098,7464
20--7357,9/25/2020,12:35 PM,HOLLY ACRES RD @ TRANSITWAY - BAYSHORE/278 N O (0009787),9787,03 - At intersection,03 - P.D. only,05 - Turning movement,01 - Clear,01 - Daylight,01 - Dry,01 - Traffic signal,01 - Functioning,2,0,0,0,,0,,,,,358496.6786,5022986.454,45.34476935,-75.81478476,7465
20--7358,9/25/2020,2:00 PM,WELLINGTON ST    W btwn PARKDALE AVE & MCCORMICK ST (__3ZA3ZR),__3ZA3ZR,04 - At/near private drive,02 - Non-fatal injury,02 - Angle,01 - Clear,01 - Daylight,01 - Dry,10 - No control,,2,1,0,0,02 - Minor,1,,1,,,365286.5901,5029355.462,45.40152389,-75.72736721,7466
20--7359,9/25/2020,2:03 PM,REGIONAL ROAD 174 btwn QUIGLEY HILL RD & CAMERON ST (__3ZA27U),__3ZA27U,01 - Non intersection,02 - Non-fatal injury,03 - Rear end,01 - Clear,01 - Daylight,01 - Dry,10 - No control,,2,0,0,0,02 - Minor,1,,1,,,389562.9096,5042570.957,45.51790395,-75.41504029,7467
20--736,1/16/2020,9:46 PM,ST. JOSEPH BLVD @ REGIONAL RD 174/TRANSITWAY (0012428),12428,02 - Intersection related,02 - Non-fatal injury,03 - Rear end,01 - Clear,07 - Dark,01 - Dry,01 - Traffic signal,01 - Functioning,2,0,0,0,02 - Minor,1,,1,,,376556.2813,5035056.407,45.45175316,-75.58259897,7468
20--7360,9/25/2020,2:08 AM,KING EDWARD AVE NB btwn ST. ANDREW ST & GUIGUES AVE (__3ZA3LH),__3ZA3LH,01 - Non intersection,03 - P.D. only,07 - SMV other,01 - Clear,07 - Dark,01 - Dry,10 - No control,,1,0,0,0,,0,,,,,368211.4561,5032925.164,45.43338405,-75.68955038,7469
20--7361,9/25/2020,2:40 PM,QUEEN MARY ST btwn ALESTHER ST & ST. LAURENT BLVD (__3ZA7RU),__3ZA7RU,04 - At/near private drive,03 - P.D. only,06 - SMV unattended vehicle,01 - Clear,01 - Daylight,01 - Dry,10 - No control,,1,0,0,0,,0,,,,,372183.3006,5032167.112,45.42619202,-75.63889632,7470
20--7362,9/25/2020,3:12 PM,MONTREAL RD btwn ST. LAURENT BLVD & HILLSIDE DR (__3ZA1MC),__3ZA1MC,04 - At/near private drive,02 - Non-fatal injury,05 - Turning movement,01 - Clear,01 - Daylight,01 - Dry,10 - No control,,2,1,0,0,01 - Minimal,1,1,,,,371680.9016,5033882.728,45.44167655,-75.6450828,7471
20--7363,9/25/2020,3:15 PM,EARL ARMSTRONG RD @ BOWESVILLE RD (0009411),9411,03 - At intersection,03 - P.D. only,05 - Turning movement,01 - Clear,01 - Daylight,01 - Dry,02 - Stop sign,00 - Unknown,2,0,0,0,,0,,,,,372560.7422,5017440.467,45.29365065,-75.63609245,7472
20--7364,9/25/2020,3:19 PM,MARCH RD btwn UPPER DWYER HILL RD & PETER ROBINSON RD (__3ZA2RI),__3ZA2RI,01 - Non intersection,03 - P.D. only,07 - SMV other,01 - Clear,01 - Daylight,01 - Dry,10 - No control,,1,0,0,0,,0,,,,,334186.1134,5014397.383,45.26891998,-76.12550806,7473
20--7365,9/25/2020,3:52 PM,BRIDGESTONE DR @ WINDWAYS CRES E (0012158),12158,02 - Intersection related,03 - P.D. only,03 - Rear end,01 - Clear,01 - Daylight,01 - Dry,02 - Stop sign,01 - Functioning,2,0,0,0,,0,,,,,355105.4779,5015521.452,45.27784941,-75.85881441,7474
20--7366,9/25/2020,4:30 PM,INDUSTRIAL AVE/INNES RD @ ST. LAURENT BLVD (0002203),2203,02 - Intersection related,03 - P.D. only,03 - Rear end,01 - Clear,01 - Daylight,01 - Dry,01 - Traffic signal,01 - Functioning,2,0,0,0,,0,,,,,373099.7203,5030005.572,45.40665463,-75.62748617,7475
20--7367,9/25/2020,5:00 PM,BLAIR RD @ OGILVIE RD (0004120),4120,02 - Intersection related,03 - P.D. only,03 - Rear end,01 - Clear,01 - Daylight,01 - Dry,01 - Traffic signal,01 - Functioning,2,0,0,0,,0,,,,,374507.7103,5033198.586,45.43524488,-75.6090498,7476
20--7368,9/25/2020,5:45 PM,VAUGHAN SIDE RD btwn FOREST EDGE RD & BEARHILL RD (__3ZAZA9),__3ZAZA9,01 - Non intersection,03 - P.D. only,07 - SMV other,01 - Clear,01 - Daylight,01 - Dry,10 - No control,,1,0,0,0,,0,,,,,335744.8076,5019962.111,45.3189276,-76.10529757,7477
20--7369,9/25/2020,6:26 PM,TERRY FOX DR @ PALLADIUM DR/KATIMAVIK RD (0011858),11858,02 - Intersection related,03 - P.D. only,03 - Rear end,01 - Clear,01 - Daylight,01 - Dry,01 - Traffic signal,01 - Functioning,2,0,0,0,,0,,,,,351269.7218,5018181.789,45.30205188,-75.9074524,7478
20--737,1/17/2020,10:00 AM,BANTREE ST @ INNES RD (0007684),7684,03 - At intersection,03 - P.D. only,05 - Turning movement,01 - Clear,01 - Daylight,01 - Dry,01 - Traffic signal,01 - Functioning,2,0,0,0,,0,,,,,373705.7231,5030406.546,45.410203,-75.61968949,7479
20--7370,9/25/2020,6:45 PM,HUNT CLUB RD @ RIVERSIDE DR (0002237),2237,02 - Intersection related,03 - P.D. only,03 - Rear end,01 - Clear,01 - Daylight,01 - Dry,01 - Traffic signal,01 - Functioning,2,0,0,0,,0,,,,,368036.7017,5021945.499,45.33460788,-75.69319022,7480
20--7371,9/25/2020,7:26 PM,WALKLEY RD btwn CONROY RD & 160 W OF CONROY RD (__3ZA2EHB),__3ZA2EHB,01 - Non intersection,03 - P.D. only,03 - Rear end,01 - Clear,07 - Dark,01 - Dry,10 - No control,,2,0,1,0,,0,,,,,372877.9931,5027448.282,45.38366685,-75.63067124,7481
20--7372,9/25/2020,8:07 AM,GREENBANK RD @ CANFIELD RD/CRAIG HENRY DR (0000154),154,02 - Intersection related,02 - Non-fatal injury,03 - Rear end,01 - Clear,01 - Daylight,01 - Dry,01 - Traffic signal,01 - Functioning,3,0,0,0,02 - Minor,1,,1,,,361106.6804,5021364.487,45.32997026,-75.78166605,7482
20--7373,9/25/2020,8:20 PM,BRONSON AVE @ POWELL AVE (0007212),7212,02 - Intersection related,02 - Non-fatal injury,03 - Rear end,01 - Clear,07 - Dark,01 - Dry,01 - Traffic signal,01 - Functioning,2,0,0,0,01 - Minimal,1,1,,,,367387.8779,5029477.205,45.40243459,-75.70051329,7483
20--7374,9/25/2020,8:28 AM,BANK ST btwn MCLEOD ST & FLORA ST (__3ZA3P6),__3ZA3P6,04 - At/near private drive,03 - P.D. only,02 - Angle,01 - Clear,01 - Daylight,01 - Dry,10 - No control,,2,0,0,0,,0,,,,,367967.5016,5030439.913,45.41104468,-75.69298667,7484
20--7375,9/25/2020,9:00 PM,ALBION RD @ HUNT CLUB RD (0006974),6974,02 - Intersection related,03 - P.D. only,03 - Rear end,01 - Clear,07 - Dark,01 - Dry,01 - Traffic signal,01 - Functioning,2,0,0,0,,0,,,,,371867.7449,5024320.523,45.35562187,-75.64399489,7485
20--7376,9/25/2020,9:17 AM,HWY416 IC75B RAMP25 btwn HWY416 IC75C RAMP24 & HWY417 IC131 RAMP55 (__3ZAY4O),__3ZAY4O,01 - Non intersection,03 - P.D. only,07 - SMV other,01 - Clear,01 - Daylight,01 - Dry,10 - No control,,1,0,0,0,,0,,,,,358697.4472,5022898.277,45.34396053,-75.81223257,7486
20--7377,9/25/2020,9:35 PM,HAWTHORNE RD btwn LEITRIM RD & LOUISEIZE RD (__3ZBO24),__3ZBO24,01 - Non intersection,01 - Fatal injury,01 - Approaching,01 - Clear,07 - Dark,01 - Dry,10 - No control,,2,0,0,0,04 - Fatal,5,,,4,1,377278.7455,5022143.828,45.33549862,-75.57526037,7487
20--7378,9/26/2020,1:11 AM,LIMEBANK RD @ SPRATT RD (0012970),12970,02 - Intersection related,03 - P.D. only,07 - SMV other,01 - Clear,07 - Dark,01 - Dry,01 - Traffic signal,01 - Functioning,1,0,0,0,,0,,,,,369777.0023,5016878.736,45.28885922,-75.67165319,7488
20--7379,9/26/2020,1:22 PM,AIRPORT PKWY @ HUNT CLUB RD (0010856),10856,02 - Intersection related,03 - P.D. only,03 - Rear end,01 - Clear,01 - Daylight,01 - Dry,01 - Traffic signal,01 - Functioning,2,0,0,0,,0,,,,,371018.5284,5023703.004,45.35014634,-75.65491519,7489
20--738,1/17/2020,10:25 AM,BRIAN COBURN BLVD @ TENTH LINE RD (0013966),13966,02 - Intersection related,03 - P.D. only,03 - Rear end,01 - Clear,01 - Daylight,01 - Dry,01 - Traffic signal,01 - Functioning,2,0,0,0,,0,,,,,384428.3389,5035022.308,45.45059377,-75.48197576,7490
20--7380,9/26/2020,1:27 PM,RIVERSIDE DR @ SAN REMO PRIV (0011379),11379,02 - Intersection related,02 - Non-fatal injury,03 - Rear end,01 - Clear,01 - Daylight,01 - Dry,01 - Traffic signal,01 - Functioning,2,0,0,0,01 - Minimal,2,2,,,,370385.9426,5030402.196,45.41048285,-75.66209751,7491
20--7381,9/26/2020,1:30 PM,ABBEYHILL DR @ SHERWOOD ST (0003919),3919,02 - Intersection related,03 - P.D. only,03 - Rear end,01 - Clear,01 - Daylight,01 - Dry,02 - Stop sign,00 - Unknown,2,0,0,0,,0,,,,,353401.6316,5017568.452,45.29638867,-75.88032954,7492
20--7382,9/26/2020,1:45 PM,LANTHIER DR @ VANTAGE DR (0004631),4631,03 - At intersection,03 - P.D. only,02 - Angle,01 - Clear,01 - Daylight,01 - Dry,02 - Stop sign,01 - Functioning,2,0,0,0,,0,,,,,383600.8841,5035848.545,45.45812131,-75.49242048,7493