Anom_ID,Accident_Date,Accident_Time,Location,Geo_ID,Accident_Location,Classification_of_Accident,Initial_Impact_Type,Environment_Condition,Light,Road_Surface_Condition,Traffic_Control,Traffic_Control_Condition,No__of_Vehicles,No__of_Bicycles,No__of_Motorcycles,No__of_Pedestrians,Max_Injury,No__of_Injuries,No__of_Minimal,No__of_Minor,No__of_Major,No__of_Fatal,X,Y,Latitude,Longitude,ObjectId
20--7383,9/26/2020,Unknown,BEAUSEJOUR DR btwn KAMOURASKA CIRC & ORLEANS BLVD (__3ZA6DP),__3ZA6DP,01 - Non intersection,03 - P.D. only,06 - SMV unattended vehicle,01 - Clear,00 - Unknown,01 - Dry,10 - No control,,1,0,0,0,,0,,,,,381000.4871,5035881.762,45.45870861,-75.52566013,7494
20--7384,9/26/2020,Unknown,MCLEOD ST btwn BRONSON AVE & PERCY ST (__3ZA89G),__3ZA89G,01 - Non intersection,03 - P.D. only,06 - SMV unattended vehicle,01 - Clear,00 - Unknown,01 - Dry,10 - No control,,1,0,0,0,,0,,,,,367235.6096,5030058.484,45.40767837,-75.70238454,7495
20--7385,9/26/2020,12:00 PM,COVENTRY RD btwn ST. LAURENT SC WEST & ST. LAURENT SC EAST (__3ZA2CAB),__3ZA2CAB,01 - Non intersection,03 - P.D. only,04 - Sideswipe,01 - Clear,01 - Daylight,01 - Dry,10 - No control,,2,0,0,0,,0,,,,,371917.431,5031930.27,45.42408658,-75.64232581,7496
20--7386,9/26/2020,12:02 PM,BRIDGE ST btwn SOUTH RIVER DR & NORTH RIVERSIDE DR (__3ZA38B),__3ZA38B,01 - Non intersection,02 - Non-fatal injury,03 - Rear end,01 - Clear,01 - Daylight,01 - Dry,10 - No control,,2,0,0,0,01 - Minimal,1,1,,,,369127.0278,5010444.563,45.23102501,-75.68077144,7497
20--7387,9/26/2020,12:23 AM,ALENMEDE CRES btwn BARWELL AVE & DUMAURIER AVE (__3ZAA31),__3ZAA31,01 - Non intersection,03 - P.D. only,06 - SMV unattended vehicle,01 - Clear,07 - Dark,01 - Dry,10 - No control,,1,0,0,0,,0,,,,,359895.2859,5023283.414,45.34733294,-75.79690559,7498
20--7388,9/26/2020,12:58 PM,CARLING AVE @ BROADVIEW AVE (0006707),6707,03 - At intersection,02 - Non-fatal injury,05 - Turning movement,01 - Clear,01 - Daylight,01 - Dry,01 - Traffic signal,01 - Functioning,2,0,1,0,03 - Major,1,,,1,,363180.6828,5026638.546,45.37725628,-75.75458635,7499
20--7389,9/26/2020,2:20 PM,WOODROFFE AVE @ KNOXDALE RD/MEDHURST DR (0000519),519,02 - Intersection related,02 - Non-fatal injury,03 - Rear end,01 - Clear,01 - Daylight,01 - Dry,01 - Traffic signal,01 - Functioning,2,0,0,0,01 - Minimal,1,1,,,,363419.6516,5021826.431,45.33393742,-75.75210603,7500
20--739,1/17/2020,10:35 AM,AVIATION PKWY @ OGILVIE RD (0004114),4114,02 - Intersection related,03 - P.D. only,03 - Rear end,01 - Clear,01 - Daylight,06 - Ice,01 - Traffic signal,01 - Functioning,2,0,0,0,,0,,,,,373110.7106,5032376.599,45.42798692,-75.6270171,7501
20--7390,9/26/2020,2:55 AM,HIGHWAY 417 btwn REGIONAL ROAD 174 & HWY417 IC113 RAMP85 (__3ZA289),__3ZA289,01 - Non intersection,03 - P.D. only,07 - SMV other,01 - Clear,07 - Dark,01 - Dry,10 - No control,,1,0,0,0,,0,,,,,373854.8121,5031752.497,45.4222985,-75.61759641,7502
20--7391,9/26/2020,3:00 PM,JOCKVALE RD @ STRANDHERD DR (0010541),10541,02 - Intersection related,03 - P.D. only,03 - Rear end,01 - Clear,01 - Daylight,01 - Dry,01 - Traffic signal,01 - Functioning,2,0,0,0,,0,,,,,363560.4783,5014577.848,45.26870305,-75.75116858,7503
20--7392,9/26/2020,3:23 PM,MARCH RD @ MORGAN'S GRANT WAY/SHIRLEY'S BROOK  (0002651),2651,03 - At intersection,02 - Non-fatal injury,05 - Turning movement,01 - Clear,01 - Daylight,01 - Dry,01 - Traffic signal,01 - Functioning,2,0,0,0,01 - Minimal,2,2,,,,349661.5971,5023617.513,45.35106847,-75.92746445,7504
20--7393,9/26/2020,3:42 PM,GLEN PARK DR btwn BEDDOE LANE & COMPATA WAY (__3ZA7LX),__3ZA7LX,04 - At/near private drive,03 - P.D. only,02 - Angle,01 - Clear,01 - Daylight,01 - Dry,10 - No control,,2,0,0,0,,0,,,,,377738.8711,5032453.388,45.4282105,-75.56786736,7505
20--7394,9/26/2020,3:45 PM,ST. JOSEPH BLVD/OLD MONTREAL RD @ TRIM RD (0004118),4118,03 - At intersection,03 - P.D. only,02 - Angle,01 - Clear,01 - Daylight,01 - Dry,11 - Roundabout,01 - Functioning,2,0,0,0,,0,,,,,384682.7464,5039285.58,45.48892161,-75.47803074,7506
20--7395,9/26/2020,5:07 PM,CHURCHILL AVE @ RICHMOND RD (0002361),2361,02 - Intersection related,03 - P.D. only,04 - Sideswipe,01 - Clear,01 - Daylight,01 - Dry,01 - Traffic signal,01 - Functioning,2,0,0,0,,0,,,,,363227.7055,5028292.55,45.39213485,-75.75379023,7507
20--7396,9/26/2020,5:55 AM,KIRKWOOD AVE btwn LAPERRIERE AVE & WOODWARD AVE (__3ZBOD0),__3ZBOD0,01 - Non intersection,03 - P.D. only,06 - SMV unattended vehicle,01 - Clear,07 - Dark,01 - Dry,10 - No control,,1,0,0,0,,0,,,,,364530.0836,5026947.448,45.37992199,-75.73732115,7508
20--7397,9/26/2020,8:08 PM,CATHERINE ST @ METCALFE ST (0011239),11239,03 - At intersection,03 - P.D. only,02 - Angle,01 - Clear,05 - Dusk,01 - Dry,01 - Traffic signal,01 - Functioning,2,0,0,0,,0,,,,,368393.7072,5030486.562,45.41142581,-75.68753609,7509
20--7398,9/26/2020,8:17 PM,RIVERSIDE DR btwn FROBISHER LANE & END (__3ZA241),__3ZA241,01 - Non intersection,03 - P.D. only,04 - Sideswipe,01 - Clear,07 - Dark,01 - Dry,10 - No control,,2,0,0,0,,0,,,,,370082.841,5029398.165,45.40147729,-75.66610235,7510
20--7399,9/26/2020,8:18 PM,DAZE ST @ 200 W OF BANK ST/SOUTHKEYS SC (0012179),12179,02 - Intersection related,03 - P.D. only,05 - Turning movement,01 - Clear,07 - Dark,01 - Dry,01 - Traffic signal,01 - Functioning,2,0,0,0,,0,,,,,371194.5245,5024143.413,45.35409236,-75.65261023,7511
20--74,1/3/2020,4:58 PM,JOCKVALE RD @ STRANDHERD DR (0010541),10541,03 - At intersection,03 - P.D. only,05 - Turning movement,01 - Clear,05 - Dusk,02 - Wet,01 - Traffic signal,01 - Functioning,2,0,0,0,,0,,,,,363560.4615,5014577.855,45.26870311,-75.75116879,7512
20--740,1/17/2020,10:48 AM,PARKGLEN DR @ WOODROFFE AVE (0001099),1099,02 - Intersection related,03 - P.D. only,03 - Rear end,01 - Clear,01 - Daylight,01 - Dry,02 - Stop sign,01 - Functioning,2,0,0,0,,0,,,,,362888.6862,5023126.51,45.3456796,-75.7587271,7513
20--7400,9/26/2020,9:00 AM,ANNA AVE @ CARLING AVE (0006248),6248,03 - At intersection,03 - P.D. only,02 - Angle,01 - Clear,01 - Daylight,01 - Dry,02 - Stop sign,01 - Functioning,2,0,0,0,,0,,,,,365197.7009,5027892.552,45.38836861,-75.72868164,7514
20--7401,9/26/2020,9:08 PM,HIGHBURY PARK DR btwn LONGFIELDS DR & VIA VERONA AVE (__3ZAJCO),__3ZAJCO,01 - Non intersection,03 - P.D. only,06 - SMV unattended vehicle,01 - Clear,07 - Dark,01 - Dry,10 - No control,,1,0,0,0,,0,,,,,364051.382,5015849.815,45.28010703,-75.74476134,7515
20--7402,9/27/2020,10:00 PM,METCALFE ST @ WELLINGTON ST (0002227),2227,02 - Intersection related,03 - P.D. only,04 - Sideswipe,01 - Clear,07 - Dark,01 - Dry,01 - Traffic signal,01 - Functioning,2,0,0,0,,0,,,,,367565.6926,5031817.57,45.42347655,-75.6979441,7516
20--7403,9/27/2020,10:35 AM,RICHMOND RD @ HOLLY ACRES RD/NANAIMO DR (0001068),1068,03 - At intersection,03 - P.D. only,05 - Turning movement,01 - Clear,01 - Daylight,01 - Dry,01 - Traffic signal,01 - Functioning,2,0,0,0,,0,,,,,359058.6738,5022748.502,45.34258501,-75.80763984,7517
20--7404,9/27/2020,11:00 AM,TILLBURY AVE btwn COLE AVE & MELBOURNE AVE (__3ZA0QJ),__3ZA0QJ,01 - Non intersection,03 - P.D. only,06 - SMV unattended vehicle,01 - Clear,01 - Daylight,01 - Dry,10 - No control,,1,0,0,0,,0,,,,,363593.1118,5027012.305,45.38058482,-75.74927635,7518
20--7405,9/27/2020,11:15 PM,FLEWELLYN RD btwn POPLARWOOD AVE & SHEA RD (__3ZABGI),__3ZABGI,01 - Non intersection,03 - P.D. only,07 - SMV other,01 - Clear,07 - Dark,01 - Dry,10 - No control,,1,0,0,0,,0,,,,,352177.8895,5011425.928,45.24119998,-75.89651737,7519
20--7406,9/27/2020,11:20 AM,HAZELDEAN RD @ HUNTMAR DR/IBER RD (0000075),75,02 - Intersection related,03 - P.D. only,03 - Rear end,01 - Clear,01 - Daylight,01 - Dry,01 - Traffic signal,01 - Functioning,2,0,0,0,,0,,,,,350942.5979,5016079.436,45.28315586,-75.911819,7520
20--7407,9/27/2020,Unknown,"EGLISE, RUE DE L btwn MONTREAL RD & COLLEGE CIRC (__3ZAZWS)",__3ZAZWS,01 - Non intersection,03 - P.D. only,06 - SMV unattended vehicle,01 - Clear,00 - Unknown,01 - Dry,10 - No control,,1,0,0,0,,0,,,,,371257.3997,5033427.989,45.43762541,-75.65055709,7521
20--7408,9/27/2020,2:00 PM,CHAMPNEUF DR btwn ZACHARY ST & LUNENBERG CRES (__3ZA6DE),__3ZA6DE,04 - At/near private drive,03 - P.D. only,06 - SMV unattended vehicle,01 - Clear,01 - Daylight,01 - Dry,10 - No control,,1,0,0,0,,0,,,,,381511.1645,5036278.234,45.46221985,-75.51906943,7522
20--7409,9/27/2020,2:30 PM,REGIONAL ROAD 174 EB btwn HWY417 IC113 RAMP65 & OR174 BLAIR IC112 RAMP51 (__3ZAZFJ),__3ZAZFJ,01 - Non intersection,03 - P.D. only,03 - Rear end,01 - Clear,01 - Daylight,01 - Dry,10 - No control,,2,0,0,0,,0,,,,,374544.9358,5032631.573,45.43013949,-75.60865439,7523
20--741,1/17/2020,11:00 AM,BASELINE RD btwn COLLEGE SQUARE SC & WOODROFFE AVE (__3ZAZDQA),__3ZAZDQA,01 - Non intersection,03 - P.D. only,04 - Sideswipe,01 - Clear,01 - Daylight,01 - Dry,10 - No control,,2,0,0,0,,0,,,,,362663.2284,5023836.536,45.352087,-75.76152086,7524
20--7410,9/27/2020,5:15 PM,MERIVALE RD @ WOODFIELD DR/ROYDON PL (0009776),9776,02 - Intersection related,03 - P.D. only,03 - Rear end,01 - Clear,01 - Daylight,01 - Dry,01 - Traffic signal,01 - Functioning,2,0,0,0,,0,,,,,365462.6996,5022298.496,45.33801136,-75.72598445,7525
20--7411,9/27/2020,6:00 PM,VANIER PKWY NB btwn MONTREAL RD & MCARTHUR AVE (__3ZA4SS),__3ZA4SS,01 - Non intersection,03 - P.D. only,03 - Rear end,01 - Clear,01 - Daylight,01 - Dry,10 - No control,,2,0,0,0,,0,,,,,370217.9125,5032695.203,45.43113014,-75.6639395,7526
20--7412,9/27/2020,6:36 PM,PRINCE OF WALES DR @ WEST HUNT CLUB RD (0000567),567,02 - Intersection related,03 - P.D. only,03 - Rear end,01 - Clear,01 - Daylight,01 - Dry,01 - Traffic signal,01 - Functioning,2,0,0,0,,0,,,,,367458.7085,5021891.503,45.33417389,-75.70057069,7527
20--7413,9/27/2020,6:44 PM,GILMOUR ST @ KENT ST (0007283),7283,03 - At intersection,03 - P.D. only,02 - Angle,01 - Clear,05 - Dusk,01 - Dry,01 - Traffic signal,01 - Functioning,2,0,0,0,,0,,,,,367615.5914,5030672.708,45.41317097,-75.69745248,7528
20--7414,9/27/2020,7:22 AM,PETER MORAND CRES btwn ROGER GUINDON AVE & ROGER GUINDON AVE (__3ZAZAK),__3ZAZAK,01 - Non intersection,03 - P.D. only,04 - Sideswipe,01 - Clear,01 - Daylight,01 - Dry,10 - No control,,2,0,0,0,,0,,,,,371959.6729,5029496.639,45.40218578,-75.64211768,7529
20--7415,9/27/2020,7:31 PM,BLAIR RD @ INNES RD (0004165),4165,03 - At intersection,03 - P.D. only,05 - Turning movement,01 - Clear,07 - Dark,01 - Dry,01 - Traffic signal,01 - Functioning,2,0,0,0,,0,,,,,375578.7413,5031439.576,45.41931072,-75.5956152,7530
20--7416,9/27/2020,8:00 PM,EARL ARMSTRONG RD @ SHORELINE DR (0013041),13041,03 - At intersection,02 - Non-fatal injury,05 - Turning movement,01 - Clear,07 - Dark,01 - Dry,01 - Traffic signal,01 - Functioning,3,0,0,0,03 - Major,1,,,1,,368840.0355,5015288.221,45.27463398,-75.68380194,7531
20--7417,9/27/2020,8:11 PM,GLENWOOD DR @ VICTORIA ST (0001619),1619,02 - Intersection related,03 - P.D. only,03 - Rear end,01 - Clear,07 - Dark,01 - Dry,02 - Stop sign,01 - Functioning,2,0,0,0,,0,,,,,385854.7846,5011419.315,45.23806864,-75.46760958,7532
20--7418,9/27/2020,8:16 PM,FIRST LINE RD/RIDEAU VALLEY DR @ ROGER STEVENS (0003086),3086,02 - Intersection related,03 - P.D. only,03 - Rear end,01 - Clear,07 - Dark,01 - Dry,02 - Stop sign,01 - Functioning,2,0,0,0,,0,,,,,371492.7025,5002412.342,45.1585316,-75.65172144,7533
20--7419,9/27/2020,9:39 AM,ST. JOSEPH BLVD @ JEANNE D'ARC BLVD (0012421),12421,02 - Intersection related,03 - P.D. only,03 - Rear end,01 - Clear,01 - Daylight,01 - Dry,11 - Roundabout,01 - Functioning,2,0,0,0,,0,,,,,379860.7375,5036471.581,45.46413872,-75.54014144,7534
20--742,1/17/2020,11:25 AM,OGILVIE RD @ 125 E OF ELMLEA GT  (0012536),12536,02 - Intersection related,03 - P.D. only,05 - Turning movement,01 - Clear,01 - Daylight,01 - Dry,01 - Traffic signal,01 - Functioning,2,0,0,0,,0,,,,,375092.9314,5033549.702,45.43834543,-75.60152074,7535
20--7420,9/28/2020,1:32 PM,EAGLESON RD @ KAKULU RD (0003188),3188,02 - Intersection related,03 - P.D. only,03 - Rear end,01 - Clear,01 - Daylight,01 - Dry,01 - Traffic signal,01 - Functioning,2,0,0,0,,0,,,,,353381.6246,5019151.465,45.31063435,-75.88042947,7536
20--7421,9/28/2020,1:38 PM,ROCKDALE RD N @ HIGHWAY 417 (0004640),4640,03 - At intersection,02 - Non-fatal injury,02 - Angle,01 - Clear,01 - Daylight,01 - Dry,02 - Stop sign,01 - Functioning,2,0,0,0,03 - Major,1,,,1,,395345.8803,5022677.892,45.33820481,-75.34469064,7537
20--7422,9/28/2020,1:50 PM,CARLING AVE @ PARKDALE AVE (0008792),8792,02 - Intersection related,02 - Non-fatal injury,03 - Rear end,01 - Clear,01 - Daylight,01 - Dry,01 - Traffic signal,01 - Functioning,2,0,0,0,02 - Minor,1,,1,,,365625.9822,5028172.868,45.39085377,-75.72317815,7538
20--7423,9/28/2020,Unknown,SUNBURST ST btwn FAIRWEATHER ST & KINGSWELL ST (__8PNLHW),__8PNLHW,01 - Non intersection,03 - P.D. only,06 - SMV unattended vehicle,01 - Clear,00 - Unknown,01 - Dry,10 - No control,,1,0,0,0,,0,,,,,375865.343,5021247.17,45.32757544,-75.59342009,7539
20--7424,9/28/2020,2:27 PM,METCALFE ST @ LAURIER AVE (0002231),2231,03 - At intersection,02 - Non-fatal injury,02 - Angle,01 - Clear,01 - Daylight,01 - Dry,01 - Traffic signal,01 - Functioning,2,0,0,0,02 - Minor,1,,1,,,367792.0897,5031451.533,45.42016272,-75.69509816,7540
20--7425,9/28/2020,4:01 PM,ROGER STEVENS DR @ SECOND LINE RD (0011798),11798,03 - At intersection,03 - P.D. only,02 - Angle,01 - Clear,01 - Daylight,01 - Dry,02 - Stop sign,01 - Functioning,2,0,0,0,,0,,,,,369956.6844,5001501.305,45.15047748,-75.67137512,7541
20--7426,9/28/2020,5:26 PM,STRANDHERD DR @ 210 W OF WOODROFFE AVE (0010890),10890,03 - At intersection,03 - P.D. only,05 - Turning movement,01 - Clear,01 - Daylight,01 - Dry,01 - Traffic signal,01 - Functioning,2,0,0,0,,0,,,,,365924.3386,5015321.48,45.27519275,-75.72095523,7542
20--7427,9/28/2020,5:30 PM,REGIONAL ROAD 174 btwn REGIONAL ROAD 174 & OR174 IC102 RAMP15 (__3ZA1QM),__3ZA1QM,01 - Non intersection,03 - P.D. only,07 - SMV other,01 - Clear,01 - Daylight,01 - Dry,10 - No control,,1,0,0,0,,0,,,,,381708.2555,5038302.157,45.48040773,-75.51623277,7543
20--7428,9/28/2020,5:30 PM,STONEHAVEN DR btwn STONEMEADOW DR & BRIDLE PARK DR (__4LVKHQ),__4LVKHQ,04 - At/near private drive,03 - P.D. only,02 - Angle,01 - Clear,01 - Daylight,01 - Dry,10 - No control,,2,0,0,0,,0,,,,,356053.8872,5016466.848,45.28628777,-75.84662928,7544
20--7429,9/28/2020,5:38 PM,WALKLEY RD btwn JASPER AVE & COLLISTON CRES (__5RFCCN),__5RFCCN,01 - Non intersection,03 - P.D. only,03 - Rear end,01 - Clear,01 - Daylight,01 - Dry,10 - No control,,3,0,0,0,,0,,,,,370862.8094,5026254.609,45.37311955,-75.65656119,7545
20--743,1/17/2020,11:37 AM,CHAMPLAIN BRIDGE/ISLAND PARK DR btwn BATE ISLAND & OTTAWA RIVER PKWY (__3ZA2ZEB),__3ZA2ZEB,07 - Overpass or bridge,03 - P.D. only,03 - Rear end,01 - Clear,01 - Daylight,01 - Dry,10 - No control,,2,0,0,0,,0,,,,,363121.89,5029699.17,45.4048002,-75.75497522,7546
20--7430,9/28/2020,6:27 AM,ST. JOSEPH BLVD @ FOREST VALLEY DR/YOUVILLE DR (0004440),4440,03 - At intersection,03 - P.D. only,05 - Turning movement,01 - Clear,03 - Dawn,01 - Dry,01 - Traffic signal,01 - Functioning,2,0,0,0,,0,,,,,379164.7311,5036156.59,45.4613791,-75.54908822,7547
20--7431,9/28/2020,6:59 PM,INNES RD btwn INNES RD & PAGE RD (__3ZA3JY),__3ZA3JY,01 - Non intersection,03 - P.D. only,03 - Rear end,01 - Clear,05 - Dusk,01 - Dry,10 - No control,,2,0,0,0,,0,,,,,380800.4123,5034489.639,45.44620517,-75.52843312,7548
20--7432,9/28/2020,7:02 AM,BANK ST @ FINDLAY CREEK SC/310 S OF FINDLAY CREEK DR (0013532),13532,03 - At intersection,03 - P.D. only,05 - Turning movement,01 - Clear,01 - Daylight,01 - Dry,01 - Traffic signal,01 - Functioning,2,0,0,0,,0,,,,,375967.5345,5020175.263,45.31792052,-75.59227064,7549
20--7433,9/28/2020,7:04 AM,HIGHWAY 417 btwn HWY417 IC122 RAMP61 & HWY417 IC121B RAMP16 (__3ZA2Y4),__3ZA2Y4,01 - Non intersection,03 - P.D. only,07 - SMV other,01 - Clear,01 - Daylight,01 - Dry,10 - No control,,1,0,0,0,,0,,,,,365650.6874,5029111.933,45.39930112,-75.72274684,7550
20--7533,10/2/2020,5:33 PM,BANK ST @ SNAKE ISLAND RD/VICTORIA ST (0001080),1080,03 - At intersection,02 - Non-fatal injury,02 - Angle,02 - Rain,01 - Daylight,02 - Wet,01 - Traffic signal,01 - Functioning,2,0,0,0,02 - Minor,1,,1,,,383696.7775,5010121.355,45.22663542,-75.4952975,7551
20--7265,9/22/2020,12:33 PM,CARLING AVE @ PARKDALE AVE (0008792),8792,02 - Intersection related,03 - P.D. only,03 - Rear end,01 - Clear,01 - Daylight,01 - Dry,01 - Traffic signal,01 - Functioning,2,0,0,0,,0,,,,,365625.9908,5028172.879,45.39085387,-75.72317804,7552
20--7534,10/2/2020,5:52 PM,BANK ST @ HERON RD (0002155),2155,02 - Intersection related,02 - Non-fatal injury,07 - SMV other,01 - Clear,05 - Dusk,02 - Wet,01 - Traffic signal,01 - Functioning,1,0,0,1,02 - Minor,1,,1,,,369995.7234,5026851.541,45.37857176,-75.66755148,7553
20--7714,10/10/2020,3:34 PM,CONROY RD @ LORRY GREENBERG DR (0011446),11446,02 - Intersection related,03 - P.D. only,03 - Rear end,01 - Clear,01 - Daylight,01 - Dry,01 - Traffic signal,01 - Functioning,2,0,0,0,,0,,,,,373568.1748,5025878.186,45.36947239,-75.62207758,7554
20--7535,10/2/2020,6:30 PM,BASELINE RD @ MERIVALE RD (0002342),2342,02 - Intersection related,03 - P.D. only,04 - Sideswipe,01 - Clear,05 - Dusk,01 - Dry,01 - Traffic signal,01 - Functioning,2,0,0,0,,0,,,,,365054.6924,5025325.52,45.36528325,-75.73082101,7555
20--7894,10/19/2020,Unknown,LADY GREY DR btwn SUSSEX DR & END (__3ZA8IQ),__3ZA8IQ,01 - Non intersection,03 - P.D. only,06 - SMV unattended vehicle,02 - Rain,00 - Unknown,02 - Wet,10 - No control,,1,0,0,0,,0,,,,,367418.6259,5033013.555,45.43425081,-75.69967115,7556
20--7266,9/22/2020,12:42 PM,RICHMOND RD @ NORTHSIDE RD E (0010417),10417,02 - Intersection related,02 - Non-fatal injury,07 - SMV other,01 - Clear,01 - Daylight,01 - Dry,01 - Traffic signal,01 - Functioning,1,0,0,1,02 - Minor,1,,1,,,358329.2862,5021226.545,45.32894639,-75.81711105,7557
20--7715,10/10/2020,4:08 PM,RAMSAYVILLE RD @ RIDGE RD (0009270),9270,02 - Intersection related,03 - P.D. only,07 - SMV other,01 - Clear,01 - Daylight,01 - Dry,02 - Stop sign,01 - Functioning,1,0,0,0,,0,,,,,376683.7462,5028863.537,45.39602035,-75.58187325,7558
20--7536,10/2/2020,6:54 AM,INDUSTRIAL AVE/INNES RD @ ST. LAURENT BLVD (0002203),2203,03 - At intersection,03 - P.D. only,05 - Turning movement,01 - Clear,03 - Dawn,01 - Dry,01 - Traffic signal,01 - Functioning,2,0,0,0,,0,,,,,373099.7295,5030005.577,45.40665467,-75.62748605,7559
20--7895,10/19/2020,12:08 PM,TERRY FOX DR @ EDGEWATER ST/WALTER BAKER PL (0002699),2699,03 - At intersection,03 - P.D. only,05 - Turning movement,02 - Rain,01 - Daylight,02 - Wet,01 - Traffic signal,01 - Functioning,2,0,0,0,,0,,,,,351777.6039,5017613.453,45.29690406,-75.90103046,7560
20--7267,9/22/2020,2:15 PM,IBER RD btwn HUNTMAR DR & HARRY DOUGLAS DR (__3ZA4XQ),__3ZA4XQ,04 - At/near private drive,03 - P.D. only,03 - Rear end,01 - Clear,01 - Daylight,01 - Dry,10 - No control,,2,0,0,0,,0,,,,,351012.7777,5015997.267,45.28241187,-75.91093212,7561
20--7716,10/10/2020,4:32 PM,UPPER DWYER HILL RD btwn MARCH RD & OLD ALMONTE RD (__3ZA4QB),__3ZA4QB,04 - At/near private drive,03 - P.D. only,05 - Turning movement,01 - Clear,01 - Daylight,01 - Dry,10 - No control,,2,0,0,0,,0,,,,,335798.0399,5012392.377,45.25080853,-76.1050915,7562
20--7537,10/2/2020,7:33 PM,WILLIAM MCEWEN DR btwn CENTURY RD W & CEDARVIEW RD (__3ZABLE),__3ZABLE,01 - Non intersection,02 - Non-fatal injury,01 - Approaching,02 - Rain,07 - Dark,02 - Wet,10 - No control,,2,0,0,0,02 - Minor,2,,2,,,365657.9228,5006213.828,45.19326492,-75.72546452,7563
20--7896,10/19/2020,12:53 AM,BLOHM DR btwn MALAK ST & BRADLEY COLE PRIV (__3ZA8M0),__3ZA8M0,01 - Non intersection,03 - P.D. only,07 - SMV other,01 - Clear,07 - Dark,01 - Dry,10 - No control,,1,0,0,0,,0,,,,,374158.7312,5025873.652,45.3693734,-75.61453984,7564
20--7268,9/22/2020,2:22 PM,MERIVALE RD/LOTTA AVE @ CLYDE AVE (0001112),1112,02 - Intersection related,03 - P.D. only,03 - Rear end,01 - Clear,01 - Daylight,01 - Dry,01 - Traffic signal,01 - Functioning,2,0,0,0,,0,,,,,364521.6974,5024507.524,45.35796865,-75.73772318,7565
20--7717,10/10/2020,6:03 PM,BANK ST @ HERON RD (0002155),2155,03 - At intersection,03 - P.D. only,05 - Turning movement,01 - Clear,05 - Dusk,01 - Dry,01 - Traffic signal,01 - Functioning,2,0,0,0,,0,,,,,369995.7083,5026851.564,45.37857196,-75.66755167,7566
20--7538,10/2/2020,8:10 AM,GILCHRIST ST @ SPENCER ST (0006111),6111,02 - Intersection related,03 - P.D. only,02 - Angle,01 - Clear,01 - Daylight,01 - Dry,02 - Stop sign,01 - Functioning,2,0,0,0,,0,,,,,364349.6971,5029160.562,45.39985054,-75.73935719,7567
20--7897,10/19/2020,2:00 PM,HIGHWAY 417 btwn HWY417 IC113 RAMP85 & HWY417 IC112 RAMP54 (__3ZA287),__3ZA287,01 - Non intersection,03 - P.D. only,04 - Sideswipe,01 - Clear,01 - Daylight,02 - Wet,10 - No control,,3,0,0,0,,0,,,,,374063.5961,5031566.99,45.42060877,-75.6149549,7568
20--7269,9/22/2020,2:26 PM,PRINCE OF WALES DR @ MERIVALE RD (0000564),564,03 - At intersection,02 - Non-fatal injury,05 - Turning movement,01 - Clear,01 - Daylight,01 - Dry,01 - Traffic signal,01 - Functioning,2,0,0,0,02 - Minor,1,,1,,,367449.7123,5017616.461,45.2957085,-75.70122607,7569
20--727,1/16/2020,7:41 AM,AVIATION PKWY btwn MONTREAL RD & LA CITE PRIV (1) (__3ZAZZJ),__3ZAZZJ,01 - Non intersection,03 - P.D. only,07 - SMV other,01 - Clear,03 - Dawn,03 - Loose snow,10 - No control,,1,0,0,0,,0,,,,,372457.4751,5033254.63,45.43595051,-75.63524357,7570
20--7270,9/22/2020,2:39 PM,KINBURN SIDE RD btwn DOMINION SPRINGS RD & UPPER DWYER HILL RD (__3ZA4SK),__3ZA4SK,01 - Non intersection,03 - P.D. only,01 - Approaching,01 - Clear,01 - Daylight,01 - Dry,10 - No control,,2,0,0,0,,0,,,,,324154.4307,5023588.752,45.35197753,-76.25298972,7571
20--7271,9/22/2020,2:45 PM,CHERRY DR @ FERNBANK RD (0000395),395,03 - At intersection,03 - P.D. only,02 - Angle,01 - Clear,01 - Daylight,01 - Dry,02 - Stop sign,01 - Functioning,2,0,0,0,,0,,,,,351146.6715,5012341.226,45.2495048,-75.90956663,7572
20--7272,9/22/2020,3:04 PM,ST. PATRICK ST btwn DALHOUSIE ST & CUMBERLAND ST (__3ZA3WU),__3ZA3WU,01 - Non intersection,03 - P.D. only,04 - Sideswipe,01 - Clear,01 - Daylight,01 - Dry,10 - No control,,2,0,0,0,,0,,,,,368111.4892,5032737.72,45.43170655,-75.69085201,7573
20--7273,9/22/2020,3:04 PM,HIGHWAY 417 btwn HWY417 IC127 RAMP25 & HWY417 IC126 RAMP51 (__3ZA2XA),__3ZA2XA,01 - Non intersection,03 - P.D. only,03 - Rear end,01 - Clear,01 - Daylight,01 - Dry,10 - No control,,2,0,0,0,,0,,,,,362797.7349,5025348.47,45.36568013,-75.75962696,7574
20--7274,9/22/2020,3:08 PM,SMYTH RD btwn CUBA AVE & RUSSELL RD (__3ZA3R2),__3ZA3R2,01 - Non intersection,03 - P.D. only,04 - Sideswipe,01 - Clear,01 - Daylight,01 - Dry,10 - No control,,2,0,0,0,,0,,,,,373138.9855,5029361.61,45.40085672,-75.62707387,7575