Anom_ID,Accident_Date,Accident_Time,Location,Geo_ID,Accident_Location,Classification_of_Accident,Initial_Impact_Type,Environment_Condition,Light,Road_Surface_Condition,Traffic_Control,Traffic_Control_Condition,No__of_Vehicles,No__of_Bicycles,No__of_Motorcycles,No__of_Pedestrians,Max_Injury,No__of_Injuries,No__of_Minimal,No__of_Minor,No__of_Major,No__of_Fatal,X,Y,Latitude,Longitude,ObjectId
20--7275,9/22/2020,4:30 PM,SCALA AVE btwn MARKWICK CRES & Continuation of SCALA AVE (__495WP8),__495WP8,04 - At/near private drive,03 - P.D. only,06 - SMV unattended vehicle,01 - Clear,01 - Daylight,01 - Dry,10 - No control,,1,0,0,0,,0,,,,,386058.214,5036893.437,45.46724076,-75.46083249,7576
20--7276,9/22/2020,4:39 PM,STRANDHERD DR btwn FALLOWFIELD RD & MARAVISTA DR (__6NFZTL),__6NFZTL,01 - Non intersection,03 - P.D. only,04 - Sideswipe,01 - Clear,01 - Daylight,01 - Dry,10 - No control,,2,0,0,0,,0,,,,,360901.2635,5014932.999,45.27211588,-75.78501423,7577
20--7277,9/22/2020,4:45 PM,CAMPEAU DR btwn TERRY FOX DR & HERLIHEY WAY (__5ZYNI8),__5ZYNI8,04 - At/near private drive,03 - P.D. only,05 - Turning movement,01 - Clear,01 - Daylight,01 - Dry,10 - No control,,2,0,0,0,,0,,,,,350476.4255,5019087.167,45.31025075,-75.91748396,7578
20--7278,9/22/2020,4:45 PM,BIRCH AVE EXT./ROCKCLIFFE PKWY @ ROCKCLIFFE PK (0008782),8782,03 - At intersection,02 - Non-fatal injury,02 - Angle,01 - Clear,01 - Daylight,01 - Dry,02 - Stop sign,01 - Functioning,2,1,0,0,02 - Minor,1,,1,,,370128.7036,5035705.615,45.45822485,-75.66467982,7579
20--7279,9/22/2020,4:58 PM,QUEENSDALE AVE btwn SAWMILL CREEK CRES & EIGHTH ST (__3ZA8PU),__3ZA8PU,01 - Non intersection,02 - Non-fatal injury,06 - SMV unattended vehicle,01 - Clear,01 - Daylight,01 - Dry,10 - No control,,1,0,0,0,02 - Minor,1,,1,,,373855.718,5023751.297,45.35030724,-75.61870428,7580
20--728,1/16/2020,7:45 PM,BASELINE RD @ WOODROFFE AVE (0002225),2225,02 - Intersection related,03 - P.D. only,03 - Rear end,03 - Snow,07 - Dark,05 - Packed snow,01 - Traffic signal,01 - Functioning,2,0,0,0,,0,,,,,362549.6849,5023770.497,45.35150214,-75.76297755,7581
20--7280,9/22/2020,5:20 PM,HIGHWAY 417 btwn HWY417 IC124 RAMP65 & HWY417 IC122 RAMP51 (__3ZA2R8),__3ZA2R8,01 - Non intersection,03 - P.D. only,03 - Rear end,01 - Clear,01 - Daylight,01 - Dry,10 - No control,,2,0,0,0,,0,,,,,365137.0519,5028683.541,45.39549099,-75.72935937,7582
20--7281,9/22/2020,6:06 PM,BELFAST RD @ ST. LAURENT BLVD (0007658),7658,03 - At intersection,03 - P.D. only,05 - Turning movement,01 - Clear,01 - Daylight,01 - Dry,01 - Traffic signal,01 - Functioning,2,0,0,0,,0,,,,,372860.7334,5030578.56,45.41183339,-75.63045971,7583
20--7282,9/22/2020,6:22 AM,BOUNDARY RD btwn NINTH LINE RD & INDCUM RD (__3ZA3XU),__3ZA3XU,01 - Non intersection,03 - P.D. only,03 - Rear end,"07 - Fog, mist, smoke, dust",03 - Dawn,01 - Dry,10 - No control,,2,0,0,0,,0,,,,,387779.0658,5022906.351,45.34119601,-75.44118287,7584
20--7283,9/22/2020,6:30 AM,HIGHWAY 416 btwn HWY416 IC49 RAMP42 & HWY416 IC49 RAMP24 (__3ZAZGH),__3ZAZGH,01 - Non intersection,03 - P.D. only,03 - Rear end,01 - Clear,03 - Dawn,01 - Dry,10 - No control,,3,0,0,0,,0,,,,,369241.9872,5001016.079,45.14617696,-75.68052586,7585
20--7284,9/22/2020,6:30 AM,HIGHWAY 416 btwn HWY416 IC49 RAMP42 & HWY416 IC49 RAMP24 (__3ZAZGH),__3ZAZGH,01 - Non intersection,03 - P.D. only,03 - Rear end,01 - Clear,03 - Dawn,01 - Dry,10 - No control,,2,0,0,0,,0,,,,,369366.4095,5000609.294,45.14250532,-75.67899635,7586
20--7285,9/22/2020,6:53 PM,COVENTRY RD btwn LOLA ST & BELFAST RD (__3ZA3ME),__3ZA3ME,01 - Non intersection,03 - P.D. only,06 - SMV unattended vehicle,01 - Clear,01 - Daylight,01 - Dry,10 - No control,,1,0,0,0,,0,,,,,371513.4408,5031640.416,45.42151725,-75.64752696,7587
20--7286,9/22/2020,7:00 AM,HIGHWAY 417 btwn HWY417 IC124 RAMP67 & HWY417 IC123 RAMP62 (__3ZA2YZ),__3ZA2YZ,01 - Non intersection,03 - P.D. only,03 - Rear end,01 - Clear,01 - Daylight,01 - Dry,10 - No control,,2,0,0,0,,0,,,,,364782.2372,5028079.404,45.39008558,-75.73396419,7588
20--7287,9/22/2020,7:07 AM,EAGLESON RD @ MICHAEL COWPLAND DR/STONEHAVEN D (0003544),3544,03 - At intersection,03 - P.D. only,05 - Turning movement,01 - Clear,01 - Daylight,01 - Dry,01 - Traffic signal,01 - Functioning,2,0,0,0,,0,,,,,354382.6355,5016623.443,45.28781673,-75.86791697,7589
20--7288,9/22/2020,7:41 AM,KINBURN SIDE RD btwn TIMMINS RD & DOMINION SPRINGS RD (__3ZA4SJ),__3ZA4SJ,01 - Non intersection,03 - P.D. only,07 - SMV other,01 - Clear,01 - Daylight,01 - Dry,10 - No control,,1,0,0,0,,0,,,,,323046.6569,5022574.003,45.34287591,-76.26716497,7590
20--7289,9/22/2020,8:01 PM,MURRAY ST btwn PARENT AVE & DALHOUSIE ST (__3ZA3WK),__3ZA3WK,01 - Non intersection,03 - P.D. only,04 - Sideswipe,01 - Clear,07 - Dark,01 - Dry,10 - No control,,2,0,0,0,,0,,,,,367919.9587,5032523.849,45.42979953,-75.69332702,7591
20--729,1/16/2020,7:46 AM,COLDREY AVE @ KIRKWOOD AVE (0006736),6736,02 - Intersection related,03 - P.D. only,03 - Rear end,03 - Snow,03 - Dawn,04 - Slush,01 - Traffic signal,01 - Functioning,2,0,0,0,,0,,,,,364438.7027,5027136.54,45.38163119,-75.73846502,7592
20--7290,9/22/2020,8:08 PM,MANCHESTER ST btwn DORATY LANE & STITTSVILLE MAIN ST (__3ZACOX),__3ZACOX,04 - At/near private drive,03 - P.D. only,02 - Angle,01 - Clear,07 - Dark,01 - Dry,10 - No control,,2,0,0,0,,0,,,,,350180.6277,5013377.048,45.25888847,-75.92177833,7593
20--7291,9/22/2020,8:41 PM,FISHER AVE @ MEADOWLANDS DR (0002120),2120,03 - At intersection,02 - Non-fatal injury,07 - SMV other,01 - Clear,07 - Dark,01 - Dry,01 - Traffic signal,01 - Functioning,1,0,0,1,02 - Minor,1,,1,,,366575.0568,5025045.447,45.36263086,-75.71144969,7594
20--7292,9/22/2020,9:36 AM,INNES RD @ LANTHIER DR/PRESTWICK DR (0004251),4251,03 - At intersection,03 - P.D. only,02 - Angle,01 - Clear,01 - Daylight,01 - Dry,01 - Traffic signal,01 - Functioning,2,0,0,0,,0,,,,,383540.7616,5035988.558,45.4593878,-75.49316669,7595
20--7293,9/22/2020,9:38 AM,HIGHWAY 417 btwn HWY417 IC124 RAMP76 & HWY417 IC124 RAMP67 (__3ZA2R7),__3ZA2R7,01 - Non intersection,03 - P.D. only,04 - Sideswipe,01 - Clear,01 - Daylight,01 - Dry,10 - No control,,2,0,0,0,,0,,,,,364422.8413,5027526.718,45.3851433,-75.73862041,7596
20--7294,9/22/2020,9:38 AM,HIGHWAY 417 btwn HWY417 IC118 RAMP67 & HWY417 IC117 RAMP36 (__3ZA2YO),__3ZA2YO,01 - Non intersection,03 - P.D. only,03 - Rear end,01 - Clear,01 - Daylight,01 - Dry,10 - No control,,2,0,0,0,,0,,,,,370316.335,5031131.557,45.41705187,-75.66288974,7597
20--7295,9/23/2020,1:10 PM,DALHOUSIE ST btwn YORK ST & GEORGE ST (__3ZBOX1),__3ZBOX1,04 - At/near private drive,03 - P.D. only,02 - Angle,01 - Clear,01 - Daylight,01 - Dry,10 - No control,,2,0,0,0,,0,,,,,368102.8674,5032405.08,45.42871436,-75.69100495,7598
20--7296,9/23/2020,1:21 AM,CRESTWAY DR @ STRANDHERD DR (0010538),10538,03 - At intersection,03 - P.D. only,07 - SMV other,01 - Clear,07 - Dark,01 - Dry,01 - Traffic signal,01 - Functioning,1,0,0,0,,0,,,,,366346.901,5015471.143,45.27650255,-75.71555152,7599
20--7297,9/23/2020,10:46 AM,PRINCE OF WALES DR btwn BLAZER AVE & DEAKIN ST (__3ZA29V),__3ZA29V,01 - Non intersection,03 - P.D. only,03 - Rear end,01 - Clear,01 - Daylight,01 - Dry,10 - No control,,2,0,0,0,,0,,,,,367385.0664,5021498.865,45.33064757,-75.70155981,7600
20--7298,9/23/2020,11:00 PM,MEADOWLANDS DR btwn CHESTERTON DR & TIVERTON DR (__3ZA4H3),__3ZA4H3,01 - Non intersection,03 - P.D. only,06 - SMV unattended vehicle,01 - Clear,07 - Dark,01 - Dry,10 - No control,,1,0,0,0,,0,,,,,365140.2639,5024131.804,45.35453502,-75.72987448,7601
20--7299,9/23/2020,Unknown,SOUTHVIEW CRES btwn CHESTERTON DR & CHESTERTON DR (__3ZAAV5),__3ZAAV5,01 - Non intersection,03 - P.D. only,06 - SMV unattended vehicle,01 - Clear,00 - Unknown,01 - Dry,10 - No control,,1,0,0,0,,0,,,,,365339.8686,5023877.277,45.35222762,-75.72735832,7602
20--73,1/3/2020,4:17 PM,DONALD ST @ 110 E OF ST. LAURENT BLVD  (0013077),13077,03 - At intersection,03 - P.D. only,99 - Other,01 - Clear,01 - Daylight,02 - Wet,01 - Traffic signal,00 - Unknown,2,0,0,0,,0,,,,,372203.9192,5032483.815,45.42903957,-75.63858952,7603
20--730,1/16/2020,7:49 PM,BURTON RD @ FRONTIER RD (0005023),5023,03 - At intersection,03 - P.D. only,07 - SMV other,01 - Clear,07 - Dark,06 - Ice,02 - Stop sign,00 - Unknown,1,0,0,0,,0,,,,,390286.8476,5020258.458,45.31707162,-75.40964641,7604
20--7300,9/23/2020,Unknown,AINTREE PL btwn FILION CRES & BRIDLEWOOD DR (__3ZA2WZ),__3ZA2WZ,01 - Non intersection,03 - P.D. only,06 - SMV unattended vehicle,01 - Clear,00 - Unknown,01 - Dry,10 - No control,,1,0,0,0,,0,,,,,354845.7752,5017334.291,45.29418026,-75.86194148,7605
20--7301,9/23/2020,12:30 PM,BANK ST @ RIVERSIDE DR N (0010778),10778,02 - Intersection related,03 - P.D. only,03 - Rear end,01 - Clear,01 - Daylight,01 - Dry,01 - Traffic signal,01 - Functioning,2,0,0,0,,0,,,,,369225.7164,5027983.55,45.38882845,-75.67723452,7606
20--7302,9/23/2020,2:48 PM,OLD INNES RD @ BANTREE ST (0007674),7674,03 - At intersection,03 - P.D. only,02 - Angle,01 - Clear,01 - Daylight,01 - Dry,02 - Stop sign,01 - Functioning,2,0,0,0,,0,,,,,373727.7187,5030352.557,45.40971507,-75.61941606,7607
20--7303,9/23/2020,3:29 PM,BOOTH ST btwn VIMY PLACE PRIV & OTTAWA RIVER PKWY (__5VHJ2X),__5VHJ2X,01 - Non intersection,02 - Non-fatal injury,03 - Rear end,01 - Clear,01 - Daylight,01 - Dry,10 - No control,,2,0,0,0,02 - Minor,1,,1,,,366257.0927,5031025.04,45.41646178,-75.7147634,7608
20--7304,9/23/2020,3:51 AM,MONTREAL RD @ BETHAMY LANE/FOXBOROUGH PRIV (0012433),12433,03 - At intersection,03 - P.D. only,07 - SMV other,01 - Clear,07 - Dark,01 - Dry,01 - Traffic signal,01 - Functioning,1,0,0,0,,0,,,,,375321.7261,5034345.573,45.44548317,-75.59848262,7609
20--7305,9/23/2020,4:15 PM,BLAIR RD @ INNES RD (0004165),4165,02 - Intersection related,03 - P.D. only,03 - Rear end,01 - Clear,01 - Daylight,01 - Dry,01 - Traffic signal,01 - Functioning,5,0,0,0,,0,,,,,375578.7364,5031439.553,45.41931052,-75.59561526,7610
20--7306,9/23/2020,4:50 PM,HIGHWAY 417 btwn HWY417 IC122 RAMP61 & HWY417 IC121B RAMP16 (__3ZA2Y4),__3ZA2Y4,01 - Non intersection,02 - Non-fatal injury,03 - Rear end,01 - Clear,01 - Daylight,01 - Dry,10 - No control,,3,0,0,0,01 - Minimal,2,2,,,,366564.7618,5029531.244,45.40299393,-75.71101985,7611
20--7307,9/23/2020,5:20 PM,UPPER DWYER HILL RD @ VAUGHAN SIDE RD (0002370),2370,02 - Intersection related,01 - Fatal injury,01 - Approaching,01 - Clear,01 - Daylight,01 - Dry,02 - Stop sign,01 - Functioning,2,0,0,0,04 - Fatal,3,,1,1,1,331999.4459,5016530.522,45.28820326,-76.15325718,7612
20--7308,9/23/2020,5:30 PM,ALBION RD @ HEATHERINGTON RD (0011316),11316,02 - Intersection related,03 - P.D. only,03 - Rear end,01 - Clear,01 - Daylight,01 - Dry,02 - Stop sign,01 - Functioning,2,0,0,0,,0,,,,,371119.717,5026146.541,45.37212292,-75.65329606,7613
20--7981,10/23/2020,1:16 PM,VIEWMOUNT DR @ MERIVALE RD (0001528),1528,03 - At intersection,03 - P.D. only,05 - Turning movement,01 - Clear,01 - Daylight,01 - Dry,01 - Traffic signal,01 - Functioning,2,0,0,0,,0,,,,,365193.7049,5022948.492,45.34388314,-75.72933699,7614
20--7309,9/23/2020,5:43 PM,CARLING AVE @ BROADVIEW AVE (0006707),6707,02 - Intersection related,02 - Non-fatal injury,03 - Rear end,01 - Clear,01 - Daylight,01 - Dry,01 - Traffic signal,01 - Functioning,2,0,0,0,02 - Minor,2,1,1,,,363180.6883,5026638.546,45.37725628,-75.75458628,7615
20--731,1/16/2020,7:55 AM,RENAUD RD btwn Continuation of RENAUD RD & PERCIFOR WAY (__54PNN5),__54PNN5,01 - Non intersection,02 - Non-fatal injury,01 - Approaching,03 - Snow,01 - Daylight,04 - Slush,10 - No control,,2,0,0,0,01 - Minimal,2,2,,,,380812.9507,5032113.77,45.42482754,-75.5286397,7616
20--7310,9/23/2020,5:44 PM,WEST HUNT CLUB RD btwn MOODIE DR & RICHMOND RD (__3ZA4YH),__3ZA4YH,01 - Non intersection,03 - P.D. only,03 - Rear end,01 - Clear,01 - Daylight,01 - Dry,10 - No control,,2,0,0,0,,0,,,,,357837.5302,5018454.029,45.30403636,-75.82368092,7617
20--7311,9/23/2020,5:50 PM,HWY417 IC118 RAMP62 btwn HWY417 IC118 RAMP64 & HWY417 IC118 RAMP52 (__3ZAY9M),__3ZAY9M,01 - Non intersection,03 - P.D. only,07 - SMV other,01 - Clear,01 - Daylight,01 - Dry,10 - No control,,1,0,0,0,,0,,,,,369571.0273,5031167.149,45.41744151,-75.67240694,7618
20--7312,9/23/2020,7:40 PM,BANK ST @ HERON RD (0002155),2155,02 - Intersection related,03 - P.D. only,03 - Rear end,01 - Clear,05 - Dusk,01 - Dry,01 - Traffic signal,01 - Functioning,2,0,0,0,,0,,,,,369995.7285,5026851.535,45.3785717,-75.66755142,7619
20--7313,9/23/2020,8:00 PM,DONALD ST @ ST. LAURENT BLVD (0008630),8630,02 - Intersection related,03 - P.D. only,05 - Turning movement,01 - Clear,07 - Dark,01 - Dry,01 - Traffic signal,01 - Functioning,2,1,0,0,,0,,,,,372093.7106,5032472.58,45.4289491,-75.63999934,7620
20--7314,9/23/2020,8:09 PM,PARKGLEN DR @ WOODROFFE AVE (0001099),1099,03 - At intersection,02 - Non-fatal injury,05 - Turning movement,01 - Clear,07 - Dark,01 - Dry,02 - Stop sign,00 - Unknown,2,0,0,0,02 - Minor,2,,2,,,362888.6858,5023126.522,45.34567971,-75.7587271,7621
20--7315,9/23/2020,8:40 PM,BANK ST @ HERON RD (0002155),2155,02 - Intersection related,03 - P.D. only,04 - Sideswipe,01 - Clear,07 - Dark,01 - Dry,01 - Traffic signal,01 - Functioning,2,0,0,0,,0,,,,,369995.721,5026851.557,45.3785719,-75.66755151,7622
20--7316,9/23/2020,8:40 PM,CHAMPLAIN BRIDGE/ISLAND PARK DR btwn BATE ISLAND & OTTAWA RIVER PKWY (__3ZA2ZEB),__3ZA2ZEB,07 - Overpass or bridge,03 - P.D. only,05 - Turning movement,01 - Clear,07 - Dark,01 - Dry,10 - No control,,2,0,0,0,,0,,,,,363146.9116,5029572.714,45.40366028,-75.75467058,7623
20--7317,9/23/2020,8:45 AM,CARLING AVE @ FAIRLAWN AVE/WOODROFFE AVE E (0002393),2393,02 - Intersection related,03 - P.D. only,04 - Sideswipe,01 - Clear,01 - Daylight,01 - Dry,01 - Traffic signal,01 - Functioning,2,0,0,0,,0,,,,,361934.6841,5025830.528,45.37008852,-75.77058762,7624
20--7318,9/23/2020,9:39 AM,ACACIA AVE btwn WOOD AVE & MAPLE LANE (__3ZA8DO),__3ZA8DO,01 - Non intersection,03 - P.D. only,06 - SMV unattended vehicle,01 - Clear,01 - Daylight,01 - Dry,10 - No control,,1,0,0,0,,0,,,,,369510.4291,5034363.298,45.4462048,-75.6727611,7625
20--7319,9/23/2020,9:53 AM,HUNTMAR DR btwn PALLADIUM DR & MAPLE GROVE RD (__3ZA1EH),__3ZA1EH,01 - Non intersection,03 - P.D. only,07 - SMV other,01 - Clear,01 - Daylight,01 - Dry,10 - No control,,1,0,0,0,,0,,,,,349945.3844,5017068.433,45.29211992,-75.92443986,7626
20--732,1/16/2020,8:00 AM,ROSS AVE @ SCOTT ST (0006155),6155,02 - Intersection related,03 - P.D. only,04 - Sideswipe,03 - Snow,01 - Daylight,05 - Packed snow,02 - Stop sign,01 - Functioning,2,0,0,0,,0,,,,,364356.6894,5029362.564,45.40166752,-75.73924349,7627
20--7320,9/24/2020,1:30 PM,CROWSNEST AVE btwn MALHOTRA CRT & TATTERSALL WAY (__3ZBPLZ),__3ZBPLZ,04 - At/near private drive,03 - P.D. only,06 - SMV unattended vehicle,01 - Clear,01 - Daylight,01 - Dry,10 - No control,,1,0,0,0,,0,,,,,368028.6655,5022977.887,45.34389783,-75.69316081,7628
20--7321,9/24/2020,10:05 AM,ST. LAURENT BLVD/DUNBARTON CRT @ BRITTANY DR (0007139),7139,02 - Intersection related,03 - P.D. only,03 - Rear end,01 - Clear,01 - Daylight,01 - Dry,01 - Traffic signal,01 - Functioning,2,0,0,0,,0,,,,,371331.7283,5034336.599,45.44579359,-75.64948431,7629
20--7322,9/24/2020,10:30 AM,CARP RD btwn KITTIWAKE DR & HAZELDEAN RD (__3ZA3DY),__3ZA3DY,04 - At/near private drive,03 - P.D. only,02 - Angle,01 - Clear,01 - Daylight,01 - Dry,10 - No control,,2,0,0,0,,0,,,,,348691.5648,5014470.665,45.26882372,-75.94065382,7630
20--7323,9/24/2020,10:37 AM,HUNT CLUB RD btwn UPLANDS DR & MCCARTHY RD (__3ZA37N),__3ZA37N,01 - Non intersection,03 - P.D. only,99 - Other,01 - Clear,01 - Daylight,01 - Dry,10 - No control,,2,0,0,0,,0,,,,,370387.2693,5023313.584,45.34670177,-75.66302214,7631
20--7324,9/24/2020,12:36 PM,KIRKHAM CRES btwn RUNNEL CRT & SHEA RD S (e___2KNM),e___2KNM,04 - At/near private drive,03 - P.D. only,06 - SMV unattended vehicle,01 - Clear,01 - Daylight,01 - Dry,10 - No control,,1,0,0,0,,0,,,,,357259.321,5007351.256,45.20417469,-75.8322255,7632
20--7325,9/24/2020,12:40 PM,CARLING AVE @ ROCHESTER ST (0002145),2145,02 - Intersection related,03 - P.D. only,04 - Sideswipe,01 - Clear,01 - Daylight,01 - Dry,02 - Stop sign,01 - Functioning,2,0,0,0,,0,,,,,366992.7206,5029042.558,45.39855897,-75.70561528,7633
20--7326,9/24/2020,12:55 PM,WEST HUNT CLUB RD WB btwn ROYDON PL/SUNDERLAND ST & 545 E OF ROYDON PL (__3ZA3JSA),__3ZA3JSA,01 - Non intersection,02 - Non-fatal injury,03 - Rear end,01 - Clear,01 - Daylight,01 - Dry,10 - No control,,2,0,0,0,01 - Minimal,2,2,,,,366091.1809,5022243.395,45.33746094,-75.71797302,7634
20--7327,9/24/2020,3:37 PM,FINDLAY CREEK DR @ KELLY FARM DR (0013112),13112,02 - Intersection related,03 - P.D. only,03 - Rear end,01 - Clear,01 - Daylight,01 - Dry,02 - Stop sign,01 - Functioning,2,0,0,0,,0,,,,,375339.8904,5020047.73,45.31683636,-75.60029329,7635
20--7328,9/24/2020,3:46 PM,HUNT CLUB RD @ RIVERSIDE DR (0002237),2237,02 - Intersection related,03 - P.D. only,02 - Angle,01 - Clear,01 - Daylight,02 - Wet,01 - Traffic signal,01 - Functioning,2,0,0,0,,0,,,,,368036.7065,5021945.152,45.33460476,-75.6931902,7636
20--7329,9/24/2020,4:00 PM,NAVAHO DR @ PAISLEY AVE (0003388),3388,02 - Intersection related,03 - P.D. only,03 - Rear end,02 - Rain,01 - Daylight,02 - Wet,02 - Stop sign,01 - Functioning,2,0,0,0,,0,,,,,362964.6925,5024293.503,45.35617381,-75.75761999,7637
20--733,1/16/2020,8:00 PM,VIEWMOUNT DR btwn GLENMANOR DR & MERIVALE RD (__3ZAASQ),__3ZAASQ,01 - Non intersection,03 - P.D. only,03 - Rear end,01 - Clear,07 - Dark,05 - Packed snow,10 - No control,,2,0,0,0,,0,,,,,365165.6036,5022932.83,45.34374464,-75.72969745,7638
20--7330,9/24/2020,4:00 PM,HIGHWAY 417 btwn HWY417 IC124 RAMP65 & HWY417 IC122 RAMP51 (__3ZA2R8),__3ZA2R8,01 - Non intersection,03 - P.D. only,03 - Rear end,01 - Clear,01 - Daylight,01 - Dry,10 - No control,,2,0,0,0,,0,,,,,364995.9238,5028438.508,45.39329839,-75.73119163,7639
20--7331,9/24/2020,4:23 PM,WALKLEY RD @ HEATHERINGTON RD (0006928),6928,02 - Intersection related,03 - P.D. only,03 - Rear end,01 - Clear,01 - Daylight,01 - Dry,01 - Traffic signal,01 - Functioning,3,0,0,0,,0,,,,,371766.7239,5026794.537,45.37789182,-75.64494878,7640
20--7332,9/24/2020,6:00 PM,STEWART ST @ WALLER ST (0011915),11915,02 - Intersection related,03 - P.D. only,04 - Sideswipe,01 - Clear,01 - Daylight,01 - Dry,02 - Stop sign,00 - Unknown,2,0,0,0,,0,,,,,368371.6259,5032042.417,45.42542687,-75.68761744,7641
20--7333,9/24/2020,6:16 AM,ROCKCLIFFE PKWY btwn GL/OT BOUNDARY & ST. JOSEPH BLVD (__3ZA21V),__3ZA21V,01 - Non intersection,02 - Non-fatal injury,07 - SMV other,01 - Clear,03 - Dawn,01 - Dry,10 - No control,,1,0,1,0,02 - Minor,1,,1,,,377571.0772,5036536.346,45.4649637,-75.56940753,7642
20--7334,9/24/2020,7:35 PM,HIGHWAY 417 btwn HWY417 IC163 RAMP15 & HWY417 IC155 RAMP51 (__3ZAZNS),__3ZAZNS,01 - Non intersection,03 - P.D. only,03 - Rear end,01 - Clear,07 - Dark,01 - Dry,10 - No control,,2,0,0,0,,0,,,,,337937.2666,5019729.602,45.31673531,-76.07734895,7643
20--7335,9/24/2020,7:38 PM,MERIVALE RD @ SLACK RD (0000110),110,02 - Intersection related,03 - P.D. only,03 - Rear end,01 - Clear,07 - Dark,02 - Wet,01 - Traffic signal,01 - Functioning,2,0,0,0,,0,,,,,366019.6953,5020955.488,45.32587877,-75.71904432,7644
20--7336,9/24/2020,7:47 AM,BESSERER ST @ DALHOUSIE ST (0011452),11452,03 - At intersection,03 - P.D. only,04 - Sideswipe,01 - Clear,01 - Daylight,01 - Dry,01 - Traffic signal,01 - Functioning,2,0,0,0,,0,,,,,368252.6918,5032157.575,45.42647382,-75.68912231,7645
20--7337,9/24/2020,8:15 AM,CONROY RD @ LORRY GREENBERG DR (0011446),11446,02 - Intersection related,02 - Non-fatal injury,03 - Rear end,01 - Clear,01 - Daylight,01 - Dry,01 - Traffic signal,01 - Functioning,2,0,0,0,01 - Minimal,2,2,,,,373568.1848,5025878.187,45.36947239,-75.62207745,7646
20--7338,9/24/2020,8:47 PM,BASELINE RD @ FISHER AVE (0002346),2346,03 - At intersection,03 - P.D. only,05 - Turning movement,01 - Clear,07 - Dark,01 - Dry,01 - Traffic signal,01 - Functioning,2,0,0,0,,0,,,,,366166.7816,5026028.455,45.37151164,-75.71653868,7647
20--7339,9/24/2020,9:00 AM,WILKIE DR btwn GERVAIS CRT & CARA CRES (1) (__3ZA6X5),__3ZA6X5,04 - At/near private drive,03 - P.D. only,02 - Angle,01 - Clear,01 - Daylight,01 - Dry,10 - No control,,2,0,0,0,,0,,,,,383908.3117,5037407.636,45.47211384,-75.48823929,7648
20--734,1/16/2020,8:31 AM,MARCH RD @ TERON RD (0011926),11926,02 - Intersection related,03 - P.D. only,03 - Rear end,03 - Snow,01 - Daylight,04 - Slush,01 - Traffic signal,01 - Functioning,2,0,0,0,,0,,,,,351414.6203,5021779.492,45.33441526,-75.90526629,7649
20--7340,9/24/2020,9:19 PM,EAGLE LANE @ MEADOWLANDS DR (0001748),1748,02 - Intersection related,02 - Non-fatal injury,03 - Rear end,01 - Clear,07 - Dark,01 - Dry,02 - Stop sign,01 - Functioning,2,0,1,0,02 - Minor,1,,1,,,365279.5706,5024421.314,45.35712798,-75.72806125,7650
20--7341,9/24/2020,9:25 PM,BRONSON AVE @ CATHERINE ST/RAYMOND ST (0007198),7198,02 - Intersection related,03 - P.D. only,04 - Sideswipe,01 - Clear,07 - Dark,01 - Dry,01 - Traffic signal,01 - Functioning,2,0,0,0,,0,,,,,367252.7083,5029796.562,45.40532014,-75.7021993,7651
20--7342,9/24/2020,9:45 AM,FRASER FIELDS WAY @ STRANDHERD DR (0013567),13567,03 - At intersection,03 - P.D. only,02 - Angle,01 - Clear,01 - Daylight,01 - Dry,02 - Stop sign,01 - Functioning,2,0,0,0,,0,,,,,362949.5871,5013991.964,45.26348201,-75.75902158,7652
20--7343,9/24/2020,9:47 AM,BANK ST btwn TURN LANE & SPRINGHILL RD (__3ZA2LG),__3ZA2LG,01 - Non intersection,03 - P.D. only,07 - SMV other,01 - Clear,01 - Daylight,01 - Dry,10 - No control,,1,0,0,0,,0,,,,,385072.4075,5006432.951,45.19329371,-75.4783768,7653
20--7718,10/10/2020,6:25 AM,HAWTHORNE RD btwn HAWTHORNE RD & WHYTE SIDE RD (__3ZA2PE),__3ZA2PE,01 - Non intersection,03 - P.D. only,07 - SMV other,01 - Clear,03 - Dawn,01 - Dry,10 - No control,,1,0,0,0,,0,,,,,375621.8745,5026127.814,45.3715139,-75.59582666,7654
20--7539,10/2/2020,8:27 PM,ROSEHILL AVE btwn EUCALYPTUS CIR/SANTOLINA ST & MAZON ST (e___1G0M),e___1G0M,01 - Non intersection,03 - P.D. only,07 - SMV other,01 - Clear,07 - Dark,01 - Dry,10 - No control,,1,0,0,0,,0,,,,,350047.182,5016041.558,45.28287323,-75.92323576,7655
20--7898,10/19/2020,2:20 PM,QUEEN ELIZABETH DRWY btwn LAKESIDE AVE & LAKEVIEW TER (__3ZA2L0),__3ZA2L0,01 - Non intersection,03 - P.D. only,04 - Sideswipe,02 - Rain,01 - Daylight,02 - Wet,10 - No control,,2,0,0,0,,0,,,,,367639.4516,5028557.555,45.39413731,-75.6974172,7656
20--7719,10/11/2020,1:06 PM,TERRY FOX DR btwn HUNTSVILLE DR & OLD SECOND LINE RD (__8IAYIU),__8IAYIU,01 - Non intersection,03 - P.D. only,07 - SMV other,01 - Clear,01 - Daylight,01 - Dry,10 - No control,,1,0,0,0,,0,,,,,348140.298,5020114.775,45.31964554,-75.9471855,7657
20--7982,10/23/2020,11:38 AM,BANK ST @ WALKLEY RD (0011423),11423,02 - Intersection related,03 - P.D. only,03 - Rear end,01 - Clear,01 - Daylight,01 - Dry,01 - Traffic signal,01 - Functioning,2,0,0,0,,0,,,,,370337.8561,5025947.737,45.3704077,-75.66330338,7658