Anom_ID,Accident_Date,Accident_Time,Location,Geo_ID,Accident_Location,Classification_of_Accident,Initial_Impact_Type,Environment_Condition,Light,Road_Surface_Condition,Traffic_Control,Traffic_Control_Condition,No__of_Vehicles,No__of_Bicycles,No__of_Motorcycles,No__of_Pedestrians,Max_Injury,No__of_Injuries,No__of_Minimal,No__of_Minor,No__of_Major,No__of_Fatal,X,Y,Latitude,Longitude,ObjectId
20--754,1/17/2020,2:00 PM,BRONSON AVE @ CARLING AVE/GLEBE AVE (0002134),2134,02 - Intersection related,03 - P.D. only,03 - Rear end,01 - Clear,01 - Daylight,01 - Dry,01 - Traffic signal,01 - Functioning,2,0,0,0,,0,,,,,367447.7007,5029335.564,45.40115479,-75.69976719,7659
20--7899,10/19/2020,2:30 PM,WOODRIDGE CRES btwn 220 W OF BAYSHORE DR/BAYSHORE SC & BAYSHORE DR (__3ZAA4NB),__3ZAA4NB,04 - At/near private drive,03 - P.D. only,03 - Rear end,01 - Clear,01 - Daylight,01 - Dry,10 - No control,,2,0,0,0,,0,,,,,359057.754,5023387.485,45.34833466,-75.80758149,7660
20--772,1/17/2020,5:00 PM,GALETTA SIDE RD btwn HARBOUR ST & CANON SMITH DR (__3ZA4QE),__3ZA4QE,01 - Non intersection,03 - P.D. only,07 - SMV other,01 - Clear,05 - Dusk,01 - Dry,10 - No control,,1,0,0,0,,0,,,,,329039.359,5036139.584,45.46476371,-76.1900297,7661
20--7983,10/23/2020,Unknown,BESSERER ST btwn NELSON ST & FRIEL ST (__3ZA82K),__3ZA82K,01 - Non intersection,03 - P.D. only,06 - SMV unattended vehicle,01 - Clear,00 - Unknown,01 - Dry,10 - No control,,1,0,0,0,,0,,,,,368769.7267,5032474.32,45.42927668,-75.68247453,7662
20--7540,10/2/2020,8:51 PM,INNES RD @ WILDFLOWER DR (0012871),12871,02 - Intersection related,02 - Non-fatal injury,03 - Rear end,01 - Clear,07 - Dark,01 - Dry,01 - Traffic signal,01 - Functioning,2,0,0,0,01 - Minimal,3,3,,,,382936.7514,5035690.551,45.4567744,-75.50093615,7663
20--7541,10/3/2020,1:27 PM,REGIONAL ROAD 174 btwn TRANSIT & OR174 IC105 RAMP51 (__3ZA28H),__3ZA28H,01 - Non intersection,02 - Non-fatal injury,03 - Rear end,01 - Clear,01 - Daylight,01 - Dry,10 - No control,,2,0,0,0,02 - Minor,3,2,1,,,376667.2667,5035369.142,45.45455554,-75.58113451,7664
20--7542,10/3/2020,1:45 PM,TENTH LINE RD @ VANGUARD DR (0004632),4632,02 - Intersection related,03 - P.D. only,03 - Rear end,01 - Clear,01 - Daylight,01 - Dry,01 - Traffic signal,01 - Functioning,2,0,0,0,,0,,,,,384072.7596,5035874.563,45.45830202,-75.48638365,7665
20--7543,10/3/2020,10:02 PM,TRIM RD btwn DEMETER ST & VALIN ST (__4BQAS8),__4BQAS8,01 - Non intersection,03 - P.D. only,07 - SMV other,01 - Clear,07 - Dark,01 - Dry,10 - No control,,1,0,0,0,,0,,,,,386374.6647,5037637.731,45.47390027,-75.45666269,7666
20--7544,10/3/2020,10:10 PM,PLACE D'ORLEANS DR btwn OR174 IC102 RAMP51 & CHAMPLAIN ST (__6K6SKJ),__6K6SKJ,01 - Non intersection,03 - P.D. only,07 - SMV other,01 - Clear,07 - Dark,01 - Dry,10 - No control,,1,0,0,0,,0,,,,,381508.3792,5038136.874,45.47894264,-75.51881491,7667
20--7545,10/3/2020,10:22 PM,RIDEAU VALLEY DR    N btwn UPTON RD & PHELAN RD E (__3ZA394),__3ZA394,01 - Non intersection,03 - P.D. only,07 - SMV other,01 - Clear,07 - Dark,01 - Dry,10 - No control,,1,0,0,0,,0,,,,,372393.7073,5004128.344,45.1738864,-75.64003035,7668
20--7546,10/3/2020,10:45 AM,BASELINE RD/HERON RD @ PRINCE OF WALES DR (0002345),2345,02 - Intersection related,02 - Non-fatal injury,03 - Rear end,01 - Clear,01 - Daylight,01 - Dry,01 - Traffic signal,01 - Functioning,2,0,0,0,01 - Minimal,1,1,,,,366873.7161,5026438.535,45.37513918,-75.70746267,7669
20--7547,10/3/2020,11:03 AM,CHARLOTTE ST @ RIDEAU ST (0002622),2622,03 - At intersection,03 - P.D. only,05 - Turning movement,01 - Clear,01 - Daylight,01 - Dry,01 - Traffic signal,01 - Functioning,2,0,0,0,,0,,,,,369249.7064,5032859.592,45.43269914,-75.67629065,7670
20--7548,10/3/2020,11:14 AM,RIDEAU ST btwn RIDEAU PL & MONTREAL RD (__3ZBPLT),__3ZBPLT,01 - Non intersection,03 - P.D. only,04 - Sideswipe,01 - Clear,01 - Daylight,01 - Dry,10 - No control,,2,0,0,0,,0,,,,,369624.4531,5032926.877,45.43326991,-75.67149279,7671
20--7549,10/3/2020,11:15 AM,ISLAND PARK DR btwn TURN LANE & TURN LANE (__3ZA24I),__3ZA24I,07 - Overpass or bridge,03 - P.D. only,03 - Rear end,01 - Clear,01 - Daylight,01 - Dry,10 - No control,,2,0,0,0,,0,,,,,363149.4252,5029565.266,45.40359306,-75.75463935,7672
20--755,1/17/2020,2:00 PM,HAWTHORNE RD @ HUNT CLUB RD (0007651),7651,02 - Intersection related,03 - P.D. only,02 - Angle,03 - Snow,01 - Daylight,02 - Wet,01 - Traffic signal,01 - Functioning,2,0,0,0,,0,,,,,375507.7468,5026406.529,45.37403317,-75.59724363,7673
20--7550,10/3/2020,11:15 AM,INNES RD @ TENTH LINE RD (0004633),4633,02 - Intersection related,03 - P.D. only,03 - Rear end,01 - Clear,01 - Daylight,01 - Dry,01 - Traffic signal,01 - Functioning,2,0,0,0,,0,,,,,383951.7651,5036159.571,45.46087998,-75.48788461,7674
20--7551,10/3/2020,Unknown,QUEEN MARY ST btwn ISIDORE ST & BERNARD ST (__3ZA8KS),__3ZA8KS,01 - Non intersection,03 - P.D. only,06 - SMV unattended vehicle,01 - Clear,00 - Unknown,01 - Dry,10 - No control,,1,0,0,0,,0,,,,,371761.0461,5032113.645,45.42575149,-75.64429905,7675
20--7552,10/3/2020,Unknown,TRURO ST btwn BRITTANY DR & CARPENTER WAY (__3ZA8IZ),__3ZA8IZ,01 - Non intersection,03 - P.D. only,06 - SMV unattended vehicle,01 - Clear,00 - Unknown,01 - Dry,10 - No control,,1,0,0,0,,0,,,,,371763.4793,5034402.458,45.44634493,-75.64395663,7676
20--7553,10/3/2020,2:37 AM,WEST RIVER DR btwn WEST AVE & NORTH DR (__3ZA99X),__3ZA99X,01 - Non intersection,03 - P.D. only,07 - SMV other,01 - Clear,07 - Dark,01 - Dry,10 - No control,,1,0,0,0,,0,,,,,368605.1108,5010183.477,45.22872326,-75.68745105,7677
20--7554,10/3/2020,3:00 PM,NAVAN RD btwn TENTH LINE RD & CANARY ST (__3ZA3Y0),__3ZA3Y0,04 - At/near private drive,03 - P.D. only,03 - Rear end,01 - Clear,01 - Daylight,01 - Dry,10 - No control,,2,0,0,0,,0,,,,,385891.707,5031806.694,45.42149444,-75.46379978,7678
20--7555,10/3/2020,5:00 AM,HIGHWAY 417 btwn HWY417 IC118 RAMP35 & HWY417 IC117 RAMP51 (__3ZA2YP),__3ZA2YP,01 - Non intersection,03 - P.D. only,07 - SMV other,01 - Clear,07 - Dark,01 - Dry,10 - No control,,1,0,0,0,,0,,,,,370232.2959,5031105.176,45.41682237,-75.6639669,7679
20--7556,10/3/2020,5:54 AM,ANN ST @ TIGHE ST (0008991),8991,02 - Intersection related,03 - P.D. only,07 - SMV other,01 - Clear,07 - Dark,01 - Dry,02 - Stop sign,00 - Unknown,1,0,0,0,,0,,,,,368785.6239,5009762.375,45.22491782,-75.68520661,7680
20--7557,10/3/2020,6:41 PM,UPPER DWYER HILL RD btwn OLD ALMONTE RD & HAMILTON SIDE RD (__3ZBOB3),__3ZBOB3,01 - Non intersection,03 - P.D. only,07 - SMV other,01 - Clear,05 - Dusk,01 - Dry,10 - No control,,1,0,0,0,,0,,,,,337437.5407,5010526.211,45.23394151,-76.08432762,7681
20--7558,10/3/2020,6:48 PM,BANK ST @ 80 S OF HUNT CLUB RD/TOWNGATE PLAZA  (0008230),8230,02 - Intersection related,02 - Non-fatal injury,05 - Turning movement,01 - Clear,05 - Dusk,01 - Dry,01 - Traffic signal,01 - Functioning,2,0,0,0,01 - Minimal,1,1,,,,371689.0249,5024095.144,45.35361106,-75.64630618,7682
20--7559,10/3/2020,7:19 PM,HIGHWAY 417 btwn RAMP & HWY417 IC88 RAMP51 (__3ZA2W2),__3ZA2W2,01 - Non intersection,02 - Non-fatal injury,07 - SMV other,01 - Clear,07 - Dark,01 - Dry,10 - No control,,1,0,0,0,02 - Minor,2,,2,,,387629.4067,5023800.584,45.34925924,-75.44294246,7683
20--756,1/17/2020,2:04 PM,COLONEL BY DR @ MAIN ST (0002626),2626,02 - Intersection related,03 - P.D. only,03 - Rear end,01 - Clear,01 - Daylight,06 - Ice,02 - Stop sign,01 - Functioning,2,0,0,0,,0,,,,,368859.7102,5030914.566,45.41523434,-75.68152749,7684
20--7560,10/3/2020,8:59 PM,STITTSVILLE MAIN ST btwn EAST HEALEY AVE & FLEWELLYN RD (__3ZA3DT),__3ZA3DT,01 - Non intersection,03 - P.D. only,03 - Rear end,01 - Clear,07 - Dark,01 - Dry,10 - No control,,2,0,0,0,,0,,,,,351079.3368,5011109.319,45.23842409,-75.91053905,7685
20--7561,10/3/2020,9:44 PM,MEADOWLANDS DR @ MERIVALE RD (0000625),625,03 - At intersection,03 - P.D. only,05 - Turning movement,01 - Clear,07 - Dark,01 - Dry,01 - Traffic signal,01 - Functioning,2,0,0,0,,0,,,,,364858.6906,5023725.512,45.35090343,-75.73351724,7686
20--7562,10/3/2020,9:57 AM,COBOURG ST @ ST. PATRICK ST (0011483),11483,02 - Intersection related,02 - Non-fatal injury,03 - Rear end,01 - Clear,01 - Daylight,01 - Dry,01 - Traffic signal,01 - Functioning,3,0,0,0,01 - Minimal,1,1,,,,368802.4668,5033234.261,45.43611134,-75.68195737,7687
20--7563,10/4/2020,12:57 PM,OLD TENTH LINE RD/OR174 IC101 RAMP63 @ ST. JOS (0009233),9233,03 - At intersection,03 - P.D. only,05 - Turning movement,01 - Clear,01 - Daylight,01 - Dry,01 - Traffic signal,01 - Functioning,2,0,0,0,,0,,,,,383119.7388,5038785.597,45.48460037,-75.49810352,7688
20--7564,10/4/2020,12:57 PM,INNES RD @ TRIM RD (0012870),12870,02 - Intersection related,03 - P.D. only,03 - Rear end,01 - Clear,01 - Daylight,01 - Dry,01 - Traffic signal,01 - Functioning,2,0,0,0,,0,,,,,386566.7728,5037273.544,45.47060122,-75.45426665,7689
20--7565,10/4/2020,2:59 PM,HIGHWAY 417 btwn HWY417 IC126 RAMP25 & HWY417 IC124 RAMP57 (__3ZA2R5),__3ZA2R5,01 - Non intersection,03 - P.D. only,03 - Rear end,01 - Clear,01 - Daylight,01 - Dry,10 - No control,,2,0,0,0,,0,,,,,363947.6099,5026872.994,45.37930148,-75.74476688,7690
20--7566,10/4/2020,3:07 PM,LYON ST @ WELLINGTON ST (0002388),2388,02 - Intersection related,02 - Non-fatal injury,03 - Rear end,01 - Clear,01 - Daylight,01 - Dry,01 - Traffic signal,01 - Functioning,2,0,0,0,02 - Minor,4,3,1,,,366935.1236,5031426.591,45.42001493,-75.7060504,7691
20--7567,10/4/2020,3:50 PM,INNES RD btwn FRANK KENNY RD & O'TOOLE RD (__3ZA3MX),__3ZA3MX,01 - Non intersection,02 - Non-fatal injury,07 - SMV other,01 - Clear,01 - Daylight,08 - Loose sand or gravel,10 - No control,,1,0,1,0,02 - Minor,1,,1,,,388560.3491,5038081.265,45.47763197,-75.42863709,7692
20--7568,10/4/2020,4:07 PM,MONTREAL RD @ ST. LAURENT BLVD (0002604),2604,02 - Intersection related,03 - P.D. only,05 - Turning movement,01 - Clear,01 - Daylight,01 - Dry,01 - Traffic signal,01 - Functioning,2,0,0,0,,0,,,,,371545.7015,5033817.602,45.4411035,-75.64681966,7693
20--7569,10/4/2020,4:15 PM,TERRY FOX DR btwn HALKIRK AVE & CASTLEFRANK RD (__30IMA5),__30IMA5,01 - Non intersection,02 - Non-fatal injury,03 - Rear end,02 - Rain,01 - Daylight,02 - Wet,10 - No control,,3,0,0,0,01 - Minimal,1,1,,,,352935.7399,5016373.112,45.28566477,-75.88638531,7694
20--757,1/17/2020,2:20 PM,MERIVALE RD btwn MCCOOEY LANE & CENTRAL PARK DR S (__3ZBPN0),__3ZBPN0,01 - Non intersection,03 - P.D. only,03 - Rear end,01 - Clear,01 - Daylight,01 - Dry,10 - No control,,3,0,0,0,,0,,,,,364977.5134,5025676.736,45.36845006,-75.73176337,7695
20--7570,10/4/2020,5:06 PM,CHAMPLAIN BRIDGE/ISLAND PARK DR btwn BATE ISLAND & PROVINCIAL BOUNDARY (__3ZA2ZEA),__3ZA2ZEA,01 - Non intersection,03 - P.D. only,03 - Rear end,02 - Rain,01 - Daylight,02 - Wet,10 - No control,,3,0,0,0,,0,,,,,362755.5295,5030247.491,45.40976433,-75.75959039,7696
20--7571,10/4/2020,5:34 PM,BARNSDALE RD N @ MOODIE DR (0000636),636,03 - At intersection,02 - Non-fatal injury,02 - Angle,02 - Rain,05 - Dusk,02 - Wet,02 - Stop sign,01 - Functioning,2,0,0,0,03 - Major,2,1,,1,,361933.6726,5008863.38,45.21741765,-75.77255509,7697
20--7572,10/4/2020,6:40 PM,BASELINE RD @ MERIVALE RD (0002342),2342,02 - Intersection related,03 - P.D. only,02 - Angle,01 - Clear,05 - Dusk,01 - Dry,01 - Traffic signal,01 - Functioning,2,0,0,0,,0,,,,,365054.7619,5025325.57,45.36528369,-75.73082012,7698
20--7573,10/4/2020,7:35 PM,BRONSON AVE btwn RIVERSIDE DR RAMPS 34B & 42A-3 & BRONSON AVE RAMP 34 (__3ZA3BK),__3ZA3BK,01 - Non intersection,03 - P.D. only,04 - Sideswipe,02 - Rain,07 - Dark,02 - Wet,10 - No control,,2,0,0,0,,0,,,,,368419.0479,5027180.635,45.38167779,-75.68763873,7699
20--7574,10/4/2020,7:51 PM,WOODROFFE AVE btwn GRENFELL CRES & 260 N OF FALLOWFIELD RD/TRANSITWAY  (__3ZA3IO),__3ZA3IO,01 - Non intersection,02 - Non-fatal injury,05 - Turning movement,01 - Clear,07 - Dark,02 - Wet,10 - No control,,2,1,0,0,02 - Minor,1,,1,,,364883.1241,5018411.537,45.30308671,-75.73385032,7700
20--7575,10/4/2020,8:00 PM,JEANNE D'ARC BLVD  S btwn DES EPINETTES AVE & SAPINIER ST (__3ZA3Y5),__3ZA3Y5,01 - Non intersection,03 - P.D. only,07 - SMV other,02 - Rain,07 - Dark,02 - Wet,10 - No control,,1,0,0,0,,0,,,,,382535.9588,5035819.619,45.45798035,-75.50603954,7701
20--7576,10/4/2020,8:20 PM,AVIATION PKWY btwn TO BE DETERMINED & OGILVIE RD (__3ZA21X),__3ZA21X,01 - Non intersection,03 - P.D. only,07 - SMV other,02 - Rain,07 - Dark,02 - Wet,10 - No control,,1,0,0,0,,0,,,,,373103.192,5032396.505,45.42816676,-75.62711041,7702
20--7577,10/5/2020,1:00 PM,LEES AVE @ KING EDWARD AVE/MANN AVE (0011413),11413,02 - Intersection related,02 - Non-fatal injury,03 - Rear end,01 - Clear,01 - Daylight,01 - Dry,01 - Traffic signal,01 - Functioning,2,0,0,0,01 - Minimal,1,1,,,,369178.7978,5031334.739,45.41898562,-75.67739612,7703
20--7578,10/5/2020,1:14 PM,FERNBANK RD @ ROBERT GRANT AVE (0014442),14442,03 - At intersection,02 - Non-fatal injury,02 - Angle,01 - Clear,01 - Daylight,01 - Dry,01 - Traffic signal,01 - Functioning,2,0,0,0,01 - Minimal,1,1,,,,353047.2325,5014005.364,45.26435149,-75.88519424,7704
20--7579,10/5/2020,1:35 PM,GREENBANK RD @ MARKETPLACE AVE (0010406),10406,03 - At intersection,03 - P.D. only,02 - Angle,01 - Clear,01 - Daylight,01 - Dry,01 - Traffic signal,01 - Functioning,2,0,0,0,,0,,,,,364008.3584,5014602.189,45.2688845,-75.74545848,7705
20--758,1/17/2020,2:21 PM,TERRY FOX DR @ PALLADIUM DR/KATIMAVIK RD (0011858),11858,02 - Intersection related,03 - P.D. only,03 - Rear end,01 - Clear,01 - Daylight,01 - Dry,01 - Traffic signal,01 - Functioning,2,0,0,0,,0,,,,,351269.7175,5018181.775,45.30205175,-75.90745245,7706
20--7580,10/5/2020,1:39 PM,KING EDWARD AVE @ MURRAY ST (0002713),2713,02 - Intersection related,03 - P.D. only,03 - Rear end,01 - Clear,01 - Daylight,02 - Wet,01 - Traffic signal,01 - Functioning,2,0,0,0,,0,,,,,368291.7046,5032753.585,45.43183296,-75.68854697,7707
20--7581,10/5/2020,10:00 PM,FLEWELLYN RD btwn WEST HEALEY AVE & STITTSVILLE MAIN ST (__3ZACSM),__3ZACSM,01 - Non intersection,03 - P.D. only,07 - SMV other,01 - Clear,07 - Dark,01 - Dry,10 - No control,,1,0,0,0,,0,,,,,351360.2415,5010693.178,45.23466098,-75.9070003,7708
20--7582,10/5/2020,11:15 AM,MANOTICK MAIN ST btwn HIGHCROFT DR & MAPLE AVE (__3ZA387),__3ZA387,01 - Non intersection,03 - P.D. only,04 - Sideswipe,01 - Clear,01 - Daylight,01 - Dry,10 - No control,,2,0,0,0,,0,,,,,368640.945,5009971.107,45.22680911,-75.68702199,7709
20--7583,10/5/2020,Unknown,GLADSTONE AVE btwn LYON ST N & KENT ST (__3ZA3P2),__3ZA3P2,01 - Non intersection,03 - P.D. only,06 - SMV unattended vehicle,01 - Clear,00 - Unknown,01 - Dry,10 - No control,,1,0,0,0,,0,,,,,367691.0665,5030426.918,45.41095265,-75.69651965,7710
20--7584,10/5/2020,12:11 PM,ALBERT ST @ EMPRESS AVE (0010851),10851,03 - At intersection,02 - Non-fatal injury,02 - Angle,01 - Clear,01 - Daylight,01 - Dry,01 - Traffic signal,01 - Functioning,2,0,0,0,02 - Minor,1,,1,,,366576.7015,5030720.571,45.41369411,-75.71071832,7711
20--7585,10/5/2020,2:47 AM,BOYER RD @ MEADOWGLEN DR (0003762),3762,02 - Intersection related,03 - P.D. only,03 - Rear end,01 - Clear,07 - Dark,01 - Dry,02 - Stop sign,01 - Functioning,2,0,0,0,,0,,,,,381131.7475,5035173.837,45.45232494,-75.52409189,7712
20--7586,10/5/2020,2:55 AM,HWY417 IC112 RAMP64 btwn HWY417 IC112 RAMP68 & HIGHWAY 417 (__3ZAYAQ),__3ZAYAQ,01 - Non intersection,02 - Non-fatal injury,07 - SMV other,02 - Rain,07 - Dark,02 - Wet,10 - No control,,1,0,0,0,02 - Minor,1,,1,,,374774.476,5030767.137,45.41334137,-75.60598602,7713
20--7587,10/5/2020,3:30 PM,RICHMOND RD @ ROBERTSON RD (0000639),639,02 - Intersection related,03 - P.D. only,03 - Rear end,01 - Clear,01 - Daylight,01 - Dry,01 - Traffic signal,01 - Functioning,2,0,0,0,,0,,,,,357577.6584,5020749.48,45.32471064,-75.82674997,7714
20--7588,10/5/2020,3:50 PM,BEARBROOK RD btwn 43 S OF CENTREPARK DR & INNES RD (__3ZA2AYB),__3ZA2AYB,01 - Non intersection,03 - P.D. only,04 - Sideswipe,01 - Clear,01 - Daylight,01 - Dry,10 - No control,,2,0,0,0,,0,,,,,377960.5689,5032928.21,45.43245948,-75.56496397,7715
20--7589,10/5/2020,3:50 PM,PRINCE OF WALES DR btwn COLONNADE RD & STEPHANIE AVE (__3ZA29R),__3ZA29R,04 - At/near private drive,03 - P.D. only,02 - Angle,01 - Clear,01 - Daylight,01 - Dry,10 - No control,,2,0,0,0,,0,,,,,367398.6523,5023257.314,45.34646856,-75.70116404,7716
20--759,1/17/2020,2:30 PM,DEAKIN ST @ PRINCE OF WALES DR (0001073),1073,02 - Intersection related,03 - P.D. only,03 - Rear end,01 - Clear,01 - Daylight,02 - Wet,01 - Traffic signal,01 - Functioning,2,0,0,0,,0,,,,,367390.7182,5021523.485,45.3308686,-75.7014846,7717
20--7590,10/5/2020,4:00 PM,EARL ARMSTRONG RD @ RIVER RD (0012470),12470,02 - Intersection related,03 - P.D. only,03 - Rear end,01 - Clear,01 - Daylight,01 - Dry,01 - Traffic signal,01 - Functioning,2,0,0,0,,0,,,,,367572.7127,5014684.398,45.26931511,-75.70002887,7718
20--7591,10/5/2020,5:06 PM,INNES RD @ TENTH LINE RD (0004633),4633,02 - Intersection related,03 - P.D. only,03 - Rear end,01 - Clear,01 - Daylight,01 - Dry,01 - Traffic signal,01 - Functioning,3,0,0,0,,0,,,,,383951.7647,5036159.551,45.4608798,-75.48788462,7719
20--7592,10/5/2020,5:15 PM,HUNT CLUB RD @ BRIDLE PATH DR/DAZE ST (0008214),8214,03 - At intersection,02 - Non-fatal injury,02 - Angle,01 - Clear,01 - Daylight,01 - Dry,01 - Traffic signal,01 - Functioning,3,0,0,0,02 - Minor,2,1,1,,,371291.6688,5023864.37,45.35157242,-75.65140804,7720
20--7593,10/5/2020,5:18 PM,WEST HUNT CLUB RD @ WOODROFFE AVE (0000576),576,02 - Intersection related,03 - P.D. only,03 - Rear end,01 - Clear,01 - Daylight,01 - Dry,01 - Traffic signal,01 - Functioning,2,0,0,0,,0,,,,,363670.6923,5021246.492,45.32869816,-75.74897239,7721
20--7594,10/5/2020,5:30 PM,TENTH LINE RD @ CHARLEMAGNE BLVD S/DES EPINETT (0003686),3686,02 - Intersection related,03 - P.D. only,03 - Rear end,01 - Clear,01 - Daylight,01 - Dry,01 - Traffic signal,01 - Functioning,2,0,0,0,,0,,,,,383640.9751,5036900.456,45.46758093,-75.49173924,7722
20--7595,10/5/2020,5:50 AM,REGIONAL ROAD 174 btwn QUIGLEY HILL RD & CAMERON ST (__3ZA27U),__3ZA27U,01 - Non intersection,03 - P.D. only,07 - SMV other,"07 - Fog, mist, smoke, dust",07 - Dark,01 - Dry,10 - No control,,1,0,0,0,,0,,,,,388574.6004,5042421.205,45.5166761,-75.42771393,7723
20--7596,10/5/2020,6:20 AM,BLAIR RD @ INNES RD (0004165),4165,02 - Intersection related,03 - P.D. only,02 - Angle,02 - Rain,07 - Dark,02 - Wet,01 - Traffic signal,01 - Functioning,2,0,0,0,,0,,,,,375578.5497,5031439.709,45.41931194,-75.59561762,7724
20--7597,10/5/2020,7:42 AM,ALLBIRCH RD @ CONSTANCE BAY RD (0006015),6015,02 - Intersection related,03 - P.D. only,02 - Angle,02 - Rain,01 - Daylight,02 - Wet,02 - Stop sign,01 - Functioning,2,0,0,0,,0,,,,,337865.7307,5038297.048,45.48381502,-76.07701649,7725
20--7598,10/5/2020,8:38 PM,MCLEOD ST @ O'CONNOR ST (0007282),7282,02 - Intersection related,03 - P.D. only,03 - Rear end,01 - Clear,07 - Dark,01 - Dry,01 - Traffic signal,01 - Functioning,2,0,0,0,,0,,,,,368117.7124,5030592.577,45.41240472,-75.69104819,7726
20--7599,10/5/2020,9:12 AM,INDUSTRIAL AVE/INNES RD @ ST. LAURENT BLVD (0002203),2203,02 - Intersection related,03 - P.D. only,04 - Sideswipe,01 - Clear,01 - Daylight,02 - Wet,01 - Traffic signal,01 - Functioning,2,0,0,0,,0,,,,,373099.7105,5030005.566,45.40665458,-75.62748629,7727
20--76,1/3/2020,5:40 PM,JOHNSTON RD btwn CELLINI CRT & BLOHM DR (__3ZA462),__3ZA462,01 - Non intersection,03 - P.D. only,04 - Sideswipe,01 - Clear,07 - Dark,01 - Dry,10 - No control,,2,0,0,0,,0,,,,,374561.3696,5026481.157,45.37479949,-75.60931442,7728
20--760,1/17/2020,2:48 PM,BOURASSA ST @ ST. LAURENT BLVD (0007731),7731,03 - At intersection,02 - Non-fatal injury,07 - SMV other,01 - Clear,01 - Daylight,01 - Dry,01 - Traffic signal,01 - Functioning,1,0,0,1,02 - Minor,1,,1,,,373236.7504,5029693.557,45.40383388,-75.62577915,7729
20--7600,10/5/2020,9:48 PM,SNAKE ISLAND RD btwn MANOTICK STATION RD & STAGECOACH RD (__3ZA2C4),__3ZA2C4,01 - Non intersection,02 - Non-fatal injury,07 - SMV other,01 - Clear,07 - Dark,01 - Dry,10 - No control,,1,0,0,0,02 - Minor,1,,1,,,377618.1419,5006318.993,45.19307753,-75.57325045,7730
20--7601,10/6/2020,1:54 PM,CRESTHAVEN DR @ STRANDHERD DR (0010929),10929,02 - Intersection related,03 - P.D. only,04 - Sideswipe,01 - Clear,01 - Daylight,01 - Dry,01 - Traffic signal,00 - Unknown,2,0,0,0,,0,,,,,366813.9067,5015028.07,45.27247477,-75.70965519,7731
20--7602,10/6/2020,10:30 AM,LYON ST    N btwn FLORA ST & ARLINGTON AVE (__3ZA3PN),__3ZA3PN,04 - At/near private drive,03 - P.D. only,06 - SMV unattended vehicle,01 - Clear,01 - Daylight,01 - Dry,10 - No control,,1,0,0,0,,0,,,,,367689.5624,5030187.486,45.40879845,-75.69656941,7732
20--7603,10/6/2020,10:59 PM,QUEEN MARY ST btwn NAUGHTON ST & FRANCES ST (__3ZA8KM),__3ZA8KM,01 - Non intersection,03 - P.D. only,03 - Rear end,01 - Clear,07 - Dark,01 - Dry,10 - No control,,2,0,0,0,,0,,,,,371343.2098,5032068.615,45.42538621,-75.64964411,7733
20--7604,10/6/2020,11:01 AM,DUNROBIN RD @ MARCH RD (0003175),3175,02 - Intersection related,03 - P.D. only,03 - Rear end,01 - Clear,01 - Daylight,01 - Dry,01 - Traffic signal,01 - Functioning,2,0,0,0,,0,,,,,347174.5947,5026065.532,45.37325105,-75.95899286,7734
20--7605,10/6/2020,2:15 AM,RAMSAYVILLE RD @ RUSSELL RD N (0004146),4146,02 - Intersection related,02 - Non-fatal injury,07 - SMV other,01 - Clear,07 - Dark,01 - Dry,02 - Stop sign,01 - Functioning,1,0,0,0,02 - Minor,1,,1,,,377777.752,5026758.537,45.37696761,-75.56821327,7735
20--7606,10/6/2020,3:24 PM,BRIDLE PATH DR @ CROSSCUT TER/PIMLICO CRES S (0012455),12455,03 - At intersection,02 - Non-fatal injury,02 - Angle,01 - Clear,01 - Daylight,01 - Dry,02 - Stop sign,04 - Missing/Damaged,2,1,0,0,02 - Minor,1,,1,,,371367.7364,5023705.898,45.35013932,-75.65045868,7736
20--7607,10/6/2020,4:01 PM,IRIS ST btwn COBDEN RD & HIGHGATE RD (__3ZBNGG),__3ZBNGG,01 - Non intersection,03 - P.D. only,03 - Rear end,02 - Rain,01 - Daylight,02 - Wet,10 - No control,,2,0,0,0,,0,,,,,361404.2682,5023831.975,45.35214871,-75.77758756,7737
20--7608,10/6/2020,4:30 PM,CARLING AVE WB btwn KIRKWOOD AVE & HWY417 IC124 RAMP67 (__3ZA4N1),__3ZA4N1,01 - Non intersection,03 - P.D. only,03 - Rear end,01 - Clear,01 - Daylight,01 - Dry,10 - No control,,2,0,0,0,,0,,,,,364331.9313,5027522.158,45.38511,-75.73978177,7738
20--7609,10/6/2020,4:47 PM,RIVER RD btwn EARL ARMSTRONG RD & 175 N OF EARL ARMSTRONG/LOBLAWS SC (__5DXOUQA),__5DXOUQA,01 - Non intersection,03 - P.D. only,01 - Approaching,01 - Clear,01 - Daylight,01 - Dry,10 - No control,,2,0,0,0,,0,,,,,367614.8447,5014785.633,45.27022225,-75.69947919,7739
20--761,1/17/2020,3:04 PM,HWY417 IC140 RAMP36 btwn TERRY FOX DR & HIGHWAY 417 (__3ZAYB4),__3ZAYB4,01 - Non intersection,03 - P.D. only,07 - SMV other,01 - Clear,01 - Daylight,01 - Dry,10 - No control,,1,0,0,0,,0,,,,,350799.1386,5018578.202,45.30564988,-75.91341583,7740