Anom_ID,Accident_Date,Accident_Time,Location,Geo_ID,Accident_Location,Classification_of_Accident,Initial_Impact_Type,Environment_Condition,Light,Road_Surface_Condition,Traffic_Control,Traffic_Control_Condition,No__of_Vehicles,No__of_Bicycles,No__of_Motorcycles,No__of_Pedestrians,Max_Injury,No__of_Injuries,No__of_Minimal,No__of_Minor,No__of_Major,No__of_Fatal,X,Y,Latitude,Longitude,ObjectId
20--7610,10/6/2020,5:41 PM,BASELINE RD @ MERIVALE RD (0002342),2342,02 - Intersection related,03 - P.D. only,04 - Sideswipe,01 - Clear,01 - Daylight,01 - Dry,01 - Traffic signal,01 - Functioning,2,0,0,0,,0,,,,,365054.7076,5025325.517,45.36528322,-75.73082082,7741
20--7611,10/6/2020,7:17 PM,ALBION RD @ HUNT CLUB RD (0006974),6974,02 - Intersection related,03 - P.D. only,03 - Rear end,01 - Clear,07 - Dark,01 - Dry,01 - Traffic signal,01 - Functioning,2,0,0,0,,0,,,,,371867.7431,5024320.515,45.3556218,-75.64399491,7742
20--7612,10/6/2020,8:14 AM,CARLING AVE @ HARE AVE (0002141),2141,02 - Intersection related,03 - P.D. only,07 - SMV other,01 - Clear,01 - Daylight,01 - Dry,02 - Stop sign,01 - Functioning,1,0,0,0,,0,,,,,362380.6334,5026133.797,45.37278081,-75.76485951,7743
20--7613,10/6/2020,8:18 AM,HIGHWAY 417 btwn HWY417 IC118 RAMP76 & HWY417 IC118 RAMP67 (__3ZA2YR),__3ZA2YR,01 - Non intersection,03 - P.D. only,03 - Rear end,01 - Clear,01 - Daylight,01 - Dry,10 - No control,,2,0,0,0,,0,,,,,369629.8264,5031131.824,45.41711822,-75.67166038,7744
20--7720,10/11/2020,1:29 PM,RIDEAU ST btwn KING EDWARD AVE & NELSON ST (__3ZA3VG),__3ZA3VG,01 - Non intersection,02 - Non-fatal injury,05 - Turning movement,01 - Clear,01 - Daylight,01 - Dry,10 - No control,,2,0,0,0,01 - Minimal,1,1,,,,368528.4722,5032423.865,45.42884473,-75.68556395,7745
20--79,1/3/2020,6:20 PM,AMBIANCE DR @ ROSETTA AVE (0009766),9766,03 - At intersection,03 - P.D. only,02 - Angle,01 - Clear,07 - Dark,02 - Wet,02 - Stop sign,01 - Functioning,2,0,0,0,,0,,,,,367007.2177,5016734.941,45.28781599,-75.70697782,7746
20--7721,10/11/2020,11:07 AM,HIGHWAY 417 btwn HWY417 IC129 RAMP61 & TRANSIT (__3ZA2SI),__3ZA2SI,01 - Non intersection,02 - Non-fatal injury,03 - Rear end,01 - Clear,01 - Daylight,01 - Dry,10 - No control,,2,0,0,0,01 - Minimal,1,1,,,,360764.5539,5023796.194,45.3518781,-75.78575532,7747
20--7722,10/11/2020,11:50 AM,ALTA VISTA DR @ BANK ST (0011318),11318,02 - Intersection related,03 - P.D. only,04 - Sideswipe,01 - Clear,01 - Daylight,01 - Dry,01 - Traffic signal,01 - Functioning,2,0,0,0,,0,,,,,370248.071,5026200.739,45.37269252,-75.66441599,7748
20--790,1/17/2020,8:10 AM,CARLING AVE @ KIRKWOOD AVE N (0002358),2358,02 - Intersection related,03 - P.D. only,04 - Sideswipe,01 - Clear,01 - Daylight,01 - Dry,01 - Traffic signal,01 - Functioning,2,0,0,0,,0,,,,,364275.687,5027493.539,45.38485727,-75.74050339,7749
20--7723,10/11/2020,Unknown,SHADETREE CRES btwn FOUR SEASONS DR & FOUR SEASONS DR (__3ZA0AG),__3ZA0AG,01 - Non intersection,03 - P.D. only,06 - SMV unattended vehicle,01 - Clear,00 - Unknown,01 - Dry,10 - No control,,1,0,0,0,,0,,,,,366655.8878,5023910.294,45.35240985,-75.71056004,7750
20--7900,10/19/2020,3:55 PM,MERIVALE RD btwn CLYDE AVE & GILBEY DR (__3ZA4HD),__3ZA4HD,01 - Non intersection,03 - P.D. only,04 - Sideswipe,02 - Rain,01 - Daylight,02 - Wet,10 - No control,,2,0,0,0,,0,,,,,364527.1969,5024510.638,45.3579962,-75.73765261,7751
20--7724,10/11/2020,12:07 AM,BOUNDARY RD @ RUSSELL RD E (0012904),12904,02 - Intersection related,03 - P.D. only,07 - SMV other,01 - Clear,07 - Dark,01 - Dry,02 - Stop sign,01 - Functioning,1,0,0,0,,0,,,,,386579.8095,5026009.489,45.36925629,-75.45596956,7752
20--7901,10/19/2020,4:05 PM,ST. JOSEPH BLVD/OLD MONTREAL RD @ TRIM RD (0004118),4118,03 - At intersection,03 - P.D. only,04 - Sideswipe,02 - Rain,01 - Daylight,02 - Wet,11 - Roundabout,01 - Functioning,2,0,0,0,,0,,,,,384682.7525,5039285.579,45.4889216,-75.47803066,7753
20--7902,10/19/2020,4:15 PM,ST. LAURENT BLVD @ TREMBLAY RD (0002573),2573,02 - Intersection related,03 - P.D. only,04 - Sideswipe,01 - Clear,01 - Daylight,01 - Dry,01 - Traffic signal,01 - Functioning,2,0,0,0,,0,,,,,372595.7091,5031241.571,45.41782458,-75.63375405,7754
20--7903,10/19/2020,4:25 PM,CRESTWAY DR @ PRINCE OF WALES DR (0010323),10323,02 - Intersection related,03 - P.D. only,04 - Sideswipe,02 - Rain,01 - Daylight,02 - Wet,01 - Traffic signal,01 - Functioning,2,0,0,0,,0,,,,,367370.5344,5016576.905,45.28636174,-75.70236661,7755
20--7904,10/19/2020,6:30 AM,RICHMOND RD btwn CROYDON AVE & ASSALY RD (__3ZA2XS),__3ZA2XS,04 - At/near private drive,03 - P.D. only,02 - Angle,02 - Rain,03 - Dawn,02 - Wet,10 - No control,,2,0,0,0,,0,,,,,360650.2113,5025442.448,45.36670014,-75.78702848,7756
20--7905,10/19/2020,6:47 AM,LANTHIER DR @ VANTAGE DR (0004631),4631,03 - At intersection,03 - P.D. only,02 - Angle,02 - Rain,07 - Dark,02 - Wet,02 - Stop sign,01 - Functioning,2,0,0,0,,0,,,,,383600.7615,5035848.559,45.45812145,-75.49242205,7757
20--7906,10/19/2020,6:55 PM,COLONIAL RD btwn ROCKDALE RD & HEUVELMANS RD (__3ZA3K5),__3ZA3K5,01 - Non intersection,03 - P.D. only,04 - Sideswipe,01 - Clear,07 - Dark,02 - Wet,10 - No control,,2,0,0,0,,0,,,,,391456.736,5032677.302,45.42866001,-75.3925489,7758
20--7907,10/19/2020,6:56 AM,RIOCAN AVE @ STRANDHERD DR (0010997),10997,02 - Intersection related,03 - P.D. only,04 - Sideswipe,01 - Clear,03 - Dawn,02 - Wet,01 - Traffic signal,01 - Functioning,2,0,0,0,,0,,,,,364172.2056,5014944.571,45.27195145,-75.74332968,7759
20--7908,10/19/2020,6:58 PM,TRENTON AVE @ MERIVALE RD (0002734),2734,03 - At intersection,02 - Non-fatal injury,02 - Angle,01 - Clear,07 - Dark,01 - Dry,02 - Stop sign,01 - Functioning,2,1,0,0,02 - Minor,1,,1,,,364887.6901,5026361.529,45.37461942,-75.73282666,7760
20--7909,10/19/2020,7:24 PM,GREENBANK RD btwn HWY417 IC129 RAMP35 & HWY417 IC129 RAMP25 (__3ZA4MU),__3ZA4MU,01 - Non intersection,03 - P.D. only,04 - Sideswipe,02 - Rain,07 - Dark,02 - Wet,10 - No control,,2,0,0,0,,0,,,,,360495.2791,5023407.857,45.34840529,-75.7892354,7761
20--791,1/17/2020,8:13 AM,RIVERSIDE DR RAMP 42A @ RIVERSIDE DR (0010862),10862,02 - Intersection related,02 - Non-fatal injury,03 - Rear end,01 - Clear,01 - Daylight,06 - Ice,03 - Yield sign,01 - Functioning,2,0,0,0,02 - Minor,1,,1,,,368441.8721,5027266.801,45.38245102,-75.6873362,7762
20--7910,10/19/2020,7:29 AM,CARLING AVE @ RICHMOND RD (0010847),10847,03 - At intersection,03 - P.D. only,02 - Angle,02 - Rain,01 - Daylight,02 - Wet,01 - Traffic signal,01 - Functioning,2,0,0,0,,0,,,,,360245.6734,5024781.51,45.36078516,-75.79226648,7763
20--7911,10/19/2020,7:45 AM,PRINCE OF WALES DR @ WEST HUNT CLUB RD (0000567),567,02 - Intersection related,03 - P.D. only,04 - Sideswipe,02 - Rain,01 - Daylight,02 - Wet,01 - Traffic signal,01 - Functioning,2,0,0,0,,0,,,,,367458.7068,5021891.503,45.33417389,-75.70057071,7764
20--7912,10/19/2020,8:00 AM,HIGHWAY 417 btwn HIGHWAY 417 & HWY417 IC140 RAMP36 (__3ZA20M),__3ZA20M,01 - Non intersection,03 - P.D. only,07 - SMV other,02 - Rain,01 - Daylight,02 - Wet,10 - No control,,1,0,0,0,,0,,,,,349719.3626,5017921.246,45.29980828,-75.92724403,7765
20--7913,10/19/2020,8:05 AM,BANK ST btwn LANSDOWNE PARK & WILTON CRES (__3ZA3NFB),__3ZA3NFB,01 - Non intersection,03 - P.D. only,04 - Sideswipe,02 - Rain,01 - Daylight,02 - Wet,10 - No control,,2,0,0,0,,0,,,,,368574.1474,5028974.246,45.39780206,-75.68542664,7766
20--7914,10/19/2020,8:45 AM,BASELINE RD btwn LOBLAWS SC & MERIVALE RD (__3ZA4ISC),__3ZA4ISC,01 - Non intersection,03 - P.D. only,03 - Rear end,02 - Rain,01 - Daylight,02 - Wet,10 - No control,,2,0,0,0,,0,,,,,364971.9989,5025274.713,45.3648332,-75.73188272,7767
20--7915,10/19/2020,9:43 AM,HIGHWAY 417 btwn HWY417 IC169 RAMP35 & HWY417 IC169 RAMP25 (__5SO7MP),__5SO7MP,01 - Non intersection,02 - Non-fatal injury,07 - SMV other,01 - Clear,01 - Daylight,01 - Dry,10 - No control,,1,0,0,0,01 - Minimal,1,1,,,,325936.7576,5024456.362,45.35973332,-76.23020598,7768
20--7916,10/20/2020,1:24 PM,WELLINGTON ST @ HAMILTON AVE (0006106),6106,02 - Intersection related,03 - P.D. only,04 - Sideswipe,01 - Clear,01 - Daylight,01 - Dry,02 - Stop sign,00 - Unknown,2,0,0,0,,0,,,,,365077.6925,5029231.566,45.40042712,-75.73005049,7769
20--7917,10/20/2020,12:15 PM,DONALD ST @ EVE ST (0008512),8512,02 - Intersection related,03 - P.D. only,02 - Angle,01 - Clear,01 - Daylight,01 - Dry,02 - Stop sign,01 - Functioning,2,0,0,0,,0,,,,,370915.7203,5032338.577,45.42785575,-75.65507016,7770
20--7918,10/20/2020,12:36 PM,HAWTHORNE RD/RUSSELL RD @ WALKLEY RD (0002618),2618,02 - Intersection related,03 - P.D. only,03 - Rear end,01 - Clear,01 - Daylight,01 - Dry,01 - Traffic signal,01 - Functioning,2,0,0,0,,0,,,,,374674.7315,5028499.551,45.39294875,-75.60758153,7771
20--7919,10/20/2020,12:40 PM,HAIG DR @ RUSSELL RD (0008394),8394,03 - At intersection,03 - P.D. only,03 - Rear end,01 - Clear,01 - Daylight,01 - Dry,01 - Traffic signal,01 - Functioning,2,0,0,0,,0,,,,,372730.4986,5029659.505,45.4035768,-75.63225002,7772
20--792,1/17/2020,8:20 PM,ETHEL ST btwn HANNAH ST & MARIER AVE (__3ZA8VS),__3ZA8VS,01 - Non intersection,03 - P.D. only,06 - SMV unattended vehicle,01 - Clear,07 - Dark,01 - Dry,10 - No control,,1,0,0,0,,0,,,,,370212.3291,5033466.051,45.43806642,-75.66390843,7773
20--7920,10/20/2020,2:45 PM,HIGHWAY 417 btwn HWY417 IC140 RAMP36 & HWY417 IC140 RAMP16 (__3ZA20N),__3ZA20N,01 - Non intersection,03 - P.D. only,04 - Sideswipe,01 - Clear,01 - Daylight,01 - Dry,10 - No control,,2,0,0,0,,0,,,,,350528.0096,5018355.283,45.3036617,-75.91689367,7774
20--7921,10/20/2020,2:51 PM,AIRPORT PKWY @ HUNT CLUB RD (0010856),10856,02 - Intersection related,03 - P.D. only,03 - Rear end,01 - Clear,01 - Daylight,01 - Dry,01 - Traffic signal,01 - Functioning,2,0,0,0,,0,,,,,371018.5278,5023702.999,45.3501463,-75.6549152,7775
20--7922,10/20/2020,3:00 PM,HIGHWAY 417 btwn HWY417 IC118 RAMP67 & HWY417 IC117 RAMP36 (__3ZA2YO),__3ZA2YO,01 - Non intersection,03 - P.D. only,04 - Sideswipe,01 - Clear,01 - Daylight,01 - Dry,10 - No control,,2,0,0,0,,0,,,,,370089.8742,5031114.927,45.41692341,-75.66578515,7776
20--7923,10/20/2020,3:40 PM,MERIVALE RD btwn MEADOWLANDS DR & 210 S OF MEADOWLANDS DR/MERIVALE PL  (__3ZBPLPA),__3ZBPLPA,01 - Non intersection,03 - P.D. only,04 - Sideswipe,01 - Clear,01 - Daylight,01 - Dry,10 - No control,,2,0,0,0,,0,,,,,364911.1288,5023605.786,45.34982166,-75.73286263,7777
20--7924,10/20/2020,3:58 PM,TRIM RD btwn PINNACLE ST & WALL RD (2) (__3ZA6UHB),__3ZA6UHB,01 - Non intersection,03 - P.D. only,07 - SMV other,01 - Clear,01 - Daylight,01 - Dry,10 - No control,,1,0,0,0,,0,,,,,387626.9397,5034674.093,45.44708914,-75.44114813,7778
20--7925,10/20/2020,4:20 PM,BASELINE RD @ GREENBANK RD (0002357),2357,02 - Intersection related,03 - P.D. only,03 - Rear end,01 - Clear,01 - Daylight,01 - Dry,01 - Traffic signal,01 - Functioning,2,0,0,0,,0,,,,,360597.6857,5022584.497,45.34098857,-75.7880215,7779
20--7926,10/20/2020,4:26 PM,CAMPEAU DR btwn DIDSBURY RD & TERRY FOX DR (__3ZA2I3),__3ZA2I3,04 - At/near private drive,03 - P.D. only,02 - Angle,01 - Clear,01 - Daylight,01 - Dry,10 - No control,,2,0,0,0,,0,,,,,350431.6918,5018942.624,45.30895302,-75.91806774,7780
20--7927,10/20/2020,5:28 PM,MARCH RD @ MORGAN'S GRANT WAY/SHIRLEY'S BROOK  (0002651),2651,02 - Intersection related,02 - Non-fatal injury,07 - SMV other,01 - Clear,01 - Daylight,01 - Dry,01 - Traffic signal,01 - Functioning,1,0,0,0,02 - Minor,1,,1,,,349661.6055,5023617.511,45.35106845,-75.92746434,7781
20--7928,10/20/2020,6:23 AM,RIVERSIDE DR SB btwn HWY417 IC117 RAMP35 & VANIER PKWY (__3ZA4SF),__3ZA4SF,01 - Non intersection,03 - P.D. only,03 - Rear end,02 - Rain,07 - Dark,02 - Wet,10 - No control,,2,0,0,0,,0,,,,,370804.5858,5031165.773,45.41731385,-75.65664739,7782
20--7929,10/20/2020,6:57 AM,BRONSON AVE @ CATHERINE ST/RAYMOND ST (0007198),7198,02 - Intersection related,03 - P.D. only,03 - Rear end,02 - Rain,03 - Dawn,02 - Wet,01 - Traffic signal,01 - Functioning,2,0,0,0,,0,,,,,367252.7092,5029796.566,45.40532018,-75.70219929,7783
20--793,1/17/2020,8:26 AM,AQUAVIEW DR/LAKERIDGE DR @ BRIAN COBURN BLVD (0013114),13114,03 - At intersection,02 - Non-fatal injury,07 - SMV other,01 - Clear,01 - Daylight,01 - Dry,01 - Traffic signal,01 - Functioning,1,0,0,1,02 - Minor,1,,1,,,384776.3421,5035179.094,45.45196465,-75.47750186,7784
20--7930,10/20/2020,7:07 AM,HUNTMAR DR btwn OLD CARP RD & BRADLEY SIDE RD (__3ZACWD),__3ZACWD,04 - At/near private drive,03 - P.D. only,05 - Turning movement,02 - Rain,07 - Dark,02 - Wet,10 - No control,,2,0,0,0,,0,,,,,347015.1849,5020350.499,45.32183521,-75.96151581,7785
20--7931,10/20/2020,7:23 PM,PARKWAY RD btwn CEDAR LANE & HIRAM DR (__3ZA6GF),__3ZA6GF,01 - Non intersection,02 - Non-fatal injury,07 - SMV other,01 - Clear,07 - Dark,01 - Dry,10 - No control,,1,0,0,1,01 - Minimal,1,1,,,,377190.689,5013219.461,45.25520992,-75.57768639,7786
20--7932,10/20/2020,7:38 AM,REGIONAL ROAD 174 btwn QUIGLEY HILL RD & REGIONAL ROAD 174 DIVIDED (__3ZA2Y5),__3ZA2Y5,01 - Non intersection,02 - Non-fatal injury,99 - Other,01 - Clear,01 - Daylight,01 - Dry,10 - No control,,2,0,0,0,02 - Minor,1,,1,,,384729.8739,5040504.792,45.49988548,-75.47722936,7787
20--7933,10/20/2020,7:43 PM,PRINCE OF WALES DR btwn HOLBORN AVE & RIDEAU GLEN DR (__3ZA27H),__3ZA27H,01 - Non intersection,03 - P.D. only,07 - SMV other,01 - Clear,07 - Dark,01 - Dry,10 - No control,,1,0,0,0,,0,,,,,367452.7533,5017818.233,45.29752375,-75.70116181,7788
20--7934,10/20/2020,7:49 AM,WOODROFFE AVE @ ALGONQUIN COLLEGE/TRANSITWAY S (0004682),4682,02 - Intersection related,03 - P.D. only,03 - Rear end,02 - Rain,01 - Daylight,02 - Wet,01 - Traffic signal,01 - Functioning,2,0,0,0,,0,,,,,362823.6873,5023270.505,45.34698064,-75.75953959,7789
20--7935,10/20/2020,8:55 PM,CONROY RD @ WALKLEY RD (0002648),2648,02 - Intersection related,03 - P.D. only,04 - Sideswipe,01 - Clear,07 - Dark,01 - Dry,01 - Traffic signal,01 - Functioning,2,0,0,0,,0,,,,,372903.7219,5027463.545,45.38380168,-75.63034063,7790
20--7936,10/20/2020,9:00 AM,FRANKTOWN RD @ MUNSTER RD (0005278),5278,03 - At intersection,03 - P.D. only,02 - Angle,01 - Clear,01 - Daylight,02 - Wet,02 - Stop sign,01 - Functioning,2,0,0,0,,0,,,,,350728.5408,5000781.32,45.14551104,-75.91595825,7791
20--7937,10/20/2020,9:56 AM,MORRISON DR @ GREENBANK RD (0002755),2755,03 - At intersection,02 - Non-fatal injury,07 - SMV other,02 - Rain,01 - Daylight,02 - Wet,02 - Stop sign,01 - Functioning,1,0,0,1,02 - Minor,1,,1,,,360554.8399,5023127.801,45.34588062,-75.78850693,7792
20--7938,10/21/2020,1:10 PM,HIGHWAY 417 btwn HWY417 IC119A RAMP67 & HWY417 IC118 RAMP76 (__3ZA2YS),__3ZA2YS,01 - Non intersection,03 - P.D. only,04 - Sideswipe,02 - Rain,01 - Daylight,02 - Wet,10 - No control,,2,0,0,0,,0,,,,,369172.1607,5030866.714,45.41477511,-75.67754206,7793
20--7939,10/21/2020,1:38 PM,WOODKILTON RD btwn KINBURN SIDE RD & VANCES SIDE RD (__3ZAC8L),__3ZAC8L,01 - Non intersection,03 - P.D. only,07 - SMV other,02 - Rain,01 - Daylight,02 - Wet,10 - No control,,1,0,0,0,,0,,,,,337571.4474,5034351.09,45.44832219,-76.08104403,7794
20--794,1/17/2020,8:26 AM,MONTREAL RD @ DEN HAAG DR/LANG'S RD (0010798),10798,03 - At intersection,03 - P.D. only,02 - Angle,01 - Clear,01 - Daylight,01 - Dry,01 - Traffic signal,01 - Functioning,2,0,0,0,,0,,,,,372386.7198,5034221.588,45.44465756,-75.63601504,7795
20--7940,10/21/2020,10:24 AM,MERIVALE RD @ WOODFIELD DR/ROYDON PL (0009776),9776,02 - Intersection related,02 - Non-fatal injury,07 - SMV other,02 - Rain,01 - Daylight,02 - Wet,01 - Traffic signal,01 - Functioning,1,0,0,1,02 - Minor,1,,1,,,365462.6957,5022298.501,45.3380114,-75.7259845,7796
20--7941,10/21/2020,10:30 AM,RIVERSIDE DR NB btwn BANK ST & RIVERSIDE DR NB RAMP FROM EB TO WB (__3ZBOEF),__3ZBOEF,01 - Non intersection,03 - P.D. only,04 - Sideswipe,02 - Rain,01 - Daylight,02 - Wet,10 - No control,,2,0,0,0,,0,,,,,369328.8573,5027921.731,45.38826273,-75.67592555,7797
20--7942,10/21/2020,11:52 AM,PORTOBELLO BLVD/SPRINGRIDGE DR S @ TRIM RD (0012338),12338,03 - At intersection,03 - P.D. only,02 - Angle,02 - Rain,01 - Daylight,02 - Wet,01 - Traffic signal,01 - Functioning,2,0,0,0,,0,,,,,385690.0651,5038071.497,45.4778825,-75.46534583,7798
20--7943,10/21/2020,11:53 AM,BANK ST btwn JAMES ST & WAVERLEY ST (__3ZA3Q3),__3ZA3Q3,01 - Non intersection,03 - P.D. only,04 - Sideswipe,01 - Clear,01 - Daylight,01 - Dry,10 - No control,,2,0,0,0,,0,,,,,367836.9237,5030693.632,45.41333933,-75.69462229,7799
20--7944,10/21/2020,Unknown,BLACKSTONE CRES btwn SOUTHVALE CRES & BARBERRY LANE (2) (__3ZA75Q),__3ZA75Q,01 - Non intersection,03 - P.D. only,06 - SMV unattended vehicle,01 - Clear,00 - Unknown,01 - Dry,10 - No control,,1,0,0,0,,0,,,,,374524.5503,5028753.155,45.39524552,-75.60946353,7800
20--7945,10/21/2020,12:42 PM,VANIER PKWY/CRICHTON ST @ BEECHWOOD AVE/ST. PA (0001604),1604,03 - At intersection,03 - P.D. only,04 - Sideswipe,02 - Rain,01 - Daylight,02 - Wet,01 - Traffic signal,01 - Functioning,2,0,0,0,,0,,,,,369127.7949,5033487.143,45.43835682,-75.6777666,7801
20--7946,10/21/2020,2:06 PM,JOHN SUTHERLAND DR @ RICHMOND RD (0000578),578,02 - Intersection related,03 - P.D. only,03 - Rear end,02 - Rain,01 - Daylight,02 - Wet,01 - Traffic signal,01 - Functioning,3,0,0,0,,0,,,,,358786.6577,5022150.478,45.33722495,-75.81117587,7802
20--7947,10/21/2020,2:45 PM,BANK ST @ HERON RD (0002155),2155,02 - Intersection related,03 - P.D. only,04 - Sideswipe,02 - Rain,01 - Daylight,02 - Wet,01 - Traffic signal,01 - Functioning,2,0,0,0,,0,,,,,369996.3505,5026850.584,45.37856309,-75.6675436,7803
20--7948,10/21/2020,3:30 PM,AVIATION PKWY @ MONTREAL RD (0008799),8799,02 - Intersection related,03 - P.D. only,03 - Rear end,00 - Unknown,01 - Daylight,02 - Wet,01 - Traffic signal,01 - Functioning,2,0,0,0,,0,,,,,372146.7173,5034108.586,45.44366399,-75.63909819,7804
20--7949,10/21/2020,4:03 PM,OTTAWA RIVER PKWY EB btwn TURN LANE & TRANSIT (__3ZA23J),__3ZA23J,01 - Non intersection,02 - Non-fatal injury,07 - SMV other,01 - Clear,01 - Daylight,01 - Dry,10 - No control,,1,0,0,0,02 - Minor,1,,1,,,362177.1198,5027632.182,45.3862798,-75.76728346,7805
20--795,1/17/2020,8:30 AM,BASELINE RD @ MERIVALE RD (0002342),2342,02 - Intersection related,03 - P.D. only,03 - Rear end,01 - Clear,01 - Daylight,06 - Ice,01 - Traffic signal,01 - Functioning,2,0,0,0,,0,,,,,365054.695,5025325.509,45.36528315,-75.73082098,7806
20--7950,10/21/2020,5:17 PM,HUNT CLUB RD @ DOWNPATRICK RD/MCCARTHY RD (0006931),6931,02 - Intersection related,03 - P.D. only,03 - Rear end,01 - Clear,05 - Dusk,01 - Dry,01 - Traffic signal,01 - Functioning,2,0,0,0,,0,,,,,370507.7292,5023400.509,45.34747262,-75.66147353,7807
20--7951,10/21/2020,5:30 PM,HWY417 IC104 RAMP61 btwn ANDERSON RD & HIGHWAY 417 (__3ZAY0E),__3ZAY0E,01 - Non intersection,03 - P.D. only,07 - SMV other,01 - Clear,05 - Dusk,02 - Wet,10 - No control,,1,0,0,0,,0,,,,,380028.3313,5026259.93,45.37224344,-75.53955761,7808
20--7952,10/21/2020,6:14 PM,HUNT CLUB RD @ UPLANDS DR (0010844),10844,03 - At intersection,02 - Non-fatal injury,02 - Angle,01 - Clear,05 - Dusk,01 - Dry,01 - Traffic signal,01 - Functioning,2,0,0,0,02 - Minor,1,,1,,,370156.7216,5023121.485,45.34499484,-75.66598929,7809
20--7953,10/21/2020,6:45 AM,HIGHWAY 417 btwn HWY417 IC124 RAMP65 & HWY417 IC122 RAMP51 (__3ZA2R8),__3ZA2R8,01 - Non intersection,03 - P.D. only,03 - Rear end,02 - Rain,07 - Dark,02 - Wet,10 - No control,,4,0,0,0,,0,,,,,365031.932,5028502.88,45.3938745,-75.73072392,7810
20--7954,10/21/2020,7:20 PM,HUNT CLUB RD @ UPLANDS DR (0010844),10844,03 - At intersection,02 - Non-fatal injury,07 - SMV other,01 - Clear,07 - Dark,01 - Dry,01 - Traffic signal,01 - Functioning,1,0,0,1,02 - Minor,1,,1,,,370156.7303,5023121.5,45.34499497,-75.66598918,7811
20--7955,10/21/2020,7:55 AM,HIGHWAY 417 btwn HWY417 IC115 RAMP25 & REGIONAL ROAD 174 (__3ZA2RY),__3ZA2RY,01 - Non intersection,02 - Non-fatal injury,03 - Rear end,02 - Rain,03 - Dawn,02 - Wet,10 - No control,,2,0,0,0,02 - Minor,1,,1,,,373064.6038,5031608.531,45.42108072,-75.6277127,7812
20--7956,10/21/2020,8:00 PM,HOGAN ST btwn MEADOWLANDS DR E & WIGAN DR (__3ZAALA),__3ZAALA,01 - Non intersection,03 - P.D. only,06 - SMV unattended vehicle,02 - Rain,07 - Dark,02 - Wet,10 - No control,,1,0,0,0,,0,,,,,366132.2106,5024698.587,45.35954877,-75.71714508,7813
20--7957,10/21/2020,8:10 AM,CARLING AVE @ GRANDVIEW RD/NORTEL ENTRANCE (0000157),157,02 - Intersection related,03 - P.D. only,04 - Sideswipe,02 - Rain,01 - Daylight,02 - Wet,01 - Traffic signal,01 - Functioning,2,0,0,0,,0,,,,,355725.6489,5024052.511,45.35456849,-75.85003332,7814
20--7958,10/21/2020,8:30 PM,JEANNE D'ARC BLVD  S btwn YOUVILLE DR & ST. JOSEPH BLVD (__3ZA2BT),__3ZA2BT,01 - Non intersection,03 - P.D. only,05 - Turning movement,01 - Clear,07 - Dark,02 - Wet,10 - No control,,2,0,0,0,,0,,,,,379693.2476,5036683.623,45.46606448,-75.54225066,7815
20--7959,10/21/2020,8:51 AM,FERNBANK RD btwn GO/KA BOUNDARY & TERRY FOX DR (__4O46UP),__4O46UP,01 - Non intersection,03 - P.D. only,01 - Approaching,02 - Rain,01 - Daylight,02 - Wet,10 - No control,,2,0,0,0,,0,,,,,353777.3766,5014652.418,45.27012339,-75.87582688,7816
20--796,1/17/2020,8:30 PM,TERRY FOX DR @ PALLADIUM DR/KATIMAVIK RD (0011858),11858,02 - Intersection related,03 - P.D. only,03 - Rear end,01 - Clear,07 - Dark,01 - Dry,01 - Traffic signal,01 - Functioning,2,0,0,0,,0,,,,,351269.7221,5018181.781,45.3020518,-75.9074524,7817
20--7960,10/21/2020,8:58 AM,TENTH LINE RD btwn ST. JOSEPH BLVD & OR174 IC101 RAMP26 (__3ZA11V),__3ZA11V,01 - Non intersection,02 - Non-fatal injury,03 - Rear end,02 - Rain,01 - Daylight,02 - Wet,10 - No control,,2,0,0,0,02 - Minor,1,,1,,,382868.0363,5038714.747,45.48399112,-75.50133417,7818
20--7961,10/21/2020,9:36 PM,CEDARVIEW RD btwn WEST HUNT CLUB RD & LYTLE AVE (__3ZA1XV),__3ZA1XV,01 - Non intersection,02 - Non-fatal injury,05 - Turning movement,01 - Clear,07 - Dark,02 - Wet,10 - No control,,2,0,0,0,01 - Minimal,1,1,,,,359852.1377,5019082.079,45.30953259,-75.79792338,7819
20--7962,10/22/2020,1:20 PM,CARP RD @ RICHARDSON SIDE RD (0005759),5759,02 - Intersection related,03 - P.D. only,03 - Rear end,01 - Clear,01 - Daylight,01 - Dry,01 - Traffic signal,01 - Functioning,2,0,0,0,,0,,,,,346209.5594,5017160.458,45.29317807,-75.97205823,7820
20--7963,10/22/2020,1:27 AM,WEST HUNT CLUB RD @ ANTARES DR/LASER ST (0000116),116,02 - Intersection related,03 - P.D. only,03 - Rear end,01 - Clear,07 - Dark,01 - Dry,01 - Traffic signal,01 - Functioning,2,0,0,0,,0,,,,,367107.7057,5022081.501,45.33591471,-75.7050246,7821
20--7964,10/22/2020,10:13 AM,BOURASSA ST @ ST. LAURENT BLVD (0007731),7731,02 - Intersection related,03 - P.D. only,03 - Rear end,01 - Clear,01 - Daylight,01 - Dry,01 - Traffic signal,01 - Functioning,2,0,0,0,,0,,,,,373236.7347,5029693.556,45.40383387,-75.62577935,7822