Anom_ID,Accident_Date,Accident_Time,Location,Geo_ID,Accident_Location,Classification_of_Accident,Initial_Impact_Type,Environment_Condition,Light,Road_Surface_Condition,Traffic_Control,Traffic_Control_Condition,No__of_Vehicles,No__of_Bicycles,No__of_Motorcycles,No__of_Pedestrians,Max_Injury,No__of_Injuries,No__of_Minimal,No__of_Minor,No__of_Major,No__of_Fatal,X,Y,Latitude,Longitude,ObjectId
20--7965,10/22/2020,10:35 AM,RIVERSIDE DR btwn HOG'S BACK RD & RIDGEWOOD AVE (__3ZA372),__3ZA372,01 - Non intersection,03 - P.D. only,03 - Rear end,01 - Clear,01 - Daylight,01 - Dry,10 - No control,,2,0,0,0,,0,,,,,368173.7523,5026172.998,45.37263358,-75.69089995,7823
20--7966,10/22/2020,Unknown,SHAKESPEARE ST btwn TABOR AVE & PARK ST (__3ZA8W9),__3ZA8W9,01 - Non intersection,03 - P.D. only,06 - SMV unattended vehicle,01 - Clear,00 - Unknown,01 - Dry,10 - No control,,1,0,0,0,,0,,,,,370309.0098,5033618.08,45.43942526,-75.66265257,7824
20--7967,10/22/2020,12:26 PM,STRANDHERD DR @ LONGFIELDS DR (0010935),10935,02 - Intersection related,02 - Non-fatal injury,03 - Rear end,01 - Clear,01 - Daylight,01 - Dry,01 - Traffic signal,01 - Functioning,2,0,0,0,02 - Minor,1,,1,,,364548.7955,5015173.31,45.27397775,-75.73850313,7825
20--7968,10/22/2020,2:15 PM,BANK ST @ SOMERSET ST (0010858),10858,02 - Intersection related,03 - P.D. only,04 - Sideswipe,01 - Clear,01 - Daylight,01 - Dry,01 - Traffic signal,01 - Functioning,2,0,0,0,,0,,,,,367694.7037,5030915.558,45.41534895,-75.69641083,7826
20--7969,10/22/2020,2:35 PM,GREENBANK RD btwn CANFIELD RD & BELLMAN DR (__3ZA4YT),__3ZA4YT,04 - At/near private drive,03 - P.D. only,02 - Angle,01 - Clear,01 - Daylight,01 - Dry,10 - No control,,2,0,0,0,,0,,,,,361150.3885,5021262.168,45.32904609,-75.78112013,7827
20--797,1/17/2020,8:32 AM,ALEXANDER ST @ SUSSEX DR (0007656),7656,02 - Intersection related,02 - Non-fatal injury,03 - Rear end,01 - Clear,01 - Daylight,01 - Dry,02 - Stop sign,01 - Functioning,2,0,0,0,02 - Minor,1,,1,,,367891.7039,5034015.607,45.44322438,-75.69349689,7828
20--7970,10/22/2020,2:43 PM,MARIER AVE btwn STE. MONIQUE ST & DES PERES BLANCS AVE (__3ZA8XV),__3ZA8XV,04 - At/near private drive,03 - P.D. only,02 - Angle,01 - Clear,01 - Daylight,01 - Dry,10 - No control,,2,0,0,0,,0,,,,,369947.1275,5033729.17,45.44045862,-75.66726302,7829
20--7971,10/22/2020,2:45 PM,FALLOWFIELD RD btwn MUNSTER RD & CONLEY RD (__3ZA3EQ),__3ZA3EQ,01 - Non intersection,03 - P.D. only,99 - Other,01 - Clear,01 - Daylight,01 - Dry,10 - No control,,2,0,0,0,,0,,,,,347474.4841,5005307.584,45.186445,-75.95694906,7830
20--7972,10/22/2020,3:43 PM,HIGHWAY 417 btwn HWY417 IC124 RAMP67 & HWY417 IC123 RAMP62 (__3ZA2YZ),__3ZA2YZ,01 - Non intersection,03 - P.D. only,03 - Rear end,01 - Clear,01 - Daylight,01 - Dry,10 - No control,,2,0,0,0,,0,,,,,364624.1228,5027805.853,45.38763774,-75.73601646,7831
20--7973,10/22/2020,5:23 PM,KING EDWARD AVE btwn LAURIER AVE E & THOMAS MORE PRIV (__3ZA3UU),__3ZA3UU,01 - Non intersection,03 - P.D. only,03 - Rear end,01 - Clear,01 - Daylight,01 - Dry,10 - No control,,2,0,0,0,,0,,,,,368847.7632,5031855.8,45.42370432,-75.68155776,7832
20--7974,10/22/2020,5:43 PM,UPLANDS DR btwn PAUL ANKA DR & SHEARWATER PRIV (__3ZA9BQ),__3ZA9BQ,01 - Non intersection,03 - P.D. only,06 - SMV unattended vehicle,01 - Clear,01 - Daylight,01 - Dry,10 - No control,,1,0,0,0,,0,,,,,369595.0684,5023436.787,45.34788395,-75.67311443,7833
20--7984,10/23/2020,12:00 PM,BRONSON AVE @ SUNNYSIDE AVE/UNIVERSITY RD - CA (0007209),7209,02 - Intersection related,03 - P.D. only,03 - Rear end,01 - Clear,01 - Daylight,01 - Dry,01 - Traffic signal,01 - Functioning,2,0,0,0,,0,,,,,367922.7099,5028091.543,45.38991879,-75.69385942,7834
20--7725,10/11/2020,12:20 PM,BANK ST @ CECIL AVE (0002601),2601,03 - At intersection,03 - P.D. only,02 - Angle,01 - Clear,01 - Daylight,01 - Dry,02 - Stop sign,01 - Functioning,2,0,0,0,,0,,,,,369944.7004,5026989.547,45.37981823,-75.66818469,7835
20--7726,10/11/2020,12:30 PM,TENTH LINE RD @ CHARLEMAGNE BLVD S/DES EPINETT (0003686),3686,03 - At intersection,02 - Non-fatal injury,05 - Turning movement,01 - Clear,01 - Daylight,01 - Dry,01 - Traffic signal,01 - Functioning,2,0,0,0,02 - Minor,2,,2,,,383640.9751,5036900.456,45.46758093,-75.49173924,7836
20--7727,10/11/2020,2:09 PM,VANIER PKWY NB btwn HWY417 IC117 RAMP62 & HWY417 IC117 RAMP63 (__3ZA4TK),__3ZA4TK,01 - Non intersection,03 - P.D. only,03 - Rear end,01 - Clear,01 - Daylight,01 - Dry,10 - No control,,3,0,0,0,,0,,,,,370787.0672,5031447.354,45.41984905,-75.6568335,7837
20--7728,10/11/2020,2:30 PM,TERRY FOX DR btwn CASTLEFRANK RD & TRANS CANADA TRAIL (__355BDZA),__355BDZA,01 - Non intersection,03 - P.D. only,05 - Turning movement,01 - Clear,01 - Daylight,01 - Dry,10 - No control,,2,0,0,0,,0,,,,,353047.0201,5016242.667,45.28448337,-75.88497952,7838
20--7729,10/11/2020,3:02 PM,MONTREAL RD @ 46 E OF HILLSIDE DR/MONTREAL SQU (0008215),8215,02 - Intersection related,03 - P.D. only,04 - Sideswipe,01 - Clear,01 - Daylight,01 - Dry,01 - Traffic signal,01 - Functioning,2,0,0,0,,0,,,,,371749.9629,5033916.691,45.44197552,-75.64419549,7839
20--773,1/17/2020,5:15 PM,CAMPEAU DR @ TERRY FOX DR (0008211),8211,02 - Intersection related,03 - P.D. only,04 - Sideswipe,01 - Clear,05 - Dusk,06 - Ice,01 - Traffic signal,01 - Functioning,2,0,0,0,,0,,,,,350455.6033,5019010.458,45.30956185,-75.91775656,7840
20--7730,10/11/2020,3:23 PM,MUNSTER RD btwn JOCK TR & SOLDIER'S LINE (__3ZBNBP),__3ZBNBP,01 - Non intersection,02 - Non-fatal injury,07 - SMV other,01 - Clear,01 - Daylight,01 - Dry,10 - No control,,1,0,0,0,02 - Minor,1,,1,,,352174.9595,4999009.958,45.12947589,-75.89773396,7841
20--7731,10/11/2020,3:25 PM,BOYER RD @ ST. JOSEPH BLVD (0003643),3643,03 - At intersection,03 - P.D. only,02 - Angle,01 - Clear,01 - Daylight,01 - Dry,02 - Stop sign,01 - Functioning,2,0,0,0,,0,,,,,380405.7356,5036833.588,45.467337,-75.53311745,7842
20--7732,10/11/2020,3:40 PM,CUMMINGS AVE @ OGILVIE RD (0009923),9923,02 - Intersection related,03 - P.D. only,03 - Rear end,01 - Clear,01 - Daylight,01 - Dry,01 - Traffic signal,01 - Functioning,2,0,0,0,,0,,,,,372748.7243,5032170.573,45.42616846,-75.63167102,7843
20--7733,10/11/2020,3:49 AM,AIRPORT PKWY @ HUNT CLUB RD (0010856),10856,03 - At intersection,02 - Non-fatal injury,02 - Angle,01 - Clear,07 - Dark,01 - Dry,01 - Traffic signal,01 - Functioning,3,0,0,0,02 - Minor,1,,1,,,371018.5311,5023702.992,45.35014623,-75.65491516,7844
20--7734,10/11/2020,5:49 PM,BELFAST RD @ TREMBLAY RD (0002698),2698,03 - At intersection,02 - Non-fatal injury,05 - Turning movement,01 - Clear,01 - Daylight,01 - Dry,01 - Traffic signal,01 - Functioning,2,0,0,0,02 - Minor,1,,1,,,371558.5575,5031321.143,45.41864027,-75.64699378,7845
20--7735,10/11/2020,7:26 PM,HIGHWAY 417 btwn HWY417 IC163 RAMP15 & HWY417 IC155 RAMP51 (__3ZAZNS),__3ZAZNS,01 - Non intersection,03 - P.D. only,07 - SMV other,01 - Clear,07 - Dark,01 - Dry,10 - No control,,1,0,0,0,,0,,,,,336610.3458,5020067.603,45.31983818,-76.09425109,7846
20--7736,10/11/2020,8:12 PM,KING EDWARD AVE @ LAURIER AVE (0002170),2170,02 - Intersection related,03 - P.D. only,04 - Sideswipe,01 - Clear,07 - Dark,01 - Dry,01 - Traffic signal,01 - Functioning,2,0,0,0,,0,,,,,368739.7022,5032034.59,45.42532289,-75.68291529,7847
20--7737,10/11/2020,9:50 PM,HIGHWAY 417 btwn HWY417 IC163 RAMP61 & HWY417 IC155 RAMP36 (__3ZA2QB),__3ZA2QB,01 - Non intersection,03 - P.D. only,07 - SMV other,01 - Clear,07 - Dark,01 - Dry,10 - No control,,1,0,0,0,,0,,,,,335641.6816,5020364.562,45.32255359,-76.10658785,7848
20--7738,10/11/2020,9:55 AM,HWY417 IC96 RAMP16 btwn BOUNDARY RD & RAMP (__3ZAY84),__3ZAY84,01 - Non intersection,02 - Non-fatal injury,07 - SMV other,01 - Clear,01 - Daylight,01 - Dry,10 - No control,,1,0,0,0,01 - Minimal,3,3,,,,387399.5537,5023900.084,45.35018156,-75.44585869,7849
20--7739,10/12/2020,Unknown,PAUL METIVIER DR btwn HAILEYBURY ST/ LEAMINGTON WAY & TEMAGAMI DR (__61W6Q2),__61W6Q2,01 - Non intersection,03 - P.D. only,06 - SMV unattended vehicle,01 - Clear,00 - Unknown,01 - Dry,10 - No control,,1,0,0,0,,0,,,,,365426.194,5014455.668,45.26744532,-75.72740933,7850
20--774,1/17/2020,5:16 PM,HIGHWAY 417 btwn HWY417 IC127 RAMP16 & HWY417 IC127 RAMP63 (__3ZA2UP),__3ZA2UP,01 - Non intersection,03 - P.D. only,03 - Rear end,01 - Clear,05 - Dusk,01 - Dry,10 - No control,,2,0,0,0,,0,,,,,361973.773,5024738.808,45.36026213,-75.77021496,7851
20--7740,10/12/2020,12:00 PM,MOODIE DR @ WEST HUNT CLUB RD (0010414),10414,02 - Intersection related,03 - P.D. only,03 - Rear end,01 - Clear,01 - Daylight,01 - Dry,01 - Traffic signal,01 - Functioning,2,0,0,0,,0,,,,,357907.651,5018498.443,45.3044307,-75.82278207,7852
20--7741,10/12/2020,12:45 AM,HARBOUR ST btwn LEARMONTH AVE & TO BE DETERMINED (__3ZA3HA),__3ZA3HA,01 - Non intersection,03 - P.D. only,07 - SMV other,01 - Clear,07 - Dark,01 - Dry,10 - No control,,1,0,0,0,,0,,,,,328040.463,5035486.909,45.45892464,-76.20283416,7853
20--7742,10/12/2020,4:30 PM,HIGHWAY 417 btwn HWY417 IC127 RAMP25 & HWY417 IC126 RAMP51 (__3ZA2XA),__3ZA2XA,01 - Non intersection,03 - P.D. only,03 - Rear end,01 - Clear,01 - Daylight,01 - Dry,10 - No control,,2,0,0,0,,0,,,,,362456.8479,5025087.009,45.36335565,-75.76400871,7854
20--7743,10/12/2020,7:20 PM,MCBRIEN ST btwn PENRITH ST & HALTON TER (__49PV81),__49PV81,04 - At/near private drive,03 - P.D. only,06 - SMV unattended vehicle,01 - Clear,07 - Dark,01 - Dry,10 - No control,,1,0,0,0,,0,,,,,348608.7385,5023943.808,45.35407111,-75.94087174,7855
20--7744,10/12/2020,8:43 AM,GREGG ST @ CLEMENTINE BLVD (0006824),6824,03 - At intersection,03 - P.D. only,02 - Angle,02 - Rain,01 - Daylight,02 - Wet,02 - Stop sign,01 - Functioning,2,0,0,0,,0,,,,,369548.711,5026592.521,45.37628263,-75.67329251,7856
20--7745,10/13/2020,1:30 PM,HOLLAND AVE @ WELLINGTON ST (0002364),2364,02 - Intersection related,03 - P.D. only,04 - Sideswipe,02 - Rain,01 - Daylight,02 - Wet,01 - Traffic signal,01 - Functioning,2,0,0,0,,0,,,,,364929.7019,5029153.56,45.39973796,-75.73195016,7857
20--7746,10/13/2020,10:00 AM,ISLAND PARK DR @ SCOTT ST (0002126),2126,02 - Intersection related,03 - P.D. only,03 - Rear end,00 - Unknown,01 - Daylight,02 - Wet,01 - Traffic signal,00 - Unknown,2,0,0,0,,0,,,,,363833.6865,5029040.562,45.3988145,-75.7459621,7858
20--7747,10/13/2020,10:27 PM,RIVERSIDE DR SB btwn SMYTH RD SOUTH SIDE RAMP & SMYTH RD NORTH SIDE RA (__3ZAZQI),__3ZAZQI,01 - Non intersection,02 - Non-fatal injury,07 - SMV other,"07 - Fog, mist, smoke, dust",07 - Dark,01 - Dry,10 - No control,,1,0,0,0,03 - Major,1,,,1,,369881.3861,5029277.011,45.40040594,-75.66869137,7859
20--7748,10/13/2020,10:30 AM,LANTHIER DR @ VANTAGE DR (0004631),4631,03 - At intersection,03 - P.D. only,02 - Angle,02 - Rain,01 - Daylight,02 - Wet,02 - Stop sign,01 - Functioning,2,0,0,0,,0,,,,,383600.758,5035848.833,45.45812391,-75.49242205,7860
20--7749,10/13/2020,11:21 PM,FRANKTOWN RD btwn MUNSTER RD & GREEN'S RD (__3ZA3EU),__3ZA3EU,01 - Non intersection,03 - P.D. only,07 - SMV other,"07 - Fog, mist, smoke, dust",07 - Dark,01 - Dry,10 - No control,,1,0,0,0,,0,,,,,351970.4744,5001870.157,45.15522709,-75.9000635,7861
20--775,1/17/2020,5:31 PM,HAWTHORNE RD/RUSSELL RD @ WALKLEY RD (0002618),2618,02 - Intersection related,03 - P.D. only,03 - Rear end,01 - Clear,05 - Dusk,01 - Dry,01 - Traffic signal,01 - Functioning,2,0,0,0,,0,,,,,374674.7403,5028499.531,45.39294857,-75.60758142,7862
20--7750,10/13/2020,Unknown,MURRAY ST btwn NELSON ST & BEAUSOLEIL DR (__3ZA7CQ),__3ZA7CQ,01 - Non intersection,03 - P.D. only,06 - SMV unattended vehicle,01 - Clear,00 - Unknown,01 - Dry,10 - No control,,1,0,0,0,,0,,,,,368481.1176,5032869.943,45.43286269,-75.68611138,7863
20--7751,10/13/2020,12:03 PM,INDUSTRIAL AVE btwn NEIGHBORHOOD WAY & TRAINYARDS DR (__6N4VKM),__6N4VKM,04 - At/near private drive,02 - Non-fatal injury,02 - Angle,02 - Rain,01 - Daylight,02 - Wet,10 - No control,,2,0,0,0,02 - Minor,1,,1,,,371456.3157,5030556.393,45.41176912,-75.64840346,7864
20--7752,10/13/2020,12:30 PM,BANK ST btwn VANCOUVER AVE & FOXBAR AVE (__3ZA4TT),__3ZA4TT,04 - At/near private drive,03 - P.D. only,02 - Angle,02 - Rain,01 - Daylight,02 - Wet,10 - No control,,2,0,0,0,,0,,,,,370451.1034,5025665.781,45.36786015,-75.66189522,7865
20--7753,10/13/2020,2:30 PM,TENTH LINE RD @ CHARLEMAGNE BLVD N/TOMPKINS AV (0009222),9222,02 - Intersection related,03 - P.D. only,04 - Sideswipe,01 - Clear,01 - Daylight,01 - Dry,01 - Traffic signal,01 - Functioning,2,0,0,0,,0,,,,,383183.9317,5037977.881,45.47732607,-75.49741138,7866
20--7754,10/13/2020,3:26 PM,QUINLAN RD @ RUTH ST (0008388),8388,02 - Intersection related,03 - P.D. only,99 - Other,01 - Clear,01 - Daylight,01 - Dry,02 - Stop sign,00 - Unknown,2,0,0,0,,0,,,,,372562.7193,5029064.551,45.39823993,-75.63447475,7867
20--7755,10/13/2020,4:03 PM,CARP RD @ HAZELDEAN RD (0000086),86,02 - Intersection related,03 - P.D. only,03 - Rear end,01 - Clear,01 - Daylight,02 - Wet,01 - Traffic signal,01 - Functioning,2,0,0,0,,0,,,,,348804.576,5014360.437,45.26782479,-75.93922346,7868
20--7756,10/13/2020,4:09 PM,TERRY FOX DR btwn HUNTSVILLE DR & OLD SECOND LINE RD (__8IAYIU),__8IAYIU,01 - Non intersection,02 - Non-fatal injury,03 - Rear end,01 - Clear,01 - Daylight,01 - Dry,10 - No control,,2,0,0,0,01 - Minimal,1,1,,,,347946.929,5021490.273,45.33203459,-75.94953198,7869
20--7757,10/13/2020,4:17 PM,CENTRAL PARK DR S @ MERIVALE RD (0009113),9113,02 - Intersection related,03 - P.D. only,04 - Sideswipe,02 - Rain,01 - Daylight,02 - Wet,01 - Traffic signal,01 - Functioning,2,0,0,0,,0,,,,,364987.1994,5025598.49,45.36774518,-75.73164926,7870
20--7758,10/13/2020,4:40 AM,OR174 IC112 RAMP61 btwn OR174 IC112 RAMP36 & REGIONAL ROAD 174 (__3ZAY87),__3ZAY87,01 - Non intersection,03 - P.D. only,07 - SMV other,02 - Rain,07 - Dark,02 - Wet,10 - No control,,1,0,0,0,,0,,,,,374725.8911,5033034.114,45.43374326,-75.60628488,7871
20--7759,10/13/2020,5:11 PM,MERIVALE RD @ WEST HUNT CLUB RD (0000584),584,02 - Intersection related,03 - P.D. only,03 - Rear end,01 - Clear,05 - Dusk,02 - Wet,01 - Traffic signal,01 - Functioning,2,0,0,0,,0,,,,,365612.6919,5021942.497,45.33479514,-75.72411457,7872
20--776,1/17/2020,5:31 PM,QUEEN ELIZABETH DRWY @ SOMERSET ST (0007135),7135,02 - Intersection related,03 - P.D. only,07 - SMV other,01 - Clear,05 - Dusk,01 - Dry,02 - Stop sign,00 - Unknown,1,0,0,1,,0,,,,,368570.7147,5031473.585,45.4202906,-75.68514718,7873
20--7760,10/13/2020,5:30 PM,RIOCAN AVE @ STRANDHERD DR (0010997),10997,03 - At intersection,03 - P.D. only,05 - Turning movement,01 - Clear,01 - Daylight,01 - Dry,01 - Traffic signal,01 - Functioning,2,0,0,0,,0,,,,,364172.1898,5014944.576,45.2719515,-75.74332989,7874
20--7761,10/13/2020,5:30 PM,MERIVALE RD btwn ROSSLAND AVE & EMERALD PLAZA SC (__3ZA4HZA),__3ZA4HZA,01 - Non intersection,02 - Non-fatal injury,04 - Sideswipe,01 - Clear,01 - Daylight,01 - Dry,10 - No control,,2,0,0,0,02 - Minor,1,,1,,,364692.2637,5024108.779,45.35436625,-75.73559461,7875
20--7762,10/13/2020,5:30 PM,HIGHWAY 417 btwn HWY417 IC110 RAMP64 & HWY417 IC104 RAMP16 (__3ZA2W9),__3ZA2W9,01 - Non intersection,03 - P.D. only,04 - Sideswipe,01 - Clear,01 - Daylight,01 - Dry,10 - No control,,2,0,0,0,,0,,,,,376428.3349,5027652.857,45.38515348,-75.58531078,7876
20--7763,10/13/2020,5:32 PM,LANCASTER RD @ WALKLEY RD (0003130),3130,02 - Intersection related,03 - P.D. only,04 - Sideswipe,01 - Clear,01 - Daylight,01 - Dry,01 - Traffic signal,01 - Functioning,2,0,0,0,,0,,,,,374908.7381,5028602.532,45.39385193,-75.60457861,7877
20--7764,10/13/2020,5:59 AM,MOODIE DR @ CORKSTOWN RD (0000577),577,02 - Intersection related,03 - P.D. only,07 - SMV other,02 - Rain,07 - Dark,02 - Wet,01 - Traffic signal,00 - Unknown,1,0,0,0,,0,,,,,356345.6516,5022761.492,45.34290649,-75.84225527,7878
20--7765,10/13/2020,6:00 AM,MACKENZIE AVE @ RIDEAU ST (0002136),2136,03 - At intersection,03 - P.D. only,02 - Angle,02 - Rain,07 - Dark,02 - Wet,01 - Traffic signal,01 - Functioning,2,0,0,0,,0,,,,,367869.7044,5032009.591,45.42517695,-75.69403506,7879
20--7766,10/13/2020,6:35 AM,REGIONAL ROAD 174 btwn OR174 IC109 RAMP86 & OR174 IC109 RAMP64 (__3ZA28U),__3ZA28U,01 - Non intersection,02 - Non-fatal injury,03 - Rear end,02 - Rain,07 - Dark,02 - Wet,10 - No control,,4,0,0,0,02 - Minor,2,1,1,,,376503.9646,5035102.893,45.45217678,-75.58326097,7880
20--7767,10/13/2020,7:09 PM,CUMBERLAND ST @ YORK ST (0008416),8416,02 - Intersection related,03 - P.D. only,04 - Sideswipe,01 - Clear,07 - Dark,01 - Dry,01 - Traffic signal,01 - Functioning,2,0,0,0,,0,,,,,368262.6963,5032521.594,45.42974822,-75.68894757,7881
20--7768,10/13/2020,7:11 PM,BANK ST btwn ALBION RD & SIEVERIGHT AVE (__3ZA29S),__3ZA29S,04 - At/near private drive,03 - P.D. only,03 - Rear end,01 - Clear,07 - Dark,01 - Dry,10 - No control,,2,0,0,0,,0,,,,,372120.1885,5024141.84,45.35398995,-75.64079757,7882
20--7769,10/13/2020,7:21 AM,BASELINE RD @ JOHN SUTHERLAND DR/VALLEY STREAM (0000011),11,03 - At intersection,03 - P.D. only,05 - Turning movement,02 - Rain,03 - Dawn,02 - Wet,01 - Traffic signal,01 - Functioning,2,0,0,0,,0,,,,,359310.6643,5021789.493,45.33393628,-75.80453024,7883
20--777,1/17/2020,5:35 PM,PRINCE OF WALES DR btwn VILLA CRES & MARYLAND AVE (__3ZA3G1),__3ZA3G1,01 - Non intersection,03 - P.D. only,03 - Rear end,01 - Clear,05 - Dusk,06 - Ice,10 - No control,,2,0,0,0,,0,,,,,366927.0923,5026018.853,45.37135825,-75.70683404,7884
20--7770,10/13/2020,7:30 PM,GRANT CARMAN DR @ MEADOWLANDS DR (0001111),1111,02 - Intersection related,03 - P.D. only,03 - Rear end,02 - Rain,07 - Dark,02 - Wet,01 - Traffic signal,01 - Functioning,2,0,0,0,,0,,,,,365051.6981,5023901.506,45.35247044,-75.73103281,7885
20--7771,10/13/2020,7:47 PM,KING EDWARD AVE @ ST. PATRICK ST (0002714),2714,03 - At intersection,03 - P.D. only,05 - Turning movement,01 - Clear,07 - Dark,02 - Wet,01 - Traffic signal,01 - Functioning,2,0,0,0,,0,,,,,368248.7068,5032823.584,45.43246669,-75.68908742,7886
20--7772,10/13/2020,8:20 AM,LAURIER AVE   E btwn SWEETLAND AVE & FRIEL ST (__3ZA3VY),__3ZA3VY,01 - Non intersection,03 - P.D. only,03 - Rear end,01 - Clear,01 - Daylight,01 - Dry,10 - No control,,2,0,0,0,,0,,,,,368997.4089,5032191.41,45.4267103,-75.67960195,7887
20--7773,10/13/2020,8:30 AM,DEVONSHIRE PL btwn KIRKWOOD AVE & END (__3ZA08G),__3ZA08G,01 - Non intersection,03 - P.D. only,04 - Sideswipe,01 - Clear,01 - Daylight,01 - Dry,10 - No control,,2,0,0,0,,0,,,,,363967.5186,5027729.325,45.38700493,-75.74441005,7888
20--7774,10/13/2020,8:40 AM,HIGHWAY 417 btwn HWY417 IC110 RAMP64 & HWY417 IC104 RAMP16 (__3ZA2W9),__3ZA2W9,01 - Non intersection,03 - P.D. only,07 - SMV other,01 - Clear,01 - Daylight,02 - Wet,10 - No control,,1,0,0,0,,0,,,,,376855.3127,5027330.627,45.38221044,-75.57990604,7889
20--7775,10/13/2020,9:11 AM,CUMBERLAND ST @ LAURIER AVE (0007751),7751,03 - At intersection,03 - P.D. only,05 - Turning movement,02 - Rain,01 - Daylight,02 - Wet,01 - Traffic signal,01 - Functioning,2,0,0,0,,0,,,,,368597.7069,5031948.587,45.42456203,-75.6847408,7890
20--7776,10/13/2020,9:15 AM,WURTEMBURG ST btwn CLARENCE ST E & HENEY ST (__3ZA8SA),__3ZA8SA,01 - Non intersection,03 - P.D. only,07 - SMV other,02 - Rain,01 - Daylight,02 - Wet,10 - No control,,1,0,0,0,,0,,,,,369193.1511,5033196.17,45.43573275,-75.67696937,7891
20--7777,10/13/2020,9:31 PM,RAMSAYVILLE RD btwn LEITRIM RD & LEITRIM RD (__3ZA6FG),__3ZA6FG,01 - Non intersection,03 - P.D. only,07 - SMV other,"07 - Fog, mist, smoke, dust",07 - Dark,01 - Dry,10 - No control,,1,0,0,0,,0,,,,,378766.7243,5023776.282,45.35003128,-75.55603408,7892
20--7778,10/13/2020,9:38 PM,MANSFIELD RD @ MUNSTER RD (0000090),90,02 - Intersection related,03 - P.D. only,07 - SMV other,"07 - Fog, mist, smoke, dust",07 - Dark,02 - Wet,02 - Stop sign,01 - Functioning,1,0,0,0,,0,,,,,347980.5502,5003961.372,45.17430028,-75.95062596,7893
20--7779,10/13/2020,9:44 AM,REGIONAL ROAD 174 btwn OR174 IC112 RAMP26 & OR174 IC112 RAMP61 (__3ZA2XF),__3ZA2XF,01 - Non intersection,03 - P.D. only,04 - Sideswipe,02 - Rain,01 - Daylight,02 - Wet,10 - No control,,2,0,0,0,,0,,,,,375088.8844,5033063.152,45.43396814,-75.60164193,7894
20--778,1/17/2020,5:38 PM,QUEEN ELIZABETH DRWY @ SOMERSET ST (0007135),7135,03 - At intersection,02 - Non-fatal injury,07 - SMV other,01 - Clear,05 - Dusk,02 - Wet,02 - Stop sign,01 - Functioning,1,0,0,1,02 - Minor,1,,1,,,368570.7021,5031473.583,45.42029058,-75.68514734,7895
20--7780,10/14/2020,1:00 PM,MERIVALE RD @ WEST HUNT CLUB RD (0000584),584,02 - Intersection related,03 - P.D. only,03 - Rear end,01 - Clear,01 - Daylight,01 - Dry,01 - Traffic signal,01 - Functioning,2,0,0,0,,0,,,,,365612.6918,5021942.488,45.33479506,-75.72411458,7896
20--7781,10/14/2020,1:27 PM,GIBFORD DR @ HUNT CLUB RD (0008828),8828,02 - Intersection related,03 - P.D. only,03 - Rear end,01 - Clear,01 - Daylight,01 - Dry,02 - Stop sign,01 - Functioning,2,0,0,0,,0,,,,,369960.2068,5023005.259,45.34396735,-75.66851204,7897
20--7782,10/14/2020,1:49 PM,INDUSTRIAL AVE/INNES RD @ ST. LAURENT BLVD (0002203),2203,02 - Intersection related,03 - P.D. only,03 - Rear end,01 - Clear,01 - Daylight,01 - Dry,01 - Traffic signal,01 - Functioning,2,0,0,0,,0,,,,,373099.7294,5030005.565,45.40665457,-75.62748605,7898
20--7783,10/14/2020,1:56 PM,BLAIR RD btwn NICOL ST & MONTREAL RD (__3ZA7Y8),__3ZA7Y8,01 - Non intersection,03 - P.D. only,01 - Approaching,01 - Clear,01 - Daylight,01 - Dry,10 - No control,,2,0,0,0,,0,,,,,373976.3721,5034548.724,45.44744545,-75.61565036,7899
20--7784,10/14/2020,10:01 AM,RICHMOND RD btwn ROBERTSON RD & STINSON AVE (__3ZA4YR),__3ZA4YR,04 - At/near private drive,03 - P.D. only,02 - Angle,01 - Clear,01 - Daylight,01 - Dry,10 - No control,,2,0,0,0,,0,,,,,357818.7155,5020896.27,45.32601331,-75.82365946,7900
20--7785,10/14/2020,10:06 AM,REGIONAL ROAD 174 btwn OR174 IC112 RAMP26 & OR174 IC112 RAMP61 (__3ZA2XF),__3ZA2XF,01 - Non intersection,03 - P.D. only,07 - SMV other,02 - Rain,01 - Daylight,02 - Wet,10 - No control,,1,0,0,0,,0,,,,,374955.6627,5032963.041,45.43308078,-75.60335868,7901
20--7786,10/14/2020,10:26 PM,MARCH RD @ TERRY FOX DR (0003173),3173,03 - At intersection,02 - Non-fatal injury,05 - Turning movement,01 - Clear,07 - Dark,01 - Dry,01 - Traffic signal,01 - Functioning,2,0,0,0,02 - Minor,2,,2,,,349864.6113,5023399.513,45.34909384,-75.92489352,7902
20--7787,10/14/2020,11:31 AM,EARL MULLIGAN DR @ WOODROFFE AVE (0000591),591,02 - Intersection related,03 - P.D. only,03 - Rear end,01 - Clear,01 - Daylight,01 - Dry,01 - Traffic signal,01 - Functioning,2,0,0,0,,0,,,,,365250.7019,5017506.461,45.29491136,-75.72927392,7903
20--7788,10/14/2020,Unknown,FINDLAY AVE btwn BRONSON AVE & SIDNEY COOK LANE (__3ZAZBL),__3ZAZBL,01 - Non intersection,03 - P.D. only,06 - SMV unattended vehicle,01 - Clear,00 - Unknown,01 - Dry,10 - No control,,1,0,0,0,,0,,,,,367750.0214,5028676.652,45.39519898,-75.69598995,7904