Anom_ID,Accident_Date,Accident_Time,Location,Geo_ID,Accident_Location,Classification_of_Accident,Initial_Impact_Type,Environment_Condition,Light,Road_Surface_Condition,Traffic_Control,Traffic_Control_Condition,No__of_Vehicles,No__of_Bicycles,No__of_Motorcycles,No__of_Pedestrians,Max_Injury,No__of_Injuries,No__of_Minimal,No__of_Minor,No__of_Major,No__of_Fatal,X,Y,Latitude,Longitude,ObjectId
20--8856,11/22/2020,4:30 PM,CARLING AVE/STATION RD @ MARCH RD (0002681),2681,02 - Intersection related,03 - P.D. only,03 - Rear end,03 - Snow,05 - Dusk,06 - Ice,01 - Traffic signal,01 - Functioning,2,0,0,0,,0,,,,,350907.6174,5022246.515,45.33865113,-75.91169103,8316
20--8857,11/22/2020,4:36 PM,DALHOUSIE ST @ ST. PATRICK ST (0008242),8242,03 - At intersection,03 - P.D. only,02 - Angle,03 - Snow,05 - Dusk,03 - Loose snow,01 - Traffic signal,01 - Functioning,2,0,0,0,,0,,,,,367957.7,5032640.583,45.43084645,-75.69282977,8317
20--8858,11/22/2020,4:43 PM,BRIAN COBURN BLVD @ MER BLEUE RD (0014363),14363,02 - Intersection related,03 - P.D. only,03 - Rear end,03 - Snow,05 - Dusk,04 - Slush,11 - Roundabout,01 - Functioning,2,0,0,0,,0,,,,,383150.8189,5034441.164,45.44550953,-75.49839849,8318
20--8859,11/22/2020,4:45 PM,GREENBANK RD @ BERRIGAN DR/WESSEX RD (0004726),4726,02 - Intersection related,03 - P.D. only,03 - Rear end,02 - Rain,05 - Dusk,04 - Slush,01 - Traffic signal,01 - Functioning,2,0,0,0,,0,,,,,363723.6727,5015276.428,45.27497523,-75.74900614,8319
20--886,1/19/2020,11:01 PM,O'CONNOR ST btwn SOMERSET ST W & MACLAREN ST (__3ZA34Q),__3ZA34Q,01 - Non intersection,03 - P.D. only,06 - SMV unattended vehicle,01 - Clear,07 - Dark,02 - Wet,10 - No control,,1,0,0,0,,0,,,,,367858.2851,5031008.348,45.41616912,-75.69430913,8320
20--8860,11/22/2020,4:50 PM,BAY ST @ WELLINGTON ST (0010737),10737,02 - Intersection related,03 - P.D. only,03 - Rear end,03 - Snow,05 - Dusk,05 - Packed snow,01 - Traffic signal,01 - Functioning,2,0,0,0,,0,,,,,366814.6975,5031351.558,45.41935049,-75.70759848,8321
20--8861,11/22/2020,4:51 PM,MAPLE GROVE RD @ TERRY FOX DR (0003177),3177,02 - Intersection related,03 - P.D. only,03 - Rear end,03 - Snow,05 - Dusk,03 - Loose snow,01 - Traffic signal,01 - Functioning,2,0,0,0,,0,,,,,351553.624,5017864.443,45.29917748,-75.90386241,8322
20--8862,11/22/2020,4:55 PM,HWY 417 TERRYFO IC140R61 @ TERRY FOX DR (0011777),11777,02 - Intersection related,03 - P.D. only,03 - Rear end,03 - Snow,05 - Dusk,03 - Loose snow,01 - Traffic signal,01 - Functioning,2,0,0,0,,0,,,,,350809.6028,5018709.47,45.30683038,-75.91327021,8323
20--8863,11/22/2020,4:59 PM,LEITRIM RD btwn HIGH RD & ALBION RD (__4B2G24),__4B2G24,01 - Non intersection,02 - Non-fatal injury,01 - Approaching,03 - Snow,07 - Dark,04 - Slush,10 - No control,,2,0,0,0,02 - Minor,4,3,1,,,371875.3671,5019438.003,45.31168973,-75.64455931,8324
20--8864,11/22/2020,5:00 PM,TERON RD @ BEAVERBROOK RD/PENFIELD DR N (0002572),2572,02 - Intersection related,03 - P.D. only,07 - SMV other,03 - Snow,07 - Dark,03 - Loose snow,01 - Traffic signal,01 - Functioning,1,0,0,0,,0,,,,,351884.6269,5021213.478,45.32929077,-75.89932387,8325
20--8865,11/22/2020,5:00 PM,ORLEANS BLVD @ MAPLE RUN AVE/BEAUSEJOUR DR S (0003628),3628,02 - Intersection related,03 - P.D. only,03 - Rear end,01 - Clear,07 - Dark,04 - Slush,01 - Traffic signal,01 - Functioning,2,0,0,0,,0,,,,,380572.7506,5035315.566,45.45366094,-75.53121584,8326
20--8866,11/22/2020,5:00 PM,INNES RD @ 260 E OF BELCOURT BLVD/WALMART SC (0012533),12533,02 - Intersection related,03 - P.D. only,03 - Rear end,03 - Snow,05 - Dusk,04 - Slush,01 - Traffic signal,01 - Functioning,2,0,0,0,,0,,,,,382347.1945,5035398.963,45.45421662,-75.50851912,8327
20--8867,11/22/2020,5:00 PM,COLONNADE RD @ MERIVALE RD (0004569),4569,02 - Intersection related,03 - P.D. only,03 - Rear end,01 - Clear,07 - Dark,04 - Slush,01 - Traffic signal,01 - Functioning,2,0,0,0,,0,,,,,365363.702,5022544.483,45.34023327,-75.72721737,8328
20--8868,11/22/2020,5:01 PM,BLACKBURN BYPASS @ NAVAN RD (0004201),4201,02 - Intersection related,02 - Non-fatal injury,03 - Rear end,06 - Strong wind,07 - Dark,03 - Loose snow,01 - Traffic signal,01 - Functioning,3,0,0,0,02 - Minor,5,,5,,,379617.7337,5033274.582,45.43540056,-75.54373471,8329
20--8869,11/22/2020,5:04 PM,BRIAN COBURN BLVD @ NAVAN RD (0017228),17228,02 - Intersection related,03 - P.D. only,07 - SMV other,03 - Snow,07 - Dark,05 - Packed snow,11 - Roundabout,01 - Functioning,1,0,0,0,,0,,,,,381168.997,5032906.816,45.43192398,-75.52396751,8330
20--887,1/19/2020,11:14 AM,DONALD ST @ ST. LAURENT BLVD (0008630),8630,02 - Intersection related,03 - P.D. only,03 - Rear end,01 - Clear,01 - Daylight,05 - Packed snow,01 - Traffic signal,01 - Functioning,2,0,0,0,,0,,,,,372093.7195,5032472.586,45.42894915,-75.63999923,8331
20--8870,11/22/2020,5:09 PM,AGINCOURT RD @ MAITLAND AVE (0003375),3375,02 - Intersection related,03 - P.D. only,03 - Rear end,03 - Snow,07 - Dark,03 - Loose snow,02 - Stop sign,01 - Functioning,2,0,0,0,,0,,,,,363446.6829,5025450.523,45.36654439,-75.75133137,8332
20--8871,11/22/2020,5:13 PM,AGINCOURT RD @ MAITLAND AVE (0003375),3375,02 - Intersection related,03 - P.D. only,03 - Rear end,03 - Snow,07 - Dark,05 - Packed snow,02 - Stop sign,00 - Unknown,3,0,0,0,,0,,,,,363446.6884,5025450.526,45.36654442,-75.7513313,8333
20--8872,11/22/2020,5:14 PM,BELFAST RD @ COVENTRY RD (0002646),2646,03 - At intersection,03 - P.D. only,05 - Turning movement,03 - Snow,07 - Dark,04 - Slush,01 - Traffic signal,01 - Functioning,2,0,0,0,,0,,,,,371523.7339,5031641.577,45.42152671,-75.64739529,8334
20--8873,11/22/2020,5:15 PM,635 E OF HUNTMAR DR/IBER RD @ HAZELDEAN RD (0013519),13519,02 - Intersection related,03 - P.D. only,07 - SMV other,03 - Snow,07 - Dark,03 - Loose snow,01 - Traffic signal,01 - Functioning,1,0,0,0,,0,,,,,351410.32,5016506.602,45.28696877,-75.90581713,8335
20--8874,11/22/2020,5:20 PM,CARLING AVE @ BROADVIEW AVE (0006707),6707,02 - Intersection related,03 - P.D. only,04 - Sideswipe,03 - Snow,07 - Dark,05 - Packed snow,01 - Traffic signal,01 - Functioning,2,0,0,0,,0,,,,,363180.6711,5026638.513,45.37725598,-75.75458651,8336
20--8875,11/22/2020,5:21 AM,RICHMOND RD btwn KHYMER CRT & STEEPLE HILL CRES (__3ZA41D),__3ZA41D,01 - Non intersection,03 - P.D. only,07 - SMV other,01 - Clear,07 - Dark,01 - Dry,10 - No control,,1,0,0,0,,0,,,,,357282.7049,5014651.514,45.2698624,-75.83115764,8337
20--8249,11/1/2020,1:15 PM,HWY417 IC117 RAMP63 btwn VANIER PKWY & HWY417 IC117 RAMP62 (__3ZAYA4),__3ZAYA4,01 - Non intersection,03 - P.D. only,03 - Rear end,02 - Rain,01 - Daylight,02 - Wet,10 - No control,,2,0,0,0,,0,,,,,370865.4111,5031415.857,45.41955826,-75.65583677,8338
20--8974,11/24/2020,4:45 PM,EARL ARMSTRONG RD @ RIVER RD (0012470),12470,02 - Intersection related,03 - P.D. only,03 - Rear end,01 - Clear,05 - Dusk,01 - Dry,01 - Traffic signal,01 - Functioning,2,0,0,0,,0,,,,,367572.7223,5014684.401,45.26931514,-75.70002874,8339
20--8707,11/17/2020,2:07 AM,TENTH LINE RD btwn WALL RD & NAVAN RD (__3ZBOGQ),__3ZBOGQ,01 - Non intersection,03 - P.D. only,07 - SMV other,01 - Clear,07 - Dark,02 - Wet,10 - No control,,1,0,0,0,,0,,,,,385247.9397,5033078.638,45.43301257,-75.47181682,8340
20--825,1/18/2020,11:45 AM,AIRPORT PARKWAY PRIV btwn AIR CARGO PRIV & AIRPORT PKWY (__3ZA136),__3ZA136,01 - Non intersection,03 - P.D. only,07 - SMV other,01 - Clear,01 - Daylight,01 - Dry,10 - No control,,1,0,0,0,,0,,,,,370803.6138,5021015.167,45.3259822,-75.65801617,8341
20--8612,11/12/2020,9:40 AM,BANK ST btwn CAHILL DR & TURN LANE (1) (__3ZA3HV),__3ZA3HV,04 - At/near private drive,03 - P.D. only,02 - Angle,01 - Clear,01 - Daylight,01 - Dry,10 - No control,,2,0,0,0,,0,,,,,371496.3582,5024139.089,45.35402481,-75.64875895,8342
20--8975,11/24/2020,4:50 PM,FRANK KENNY RD @ RUSSELL RD (0004678),4678,02 - Intersection related,03 - P.D. only,03 - Rear end,01 - Clear,05 - Dusk,01 - Dry,02 - Stop sign,01 - Functioning,2,0,0,0,,0,,,,,392562.8481,5026365.47,45.37173537,-75.37953887,8343
20--8708,11/17/2020,2:39 PM,PINECREST RD @ RICHMOND RD (0002353),2353,02 - Intersection related,03 - P.D. only,04 - Sideswipe,01 - Clear,01 - Daylight,01 - Dry,01 - Traffic signal,01 - Functioning,2,0,0,0,,0,,,,,360072.6732,5024471.513,45.35800948,-75.79450923,8344
20--8427,11/6/2020,9:03 AM,HUNT CLUB RD @ RIVERSIDE DR (0002237),2237,03 - At intersection,03 - P.D. only,05 - Turning movement,01 - Clear,01 - Daylight,01 - Dry,01 - Traffic signal,01 - Functioning,2,0,0,0,,0,,,,,368036.6942,5021945.504,45.33460793,-75.69319031,8345
20--8613,11/12/2020,9:59 AM,DALHOUSIE ST @ MURRAY ST (0008241),8241,02 - Intersection related,03 - P.D. only,04 - Sideswipe,01 - Clear,01 - Daylight,01 - Dry,01 - Traffic signal,01 - Functioning,2,0,0,0,,0,,,,,368000.7065,5032573.597,45.43023985,-75.69228878,8346
20--8250,11/1/2020,1:30 PM,MCARTHUR AVE @ VANIER PKWY (0004626),4626,02 - Intersection related,03 - P.D. only,03 - Rear end,02 - Rain,01 - Daylight,02 - Wet,01 - Traffic signal,01 - Functioning,3,0,0,0,,0,,,,,370218.7011,5032690.581,45.43108847,-75.66393004,8347
20--8976,11/24/2020,5:13 PM,CAMERON ST btwn THIRD ST & REGIONAL ROAD 174 (__3ZBOGW),__3ZBOGW,01 - Non intersection,03 - P.D. only,07 - SMV other,01 - Clear,05 - Dusk,01 - Dry,10 - No control,,1,0,0,0,,0,,,,,389841.5486,5042665.273,45.51871856,-75.41145801,8348
20--8709,11/17/2020,3:15 AM,FALLOWFIELD RD btwn O'KEEFE CRT & CEDARVIEW RD (__3ZA4Y8),__3ZA4Y8,01 - Non intersection,02 - Non-fatal injury,07 - SMV other,01 - Clear,07 - Dark,01 - Dry,10 - No control,,1,0,0,0,02 - Minor,1,,1,,,361221.9231,5015620.378,45.27827532,-75.78084976,8349
20--8428,11/6/2020,9:41 AM,BRONSON PL @ COLONEL BY DR (0006903),6903,02 - Intersection related,03 - P.D. only,03 - Rear end,01 - Clear,01 - Daylight,01 - Dry,02 - Stop sign,01 - Functioning,2,0,0,0,,0,,,,,367808.7129,5028521.557,45.3937982,-75.69526022,8350
20--8614,11/13/2020,1:32 PM,IONA ST @ ISLAND PARK DR (0006683),6683,02 - Intersection related,03 - P.D. only,02 - Angle,01 - Clear,01 - Daylight,01 - Dry,12 - IPS,01 - Functioning,2,0,0,0,,0,,,,,364349.7033,5028385.552,45.39287715,-75.73945066,8351
20--8251,11/1/2020,1:30 PM,ST. LAURENT BLVD @ MCARTHUR AVE (0008246),8246,03 - At intersection,03 - P.D. only,05 - Turning movement,02 - Rain,01 - Daylight,02 - Wet,01 - Traffic signal,01 - Functioning,2,0,0,0,,0,,,,,371921.7119,5032887.562,45.43269944,-75.64214064,8352
20--8977,11/24/2020,5:15 PM,ST. LAURENT BLVD @ COVENTRY RD/OGILVIE RD (0002151),2151,02 - Intersection related,03 - P.D. only,03 - Rear end,01 - Clear,05 - Dusk,01 - Dry,01 - Traffic signal,01 - Functioning,2,0,0,0,,0,,,,,372305.7154,5031951.57,45.42424087,-75.63736168,8353
20--871,1/18/2020,8:34 PM,BELCOURT BLVD @ INNES RD (0004202),4202,03 - At intersection,03 - P.D. only,02 - Angle,03 - Snow,07 - Dark,03 - Loose snow,01 - Traffic signal,01 - Functioning,3,0,0,0,,0,,,,,382121.5757,5035266.612,45.45305083,-75.51142414,8354
20--8429,11/7/2020,1:15 AM,HARTSMERE DR btwn Continuation of HARTSMERE DR & FRIENDLY CRES (__4TYA76),__4TYA76,01 - Non intersection,03 - P.D. only,06 - SMV unattended vehicle,01 - Clear,07 - Dark,01 - Dry,10 - No control,,1,0,0,0,,0,,,,,351591.1799,5012173.069,45.24796226,-75.90391995,8355
20--843,1/18/2020,4:15 PM,BASELINE RD @ MERIVALE RD (0002342),2342,02 - Intersection related,03 - P.D. only,03 - Rear end,03 - Snow,05 - Dusk,04 - Slush,01 - Traffic signal,01 - Functioning,2,0,0,0,,0,,,,,365054.6937,5025325.52,45.36528325,-75.73082099,8356
20--8430,11/7/2020,1:15 PM,ST. JOSEPH BLVD/OLD MONTREAL RD @ TRIM RD (0004118),4118,03 - At intersection,03 - P.D. only,02 - Angle,01 - Clear,01 - Daylight,01 - Dry,11 - Roundabout,01 - Functioning,2,0,0,0,,0,,,,,384682.7493,5039285.584,45.48892165,-75.47803071,8357
20--8431,11/7/2020,1:38 PM,LOYER ST btwn BEECHWOOD AVE & BARRETTE ST (__3ZA8XM),__3ZA8XM,01 - Non intersection,03 - P.D. only,04 - Sideswipe,01 - Clear,01 - Daylight,01 - Dry,10 - No control,,2,0,0,0,,0,,,,,369310.215,5033677.919,45.44005654,-75.67541016,8358
20--8432,11/7/2020,10:07 PM,BEATRICE DR @ DEERFOX DR (0005503),5503,03 - At intersection,03 - P.D. only,02 - Angle,01 - Clear,07 - Dark,01 - Dry,02 - Stop sign,01 - Functioning,2,0,0,0,,0,,,,,365409.3857,5015667.382,45.27834974,-75.7274756,8359
20--8433,11/7/2020,10:14 PM,CONROY RD S @ DAVIDSON RD (0013695),13695,03 - At intersection,02 - Non-fatal injury,99 - Other,01 - Clear,07 - Dark,01 - Dry,02 - Stop sign,01 - Functioning,2,0,0,0,02 - Minor,4,,4,,,374593.746,5023467.508,45.34768076,-75.60932669,8360
20--8434,11/7/2020,10:25 PM,HIGHWAY 417 btwn HWY417 IC96 RAMP61 & HIGHWAY 417 (__3ZA271),__3ZA271,01 - Non intersection,02 - Non-fatal injury,07 - SMV other,01 - Clear,07 - Dark,01 - Dry,10 - No control,,1,0,0,0,02 - Minor,1,,1,,,387859.2201,5023811.399,45.34932937,-75.4400083,8361
20--8435,11/7/2020,10:35 PM,HIGHWAY 417 btwn HWY417 IC138 RAMP61 & HWY417 IC134 RAMP36 (__3ZA20I),__3ZA20I,01 - Non intersection,03 - P.D. only,07 - SMV other,01 - Clear,07 - Dark,01 - Dry,10 - No control,,1,0,0,0,,0,,,,,353827.7426,5020772.963,45.32519389,-75.87457989,8362
20--8436,11/7/2020,10:43 PM,HIGHWAY 417 btwn HWY417 IC138 RAMP61 & HWY417 IC134 RAMP36 (__3ZA20I),__3ZA20I,01 - Non intersection,03 - P.D. only,03 - Rear end,01 - Clear,07 - Dark,01 - Dry,10 - No control,,2,0,0,0,,0,,,,,355839.297,5021951.128,45.33565177,-75.84879975,8363
20--8437,11/7/2020,11:30 AM,EDGEFIELD TER btwn SHADEHILL CRES & SHADEHILL CRES (__54YJDF),__54YJDF,04 - At/near private drive,03 - P.D. only,06 - SMV unattended vehicle,01 - Clear,01 - Daylight,01 - Dry,10 - No control,,1,0,0,0,,0,,,,,365790.6035,5012373.739,45.24868064,-75.72302145,8364
20--8438,11/7/2020,11:40 AM,HIGHWAY 417 btwn HWY417 IC127 RAMP35 & HWY417 IC127 RAMP25 (__3ZA2RE),__3ZA2RE,01 - Non intersection,03 - P.D. only,03 - Rear end,01 - Clear,01 - Daylight,01 - Dry,10 - No control,,2,0,0,0,,0,,,,,362210.9567,5024895.518,45.36165281,-75.76716951,8365
20--8439,11/7/2020,Unknown,ROXDALE AVE btwn BLACKHEATH ST & ST. GEORGES ST (__3ZA6W7),__3ZA6W7,01 - Non intersection,03 - P.D. only,06 - SMV unattended vehicle,01 - Clear,00 - Unknown,01 - Dry,10 - No control,,1,0,0,0,,0,,,,,382675.9521,5037158.128,45.4700075,-75.50403775,8366
20--844,1/18/2020,4:32 PM,HAWTHORNE RD/RUSSELL RD @ WALKLEY RD (0002618),2618,02 - Intersection related,03 - P.D. only,04 - Sideswipe,03 - Snow,05 - Dusk,05 - Packed snow,01 - Traffic signal,01 - Functioning,2,0,0,0,,0,,,,,374674.7385,5028499.544,45.39294868,-75.60758144,8367
20--8440,11/7/2020,Unknown,FRANK ST btwn ELGIN ST & CARTIER ST (__3ZA9TD),__3ZA9TD,01 - Non intersection,03 - P.D. only,06 - SMV unattended vehicle,01 - Clear,00 - Unknown,01 - Dry,10 - No control,,1,0,0,0,,0,,,,,368479.3552,5030960.913,45.41568607,-75.68638069,8368
20--8441,11/7/2020,2:12 PM,HAZELDEAN RD btwn CARP RD & Continuation of HAZELDEAN RD (__5FCFM4),__5FCFM4,01 - Non intersection,03 - P.D. only,03 - Rear end,01 - Clear,01 - Daylight,01 - Dry,10 - No control,,3,0,0,0,,0,,,,,349072.9258,5014586.784,45.2698447,-75.9357837,8369
20--8442,11/7/2020,2:35 PM,HWY417 IC127 RAMP25 btwn WOODROFFE AVE & HIGHWAY 417 (__3ZAY8A),__3ZAY8A,01 - Non intersection,03 - P.D. only,03 - Rear end,01 - Clear,01 - Daylight,01 - Dry,10 - No control,,3,0,0,0,,0,,,,,362360.2378,5025002.52,45.36260336,-75.76525168,8370
20--8443,11/7/2020,2:53 AM,BANK ST btwn WILTON CRES & ECHO DR (__3ZA3NA),__3ZA3NA,07 - Overpass or bridge,03 - P.D. only,01 - Approaching,01 - Clear,07 - Dark,02 - Wet,10 - No control,,2,0,0,0,,0,,,,,368645.0872,5028799.493,45.39622322,-75.68454326,8371
20--8444,11/7/2020,3:00 PM,CARP RD @ HAZELDEAN RD (0000086),86,02 - Intersection related,03 - P.D. only,03 - Rear end,01 - Clear,01 - Daylight,01 - Dry,01 - Traffic signal,01 - Functioning,2,0,0,0,,0,,,,,348804.5741,5014360.439,45.2678248,-75.93922348,8372
20--8445,11/7/2020,3:29 PM,TENTH LINE RD @ CHARLEMAGNE BLVD S/DES EPINETT (0003686),3686,02 - Intersection related,02 - Non-fatal injury,03 - Rear end,01 - Clear,01 - Daylight,01 - Dry,01 - Traffic signal,01 - Functioning,3,0,0,0,02 - Minor,1,,1,,,383640.9751,5036900.456,45.46758093,-75.49173924,8373
20--8446,11/7/2020,3:55 PM,HIGHWAY 417 btwn HWY417 IC118 RAMP76 & HWY417 IC118 RAMP67 (__3ZA2YR),__3ZA2YR,01 - Non intersection,03 - P.D. only,04 - Sideswipe,01 - Clear,01 - Daylight,01 - Dry,10 - No control,,2,0,0,0,,0,,,,,369719.6239,5031153.682,45.41730656,-75.67051027,8374
20--8447,11/7/2020,4:03 PM,AMIENS ST @ TENTH LINE RD (0004168),4168,02 - Intersection related,02 - Non-fatal injury,03 - Rear end,01 - Clear,01 - Daylight,01 - Dry,01 - Traffic signal,01 - Functioning,2,0,0,0,02 - Minor,1,,1,,,383352.7373,5037568.225,45.47362139,-75.49531806,8375
20--8448,11/7/2020,4:17 AM,HIGHWAY 417 btwn HWY417 IC180 RAMP35 & HWY417 IC169 RAMP51 (__5SO6CL),__5SO6CL,01 - Non intersection,03 - P.D. only,07 - SMV other,00 - Unknown,07 - Dark,01 - Dry,10 - No control,,1,0,0,0,,0,,,,,319859.1178,5030783.337,45.41682388,-76.30758866,8376
20--8449,11/7/2020,5:12 PM,WEST HUNT CLUB RD EB btwn GREENBANK RD & KNOXDALE RD (__3ZA12X),__3ZA12X,01 - Non intersection,03 - P.D. only,03 - Rear end,01 - Clear,05 - Dusk,01 - Dry,10 - No control,,3,0,0,0,,0,,,,,361573.8016,5020537.542,45.32249179,-75.77580204,8377
20--845,1/18/2020,4:57 PM,105 S OF COMMISSIONER ST @ ALBERT ST (0016880),16880,02 - Intersection related,03 - P.D. only,03 - Rear end,03 - Snow,05 - Dusk,05 - Packed snow,13 - MPS,01 - Functioning,2,0,0,0,,0,,,,,366666.2747,5030879.415,45.41511543,-75.70955407,8378
20--8450,11/7/2020,6:20 AM,BANK ST btwn DALMENY RD & POPHAM ST (__3ZA27B),__3ZA27B,01 - Non intersection,03 - P.D. only,07 - SMV other,01 - Clear,03 - Dawn,01 - Dry,10 - No control,,1,0,0,0,,0,,,,,385970.2718,5003991.742,45.17122622,-75.46734877,8379
20--8451,11/7/2020,6:40 PM,HIGHWAY 417 btwn HWY417 IC163 RAMP15 & HWY417 IC155 RAMP51 (__3ZAZNS),__3ZAZNS,01 - Non intersection,03 - P.D. only,07 - SMV other,01 - Clear,07 - Dark,01 - Dry,10 - No control,,1,0,0,0,,0,,,,,332653.2651,5021103.396,45.32932695,-76.14466533,8380
20--8452,11/7/2020,7:11 PM,MALAKOFF RD btwn KLONDIKE RD E & KLONDIKE RD W (__3ZABAR),__3ZABAR,01 - Non intersection,03 - P.D. only,07 - SMV other,01 - Clear,07 - Dark,01 - Dry,10 - No control,,1,0,0,0,,0,,,,,361909.3725,4998020.589,45.11985364,-75.77410482,8381
20--8453,11/7/2020,7:20 AM,HIGHWAY 416 btwn HWY416 IC42 RAMP24 & END (__3ZAZJ6),__3ZAZJ6,01 - Non intersection,03 - P.D. only,07 - SMV other,01 - Clear,01 - Daylight,02 - Wet,10 - No control,,1,0,0,0,,0,,,,,372042.3703,4994284.104,45.08534132,-75.64582301,8382
20--8454,11/7/2020,7:22 PM,DECOEUR DR/SOUTHFIELD WAY @ TENTH LINE RD (0013515),13515,02 - Intersection related,02 - Non-fatal injury,04 - Sideswipe,01 - Clear,07 - Dark,01 - Dry,01 - Traffic signal,00 - Unknown,2,0,1,0,02 - Minor,1,,1,,,384551.517,5034726.576,45.447919,-75.48044916,8383
20--8455,11/7/2020,7:25 PM,HIGHWAY 416 btwn HWY416 IC49 RAMP24 & HWY416 IC42 RAMP42 (__3ZA29T),__3ZA29T,01 - Non intersection,03 - P.D. only,07 - SMV other,01 - Clear,07 - Dark,01 - Dry,10 - No control,,1,0,0,0,,0,,,,,369610.1398,4999796.759,45.13517175,-75.6760028,8384
20--8456,11/7/2020,7:30 AM,WOODFIELD DR btwn BENLEA DR & LANSFIELD WAY (__3ZA0X1),__3ZA0X1,04 - At/near private drive,03 - P.D. only,06 - SMV unattended vehicle,01 - Clear,01 - Daylight,01 - Dry,10 - No control,,1,0,0,0,,0,,,,,363885.6712,5021795.027,45.33361577,-75.74616462,8385
20--8457,11/7/2020,8:19 AM,CARLING AVE @ ISLAND PARK DR (0010785),10785,03 - At intersection,03 - P.D. only,02 - Angle,01 - Clear,01 - Daylight,01 - Dry,01 - Traffic signal,01 - Functioning,2,0,0,0,,0,,,,,365348.698,5027997.539,45.38930023,-75.7267406,8386
20--8458,11/7/2020,8:55 AM,BANK ST @ FIRST AVE (0007233),7233,03 - At intersection,02 - Non-fatal injury,07 - SMV other,01 - Clear,01 - Daylight,01 - Dry,01 - Traffic signal,01 - Functioning,1,0,0,1,02 - Minor,1,,1,,,368273.7088,5029703.556,45.40439147,-75.68916983,8387
20--8459,11/7/2020,9:23 AM,OLD PRESCOTT RD btwn CHRIS TIERNEY PRIV & BREANNA CARDILL ST (__673W91),__673W91,01 - Non intersection,02 - Non-fatal injury,01 - Approaching,01 - Clear,01 - Daylight,02 - Wet,10 - No control,,2,0,1,0,03 - Major,1,,,1,,378542.5256,5009540.25,45.22196533,-75.5610107,8388
20--846,1/18/2020,5:00 PM,WOODROFFE AVE @ KNOXDALE RD/MEDHURST DR (0000519),519,02 - Intersection related,03 - P.D. only,03 - Rear end,03 - Snow,05 - Dusk,03 - Loose snow,01 - Traffic signal,01 - Functioning,2,0,0,0,,0,,,,,363419.6859,5021826.488,45.33393793,-75.75210558,8389
20--8460,11/8/2020,1:18 AM,HWY417 IC121A RAMP61 btwn CATHERINE ST & HIGHWAY 417 (__3ZAY9W),__3ZAY9W,01 - Non intersection,03 - P.D. only,07 - SMV other,01 - Clear,07 - Dark,01 - Dry,10 - No control,,1,0,0,0,,0,,,,,367505.2622,5029880.262,45.40605067,-75.69896273,8390
20--8461,11/8/2020,1:21 PM,ABBOTT ST @ SHEA RD (0010341),10341,03 - At intersection,02 - Non-fatal injury,05 - Turning movement,01 - Clear,01 - Daylight,01 - Dry,02 - Stop sign,01 - Functioning,2,1,0,0,02 - Minor,1,,1,,,351158.292,5014146.625,45.26574963,-75.90925017,8391
20--8462,11/8/2020,1:24 PM,INNES RD btwn GREENVALE LANE & VISENEAU DR (__3ZA2L4),__3ZA2L4,01 - Non intersection,02 - Non-fatal injury,03 - Rear end,01 - Clear,01 - Daylight,01 - Dry,10 - No control,,3,0,0,0,01 - Minimal,1,1,,,,381711.9249,5035022.824,45.45090263,-75.51669897,8392
20--8463,11/8/2020,10:30 PM,FALLOWFIELD RD btwn MUNSTER RD & CONLEY RD (__3ZA3EQ),__3ZA3EQ,01 - Non intersection,03 - P.D. only,07 - SMV other,01 - Clear,07 - Dark,01 - Dry,10 - No control,,1,0,0,0,,0,,,,,347563.5222,5005384.782,45.18713428,-75.95580945,8393
20--8464,11/8/2020,Unknown,WILD CALLA WAY btwn FEATHERFOIL WAY & RAINROCK CRES (e___2HP0),e___2HP0,01 - Non intersection,03 - P.D. only,06 - SMV unattended vehicle,01 - Clear,00 - Unknown,01 - Dry,10 - No control,,1,0,0,0,,0,,,,,382021.558,5033594.399,45.43801669,-75.51296514,8394
20--8465,11/8/2020,Unknown,KING GEORGE ST btwn FRANCES ST & LAWSON AVE (__3ZA8KA),__3ZA8KA,01 - Non intersection,03 - P.D. only,06 - SMV unattended vehicle,01 - Clear,00 - Unknown,01 - Dry,10 - No control,,1,0,0,0,,0,,,,,371643.618,5032172.926,45.42629611,-75.64579146,8395
20--8466,11/8/2020,Unknown,YORK ST EB btwn BY WARD MARKET SQ & SUSSEX DR (__3ZA8ZZ),__3ZA8ZZ,01 - Non intersection,03 - P.D. only,06 - SMV unattended vehicle,01 - Clear,00 - Unknown,01 - Dry,10 - No control,,1,0,0,0,,0,,,,,367858.8908,5032270.088,45.42752178,-75.69413989,8396
20--8467,11/8/2020,Unknown,CENTREPOINTE DR btwn 90 N OF EPSILON WAY & PLUNKETT CRT (__4CZCH3B),__4CZCH3B,01 - Non intersection,03 - P.D. only,06 - SMV unattended vehicle,01 - Clear,00 - Unknown,01 - Dry,10 - No control,,1,0,0,0,,0,,,,,362603.2479,5022719.989,45.34204533,-75.76241679,8397