Anom_ID,Accident_Date,Accident_Time,Location,Geo_ID,Accident_Location,Classification_of_Accident,Initial_Impact_Type,Environment_Condition,Light,Road_Surface_Condition,Traffic_Control,Traffic_Control_Condition,No__of_Vehicles,No__of_Bicycles,No__of_Motorcycles,No__of_Pedestrians,Max_Injury,No__of_Injuries,No__of_Minimal,No__of_Minor,No__of_Major,No__of_Fatal,X,Y,Latitude,Longitude,ObjectId
20--8624,11/13/2020,3:35 PM,WEST HUNT CLUB RD WB btwn MERIVALE RD & ROYDON PL (__3ZA3JR),__3ZA3JR,04 - At/near private drive,03 - P.D. only,02 - Angle,01 - Clear,01 - Daylight,01 - Dry,10 - No control,,2,0,0,0,,0,,,,,365781.73,5022048.681,45.3357359,-75.721945,8563
20--8625,11/13/2020,3:40 PM,WEST HUNT CLUB RD @ ROYDON PL/SUNDERLAND ST (0009775),9775,02 - Intersection related,03 - P.D. only,03 - Rear end,01 - Clear,01 - Daylight,01 - Dry,01 - Traffic signal,01 - Functioning,2,0,0,0,,0,,,,,365973.711,5022169.484,45.33680615,-75.71948084,8564
20--8626,11/13/2020,3:42 PM,INNES RD @ STAR TOP RD/WINDMILL LANE (0008734),8734,02 - Intersection related,03 - P.D. only,04 - Sideswipe,01 - Clear,01 - Daylight,01 - Dry,01 - Traffic signal,01 - Functioning,2,0,0,0,,0,,,,,374147.7262,5030666.566,45.41249888,-75.61400674,8565
20--8627,11/13/2020,4:17 PM,BRONSON AVE @ RENFREW AVE (0007197),7197,03 - At intersection,03 - P.D. only,02 - Angle,01 - Clear,01 - Daylight,01 - Dry,02 - Stop sign,01 - Functioning,2,0,0,0,,0,,,,,367356.7173,5029551.561,45.40310641,-75.70090185,8566
20--8628,11/13/2020,4:56 PM,STAGECOACH RD btwn CABIN RD & SNAKE ISLAND RD (__3ZBOGH),__3ZBOGH,01 - Non intersection,03 - P.D. only,07 - SMV other,01 - Clear,07 - Dark,01 - Dry,10 - No control,,1,0,0,0,,0,,,,,378173.8752,5004753.185,45.1789312,-75.56640896,8567
20--8629,11/13/2020,5:03 PM,HUNT CLUB RD @ CANADAIR PRIV (0010852),10852,03 - At intersection,03 - P.D. only,05 - Turning movement,01 - Clear,07 - Dark,01 - Dry,01 - Traffic signal,01 - Functioning,3,0,0,0,,0,,,,,368662.7165,5022311.497,45.33784436,-75.68515674,8568
20--863,1/18/2020,7:42 PM,472 E OF CHESTNUT ST/UOTTAWA @ LEES AVE (0008222),8222,02 - Intersection related,03 - P.D. only,03 - Rear end,03 - Snow,07 - Dark,03 - Loose snow,01 - Traffic signal,01 - Functioning,2,0,0,0,,0,,,,,369789.9186,5031040.336,45.41628019,-75.66962714,8569
20--8630,11/13/2020,5:11 PM,VANIER PKWY/CRICHTON ST @ BEECHWOOD AVE/ST. PA (0001604),1604,02 - Intersection related,03 - P.D. only,03 - Rear end,01 - Clear,07 - Dark,01 - Dry,01 - Traffic signal,01 - Functioning,2,0,0,0,,0,,,,,369127.7944,5033487.143,45.43835682,-75.67776661,8570
20--8631,11/13/2020,5:35 PM,VANIER PKWY NB btwn DONALD ST & QUEEN MARY ST (__3ZA25X),__3ZA25X,01 - Non intersection,03 - P.D. only,04 - Sideswipe,01 - Clear,07 - Dark,01 - Dry,10 - No control,,2,0,0,0,,0,,,,,370333.1978,5032120.35,45.42594705,-75.66254278,8571
20--8632,11/13/2020,7:00 PM,CANOTEK RD @ SHEFFORD RD (0009369),9369,03 - At intersection,03 - P.D. only,04 - Sideswipe,01 - Clear,07 - Dark,01 - Dry,01 - Traffic signal,01 - Functioning,2,0,0,0,,0,,,,,376029.7302,5035093.598,45.45214165,-75.58932466,8572
20--8633,11/13/2020,7:30 AM,LAURIER AVE   W btwn BANK ST & O'CONNOR ST (__3ZA34B),__3ZA34B,01 - Non intersection,03 - P.D. only,04 - Sideswipe,01 - Clear,01 - Daylight,01 - Dry,10 - No control,,2,0,0,0,,0,,,,,367541.4107,5031301.769,45.41883772,-75.69832005,8573
20--8634,11/13/2020,8:00 PM,MARAVISTA DR @ STRANDHERD DR (0013565),13565,02 - Intersection related,03 - P.D. only,03 - Rear end,01 - Clear,07 - Dark,01 - Dry,01 - Traffic signal,01 - Functioning,2,0,0,0,,0,,,,,361288.4381,5014584.958,45.26895318,-75.78011984,8574
20--8635,11/13/2020,8:02 PM,BASELINE RD btwn CORDOVA ST & BASSANO ST (__3ZBOCA),__3ZBOCA,01 - Non intersection,02 - Non-fatal injury,03 - Rear end,01 - Clear,07 - Dark,01 - Dry,10 - No control,,2,0,0,0,02 - Minor,1,,1,,,363626.8112,5024430.307,45.35734952,-75.74915354,8575
20--8636,11/13/2020,8:24 AM,ALTA VISTA DR @ ROGER RD (0007583),7583,02 - Intersection related,02 - Non-fatal injury,03 - Rear end,01 - Clear,01 - Daylight,01 - Dry,02 - Stop sign,00 - Unknown,2,0,0,0,01 - Minimal,1,1,,,,370405.7221,5028878.558,45.39677187,-75.66204755,8576
20--8637,11/13/2020,8:40 AM,CYRVILLE RD btwn MEADOWBROOK RD & MAXIME ST (__3ZA3RF),__3ZA3RF,01 - Non intersection,03 - P.D. only,04 - Sideswipe,01 - Clear,01 - Daylight,01 - Dry,10 - No control,,2,0,0,0,,0,,,,,374728.1192,5031208.102,45.41731358,-75.60651564,8577
20--8638,11/13/2020,9:13 PM,STITTSVILLE MAIN ST btwn ELM CRES & DAPHNE CRES (__30Q9TM),__30Q9TM,01 - Non intersection,03 - P.D. only,07 - SMV other,01 - Clear,07 - Dark,01 - Dry,10 - No control,,1,0,0,0,,0,,,,,350446.2125,5013097.866,45.25635911,-75.91842018,8578
20--8639,11/13/2020,9:30 AM,HWY 417 ST.LAURE IC115R51 @ ST. LAURENT BLVD (0002712),2712,02 - Intersection related,03 - P.D. only,03 - Rear end,01 - Clear,01 - Daylight,01 - Dry,01 - Traffic signal,01 - Functioning,2,0,0,0,,0,,,,,372530.7163,5031410.57,45.41935145,-75.63456116,8579
20--864,1/18/2020,8:00 PM,ST. JOSEPH BLVD/OLD MONTREAL RD @ TRIM RD (0004118),4118,03 - At intersection,03 - P.D. only,02 - Angle,03 - Snow,07 - Dark,05 - Packed snow,11 - Roundabout,01 - Functioning,2,0,0,0,,0,,,,,384682.7397,5039285.581,45.48892162,-75.47803083,8580
20--8640,11/14/2020,1:05 PM,ST. LAURENT BLVD @ WALKLEY RD (0007653),7653,03 - At intersection,03 - P.D. only,02 - Angle,01 - Clear,01 - Daylight,01 - Dry,01 - Traffic signal,01 - Functioning,2,0,0,0,,0,,,,,373902.7438,5028046.853,45.38895218,-75.61750333,8581
20--8641,11/14/2020,1:52 PM,OGILVIE RD @ ELMLEA GT/SHOPPERS CITY EAST SC (0008800),8800,02 - Intersection related,02 - Non-fatal injury,03 - Rear end,01 - Clear,01 - Daylight,01 - Dry,01 - Traffic signal,01 - Functioning,2,0,0,0,02 - Minor,1,,1,,,374988.737,5033486.584,45.437788,-75.60286138,8582
20--8642,11/14/2020,1:55 PM,HIGHWAY 417 btwn HWY417 IC130 RAMP26 & HIGHWAY 417 (__3ZA2UV),__3ZA2UV,01 - Non intersection,03 - P.D. only,04 - Sideswipe,01 - Clear,01 - Daylight,01 - Dry,10 - No control,,2,0,0,0,,0,,,,,359300.4809,5023091.914,45.34565629,-75.80451669,8583
20--8643,11/14/2020,11:00 AM,HUNTSVILLE DR @ TERRY FOX DR (0015949),15949,02 - Intersection related,02 - Non-fatal injury,03 - Rear end,01 - Clear,01 - Daylight,01 - Dry,01 - Traffic signal,01 - Functioning,2,0,0,0,02 - Minor,1,,1,,,348347.1182,5019895,45.31765514,-75.94456691,8584
20--8644,11/14/2020,Unknown,WILHAVEN DR btwn O'TOOLE RD & GEORGES VANIER DR (__3ZAZ0R),__3ZAZ0R,01 - Non intersection,03 - P.D. only,07 - SMV other,01 - Clear,07 - Dark,01 - Dry,10 - No control,,1,0,0,0,,0,,,,,388273.1487,5040490.981,45.4993463,-75.43190026,8585
20--8645,11/14/2020,Unknown,WILLOW ST btwn PRESTON ST & ROCHESTER ST (__3ZAAJ7),__3ZAAJ7,01 - Non intersection,03 - P.D. only,06 - SMV unattended vehicle,01 - Clear,00 - Unknown,01 - Dry,10 - No control,,1,0,0,0,,0,,,,,366559.646,5029918.677,45.4064804,-75.71103667,8586
20--8646,11/14/2020,Unknown,HENRY FARM DR btwn MAITLAND AVE & TERREBONNE DR (__3ZAAN1),__3ZAAN1,01 - Non intersection,03 - P.D. only,06 - SMV unattended vehicle,01 - Clear,00 - Unknown,01 - Dry,10 - No control,,1,0,0,0,,0,,,,,363839.8812,5025013.583,45.36257985,-75.74636454,8587
20--8647,11/14/2020,12:27 PM,PARKDALE AVE @ SCOTT ST (0002213),2213,03 - At intersection,02 - Non-fatal injury,02 - Angle,01 - Clear,01 - Daylight,01 - Dry,01 - Traffic signal,01 - Functioning,4,0,0,0,02 - Minor,1,,1,,,364949.6992,5029726.545,45.40489184,-75.73162487,8588
20--8648,11/14/2020,12:59 PM,HIGHWAY 417 btwn HWY417 IC124 RAMP65 & HWY417 IC122 RAMP51 (__3ZA2R8),__3ZA2R8,01 - Non intersection,03 - P.D. only,03 - Rear end,01 - Clear,01 - Daylight,01 - Dry,10 - No control,,2,0,0,0,,0,,,,,365128.7106,5028670.512,45.39537448,-75.72946749,8589
20--8649,11/14/2020,2:30 PM,RUSSELL RD @ SAUMURE RD/LANGLADE RD (0004091),4091,03 - At intersection,03 - P.D. only,05 - Turning movement,01 - Clear,01 - Daylight,01 - Dry,02 - Stop sign,00 - Unknown,2,0,0,0,,0,,,,,399947.8937,5029464.499,45.39865235,-75.28467774,8590
20--865,1/18/2020,8:00 PM,CORONATION AVE @ RUSSELL RD (0008408),8408,02 - Intersection related,03 - P.D. only,07 - SMV other,03 - Snow,07 - Dark,05 - Packed snow,02 - Stop sign,01 - Functioning,1,0,0,0,,0,,,,,372437.7388,5030196.554,45.40843728,-75.63591566,8591
20--8650,11/14/2020,2:30 PM,HAWTHORNE RD/RUSSELL RD @ WALKLEY RD (0002618),2618,02 - Intersection related,03 - P.D. only,03 - Rear end,01 - Clear,01 - Daylight,01 - Dry,01 - Traffic signal,01 - Functioning,2,0,0,0,,0,,,,,374674.7454,5028499.541,45.39294866,-75.60758136,8592
20--8651,11/14/2020,2:50 PM,BASELINE RD @ NAVAHO DR (0003158),3158,02 - Intersection related,03 - P.D. only,04 - Sideswipe,01 - Clear,01 - Daylight,01 - Dry,01 - Traffic signal,01 - Functioning,2,0,0,0,,0,,,,,363085.69,5024097.51,45.35440023,-75.75609888,8593
20--8652,11/14/2020,2:55 PM,MONTREAL RD @ OGILVIE RD (0009279),9279,02 - Intersection related,03 - P.D. only,03 - Rear end,01 - Clear,01 - Daylight,01 - Dry,01 - Traffic signal,01 - Functioning,2,0,0,0,,0,,,,,375654.731,5034556.588,45.44734808,-75.59419578,8594
20--8653,11/14/2020,3:03 AM,GRENON AVE btwn MICHELE DR & RICHMOND RD (__3ZAAD6),__3ZAAD6,01 - Non intersection,03 - P.D. only,07 - SMV other,01 - Clear,07 - Dark,01 - Dry,10 - No control,,1,0,0,0,,0,,,,,359801.9897,5024036.353,45.3541152,-75.79801235,8595
20--8654,11/14/2020,5:07 PM,REGIONAL ROAD 174 EB btwn HWY417 IC113 RAMP65 & OR174 BLAIR IC112 RAMP51 (__3ZAZFJ),__3ZAZFJ,01 - Non intersection,03 - P.D. only,04 - Sideswipe,01 - Clear,07 - Dark,01 - Dry,10 - No control,,2,0,0,0,,0,,,,,374831.9421,5032844.483,45.43202646,-75.60495659,8596
20--8655,11/14/2020,6:36 PM,REGIONAL ROAD 174 btwn TRANSIT & OR174 IC109 RAMP54 (__3ZAZ6V),__3ZAZ6V,01 - Non intersection,03 - P.D. only,03 - Rear end,01 - Clear,07 - Dark,01 - Dry,10 - No control,,2,0,0,0,,0,,,,,376344.1251,5034705.076,45.44861386,-75.58536212,8597
20--8656,11/14/2020,6:47 PM,BAYSHORE DR @ WOODRIDGE CRES S (0000360),360,03 - At intersection,03 - P.D. only,07 - SMV other,01 - Clear,07 - Dark,01 - Dry,01 - Traffic signal,01 - Functioning,1,0,0,0,,0,,,,,359233.6696,5023509.495,45.34941888,-75.80532325,8598
20--8657,11/14/2020,7:11 PM,CUMBERLAND ST @ RIDEAU ST (0007759),7759,03 - At intersection,03 - P.D. only,02 - Angle,01 - Clear,07 - Dark,01 - Dry,01 - Traffic signal,01 - Functioning,2,0,0,0,,0,,,,,368374.5134,5032329.972,45.42801392,-75.68754343,8599
20--8658,11/14/2020,7:45 PM,PAUL ANKA DR @ UPLANDS DR (0007476),7476,03 - At intersection,03 - P.D. only,02 - Angle,01 - Clear,07 - Dark,01 - Dry,02 - Stop sign,01 - Functioning,2,0,0,0,,0,,,,,369457.7218,5023575.516,45.34914487,-75.67484887,8600
20--8659,11/14/2020,8:05 PM,CARILLON ST @ HANNAH ST (0010006),10006,03 - At intersection,03 - P.D. only,07 - SMV other,01 - Clear,07 - Dark,01 - Dry,02 - Stop sign,01 - Functioning,1,0,0,0,,0,,,,,370155.6986,5033390.591,45.43739276,-75.66464222,8601
20--866,1/18/2020,8:06 PM,REGIONAL ROAD 174 btwn OR174 IC101 RAMP63 & OR174 IC101 RAMP45 (__3ZA11Q),__3ZA11Q,01 - Non intersection,03 - P.D. only,04 - Sideswipe,02 - Rain,07 - Dark,03 - Loose snow,10 - No control,,2,0,0,0,,0,,,,,382769.154,5038900.903,45.48567703,-75.50256934,8602
20--8660,11/14/2020,8:37 PM,BRONSON AVE @ CATHERINE ST/RAYMOND ST (0007198),7198,03 - At intersection,02 - Non-fatal injury,05 - Turning movement,01 - Clear,07 - Dark,01 - Dry,01 - Traffic signal,01 - Functioning,2,0,0,0,02 - Minor,1,,1,,,367252.6964,5029796.554,45.40532007,-75.70219946,8603
20--8661,11/14/2020,9:20 PM,HWY417 IC118 RAMP67 btwn HWY417 IC118 RAMP64 & HIGHWAY 417 (__3ZAY9L),__3ZAY9L,01 - Non intersection,03 - P.D. only,04 - Sideswipe,01 - Clear,07 - Dark,01 - Dry,10 - No control,,2,0,0,0,,0,,,,,369700.1813,5031160.596,45.41737058,-75.67075775,8604
20--8662,11/15/2020,11:34 AM,BRONSON AVE @ POWELL AVE (0007212),7212,03 - At intersection,03 - P.D. only,02 - Angle,02 - Rain,01 - Daylight,02 - Wet,01 - Traffic signal,01 - Functioning,2,0,0,0,,0,,,,,367387.8911,5029477.207,45.40243461,-75.70051312,8605
20--8663,11/15/2020,12:53 PM,OTTAWA RIVER PKWY @ ISLAND PARK DR (0002127),2127,03 - At intersection,02 - Non-fatal injury,05 - Turning movement,01 - Clear,01 - Daylight,02 - Wet,01 - Traffic signal,01 - Functioning,2,0,0,0,02 - Minor,3,2,1,,,363298.6954,5029453.563,45.40257552,-75.75274597,8606
20--8664,11/15/2020,2:10 PM,BANK ST btwn RIVERSIDE DR & BILLINGS TRANSIT (__3ZA3NMA),__3ZA3NMA,01 - Non intersection,02 - Non-fatal injury,03 - Rear end,02 - Rain,01 - Daylight,02 - Wet,10 - No control,,2,0,0,0,02 - Minor,1,,1,,,369375.2286,5027817.988,45.38732501,-75.67534699,8607
20--8665,11/15/2020,2:12 PM,BANK ST btwn CHESLEY ST & RIVERDALE AVE (__3ZA3BV),__3ZA3BV,01 - Non intersection,02 - Non-fatal injury,99 - Other,02 - Rain,01 - Daylight,02 - Wet,10 - No control,,2,0,0,0,02 - Minor,1,,1,,,369049.6011,5028147.235,45.39031741,-75.6794621,8608
20--8666,11/15/2020,2:45 PM,PINECREST RD/HWY 417 PINECRE IC129R63 @ TRANSI (0008264),8264,02 - Intersection related,03 - P.D. only,03 - Rear end,01 - Clear,01 - Daylight,01 - Dry,01 - Traffic signal,01 - Functioning,2,0,0,0,,0,,,,,360388.0835,5023677.836,45.35084306,-75.79057294,8609
20--8667,11/15/2020,3:00 PM,INNES RD @ WILDFLOWER DR (0012871),12871,02 - Intersection related,03 - P.D. only,02 - Angle,02 - Rain,01 - Daylight,02 - Wet,01 - Traffic signal,01 - Functioning,2,0,0,0,,0,,,,,382936.7561,5035690.556,45.45677445,-75.50093609,8610
20--8668,11/15/2020,4:10 PM,ST. LAURENT BLVD @ JOLIFFE ST (0008914),8914,02 - Intersection related,03 - P.D. only,03 - Rear end,01 - Clear,01 - Daylight,01 - Dry,01 - Traffic signal,01 - Functioning,2,0,0,0,,0,,,,,373751.7257,5028417.552,45.39230245,-75.61937993,8611
20--8669,11/15/2020,5:15 PM,ROGER STEVENS DR btwn DWYER HILL RD & MALAKOFF RD (__3ZA4ZQ),__3ZA4ZQ,01 - Non intersection,03 - P.D. only,07 - SMV other,02 - Rain,07 - Dark,02 - Wet,10 - No control,,1,0,0,0,,0,,,,,361853.9293,4995799.508,45.0998721,-75.77506254,8612
20--867,1/18/2020,8:20 PM,KING EDWARD AVE @ TEMPLETON ST (0007695),7695,02 - Intersection related,03 - P.D. only,03 - Rear end,03 - Snow,07 - Dark,03 - Loose snow,01 - Traffic signal,01 - Functioning,2,0,0,0,,0,,,,,369059.7167,5031507.589,45.42055181,-75.67889499,8613
20--8670,11/15/2020,6:01 PM,FRANK NIGHBOR PL @ SILVER SEVEN RD (0009107),9107,03 - At intersection,03 - P.D. only,99 - Other,02 - Rain,07 - Dark,02 - Wet,02 - Stop sign,01 - Functioning,2,0,0,0,,0,,,,,350759.8058,5018219.859,45.30242799,-75.9139506,8614
20--8671,11/15/2020,6:06 PM,MAITLAND AVE btwn CAMEO DR & CLYDE AVE (__3ZA4I2),__3ZA4I2,01 - Non intersection,03 - P.D. only,07 - SMV other,02 - Rain,07 - Dark,02 - Wet,10 - No control,,1,0,0,0,,0,,,,,364204.5518,5025153.716,45.36380994,-75.74169314,8615
20--8672,11/15/2020,6:10 PM,GREENBANK RD @ MEADOWBANK DR (0001123),1123,02 - Intersection related,03 - P.D. only,03 - Rear end,01 - Clear,07 - Dark,01 - Dry,02 - Stop sign,01 - Functioning,2,0,0,0,,0,,,,,360765.6837,5022186.501,45.33739402,-75.78592303,8616
20--8673,11/15/2020,6:26 PM,MEADOWLANDS DR @ MERIVALE RD (0000625),625,03 - At intersection,03 - P.D. only,05 - Turning movement,02 - Rain,07 - Dark,02 - Wet,01 - Traffic signal,01 - Functioning,2,0,0,0,,0,,,,,364858.7012,5023725.496,45.35090329,-75.73351711,8617
20--8674,11/15/2020,6:30 PM,BANK ST btwn JOHN QUINN RD & TURN LANE (__3ZA277),__3ZA277,01 - Non intersection,03 - P.D. only,07 - SMV other,02 - Rain,07 - Dark,02 - Wet,10 - No control,,1,0,0,0,,0,,,,,383575.3827,5010440.877,45.2295239,-75.49679258,8618
20--8675,11/15/2020,7:18 PM,"MONTREAL RD btwn EGLISE, RUE DE L & ST. LAURENT BLVD (__3ZA3ML)",__3ZA3ML,01 - Non intersection,02 - Non-fatal injury,07 - SMV other,01 - Clear,07 - Dark,02 - Wet,10 - No control,,1,0,0,0,02 - Minor,1,,1,,,371489.0181,5033790.767,45.44086746,-75.64754777,8619
20--8676,11/15/2020,7:22 PM,MARGUERITE AVE @ MCARTHUR AVE (0009201),9201,02 - Intersection related,02 - Non-fatal injury,07 - SMV other,02 - Rain,07 - Dark,02 - Wet,01 - Traffic signal,01 - Functioning,1,0,0,1,02 - Minor,2,1,1,,,370030.7135,5032670.576,45.43092604,-75.66633497,8620
20--8677,11/16/2020,10:32 AM,MONTREAL RD @ VANIER PKWY (0004630),4630,02 - Intersection related,03 - P.D. only,03 - Rear end,01 - Clear,01 - Daylight,01 - Dry,01 - Traffic signal,01 - Functioning,2,0,0,0,,0,,,,,370072.7001,5033065.597,45.43447636,-75.66574606,8621
20--8678,11/16/2020,Unknown,TYBALT CRES btwn TARQUIN CRES & TARQUIN CRES (__3ZABFK),__3ZABFK,01 - Non intersection,03 - P.D. only,06 - SMV unattended vehicle,01 - Clear,00 - Unknown,01 - Dry,10 - No control,,1,0,0,0,,0,,,,,357125.9837,5019969.637,45.31772735,-75.83259369,8622
20--8679,11/16/2020,Unknown,FIFTH AVE btwn HOWICK PL & RUPERT ST (__3ZA923),__3ZA923,01 - Non intersection,03 - P.D. only,06 - SMV unattended vehicle,01 - Clear,00 - Unknown,01 - Dry,10 - No control,,1,0,0,0,,0,,,,,368545.1606,5029487.109,45.40241928,-75.68573056,8623
20--868,1/18/2020,8:23 AM,HUNT CLUB RD @ DOWNPATRICK RD/MCCARTHY RD (0006931),6931,02 - Intersection related,03 - P.D. only,03 - Rear end,01 - Clear,01 - Daylight,01 - Dry,01 - Traffic signal,01 - Functioning,3,0,0,0,,0,,,,,370507.7199,5023400.509,45.34747262,-75.66147365,8624
20--8680,11/16/2020,12:15 PM,DALY AVE btwn KING EDWARD AVE & NELSON ST (__3ZA8Z8),__3ZA8Z8,01 - Non intersection,03 - P.D. only,06 - SMV unattended vehicle,01 - Clear,01 - Daylight,01 - Dry,10 - No control,,1,0,0,0,,0,,,,,368713.543,5032347.745,45.42814294,-75.6832089,8625
20--8681,11/16/2020,12:20 PM,INDUSTRIAL AVE btwn NEIGHBORHOOD WAY & TRAINYARDS DR (__6N4VKM),__6N4VKM,04 - At/near private drive,02 - Non-fatal injury,05 - Turning movement,01 - Clear,01 - Daylight,01 - Dry,10 - No control,,2,0,0,0,01 - Minimal,2,2,,,,371567.697,5030551.534,45.41171478,-75.64698128,8626
20--8682,11/16/2020,2:15 PM,CAYMAN RD btwn CAMPOBELLO DR & GRENADINE ST (__7JQ6FH),__7JQ6FH,04 - At/near private drive,03 - P.D. only,02 - Angle,01 - Clear,01 - Daylight,01 - Dry,10 - No control,,2,0,0,0,,0,,,,,349686.347,5016457.269,45.28663707,-75.92779748,8627
20--8683,11/16/2020,2:30 PM,HAIG DR @ SMYTH RD (0007736),7736,03 - At intersection,03 - P.D. only,02 - Angle,01 - Clear,01 - Daylight,01 - Dry,01 - Traffic signal,01 - Functioning,2,0,0,0,,0,,,,,372564.7263,5029298.548,45.40034514,-75.63441697,8628
20--8684,11/16/2020,3:35 PM,DEERTAIL LANE btwn MARSHWOOD RD & MARSHWOOD RD (__5Z14KY),__5Z14KY,01 - Non intersection,03 - P.D. only,07 - SMV other,01 - Clear,01 - Daylight,01 - Dry,10 - No control,,1,0,0,0,,0,,,,,331449.8305,5020846.391,45.32706101,-76.16003156,8629
20--8685,11/16/2020,4:00 PM,HIGHWAY 417 btwn HWY417 IC163 RAMP16 & HWY417 IC169 RAMP61 (__5SPO79),__5SPO79,01 - Non intersection,03 - P.D. only,03 - Rear end,01 - Clear,01 - Daylight,01 - Dry,10 - No control,,2,0,0,0,,0,,,,,328524.7051,5022790.757,45.3446625,-76.19725323,8630
20--8686,11/16/2020,4:57 PM,ST. JOSEPH BLVD/OLD MONTREAL RD @ TRIM RD (0004118),4118,03 - At intersection,03 - P.D. only,02 - Angle,01 - Clear,05 - Dusk,01 - Dry,11 - Roundabout,01 - Functioning,2,0,0,0,,0,,,,,384682.5744,5039285.718,45.48892287,-75.47803292,8631
20--8687,11/16/2020,4:58 PM,BOUNDARY RD btwn DEVINE RD & PARKWAY RD (__3ZA3X5),__3ZA3X5,01 - Non intersection,03 - P.D. only,07 - SMV other,01 - Clear,07 - Dark,01 - Dry,10 - No control,,1,0,0,0,,0,,,,,388765.8465,5020396.449,45.31849669,-75.4290194,8632
20--8688,11/16/2020,5:57 PM,HIRAM DR btwn BARFIELD RD & MCKEOWN DR (__53TXS1),__53TXS1,01 - Non intersection,03 - P.D. only,01 - Approaching,01 - Clear,07 - Dark,01 - Dry,10 - No control,,2,0,0,0,,0,,,,,377092.423,5013391.386,45.25676694,-75.5789132,8633
20--8689,11/16/2020,6:00 PM,KNOXDALE RD @ WEST HUNT CLUB RD (0005165),5165,02 - Intersection related,03 - P.D. only,03 - Rear end,02 - Rain,07 - Dark,02 - Wet,01 - Traffic signal,01 - Functioning,2,0,0,0,,0,,,,,361863.6781,5020584.477,45.3228906,-75.77209931,8634
20--869,1/18/2020,8:30 PM,REGIONAL ROAD 174 btwn TRANSIT & OR174 IC109 RAMP54 (__3ZAZ6V),__3ZAZ6V,01 - Non intersection,03 - P.D. only,07 - SMV other,03 - Snow,07 - Dark,03 - Loose snow,10 - No control,,1,0,0,0,,0,,,,,376325.0669,5034662.252,45.4482305,-75.58561196,8635
20--8690,11/16/2020,6:40 AM,HIGHWAY 417 btwn RAMP & HWY417 IC129 RAMP76 (__3ZA2X8),__3ZA2X8,01 - Non intersection,03 - P.D. only,07 - SMV other,01 - Clear,07 - Dark,01 - Dry,10 - No control,,1,0,0,0,,0,,,,,359852.535,5023169.553,45.34631177,-75.79746379,8636
20--8691,11/16/2020,6:55 PM,BANK ST btwn CAHILL DR & TURN LANE (1) (__3ZA3HV),__3ZA3HV,04 - At/near private drive,03 - P.D. only,02 - Angle,01 - Clear,07 - Dark,01 - Dry,10 - No control,,2,0,0,0,,0,,,,,371501.6254,5024136.11,45.35399751,-75.64869214,8637
20--8692,11/16/2020,6:58 PM,BOUNDARY RD @ THUNDER RD (0004215),4215,02 - Intersection related,03 - P.D. only,07 - SMV other,01 - Clear,07 - Dark,01 - Dry,01 - Traffic signal,01 - Functioning,1,0,0,0,,0,,,,,387598.2043,5023364.131,45.34533609,-75.44341366,8638
20--8693,11/16/2020,7:00 AM,HUNTERSFIELD DR btwn BURLINGTON CRES & BURLINGTON CRES (__3ZA8MO),__3ZA8MO,04 - At/near private drive,03 - P.D. only,06 - SMV unattended vehicle,01 - Clear,03 - Dawn,01 - Dry,10 - No control,,1,0,0,0,,0,,,,,373343.5193,5025286.972,45.36417489,-75.62502731,8639
20--8694,11/16/2020,7:05 AM,HIGHWAY 417 btwn RAMP & HWY417 IC129 RAMP76 (__3ZA2X8),__3ZA2X8,01 - Non intersection,03 - P.D. only,07 - SMV other,01 - Clear,03 - Dawn,01 - Dry,10 - No control,,1,0,0,0,,0,,,,,359869.2243,5023173.946,45.34634999,-75.79725034,8640
20--8695,11/16/2020,7:55 PM,OLMSTEAD ST btwn GLADU ST & MCARTHUR AVE (__3ZA7BO),__3ZA7BO,01 - Non intersection,03 - P.D. only,06 - SMV unattended vehicle,01 - Clear,07 - Dark,01 - Dry,10 - No control,,1,0,0,0,,0,,,,,370477.6374,5032782.036,45.43188708,-75.66060892,8641
20--8158,10/29/2020,12:30 PM,JEANNE D'ARC BLVD @ OR174 IC105 RAMP52 (0012417),12417,02 - Intersection related,03 - P.D. only,03 - Rear end,01 - Clear,01 - Daylight,01 - Dry,01 - Traffic signal,01 - Functioning,2,0,0,0,,0,,,,,379455.7391,5036917.577,45.46819485,-75.545252,8642
20--8257,11/1/2020,2:52 PM,DALY AVE btwn MACKENZIE AVE & NICHOLAS ST (__3ZA8JX),__3ZA8JX,01 - Non intersection,03 - P.D. only,03 - Rear end,02 - Rain,01 - Daylight,02 - Wet,10 - No control,,2,0,0,0,,0,,,,,368008.0082,5031909.271,45.42426182,-75.69228074,8643
20--8340,11/4/2020,3:45 PM,SHEFFIELD RD @ WALKLEY RD (0005156),5156,02 - Intersection related,03 - P.D. only,03 - Rear end,01 - Clear,01 - Daylight,01 - Dry,01 - Traffic signal,01 - Functioning,2,0,0,0,,0,,,,,375257.7349,5028784.542,45.39545454,-75.60009581,8644
20--8983,11/24/2020,8:03 PM,CARLING AVE @ PINECREST  RD/GREENVIEW AVE (0001630),1630,03 - At intersection,03 - P.D. only,04 - Sideswipe,01 - Clear,07 - Dark,01 - Dry,01 - Traffic signal,01 - Functioning,2,0,0,0,,0,,,,,360006.6791,5024632.528,45.35946349,-75.79533352,8645