Anom_ID,Accident_Date,Accident_Time,Location,Geo_ID,Accident_Location,Classification_of_Accident,Initial_Impact_Type,Environment_Condition,Light,Road_Surface_Condition,Traffic_Control,Traffic_Control_Condition,No__of_Vehicles,No__of_Bicycles,No__of_Motorcycles,No__of_Pedestrians,Max_Injury,No__of_Injuries,No__of_Minimal,No__of_Minor,No__of_Major,No__of_Fatal,X,Y,Latitude,Longitude,ObjectId
20--8341,11/4/2020,5:22 PM,BANK ST @ CAHILL DR/DAZE ST (0012178),12178,03 - At intersection,03 - P.D. only,05 - Turning movement,01 - Clear,07 - Dark,01 - Dry,01 - Traffic signal,01 - Functioning,2,0,0,0,,0,,,,,371306.8018,5024316.73,45.35564117,-75.65115408,8646
20--8258,11/1/2020,3:26 PM,FORWARD AVE btwn EMMERSON AVE & BURNSIDE AVE (__3ZA153),__3ZA153,01 - Non intersection,03 - P.D. only,99 - Other,01 - Clear,01 - Daylight,01 - Dry,10 - No control,,2,0,0,0,,0,,,,,364821.8723,5030232.105,45.40945172,-75.73319608,8647
20--8342,11/4/2020,5:22 PM,HIGHWAY 417 btwn HWY417 IC124 RAMP65 & HWY417 IC122 RAMP51 (__3ZA2R8),__3ZA2R8,01 - Non intersection,03 - P.D. only,03 - Rear end,01 - Clear,07 - Dark,01 - Dry,10 - No control,,2,0,0,0,,0,,,,,364721.4793,5027925.254,45.38870376,-75.73475878,8648
20--8984,11/24/2020,8:10 AM,TRIM RD @ DAIRY DR/TAYLOR CREEK DR (0012921),12921,03 - At intersection,03 - P.D. only,02 - Angle,01 - Clear,01 - Daylight,01 - Dry,11 - Roundabout,01 - Functioning,2,0,0,0,,0,,,,,384535.0353,5039595.362,45.49172562,-75.47986985,8649
20--8259,11/1/2020,4:44 PM,BAYSHORE DR @ WOODRIDGE CRES S (0000360),360,02 - Intersection related,03 - P.D. only,03 - Rear end,02 - Rain,05 - Dusk,02 - Wet,01 - Traffic signal,01 - Functioning,2,0,0,0,,0,,,,,359233.667,5023509.51,45.34941901,-75.80532328,8650
20--8343,11/4/2020,5:36 PM,HIGHWAY 417 btwn HWY417 IC121A RAMP16 & HWY417 IC121A RAMP61 (__3ZA2YY),__3ZA2YY,01 - Non intersection,03 - P.D. only,03 - Rear end,01 - Clear,07 - Dark,01 - Dry,10 - No control,,3,0,0,0,,0,,,,,367276.2273,5029765.256,45.40503636,-75.70190286,8651
20--8985,11/24/2020,8:37 PM,BASELINE RD/HERON RD @ PRINCE OF WALES DR (0002345),2345,02 - Intersection related,03 - P.D. only,03 - Rear end,01 - Clear,07 - Dark,01 - Dry,01 - Traffic signal,01 - Functioning,2,0,0,0,,0,,,,,366873.7297,5026438.535,45.37513918,-75.7074625,8652
20--8986,11/24/2020,9:16 AM,RIVERGATE WAY @ RIVERSIDE DR (0007177),7177,02 - Intersection related,03 - P.D. only,03 - Rear end,01 - Clear,01 - Daylight,01 - Dry,01 - Traffic signal,01 - Functioning,2,0,0,0,,0,,,,,368116.7036,5023242.512,45.34627092,-75.69200362,8653
20--8987,11/24/2020,9:30 AM,BLACKBURN AVE @ OSGOODE ST (0007956),7956,02 - Intersection related,03 - P.D. only,03 - Rear end,01 - Clear,01 - Daylight,01 - Dry,02 - Stop sign,01 - Functioning,2,0,0,0,,0,,,,,369296.7112,5032126.585,45.42609949,-75.67578597,8654
20--8988,11/25/2020,1:00 PM,FOURTH LINE RD btwn DILWORTH RD & DONNELLY DR (__3ZA30I),__3ZA30I,01 - Non intersection,03 - P.D. only,07 - SMV other,01 - Clear,01 - Daylight,04 - Slush,10 - No control,,1,0,0,0,,0,,,,,371868.2632,4993316.257,45.07664906,-75.64816386,8655
20--8989,11/25/2020,1:10 PM,HIGHWAY 417 btwn HWY417 IC123 RAMP62 & HWY417 IC122 RAMP16 (__3ZA2R9),__3ZA2R9,01 - Non intersection,03 - P.D. only,07 - SMV other,03 - Snow,01 - Daylight,03 - Loose snow,10 - No control,,1,0,0,0,,0,,,,,365045.1891,5028562.221,45.39440729,-75.73054737,8656
20--899,1/19/2020,12:04 PM,CUMBERLAND ST @ ST. PATRICK ST (0008238),8238,03 - At intersection,03 - P.D. only,05 - Turning movement,01 - Clear,01 - Daylight,04 - Slush,01 - Traffic signal,01 - Functioning,2,0,0,0,,0,,,,,368128.7117,5032748.581,45.43180272,-75.69063052,8657
20--8990,11/25/2020,10:00 AM,INDUSTRIAL AVE/INNES RD @ ST. LAURENT BLVD (0002203),2203,02 - Intersection related,03 - P.D. only,03 - Rear end,03 - Snow,01 - Daylight,04 - Slush,01 - Traffic signal,01 - Functioning,2,0,0,0,,0,,,,,373099.7184,5030005.567,45.40665458,-75.62748619,8658
20--8991,11/25/2020,10:00 AM,HAZELDEAN RD @ TERRY FOX DR (0003682),3682,02 - Intersection related,03 - P.D. only,03 - Rear end,03 - Snow,01 - Daylight,03 - Loose snow,01 - Traffic signal,01 - Functioning,2,0,0,0,,0,,,,,352207.6015,5017242.446,45.29353676,-75.89558372,8659
20--8992,11/25/2020,10:00 AM,FISHER AVE btwn HOLLAND AVE & CRERAR AVE (__3ZA4ND),__3ZA4ND,01 - Non intersection,03 - P.D. only,03 - Rear end,01 - Clear,01 - Daylight,01 - Dry,10 - No control,,2,0,0,0,,0,,,,,365440.8119,5027725.607,45.38684547,-75.72559775,8660
20--8993,11/25/2020,10:19 AM,ST. JOSEPH BLVD @ JEANNE D'ARC BLVD (0012421),12421,03 - At intersection,03 - P.D. only,02 - Angle,01 - Clear,01 - Daylight,01 - Dry,11 - Roundabout,01 - Functioning,2,0,0,0,,0,,,,,379860.7239,5036471.575,45.46413866,-75.54014162,8661
20--8994,11/25/2020,10:20 AM,HIGHWAY 417 btwn REGIONAL ROAD 174 & HWY417 IC113 RAMP62 (__3ZA280),__3ZA280,01 - Non intersection,03 - P.D. only,99 - Other,03 - Snow,01 - Daylight,03 - Loose snow,10 - No control,,3,0,0,0,,0,,,,,373392.5114,5031784.886,45.4226354,-75.62349862,8662
20--8995,11/25/2020,10:44 AM,HAZEL ST @ MAIN ST (0007202),7202,02 - Intersection related,03 - P.D. only,03 - Rear end,03 - Snow,01 - Daylight,03 - Loose snow,01 - Traffic signal,01 - Functioning,2,0,0,0,,0,,,,,369166.7161,5030173.551,45.40853878,-75.67770213,8663
20--8996,11/25/2020,10:44 AM,GREENBANK RD @ LISA AVE (0002753),2753,02 - Intersection related,03 - P.D. only,03 - Rear end,03 - Snow,01 - Daylight,04 - Slush,01 - Traffic signal,01 - Functioning,2,0,0,0,,0,,,,,360554.6769,5022893.497,45.34377236,-75.78853542,8664
20--8997,11/25/2020,10:45 AM,HIGHWAY 417 btwn HWY417 IC122 RAMP16 & HWY417 IC122 RAMP61 (__3ZA2RA),__3ZA2RA,01 - Non intersection,03 - P.D. only,07 - SMV other,03 - Snow,01 - Daylight,03 - Loose snow,10 - No control,,1,0,0,0,,0,,,,,365418.4424,5028953.247,45.39789344,-75.72573256,8665
20--8998,11/25/2020,10:50 AM,PRINCE OF WALES DR @ STRANDHERD DR (0013339),13339,03 - At intersection,03 - P.D. only,02 - Angle,03 - Snow,01 - Daylight,03 - Loose snow,01 - Traffic signal,01 - Functioning,2,0,0,0,,0,,,,,367175.2925,5014824.193,45.27060834,-75.70507551,8666
20--8999,11/25/2020,10:55 AM,RIVERSIDE DR @ WALKLEY RD (0002158),2158,02 - Intersection related,03 - P.D. only,03 - Rear end,03 - Snow,01 - Daylight,04 - Slush,01 - Traffic signal,01 - Functioning,2,0,0,0,,0,,,,,368418.7208,5024853.527,45.36073912,-75.68794262,8667
20--90,1/3/2020,8:17 PM,ALBERT ST @ BANK ST (0002115),2115,03 - At intersection,03 - P.D. only,02 - Angle,01 - Clear,07 - Dark,02 - Wet,01 - Traffic signal,01 - Functioning,2,0,0,0,,0,,,,,367385.6892,5031423.611,45.41994796,-75.70029411,8668
20--900,1/19/2020,12:04 PM,ALDERGROVE WAY @ OLD PRESCOTT RD (0005864),5864,02 - Intersection related,03 - P.D. only,99 - Other,03 - Snow,01 - Daylight,03 - Loose snow,02 - Stop sign,01 - Functioning,2,0,0,0,,0,,,,,377678.7538,5014171.428,45.26372499,-75.57132925,8669
20--9000,11/25/2020,11:00 AM,LAKE FOREST WALK @ OLD PRESCOTT RD (0011661),11661,02 - Intersection related,03 - P.D. only,07 - SMV other,04 - Freezing Rain,01 - Daylight,06 - Ice,02 - Stop sign,00 - Unknown,1,0,0,0,,0,,,,,377556.8596,5014456.467,45.26630228,-75.57284056,8670
20--9001,11/25/2020,11:00 AM,HIGHWAY 417 btwn HWY417 IC121B RAMP51 & HWY417 IC121A RAMP51 (__3ZA2YW),__3ZA2YW,01 - Non intersection,03 - P.D. only,07 - SMV other,03 - Snow,01 - Daylight,03 - Loose snow,10 - No control,,1,0,0,0,,0,,,,,366595.8369,5029519.655,45.40288691,-75.71062439,8671
20--9002,11/25/2020,11:00 AM,HIGHWAY 417 btwn Continuation of HIGHWAY 417 & HWY417 IC134 RAMP51 (__3ZA29B),__3ZA29B,01 - Non intersection,03 - P.D. only,07 - SMV other,03 - Snow,01 - Daylight,04 - Slush,10 - No control,,1,0,0,0,,0,,,,,354003.8297,5020827.586,45.32567307,-75.87232835,8672
20--9003,11/25/2020,11:00 AM,HIGHWAY 417 btwn HWY417 IC117 RAMP26 & HWY417 IC117 RAMP61 (__3ZA2YM),__3ZA2YM,01 - Non intersection,03 - P.D. only,04 - Sideswipe,03 - Snow,01 - Daylight,03 - Loose snow,10 - No control,,2,0,0,0,,0,,,,,370881.1621,5031239.519,45.41797015,-75.65565918,8673
20--9004,11/25/2020,11:10 AM,BASELINE RD @ GREENBANK RD (0002357),2357,02 - Intersection related,03 - P.D. only,03 - Rear end,03 - Snow,01 - Daylight,02 - Wet,01 - Traffic signal,01 - Functioning,2,0,0,0,,0,,,,,360597.681,5022584.504,45.34098863,-75.78802156,8674
20--9005,11/25/2020,11:13 AM,COLONNADE RD @ PRINCE OF WALES DR (0005249),5249,02 - Intersection related,03 - P.D. only,07 - SMV other,03 - Snow,01 - Daylight,03 - Loose snow,01 - Traffic signal,01 - Functioning,1,0,0,0,,0,,,,,367394.7166,5023266.529,45.34655183,-75.70121309,8675
20--9006,11/25/2020,11:15 AM,BASELINE RD @ CLYDE AVE (0002343),2343,02 - Intersection related,03 - P.D. only,03 - Rear end,03 - Snow,01 - Daylight,03 - Loose snow,01 - Traffic signal,01 - Functioning,2,0,0,0,,0,,,,,364358.6973,5024890.499,45.36142847,-75.73975735,8676
20--9007,11/25/2020,11:32 AM,JINKINSON RD btwn FERNBANK RD & HAZELDEAN RD (__7JQ7K3),__7JQ7K3,01 - Non intersection,03 - P.D. only,07 - SMV other,01 - Clear,01 - Daylight,04 - Slush,10 - No control,,1,0,0,0,,0,,,,,346888.734,5012256.463,45.2490096,-75.96381529,8677
20--9008,11/25/2020,11:39 AM,INNES RD btwn PRESTWICK DR & TENTH LINE RD (__3ZA3Y7),__3ZA3Y7,01 - Non intersection,03 - P.D. only,04 - Sideswipe,03 - Snow,01 - Daylight,06 - Ice,10 - No control,,2,0,0,0,,0,,,,,383592.6129,5036010.136,45.45957609,-75.49250033,8678
20--9009,11/25/2020,11:40 AM,HIGHWAY 417 btwn HWY417 IC124 RAMP65 & HWY417 IC122 RAMP51 (__3ZA2R8),__3ZA2R8,01 - Non intersection,03 - P.D. only,04 - Sideswipe,03 - Snow,01 - Daylight,03 - Loose snow,10 - No control,,2,0,0,0,,0,,,,,364837.1151,5028146.479,45.3906844,-75.73325525,8679
20--901,1/19/2020,12:05 PM,FOURTH AVE @ O'CONNOR ST (0007400),7400,02 - Intersection related,03 - P.D. only,03 - Rear end,03 - Snow,01 - Daylight,03 - Loose snow,02 - Stop sign,01 - Functioning,2,0,0,0,,0,,,,,368678.7144,5029661.573,45.40397688,-75.68400215,8680
20--9010,11/25/2020,11:50 AM,LANCASTER RD btwn BARBERRY LANE & WALKLEY RD (__3ZA5L8),__3ZA5L8,04 - At/near private drive,03 - P.D. only,02 - Angle,03 - Snow,01 - Daylight,04 - Slush,10 - No control,,2,0,0,0,,0,,,,,374871.9425,5028699.981,45.39473241,-75.60503466,8681
20--9011,11/25/2020,11:51 PM,OTTAWA ROAD 29 btwn Continuation of OTTAWA ROAD 29 & GALETTA SIDE RD (__3ZBPH0),__3ZBPH0,01 - Non intersection,02 - Non-fatal injury,07 - SMV other,04 - Freezing Rain,07 - Dark,06 - Ice,10 - No control,,1,0,0,0,02 - Minor,1,,1,,,319547.4364,5028251.234,45.3940453,-76.31164675,8682
20--9012,11/25/2020,11:55 AM,RIVERSIDE DR SB btwn SAN REMO PRIV & TERMINAL AVE (__3ZA253),__3ZA253,01 - Non intersection,03 - P.D. only,03 - Rear end,01 - Clear,01 - Daylight,01 - Dry,10 - No control,,2,0,0,0,,0,,,,,370465.4345,5030411.697,45.41056088,-75.66108079,8683
20--9013,11/25/2020,12:00 PM,TERRY FOX DR S @ DIDSBURY RD/CENTRUM KANATA SC (0011820),11820,02 - Intersection related,03 - P.D. only,07 - SMV other,01 - Clear,01 - Daylight,02 - Wet,01 - Traffic signal,01 - Functioning,1,0,0,0,,0,,,,,350623.4834,5018915.728,45.30869851,-75.91562447,8684
20--9014,11/25/2020,12:00 PM,HIGHWAY 417 btwn HWY417 IC138 RAMP61 & HWY417 IC134 RAMP36 (__3ZA20I),__3ZA20I,01 - Non intersection,03 - P.D. only,04 - Sideswipe,03 - Snow,01 - Daylight,03 - Loose snow,10 - No control,,2,0,0,0,,0,,,,,355320.9822,5021646.682,45.33294984,-75.85544348,8685
20--9015,11/25/2020,12:05 PM,ANDERSON RD/WEIR RD @ RENAUD RD (0003583),3583,02 - Intersection related,03 - P.D. only,07 - SMV other,03 - Snow,01 - Daylight,03 - Loose snow,11 - Roundabout,01 - Functioning,1,0,0,0,,0,,,,,377767.7468,5031503.567,45.4196616,-75.56763908,8686
20--9016,11/25/2020,12:35 PM,CONROY RD S @ DAVIDSON RD (0013695),13695,03 - At intersection,03 - P.D. only,02 - Angle,03 - Snow,01 - Daylight,04 - Slush,02 - Stop sign,01 - Functioning,2,0,0,0,,0,,,,,374593.746,5023467.508,45.34768076,-75.60932669,8687
20--9017,11/25/2020,12:39 PM,JEANNE D'ARC BLVD  S btwn YOUVILLE DR & ST. JOSEPH BLVD (__3ZA2BT),__3ZA2BT,01 - Non intersection,03 - P.D. only,04 - Sideswipe,03 - Snow,01 - Daylight,05 - Packed snow,10 - No control,,2,0,0,0,,0,,,,,379844.7739,5036497.467,45.46437333,-75.5403416,8688
20--9018,11/25/2020,12:45 PM,HIGHWAY 417 btwn HWY417 IC117 RAMP25 & HWY417 IC115 RAMP51 (__3ZA2R3),__3ZA2R3,01 - Non intersection,03 - P.D. only,07 - SMV other,03 - Snow,01 - Daylight,04 - Slush,10 - No control,,1,0,0,0,,0,,,,,371354.6868,5031380.481,45.41919359,-75.64959043,8689
20--9019,11/25/2020,12:55 PM,HIGHWAY 417 btwn HWY417 IC118 RAMP67 & HWY417 IC117 RAMP36 (__3ZA2YO),__3ZA2YO,01 - Non intersection,03 - P.D. only,04 - Sideswipe,03 - Snow,01 - Daylight,03 - Loose snow,10 - No control,,2,0,0,0,,0,,,,,370140.5082,5031112.82,45.41689972,-75.66513854,8690
20--902,1/19/2020,12:27 PM,INNES RD @ 215 W OF CYRVILLE RD/HOME DEPOT W (0012457),12457,03 - At intersection,03 - P.D. only,05 - Turning movement,01 - Clear,01 - Daylight,04 - Slush,01 - Traffic signal,01 - Functioning,2,0,0,0,,0,,,,,374863.8824,5031000.785,45.41543467,-75.60481066,8691
20--9020,11/25/2020,12:58 PM,HIGHWAY 417 btwn HWY417 IC117 RAMP61 & HWY417 IC115 RAMP36 (__3ZA2RZ),__3ZA2RZ,01 - Non intersection,03 - P.D. only,03 - Rear end,03 - Snow,01 - Daylight,04 - Slush,10 - No control,,2,0,0,0,,0,,,,,371252.6135,5031386.647,45.41925877,-75.6508937,8692
20--9021,11/25/2020,2:11 PM,APPLE ORCHARD RD btwn MANOTICK STATION RD & Continuation of APPLE ORCH (__6K49RL),__6K49RL,01 - Non intersection,03 - P.D. only,07 - SMV other,03 - Snow,01 - Daylight,04 - Slush,10 - No control,,1,0,0,0,,0,,,,,374619.9396,5011569.807,45.24062653,-75.61066737,8693
20--9022,11/25/2020,2:45 PM,HUNTMAR DR btwn PALLADIUM DR & MAPLE GROVE RD (__3ZA1EH),__3ZA1EH,04 - At/near private drive,02 - Non-fatal injury,03 - Rear end,01 - Clear,01 - Daylight,02 - Wet,10 - No control,,3,0,0,0,01 - Minimal,2,2,,,,349954.1243,5017058.829,45.29203294,-75.92432932,8694
20--9023,11/25/2020,2:46 PM,INNES RD @ PORTOBELLO BLVD (0009187),9187,03 - At intersection,03 - P.D. only,05 - Turning movement,01 - Clear,01 - Daylight,04 - Slush,01 - Traffic signal,01 - Functioning,3,0,0,0,,0,,,,,385631.7691,5036892.549,45.46728225,-75.46628532,8695
20--8159,10/29/2020,2:43 PM,TRAINYARDS DR btwn INDUSTRIAL AVE & Continuation of TRAINYARDS DR (__6N4UKO),__6N4UKO,04 - At/near private drive,03 - P.D. only,02 - Angle,01 - Clear,01 - Daylight,01 - Dry,10 - No control,,2,0,0,0,,0,,,,,371694.1698,5030616.265,45.41228513,-75.64535687,8696
20--9024,11/25/2020,3:17 PM,MILTON RD btwn PERRAULT RD & RUSSELL RD (__3ZBOGV),__3ZBOGV,01 - Non intersection,02 - Non-fatal injury,07 - SMV other,01 - Clear,01 - Daylight,02 - Wet,10 - No control,,1,0,0,0,02 - Minor,1,,1,,,388701.0285,5028130.837,45.38809145,-75.42853356,8697
20--9025,11/25/2020,3:20 PM,GREENBANK RD btwn JOCKVALE RD & CAMBRIAN RD (__3ZA2WE),__3ZA2WE,04 - At/near private drive,03 - P.D. only,02 - Angle,03 - Snow,01 - Daylight,03 - Loose snow,10 - No control,,2,0,0,0,,0,,,,,364293.5956,5013938.005,45.2628841,-75.74190334,8698
20--9026,11/25/2020,3:23 PM,WOODROFFE AVE btwn NAVAHO DR & Continuation of WOODROFFE AVE (__3ZBOCC),__3ZBOCC,01 - Non intersection,03 - P.D. only,07 - SMV other,03 - Snow,01 - Daylight,04 - Slush,10 - No control,,1,0,0,0,,0,,,,,362711.0589,5023484.371,45.3489143,-75.76095172,8699
20--9027,11/25/2020,3:23 PM,MITCH OWENS RD @ OLD PRESCOTT RD (0009275),9275,02 - Intersection related,03 - P.D. only,04 - Sideswipe,01 - Clear,01 - Daylight,01 - Dry,01 - Traffic signal,01 - Functioning,2,0,0,0,,0,,,,,377088.771,5015548.443,45.27617574,-75.57864579,8700
20--9028,11/25/2020,4:45 PM,HAWTHORNE RD btwn DAVIDSON RD & LEITRIM RD (__3ZBPIY),__3ZBPIY,01 - Non intersection,03 - P.D. only,03 - Rear end,"07 - Fog, mist, smoke, dust",05 - Dusk,02 - Wet,10 - No control,,4,0,0,0,,0,,,,,376850.3303,5023158.54,45.34467264,-75.58057795,8701
20--9029,11/25/2020,5:00 PM,SMYTH RD E/LANCASTER RD @ ST. LAURENT BLVD N/R (0002256),2256,02 - Intersection related,03 - P.D. only,03 - Rear end,02 - Rain,07 - Dark,02 - Wet,01 - Traffic signal,00 - Unknown,2,0,0,0,,0,,,,,373364.7259,5029424.551,45.40140096,-75.62418196,8702
20--903,1/19/2020,12:50 PM,HWY417 IC122 RAMP16 btwn HIGHWAY 417 & WESTMOUNT AVE (__3ZAY94),__3ZAY94,01 - Non intersection,03 - P.D. only,04 - Sideswipe,01 - Clear,01 - Daylight,05 - Packed snow,10 - No control,,2,0,0,0,,0,,,,,365164.3034,5028761.983,45.39619445,-75.72900174,8703
20--9030,11/25/2020,5:40 AM,STAGECOACH RD btwn EMPIRE GROVE ST & LAKESHORE DR (__3ZA3SG),__3ZA3SG,01 - Non intersection,03 - P.D. only,07 - SMV other,03 - Snow,07 - Dark,05 - Packed snow,10 - No control,,1,0,0,0,,0,,,,,376465.9243,5012085.527,45.24508133,-75.58708275,8704
20--9031,11/25/2020,5:40 PM,MAITLAND AVE btwn GARFIELD AVE & AGINCOURT RD (__3ZA4IG),__3ZA4IG,01 - Non intersection,03 - P.D. only,04 - Sideswipe,03 - Snow,07 - Dark,04 - Slush,10 - No control,,2,0,0,0,,0,,,,,363432.5458,5025465.544,45.36668073,-75.75151004,8705
20--9032,11/25/2020,5:49 AM,ERIC CZAPNIK WAY @ ST. JOSEPH BLVD (0014415),14415,02 - Intersection related,03 - P.D. only,02 - Angle,03 - Snow,07 - Dark,03 - Loose snow,02 - Stop sign,01 - Functioning,2,0,0,0,,0,,,,,383028.7471,5038712.587,45.48395369,-75.49927897,8706
20--9033,11/25/2020,5:52 PM,RUSSELL RD btwn TO BE DETERMINED & LEITRIM RD (2) (__3ZA3ZJ),__3ZA3ZJ,01 - Non intersection,03 - P.D. only,07 - SMV other,03 - Snow,07 - Dark,03 - Loose snow,10 - No control,,1,0,0,0,,0,,,,,382933.7243,5026354.974,45.37278067,-75.50245489,8707
20--9034,11/25/2020,6:00 AM,HIGHWAY 417 btwn HWY417 IC118 RAMP76 & HWY417 IC118 RAMP67 (__3ZA2YR),__3ZA2YR,01 - Non intersection,03 - P.D. only,04 - Sideswipe,03 - Snow,07 - Dark,03 - Loose snow,10 - No control,,2,0,0,0,,0,,,,,369284.5945,5030942.42,45.41544593,-75.67609578,8708
20--9035,11/25/2020,6:00 AM,HIGHWAY 417 btwn HWY417 IC118 RAMP67 & HWY417 IC117 RAMP36 (__3ZA2YO),__3ZA2YO,01 - Non intersection,03 - P.D. only,07 - SMV other,03 - Snow,07 - Dark,03 - Loose snow,10 - No control,,1,0,0,0,,0,,,,,369949.8519,5031139.317,45.41715591,-75.66757081,8709
20--9036,11/25/2020,6:00 PM,NAVAN RD btwn DIAMOND WAY & TENTH LINE RD (__3ZA3YY),__3ZA3YY,01 - Non intersection,03 - P.D. only,07 - SMV other,01 - Clear,07 - Dark,01 - Dry,10 - No control,,1,0,0,0,,0,,,,,385708.8989,5031844.161,45.4218527,-75.46612919,8710
20--9037,11/25/2020,6:10 PM,BRIAN COBURN BLVD @ TENTH LINE RD (0013966),13966,02 - Intersection related,03 - P.D. only,03 - Rear end,03 - Snow,07 - Dark,02 - Wet,01 - Traffic signal,01 - Functioning,2,0,0,0,,0,,,,,384428.3389,5035022.308,45.45059377,-75.48197576,8711
20--9038,11/25/2020,6:11 PM,DIAMONDVIEW RD @ THOMAS A. DOLAN PKWY (0002448),2448,03 - At intersection,03 - P.D. only,02 - Angle,02 - Rain,07 - Dark,04 - Slush,02 - Stop sign,01 - Functioning,2,0,0,0,,0,,,,,335556.5168,5025182.554,45.36591189,-76.1073746,8712
20--9039,11/25/2020,6:33 AM,REGIONAL ROAD 174 btwn MCTEER RD & CANAAN RD (__3ZA27S),__3ZA27S,01 - Non intersection,03 - P.D. only,07 - SMV other,03 - Snow,03 - Dawn,03 - Loose snow,10 - No control,,1,0,0,0,,0,,,,,395675.6111,5043378.792,45.52440181,-75.33666401,8713
20--904,1/19/2020,2:39 AM,BANK ST @ HERON RD (0002155),2155,03 - At intersection,03 - P.D. only,99 - Other,03 - Snow,07 - Dark,03 - Loose snow,01 - Traffic signal,01 - Functioning,2,0,0,0,,0,,,,,369995.7137,5026851.533,45.37857168,-75.66755161,8714
20--9040,11/25/2020,6:33 AM,REGIONAL ROAD 174 btwn OR174 IC112 RAMP36 & OR174 IC112 RAMP26 (__3ZAZFK),__3ZAZFK,01 - Non intersection,03 - P.D. only,04 - Sideswipe,03 - Snow,03 - Dawn,03 - Loose snow,10 - No control,,2,0,0,0,,0,,,,,374613.9323,5032703.353,45.43077845,-75.60776254,8715
20--9041,11/25/2020,6:45 AM,ALERT RD/AIRPORT PKWY/UPLANDS DR RAMP 62 @ LES (0003652),3652,03 - At intersection,03 - P.D. only,05 - Turning movement,03 - Snow,07 - Dark,05 - Packed snow,01 - Traffic signal,01 - Functioning,2,0,0,0,,0,,,,,371306.7057,5021353.782,45.32898148,-75.65155363,8716
20--9042,11/25/2020,6:52 AM,CEDARVIEW RD btwn HWY416 IC72 RAMP24 & WEST HUNT CLUB RD (__3ZAZEP),__3ZAZEP,01 - Non intersection,02 - Non-fatal injury,07 - SMV other,03 - Snow,03 - Dawn,05 - Packed snow,10 - No control,,1,0,0,1,02 - Minor,1,,1,,,359666.7332,5019643.212,45.31459621,-75.80022552,8717
20--9043,11/25/2020,6:52 AM,MAIN ST @ RIVERDALE AVE (0007229),7229,02 - Intersection related,03 - P.D. only,07 - SMV other,03 - Snow,03 - Dawn,03 - Loose snow,01 - Traffic signal,01 - Functioning,1,0,0,0,,0,,,,,369431.7432,5029532.492,45.40274633,-75.67440074,8718
20--9044,11/25/2020,6:57 AM,BOUNDARY RD @ INDCUM RD (0009366),9366,02 - Intersection related,02 - Non-fatal injury,01 - Approaching,05 - Drifting Snow,03 - Dawn,03 - Loose snow,02 - Stop sign,00 - Unknown,2,0,0,0,02 - Minor,1,,1,,,387908.3463,5022577.206,45.33821934,-75.43958881,8719
20--9045,11/25/2020,6:58 AM,ROBERTSON RD btwn MILL HILL RD & WESTCLIFFE RD (__3ZA41Y),__3ZA41Y,01 - Non intersection,03 - P.D. only,04 - Sideswipe,03 - Snow,03 - Dawn,04 - Slush,10 - No control,,2,0,0,0,,0,,,,,356327.1795,5020011.676,45.3181647,-75.84277721,8720
20--9046,11/25/2020,7:00 PM,HIGHWAY 417 btwn HWY417 IC110 RAMP55 & HWY417 IC104 RAMP51 (__3ZA2W8),__3ZA2W8,01 - Non intersection,03 - P.D. only,07 - SMV other,01 - Clear,07 - Dark,02 - Wet,10 - No control,,1,0,0,0,,0,,,,,375834.7718,5028375.761,45.39171824,-75.59278553,8721
20--9047,11/25/2020,7:25 AM,BLAIR RD @ OGILVIE RD (0004120),4120,02 - Intersection related,03 - P.D. only,03 - Rear end,03 - Snow,01 - Daylight,06 - Ice,01 - Traffic signal,01 - Functioning,2,0,0,0,,0,,,,,374507.7215,5033198.569,45.43524472,-75.60904966,8722
20--9048,11/25/2020,7:26 AM,GREENBANK RD @ STRANDHERD DR (0005563),5563,03 - At intersection,03 - P.D. only,02 - Angle,03 - Snow,03 - Dawn,03 - Loose snow,01 - Traffic signal,01 - Functioning,2,0,0,0,,0,,,,,363933.6838,5014784.417,45.27053048,-75.74638834,8723
20--9049,11/25/2020,8:00 AM,EAGLESON RD @ PERTH ST/RICHMOND RD (0009376),9376,02 - Intersection related,03 - P.D. only,03 - Rear end,03 - Snow,01 - Daylight,05 - Packed snow,01 - Traffic signal,01 - Functioning,2,0,0,0,,0,,,,,358015.6386,5007410.341,45.20464965,-75.8225924,8724
20--905,1/19/2020,2:43 AM,BASELINE RD @ WOODROFFE AVE (0002225),2225,03 - At intersection,02 - Non-fatal injury,02 - Angle,03 - Snow,07 - Dark,03 - Loose snow,01 - Traffic signal,01 - Functioning,2,0,0,0,02 - Minor,1,,1,,,362549.6907,5023770.506,45.35150222,-75.76297747,8725
20--9050,11/25/2020,8:02 AM,NIXON DR btwn RIVER RD & SNAKE ISLAND RD (__3ZA3T2),__3ZA3T2,01 - Non intersection,03 - P.D. only,01 - Approaching,03 - Snow,01 - Daylight,04 - Slush,10 - No control,,2,0,0,0,,0,,,,,373440.9254,5002705.622,45.16098378,-75.62690413,8726
20--9051,11/25/2020,8:05 AM,BRONSON AVE @ POWELL AVE (0007212),7212,03 - At intersection,03 - P.D. only,02 - Angle,03 - Snow,01 - Daylight,03 - Loose snow,01 - Traffic signal,01 - Functioning,2,0,0,0,,0,,,,,367387.8704,5029477.206,45.4024346,-75.70051338,8727