Anom_ID,Accident_Date,Accident_Time,Location,Geo_ID,Accident_Location,Classification_of_Accident,Initial_Impact_Type,Environment_Condition,Light,Road_Surface_Condition,Traffic_Control,Traffic_Control_Condition,No__of_Vehicles,No__of_Bicycles,No__of_Motorcycles,No__of_Pedestrians,Max_Injury,No__of_Injuries,No__of_Minimal,No__of_Minor,No__of_Major,No__of_Fatal,X,Y,Latitude,Longitude,ObjectId
20--8325,11/3/2020,7:16 AM,PRINCE OF WALES DR btwn HARTWELL LOCKS/548 N OF RIDEAUVIEW TER & FAIRC (__3ZA30ZB),__3ZA30ZB,01 - Non intersection,03 - P.D. only,07 - SMV other,03 - Snow,03 - Dawn,03 - Loose snow,10 - No control,,1,0,0,0,,0,,,,,367144.6439,5027017.504,45.38032455,-75.70393079,8810
20--8326,11/3/2020,7:58 AM,RIVERSIDE DR btwn OLD RIVERSIDE DR & RIVERGATE WAY (__3ZA36N),__3ZA36N,01 - Non intersection,02 - Non-fatal injury,07 - SMV other,01 - Clear,01 - Daylight,06 - Ice,10 - No control,,1,0,0,0,02 - Minor,1,,1,,,368058.0846,5023725.634,45.35062324,-75.6926898,8811
20--8327,11/3/2020,8:05 AM,GILMOUR ST @ O'CONNOR ST (0007286),7286,02 - Intersection related,03 - P.D. only,03 - Rear end,03 - Snow,01 - Daylight,06 - Ice,01 - Traffic signal,01 - Functioning,2,0,0,0,,0,,,,,367943.7089,5030868.571,45.41490375,-75.69323569,8812
20--8328,11/3/2020,8:18 AM,COLONIAL RD btwn LAFLEUR RD & BIRCHGROVE RD (__3ZA3KP),__3ZA3KP,01 - Non intersection,03 - P.D. only,07 - SMV other,01 - Clear,01 - Daylight,01 - Dry,10 - No control,,1,0,0,0,,0,,,,,397294.4302,5035040.553,45.44917365,-75.31751604,8813
20--8329,11/3/2020,8:50 AM,BANK ST @ RIVERSIDE DR N (0010778),10778,02 - Intersection related,03 - P.D. only,03 - Rear end,03 - Snow,01 - Daylight,06 - Ice,01 - Traffic signal,01 - Functioning,2,0,0,0,,0,,,,,369225.7164,5027983.543,45.38882839,-75.67723452,8814
20--833,1/18/2020,12:45 PM,REGIONAL ROAD 174 EB btwn HWY417 IC113 RAMP65 & OR174 BLAIR IC112 RAMP51 (__3ZAZFJ),__3ZAZFJ,01 - Non intersection,03 - P.D. only,04 - Sideswipe,01 - Clear,01 - Daylight,01 - Dry,10 - No control,,2,0,0,0,,0,,,,,374140.0889,5032320.578,45.42738158,-75.61387152,8815
20--8330,11/3/2020,9:30 AM,GREENFIELD AVE @ MAIN ST (0002695),2695,03 - At intersection,02 - Non-fatal injury,07 - SMV other,01 - Clear,01 - Daylight,02 - Wet,01 - Traffic signal,01 - Functioning,1,0,0,1,02 - Minor,1,,1,,,368891.7144,5030816.574,45.41434971,-75.68113136,8816
20--8331,11/3/2020,9:42 AM,BANK ST @ CHAMBERLAIN AVE N/ISABELLA ST (0002132),2132,02 - Intersection related,03 - P.D. only,04 - Sideswipe,01 - Clear,01 - Daylight,05 - Packed snow,01 - Traffic signal,01 - Functioning,2,0,0,0,,0,,,,,368082.7133,5030166.565,45.40857477,-75.69154999,8817
20--8332,11/4/2020,1:05 PM,MERIVALE RD @ WEST HUNT CLUB RD (0000584),584,02 - Intersection related,03 - P.D. only,04 - Sideswipe,01 - Clear,01 - Daylight,01 - Dry,01 - Traffic signal,01 - Functioning,2,0,0,0,,0,,,,,365612.689,5021942.503,45.33479519,-75.72411461,8818
20--8333,11/4/2020,1:09 PM,ST. LAURENT BLVD btwn 125 N OF QUEEN MARY ST & QUEEN MARY ST (__3ZA2CFB),__3ZA2CFB,01 - Non intersection,02 - Non-fatal injury,07 - SMV other,01 - Clear,01 - Daylight,01 - Dry,10 - No control,,1,0,0,1,03 - Major,1,,,1,,372181.3812,5032259.172,45.42702051,-75.63890826,8819
20--8334,11/4/2020,1:14 PM,RIVERSIDE DR NB btwn HWY417 IC117 RAMP25 & VANIER PKWY (__3ZA4SG),__3ZA4SG,01 - Non intersection,03 - P.D. only,03 - Rear end,01 - Clear,01 - Daylight,01 - Dry,10 - No control,,2,0,0,0,,0,,,,,370816.9444,5031159.28,45.41725426,-75.65649037,8820
20--816,1/18/2020,10:30 AM,MARAVISTA DR @ STRANDHERD DR (0013565),13565,02 - Intersection related,03 - P.D. only,04 - Sideswipe,01 - Clear,01 - Daylight,01 - Dry,01 - Traffic signal,01 - Functioning,2,0,0,0,,0,,,,,361288.4381,5014584.958,45.26895318,-75.78011984,8821
20--8349,11/4/2020,6:45 AM,HIGHWAY 417 btwn HWY417 IC115 RAMP25 & REGIONAL ROAD 174 (__3ZA2RY),__3ZA2RY,01 - Non intersection,02 - Non-fatal injury,07 - SMV other,01 - Clear,03 - Dawn,99 - Other,10 - No control,,1,0,0,0,02 - Minor,1,,1,,,373287.7927,5031707.114,45.42194591,-75.62484741,8822
20--835,1/18/2020,2:54 PM,REGIONAL ROAD 174 btwn OR174 IC102 RAMP36 & OR174 IC102 RAMP26 (__6K3NTG),__6K3NTG,01 - Non intersection,02 - Non-fatal injury,07 - SMV other,01 - Clear,01 - Daylight,01 - Dry,10 - No control,,1,0,0,0,02 - Minor,1,,1,,,381416.9328,5038163.616,45.47919328,-75.51998026,8823
20--8350,11/4/2020,7:01 AM,HIGHWAY 417 btwn HWY417 IC119B RAMP57 & HWY417 IC119A RAMP75 (__3ZA1QN),__3ZA1QN,01 - Non intersection,03 - P.D. only,03 - Rear end,01 - Clear,03 - Dawn,01 - Dry,10 - No control,,4,0,0,0,,0,,,,,368146.3365,5030243.671,45.40926279,-75.69072736,8824
20--8351,11/4/2020,7:12 PM,CARLING AVE @ MAITLAND AVE/SHERBOURNE RD (0002641),2641,02 - Intersection related,03 - P.D. only,03 - Rear end,01 - Clear,07 - Dark,01 - Dry,01 - Traffic signal,01 - Functioning,2,0,0,0,,0,,,,,362942.7051,5026488.518,45.37592614,-75.7576423,8825
20--8352,11/4/2020,7:30 PM,KIRKWOOD AVE @ MERIVALE RD (0002243),2243,02 - Intersection related,03 - P.D. only,03 - Rear end,01 - Clear,07 - Dark,02 - Wet,01 - Traffic signal,01 - Functioning,2,0,0,0,,0,,,,,364853.7021,5026646.549,45.37718689,-75.73322591,8826
20--8353,11/4/2020,7:50 AM,CYRVILLE RD btwn STAR TOP RD & MEADOWBROOK RD (__3ZA3SN),__3ZA3SN,04 - At/near private drive,03 - P.D. only,03 - Rear end,01 - Clear,01 - Daylight,01 - Dry,10 - No control,,2,0,0,0,,0,,,,,373893.1621,5031496.807,45.41999415,-75.61714228,8827
20--8354,11/4/2020,9:26 PM,MCARTHUR AVE @ CARMEN AVE (0009811),9811,03 - At intersection,02 - Non-fatal injury,07 - SMV other,01 - Clear,07 - Dark,01 - Dry,02 - Stop sign,01 - Functioning,1,0,0,1,02 - Minor,1,,1,,,370904.7068,5032766.567,45.43170766,-75.65515344,8828
20--8355,11/5/2020,1:02 PM,HOLLAND AVE btwn ARMSTRONG ST & WELLINGTON ST W (__3ZA4QQ),__3ZA4QQ,04 - At/near private drive,02 - Non-fatal injury,02 - Angle,01 - Clear,01 - Daylight,01 - Dry,10 - No control,,2,0,0,0,01 - Minimal,1,1,,,,364907.253,5029204.8,45.40020094,-75.73223064,8829
20--8356,11/5/2020,1:06 PM,CARP RD btwn MARCH RD & JOHN CAVANAUGH DR (__3ZA3FZ),__3ZA3FZ,04 - At/near private drive,03 - P.D. only,05 - Turning movement,01 - Clear,01 - Daylight,01 - Dry,10 - No control,,2,0,0,0,,0,,,,,343895.6519,5019779.022,45.31687351,-76.00135117,8830
20--8357,11/5/2020,1:18 AM,SMYTH RD E/LANCASTER RD @ ST. LAURENT BLVD N/R (0002256),2256,02 - Intersection related,03 - P.D. only,03 - Rear end,01 - Clear,07 - Dark,01 - Dry,01 - Traffic signal,01 - Functioning,2,0,0,0,,0,,,,,373364.7282,5029424.551,45.40140096,-75.62418193,8831
20--8358,11/5/2020,1:44 AM,HIGHWAY 7 btwn HAZELDEAN IC RAMP 53 & HIGHWAY 7 (__7JQ7LK),__7JQ7LK,01 - Non intersection,03 - P.D. only,07 - SMV other,01 - Clear,07 - Dark,01 - Dry,10 - No control,,1,0,0,0,,0,,,,,342037.7138,5008142.581,45.21226402,-76.02591992,8832
20--8359,11/5/2020,10:03 AM,HUNT CLUB RD btwn NORTH BOWESVILLE RD & BILLY BISHOP PRIV (__5G43Y1),__5G43Y1,01 - Non intersection,03 - P.D. only,04 - Sideswipe,01 - Clear,01 - Daylight,01 - Dry,10 - No control,,2,0,0,0,,0,,,,,368811.423,5022400.592,45.33863247,-75.68324802,8833
20--836,1/18/2020,3:00 PM,MERIVALE RD @ WEST HUNT CLUB RD (0000584),584,02 - Intersection related,03 - P.D. only,02 - Angle,01 - Clear,01 - Daylight,01 - Dry,01 - Traffic signal,01 - Functioning,2,0,0,0,,0,,,,,365612.6957,5021942.486,45.33479504,-75.72411453,8834
20--8360,11/5/2020,10:24 AM,ST. LAURENT BLVD @ MCARTHUR AVE (0008246),8246,03 - At intersection,03 - P.D. only,02 - Angle,01 - Clear,01 - Daylight,01 - Dry,01 - Traffic signal,01 - Functioning,2,0,0,0,,0,,,,,371921.7192,5032887.579,45.43269959,-75.64214054,8835
20--8361,11/5/2020,10:45 AM,MANOTICK MAIN ST btwn EASTMAN AVE & FIREFLY LANE (__3ZBOEH),__3ZBOEH,01 - Non intersection,02 - Non-fatal injury,07 - SMV other,01 - Clear,01 - Daylight,01 - Dry,10 - No control,,1,0,0,0,02 - Minor,1,,1,,,369488.3832,5009249.741,45.22024098,-75.6763252,8836
20--8362,11/5/2020,11:11 AM,BANK ST @ FIFTH AVE (0007247),7247,03 - At intersection,02 - Non-fatal injury,07 - SMV other,01 - Clear,01 - Daylight,01 - Dry,01 - Traffic signal,01 - Functioning,1,0,0,1,02 - Minor,1,,1,,,368398.7162,5029400.546,45.40165373,-75.68761219,8837
20--8363,11/5/2020,11:14 PM,KILBORN AVE btwn BLOSSOM DR & BEAVER AVE (__3ZA9RD),__3ZA9RD,01 - Non intersection,03 - P.D. only,06 - SMV unattended vehicle,01 - Clear,07 - Dark,01 - Dry,10 - No control,,1,0,0,0,,0,,,,,369920.2988,5027698.49,45.38619934,-75.66840272,8838
20--8364,11/5/2020,11:30 PM,HWY417 IC138 RAMP61 btwn HWY417 IC138 RAMP62 & HIGHWAY 417 (__3ZAYB2),__3ZAYB2,01 - Non intersection,03 - P.D. only,07 - SMV other,01 - Clear,07 - Dark,01 - Dry,10 - No control,,1,0,0,0,,0,,,,,353096.2052,5020491.296,45.32271011,-75.88393864,8839
20--8365,11/5/2020,Unknown,GATINEAU VIEW CRES btwn LA VERENDRYE DR & LA VERENDRYE DR (__3ZA70A),__3ZA70A,01 - Non intersection,03 - P.D. only,06 - SMV unattended vehicle,01 - Clear,00 - Unknown,01 - Dry,10 - No control,,1,0,0,0,,0,,,,,375007.2485,5035072.562,45.45205585,-75.60239851,8840
20--8366,11/5/2020,12:28 AM,TERRY FOX DR btwn TERRY FOX DR & EAGLESON RD (__51NPEM),__51NPEM,01 - Non intersection,03 - P.D. only,03 - Rear end,01 - Clear,07 - Dark,01 - Dry,10 - No control,,2,0,0,0,,0,,,,,354891.121,5014592.803,45.26950852,-75.86164009,8841
20--8367,11/5/2020,12:42 AM,WEST RIDGE DR btwn FERNBANK RD & ECKERSON AVE (__6R1U1B),__6R1U1B,01 - Non intersection,03 - P.D. only,07 - SMV other,01 - Clear,07 - Dark,02 - Wet,10 - No control,,1,0,0,0,,0,,,,,350414.7439,5011630.81,45.24316004,-75.91895572,8842
20--8368,11/5/2020,12:52 AM,ISABELLA ST/HWY417 IC119AR75 @ METCALFE ST (0011380),11380,03 - At intersection,03 - P.D. only,02 - Angle,01 - Clear,07 - Dark,01 - Dry,01 - Traffic signal,01 - Functioning,2,0,0,0,,0,,,,,368448.7059,5030399.565,45.41063804,-75.68684474,8843
20--8369,11/5/2020,2:05 AM,MCCARTHY RD btwn PLANTE DR & PAUL ANKA DR (__3ZA9C9),__3ZA9C9,01 - Non intersection,02 - Non-fatal injury,06 - SMV unattended vehicle,01 - Clear,07 - Dark,01 - Dry,10 - No control,,1,0,0,0,02 - Minor,1,,1,,,369597.8098,5024144.585,45.35425227,-75.6729867,8844
20--837,1/18/2020,3:29 PM,HIGHWAY 417 btwn HWY417 IC126 RAMP61 & HWY417 IC124 RAMP76 (__3ZA2Y2),__3ZA2Y2,01 - Non intersection,03 - P.D. only,03 - Rear end,03 - Snow,01 - Daylight,03 - Loose snow,10 - No control,,2,0,0,0,,0,,,,,363653.5714,5026508.133,45.37604328,-75.7485645,8845
20--8370,11/5/2020,2:54 PM,STRANDHERD DR @ ANDORA AVE (0010895),10895,03 - At intersection,03 - P.D. only,05 - Turning movement,01 - Clear,01 - Daylight,01 - Dry,01 - Traffic signal,01 - Functioning,2,0,0,0,,0,,,,,363229.4588,5014304.075,45.2662672,-75.75541887,8846
20--8371,11/5/2020,3:00 PM,MCEWEN AVE btwn AMBLESIDE DR & END (__3ZAZ44),__3ZAZ44,01 - Non intersection,03 - P.D. only,06 - SMV unattended vehicle,01 - Clear,01 - Daylight,01 - Dry,10 - No control,,1,0,0,0,,0,,,,,360926.9617,5026127.357,45.3728408,-75.783418,8847
20--8372,11/5/2020,3:02 PM,REGIONAL ROAD 174 EB btwn HWY417 IC113 RAMP65 & OR174 BLAIR IC112 RAMP51 (__3ZAZFJ),__3ZAZFJ,01 - Non intersection,03 - P.D. only,04 - Sideswipe,01 - Clear,01 - Daylight,01 - Dry,10 - No control,,2,0,0,0,,0,,,,,374803.8403,5032822.787,45.43183406,-75.60531879,8848
20--8373,11/5/2020,3:14 PM,COVENTRY RD @ VANIER PKWY (0002139),2139,02 - Intersection related,02 - Non-fatal injury,03 - Rear end,01 - Clear,01 - Daylight,01 - Dry,01 - Traffic signal,01 - Functioning,2,0,0,0,01 - Minimal,1,1,,,,370676.372,5031611.814,45.42133922,-75.65822579,8849
20--8374,11/5/2020,4:00 AM,REGIONAL ROAD 174 btwn REGIONAL ROAD 174 & OR174 IC102 RAMP61 (__3ZA1SZ),__3ZA1SZ,01 - Non intersection,03 - P.D. only,07 - SMV other,01 - Clear,07 - Dark,01 - Dry,10 - No control,,1,0,0,0,,0,,,,,381651.7053,5038295.549,45.4803545,-75.51695705,8850
20--8375,11/5/2020,4:33 PM,REGIONAL ROAD 174 EB btwn HWY417 IC113 RAMP65 & OR174 BLAIR IC112 RAMP51 (__3ZAZFJ),__3ZAZFJ,01 - Non intersection,03 - P.D. only,03 - Rear end,01 - Clear,05 - Dusk,01 - Dry,10 - No control,,3,0,0,0,,0,,,,,374705.7241,5032750.616,45.43119452,-75.60658285,8851
20--8376,11/5/2020,5:11 PM,CALDWELL AVE @ MERIVALE RD (0011432),11432,02 - Intersection related,03 - P.D. only,02 - Angle,01 - Clear,07 - Dark,01 - Dry,01 - Traffic signal,01 - Functioning,2,0,0,0,,0,,,,,364907.3979,5026230.412,45.37343796,-75.73259102,8852
20--8377,11/5/2020,5:53 PM,CUMMINGS AVE @ WELDON DR (0009381),9381,03 - At intersection,03 - P.D. only,05 - Turning movement,01 - Clear,07 - Dark,01 - Dry,02 - Stop sign,00 - Unknown,2,0,0,0,,0,,,,,372696.7145,5032294.588,45.42728934,-75.63231849,8853
20--8378,11/5/2020,5:57 PM,INDUSTRIAL AVE/INNES RD @ ST. LAURENT BLVD (0002203),2203,02 - Intersection related,03 - P.D. only,03 - Rear end,01 - Clear,07 - Dark,01 - Dry,01 - Traffic signal,01 - Functioning,2,0,0,0,,0,,,,,373099.7296,5030005.568,45.40665459,-75.62748605,8854
20--8379,11/5/2020,6:05 PM,CADBORO RD @ OGILVIE RD (0012429),12429,03 - At intersection,02 - Non-fatal injury,07 - SMV other,01 - Clear,07 - Dark,01 - Dry,01 - Traffic signal,01 - Functioning,1,0,0,1,02 - Minor,1,,1,,,373600.7187,5032664.551,45.43052974,-75.62071551,8855
20--838,1/18/2020,3:30 PM,KATIMAVIK RD @ CHIMO DR E/HEARST WAY (0003437),3437,02 - Intersection related,03 - P.D. only,03 - Rear end,01 - Clear,01 - Daylight,06 - Ice,01 - Traffic signal,01 - Functioning,2,0,0,0,,0,,,,,352959.6218,5019610.468,45.31479362,-75.88576643,8856
20--8380,11/5/2020,6:10 AM,EAGLESON RD @ FALLOWFIELD RD (0000118),118,02 - Intersection related,03 - P.D. only,04 - Sideswipe,01 - Clear,07 - Dark,01 - Dry,01 - Traffic signal,01 - Functioning,2,0,0,0,,0,,,,,355961.6333,5012594.407,45.25144943,-75.84820417,8857
20--8381,11/5/2020,6:41 AM,FALLOWFIELD RD @ MOODIE DR (0010412),10412,03 - At intersection,03 - P.D. only,05 - Turning movement,01 - Clear,03 - Dawn,01 - Dry,01 - Traffic signal,01 - Functioning,2,0,0,0,,0,,,,,359501.658,5014636.406,45.26955736,-75.80288291,8858
20--8382,11/5/2020,7:00 PM,BASELINE RD/HWY 416 RICHMOND IC75R53 @ RICHMON (0000148),148,02 - Intersection related,02 - Non-fatal injury,03 - Rear end,01 - Clear,07 - Dark,01 - Dry,01 - Traffic signal,01 - Functioning,2,0,0,0,02 - Minor,3,2,1,,,358635.6698,5021821.486,45.33427627,-75.813138,8859
20--8383,11/5/2020,7:04 PM,CHAMPLAIN ST @ PLACE D'ORLEANS DR (0003595),3595,02 - Intersection related,03 - P.D. only,04 - Sideswipe,01 - Clear,07 - Dark,01 - Dry,01 - Traffic signal,01 - Functioning,2,0,0,0,,0,,,,,381597.2493,5038180.809,45.47932816,-75.51767146,8860
20--8384,11/5/2020,7:18 PM,CENTER ST @ MONTREAL RD (0002691),2691,03 - At intersection,02 - Non-fatal injury,02 - Angle,01 - Clear,07 - Dark,01 - Dry,02 - Stop sign,01 - Functioning,2,0,0,0,02 - Minor,1,,1,,,371821.7106,5033951.591,45.44228266,-75.64327371,8861
20--8385,11/5/2020,7:35 PM,NINTH LINE RD btwn RAMSAYVILLE RD & ANDERSON RD (__3ZA6G3),__3ZA6G3,01 - Non intersection,03 - P.D. only,07 - SMV other,01 - Clear,07 - Dark,01 - Dry,10 - No control,,1,0,0,0,,0,,,,,381834.3555,5020986.464,45.32460003,-75.51732483,8862
20--8386,11/5/2020,7:55 AM,KANATA AVE @ TERRY FOX DR (0012691),12691,02 - Intersection related,03 - P.D. only,03 - Rear end,01 - Clear,01 - Daylight,01 - Dry,01 - Traffic signal,01 - Functioning,2,0,0,0,,0,,,,,349305.8673,5019211.578,45.31144539,-75.93240029,8863
20--8387,11/5/2020,8:15 AM,HOLLAND AVE @ ISLAND PARK DR/N.C.C. DRIVEWAY (0010787),10787,02 - Intersection related,03 - P.D. only,03 - Rear end,01 - Clear,01 - Daylight,01 - Dry,01 - Traffic signal,01 - Functioning,2,0,0,0,,0,,,,,365425.6968,5027917.537,45.38857372,-75.72576718,8864
20--8388,11/5/2020,8:17 PM,SWANSEA CRES btwn LEGACY RD & STEVENAGE DR (__3ZA10Q),__3ZA10Q,04 - At/near private drive,03 - P.D. only,07 - SMV other,01 - Clear,07 - Dark,01 - Dry,10 - No control,,1,0,0,0,,0,,,,,374864.0397,5027269.683,45.38186408,-75.60533864,8865
20--8389,11/5/2020,8:21 PM,RICHMOND RD @ SEYTON DR (0000599),599,02 - Intersection related,03 - P.D. only,03 - Rear end,01 - Clear,07 - Dark,01 - Dry,01 - Traffic signal,01 - Functioning,3,0,0,0,,0,,,,,357398.6475,5019314.477,45.31181177,-75.82918572,8866
20--839,1/18/2020,3:33 PM,MAIN ST @ RIVERDALE AVE (0007229),7229,02 - Intersection related,03 - P.D. only,03 - Rear end,03 - Snow,01 - Daylight,05 - Packed snow,01 - Traffic signal,01 - Functioning,2,0,0,0,,0,,,,,369431.7408,5029532.493,45.40274634,-75.67440077,8867
20--8390,11/5/2020,8:29 PM,COBOURG ST @ ST. PATRICK ST (0011483),11483,02 - Intersection related,02 - Non-fatal injury,03 - Rear end,01 - Clear,07 - Dark,01 - Dry,01 - Traffic signal,01 - Functioning,2,0,0,0,01 - Minimal,1,1,,,,368802.4573,5033234.262,45.43611135,-75.68195749,8868
20--8391,11/5/2020,8:58 AM,JASMINE CRES btwn ARROWSMITH DR & BEAVERHILL DR (__3ZA5B8),__3ZA5B8,04 - At/near private drive,03 - P.D. only,02 - Angle,01 - Clear,01 - Daylight,01 - Dry,10 - No control,,2,0,0,0,,0,,,,,375637.2389,5033774.736,45.44031522,-75.59453192,8869
20--8392,11/5/2020,9:00 AM,DUNDONALD DR @ KILBIRNIE DR (0011063),11063,02 - Intersection related,03 - P.D. only,03 - Rear end,01 - Clear,01 - Daylight,01 - Dry,02 - Stop sign,01 - Functioning,2,0,0,0,,0,,,,,365576.3096,5012296.165,45.24800117,-75.72576064,8870
20--8393,11/5/2020,9:23 AM,RIVERSIDE DR @ TREMBLAY RD/HWY417 IC117 RAMP52 (0010790),10790,02 - Intersection related,03 - P.D. only,04 - Sideswipe,01 - Clear,01 - Daylight,01 - Dry,01 - Traffic signal,01 - Functioning,2,0,0,0,,0,,,,,370802.0782,5031015.903,45.41596561,-75.6566995,8871
20--8394,11/5/2020,9:27 PM,SLACK RD btwn TURN LANE & VAAN DR (__3ZA543),__3ZA543,01 - Non intersection,03 - P.D. only,07 - SMV other,01 - Clear,07 - Dark,01 - Dry,10 - No control,,1,0,0,0,,0,,,,,364641.3737,5020199.066,45.31919141,-75.73671685,8872
20--8395,11/5/2020,9:54 PM,ALBION RD/COLLISTON CRES E @ WALKLEY RD (0011422),11422,03 - At intersection,02 - Non-fatal injury,07 - SMV other,01 - Clear,07 - Dark,01 - Dry,01 - Traffic signal,01 - Functioning,1,0,0,1,02 - Minor,1,,1,,,371033.735,5026354.533,45.37400249,-75.65436578,8873
20--8396,11/6/2020,1:18 PM,ROBERTSON RD btwn WESTCLIFFE RD & FITZGERALD RD (__3ZA41Z),__3ZA41Z,04 - At/near private drive,03 - P.D. only,02 - Angle,01 - Clear,01 - Daylight,01 - Dry,10 - No control,,2,0,0,0,,0,,,,,356587.159,5020166.632,45.31953989,-75.83944522,8874
20--8397,11/6/2020,1:21 PM,HIGHWAY 417 btwn HWY417 IC134 RAMP26 & HWY417 IC134 RAMP61 (__3ZAZEU),__3ZAZEU,01 - Non intersection,02 - Non-fatal injury,04 - Sideswipe,01 - Clear,01 - Daylight,01 - Dry,10 - No control,,2,0,0,0,02 - Minor,1,,1,,,356612.5488,5022406.206,45.33968993,-75.83888699,8875
20--8398,11/6/2020,1:48 PM,SCOTT ST btwn TUNNEY'S PASTURE DRWY & PARKDALE AVE (__3ZA31N),__3ZA31N,04 - At/near private drive,03 - P.D. only,05 - Turning movement,01 - Clear,01 - Daylight,01 - Dry,10 - No control,,2,0,0,0,,0,,,,,364906.6888,5029699.981,45.40465651,-75.73217749,8876
20--8399,11/6/2020,1:49 PM,BYRON AVE @ ISLAND PARK DR (0006365),6365,02 - Intersection related,03 - P.D. only,03 - Rear end,01 - Clear,01 - Daylight,01 - Dry,01 - Traffic signal,01 - Functioning,2,0,0,0,,0,,,,,364255.6839,5028603.543,45.39484658,-75.74062507,8877
20--84,1/3/2020,7:16 PM,BANKFIELD RD @ PRINCE OF WALES DR (0003618),3618,02 - Intersection related,03 - P.D. only,03 - Rear end,01 - Clear,07 - Dark,01 - Dry,01 - Traffic signal,01 - Functioning,2,0,0,0,,0,,,,,366379.6851,5008975.39,45.21805096,-75.71593826,8878
20--840,1/18/2020,3:37 PM,GILCHRIST ST @ SPENCER ST (0006111),6111,03 - At intersection,03 - P.D. only,02 - Angle,03 - Snow,01 - Daylight,05 - Packed snow,02 - Stop sign,01 - Functioning,2,0,0,0,,0,,,,,364349.6985,5029160.554,45.39985047,-75.73935717,8879
20--8400,11/6/2020,10:00 AM,NAUGHTON ST @ QUEEN MARY ST (0008556),8556,03 - At intersection,03 - P.D. only,02 - Angle,01 - Clear,01 - Daylight,01 - Dry,02 - Stop sign,01 - Functioning,2,0,0,0,,0,,,,,371333.7213,5032067.588,45.42537787,-75.64976549,8880
20--8401,11/6/2020,10:12 AM,SLACK RD @ WOODROFFE AVE (0000102),102,02 - Intersection related,02 - Non-fatal injury,02 - Angle,01 - Clear,01 - Daylight,01 - Dry,01 - Traffic signal,01 - Functioning,2,1,0,0,02 - Minor,1,,1,,,364233.687,5019974.473,45.31720517,-75.74194343,8881
20--8402,11/6/2020,11:32 AM,CEDARWOOD DR @ WALKLEY RD (0002235),2235,02 - Intersection related,02 - Non-fatal injury,02 - Angle,01 - Clear,01 - Daylight,01 - Dry,01 - Traffic signal,02 - Not functioning,2,0,0,0,02 - Minor,2,1,1,,,371194.7343,5026455.525,45.37489595,-75.65229689,8882
20--8403,11/6/2020,Unknown,LAFONTAINE AVE btwn MCARTHUR AVE & BLAKE BLVD (__3ZA7B1),__3ZA7B1,01 - Non intersection,03 - P.D. only,06 - SMV unattended vehicle,01 - Clear,00 - Unknown,01 - Dry,10 - No control,,1,0,0,0,,0,,,,,370942.8548,5032875.105,45.43268063,-75.65465137,8883
20--8404,11/6/2020,12:01 PM,HIGHWAY 417 btwn HWY417 IC117 RAMP25 & HWY417 IC115 RAMP51 (__3ZA2R3),__3ZA2R3,01 - Non intersection,03 - P.D. only,04 - Sideswipe,01 - Clear,01 - Daylight,01 - Dry,10 - No control,,2,0,0,0,,0,,,,,371905.8259,5031439.844,45.41967506,-75.64254089,8884
20--8405,11/6/2020,12:14 PM,CARLING AVE WB btwn HWY417 IC124 RAMP76 & KIRKWOOD AVE (__3ZBOD8),__3ZBOD8,01 - Non intersection,03 - P.D. only,04 - Sideswipe,01 - Clear,01 - Daylight,01 - Dry,10 - No control,,2,0,0,0,,0,,,,,364198.6263,5027434.317,45.38433094,-75.74149449,8885
20--8406,11/6/2020,12:24 PM,"MONTREAL RD btwn EGLISE, RUE DE L & ST. LAURENT BLVD (__3ZA3ML)",__3ZA3ML,04 - At/near private drive,03 - P.D. only,02 - Angle,01 - Clear,01 - Daylight,01 - Dry,10 - No control,,2,0,0,0,,0,,,,,371390.1764,5033744.008,45.44045617,-75.6488174,8886
20--8407,11/6/2020,12:30 PM,APOLUNE ST btwn CAMBRIAN RD & NO NAME (e___2JTM),e___2JTM,04 - At/near private drive,03 - P.D. only,05 - Turning movement,01 - Clear,01 - Daylight,01 - Dry,10 - No control,,2,0,0,0,,0,,,,,363470.715,5012144.453,45.24681473,-75.75259972,8887
20--8408,11/6/2020,2:10 PM,MEADOWLANDS DR/TALLWOOD DR @ WOODROFFE AVE (0000095),95,02 - Intersection related,03 - P.D. only,04 - Sideswipe,01 - Clear,01 - Daylight,01 - Dry,01 - Traffic signal,01 - Functioning,2,0,0,0,,0,,,,,363056.6913,5022730.483,45.34210225,-75.75663,8888
20--8409,11/6/2020,2:17 PM,HAWTHORNE RD @ STEVENAGE DR (0008802),8802,02 - Intersection related,03 - P.D. only,02 - Angle,01 - Clear,01 - Daylight,01 - Dry,01 - Traffic signal,01 - Functioning,2,0,0,0,,0,,,,,375136.7423,5027313.525,45.38223122,-75.60185063,8889
20--841,1/18/2020,3:40 PM,BAYSHORE DR btwn WOODRIDGE CRES S & BAYSHORE CS (__3ZAA4OB),__3ZAA4OB,01 - Non intersection,03 - P.D. only,03 - Rear end,03 - Snow,01 - Daylight,03 - Loose snow,10 - No control,,3,0,0,0,,0,,,,,359228.0006,5023518.873,45.3495037,-75.80539456,8890
20--8410,11/6/2020,2:30 PM,LOCKHART AVE btwn RICHMOND RD & BYRON AVE (__3ZAZQN),__3ZAZQN,04 - At/near private drive,03 - P.D. only,02 - Angle,01 - Clear,01 - Daylight,01 - Dry,10 - No control,,2,0,0,0,,0,,,,,361722.2023,5026836.269,45.37915538,-75.77318414,8891