Anom_ID,Accident_Date,Accident_Time,Location,Geo_ID,Accident_Location,Classification_of_Accident,Initial_Impact_Type,Environment_Condition,Light,Road_Surface_Condition,Traffic_Control,Traffic_Control_Condition,No__of_Vehicles,No__of_Bicycles,No__of_Motorcycles,No__of_Pedestrians,Max_Injury,No__of_Injuries,No__of_Minimal,No__of_Minor,No__of_Major,No__of_Fatal,X,Y,Latitude,Longitude,ObjectId
20--8411,11/6/2020,2:55 PM,PLACE D'ORLEANS DR W @ ST. JOSEPH BLVD (0008776),8776,02 - Intersection related,02 - Non-fatal injury,04 - Sideswipe,01 - Clear,01 - Daylight,01 - Dry,01 - Traffic signal,01 - Functioning,2,0,1,0,01 - Minimal,1,1,,,,381601.9056,5037684.13,45.47485895,-75.51768956,8892
20--8412,11/6/2020,3:24 PM,PRISCILLA ST btwn POULIN AVE & CONN ST (__3ZA16V),__3ZA16V,04 - At/near private drive,03 - P.D. only,02 - Angle,01 - Clear,01 - Daylight,01 - Dry,10 - No control,,2,0,0,0,,0,,,,,360290.6806,5025060.604,45.36329288,-75.7916607,8893
20--8413,11/6/2020,3:42 PM,GREY NUNS DR @ ST. JOSEPH BLVD (0003642),3642,02 - Intersection related,03 - P.D. only,03 - Rear end,01 - Clear,01 - Daylight,01 - Dry,01 - Traffic signal,01 - Functioning,2,0,0,0,,0,,,,,380155.7374,5036666.593,45.46586152,-75.5363397,8894
20--8414,11/6/2020,3:45 PM,REGIONAL ROAD 174 btwn OR174 IC112 RAMP26 & OR174 IC112 RAMP61 (__3ZA2XF),__3ZA2XF,01 - Non intersection,02 - Non-fatal injury,99 - Other,01 - Clear,01 - Daylight,01 - Dry,10 - No control,,4,0,0,0,02 - Minor,2,1,1,,,375129.491,5033094.291,45.43424423,-75.60111856,8895
20--8415,11/6/2020,4:55 PM,OGILVIE RD btwn AVIATION PKWY & MATHESON RD (__3ZA2DL),__3ZA2DL,01 - Non intersection,03 - P.D. only,03 - Rear end,01 - Clear,07 - Dark,01 - Dry,10 - No control,,2,0,0,0,,0,,,,,373196.4945,5032427.409,45.4284357,-75.62591389,8896
20--8416,11/6/2020,5:09 PM,HUNT CLUB RD btwn MCCARTHY RD & RAMP (__3ZA36L),__3ZA36L,01 - Non intersection,03 - P.D. only,03 - Rear end,01 - Clear,05 - Dusk,01 - Dry,10 - No control,,3,0,0,0,,0,,,,,370814.2011,5023581.767,45.34907475,-75.65753873,8897
20--8417,11/6/2020,5:27 PM,HIGHWAY 417 btwn HWY417 IC117 RAMP25 & HWY417 IC115 RAMP51 (__3ZA2R3),__3ZA2R3,01 - Non intersection,03 - P.D. only,04 - Sideswipe,01 - Clear,07 - Dark,01 - Dry,10 - No control,,2,0,0,0,,0,,,,,371978.3675,5031447.349,45.41973563,-75.64161306,8898
20--8418,11/6/2020,5:30 PM,HUNT CLUB RD @ LINDBERGH PRIV (0011417),11417,02 - Intersection related,02 - Non-fatal injury,03 - Rear end,01 - Clear,07 - Dark,01 - Dry,02 - Stop sign,01 - Functioning,2,0,0,0,01 - Minimal,2,2,,,,368362.8973,5022133.939,45.33627396,-75.68900464,8899
20--8419,11/6/2020,5:35 PM,HIGHWAY 417 btwn HWY417 IC122 RAMP15 & HWY417 IC121B RAMP51 (__3ZA2RB),__3ZA2RB,01 - Non intersection,03 - P.D. only,03 - Rear end,01 - Clear,07 - Dark,01 - Dry,10 - No control,,2,0,0,0,,0,,,,,365667.5115,5029097.464,45.39916947,-75.72253375,8900
20--842,1/18/2020,4:00 PM,MAITLAND AVE/GLENMOUNT AVE @ ERINDALE DR (0002724),2724,02 - Intersection related,03 - P.D. only,02 - Angle,03 - Snow,01 - Daylight,06 - Ice,01 - Traffic signal,01 - Functioning,2,0,0,0,,0,,,,,363697.6917,5025211.513,45.36437276,-75.74815582,8901
20--8420,11/6/2020,6:30 AM,HIGHWAY 417 btwn HWY417 IC163 RAMP15 & HWY417 IC155 RAMP51 (__3ZAZNS),__3ZAZNS,01 - Non intersection,03 - P.D. only,07 - SMV other,01 - Clear,03 - Dawn,01 - Dry,10 - No control,,1,0,0,0,,0,,,,,338590.5399,5019561.745,45.31519372,-76.06902842,8902
20--8421,11/6/2020,6:37 PM,CROSSKEYS PL/HELENE CAMPBELL RD @ STRANDHERD DR (0015337),15337,03 - At intersection,02 - Non-fatal injury,05 - Turning movement,01 - Clear,07 - Dark,01 - Dry,01 - Traffic signal,01 - Functioning,2,0,0,0,01 - Minimal,1,1,,,,360982.3112,5014901.733,45.27182808,-75.78398493,8903
20--8422,11/6/2020,7:07 PM,BANK ST @ 80 S OF HUNT CLUB RD/TOWNGATE PLAZA  (0008230),8230,02 - Intersection related,02 - Non-fatal injury,04 - Sideswipe,01 - Clear,07 - Dark,01 - Dry,01 - Traffic signal,01 - Functioning,4,0,0,0,02 - Minor,2,1,1,,,371689.0193,5024095.141,45.35361103,-75.64630625,8904
20--8423,11/6/2020,7:44 PM,REGIONAL ROAD 174 btwn OR174 IC112 RAMP61 & TRANSIT (__3ZA2W0),__3ZA2W0,01 - Non intersection,03 - P.D. only,03 - Rear end,01 - Clear,07 - Dark,01 - Dry,10 - No control,,2,0,0,0,,0,,,,,375233.7247,5033173.599,45.43494731,-75.59977516,8905
20--8424,11/6/2020,8:35 AM,INNES RD @ TRIM RD (0012870),12870,02 - Intersection related,02 - Non-fatal injury,03 - Rear end,01 - Clear,01 - Daylight,01 - Dry,01 - Traffic signal,01 - Functioning,2,0,0,0,01 - Minimal,1,1,,,,386566.7708,5037273.553,45.47060131,-75.45426668,8906
20--8160,10/29/2020,2:56 PM,FISHER AVE btwn DEER PARK RD & KINTYRE PRIV (__3ZA4I6),__3ZA4I6,01 - Non intersection,03 - P.D. only,99 - Other,01 - Clear,01 - Daylight,01 - Dry,10 - No control,,2,0,0,0,,0,,,,,366414.702,5025437.061,45.36616864,-75.71344758,8907
20--8161,10/29/2020,4:43 PM,JOCKVALE RD @ EXETER DR/TARTAN DR (0010065),10065,02 - Intersection related,03 - P.D. only,03 - Rear end,01 - Clear,01 - Daylight,01 - Dry,11 - Roundabout,01 - Functioning,2,0,0,0,,0,,,,,363323.6785,5014773.415,45.27048251,-75.754163,8908
20--8162,10/29/2020,4:49 PM,GREGOIRE RD @ MARVELVILLE RD (0001674),1674,03 - At intersection,03 - P.D. only,02 - Angle,01 - Clear,01 - Daylight,01 - Dry,02 - Stop sign,01 - Functioning,2,0,0,0,,0,,,,,393290.8312,5008915.368,45.214645,-75.37335983,8909
20--8163,10/29/2020,5:30 PM,HIGHWAY 417 btwn HWY417 IC124 RAMP65 & HWY417 IC122 RAMP51 (__3ZA2R8),__3ZA2R8,01 - Non intersection,03 - P.D. only,03 - Rear end,01 - Clear,01 - Daylight,01 - Dry,10 - No control,,2,0,0,0,,0,,,,,365133.5697,5028678.655,45.39544733,-75.72940444,8910
20--8164,10/29/2020,6:00 PM,CAMPEAU DR @ TERON RD/COLCHESTER SQ (0009033),9033,03 - At intersection,03 - P.D. only,05 - Turning movement,01 - Clear,07 - Dark,01 - Dry,01 - Traffic signal,01 - Functioning,3,0,0,0,,0,,,,,352563.7119,5020467.525,45.32253265,-75.89073298,8911
20--8165,10/29/2020,6:15 PM,HAZELDEAN RD @ TERRY FOX DR (0003682),3682,02 - Intersection related,03 - P.D. only,03 - Rear end,01 - Clear,07 - Dark,01 - Dry,01 - Traffic signal,01 - Functioning,2,0,0,0,,0,,,,,352207.6107,5017242.447,45.29353677,-75.8955836,8912
20--8166,10/29/2020,6:20 AM,CORKERY RD btwn OLD ALMONTE RD & MANION HEIGHTS CRES (__3ZACBE),__3ZACBE,01 - Non intersection,03 - P.D. only,07 - SMV other,01 - Clear,07 - Dark,02 - Wet,10 - No control,,1,0,0,0,,0,,,,,338939.4679,5013006.045,45.25618528,-76.06502932,8913
20--8167,10/29/2020,6:25 PM,HUNT CLUB RD @ UPLANDS DR (0010844),10844,02 - Intersection related,03 - P.D. only,04 - Sideswipe,01 - Clear,05 - Dusk,01 - Dry,01 - Traffic signal,01 - Functioning,2,0,0,0,,0,,,,,370156.7229,5023121.491,45.34499489,-75.66598927,8914
20--8168,10/29/2020,7:10 AM,MARCH RD btwn TERRY FOX DR & SOLANDT RD (__3ZA3CE),__3ZA3CE,01 - Non intersection,03 - P.D. only,07 - SMV other,01 - Clear,01 - Daylight,01 - Dry,10 - No control,,1,0,0,0,,0,,,,,350266.6777,5022951.688,45.34503827,-75.91980385,8915
20--8169,10/29/2020,7:40 AM,COOPER ST btwn KENT ST & BANK ST (__3ZBORC),__3ZBORC,01 - Non intersection,03 - P.D. only,99 - Other,01 - Clear,01 - Daylight,01 - Dry,10 - No control,,2,0,0,0,,0,,,,,367613.5729,5030969.478,45.41584139,-75.69744044,8916
20--817,1/18/2020,10:30 AM,RIVERSIDE DR @ TREMBLAY RD/HWY417 IC117 RAMP52 (0010790),10790,02 - Intersection related,03 - P.D. only,03 - Rear end,01 - Clear,01 - Daylight,01 - Dry,01 - Traffic signal,01 - Functioning,2,0,0,0,,0,,,,,370802.0801,5031015.916,45.41596573,-75.65669948,8917
20--8170,10/29/2020,7:40 AM,HIGHWAY 417 btwn HWY417 IC121A RAMP51 & HWY417 IC120A RAMP52 (__3ZA2R6),__3ZA2R6,01 - Non intersection,03 - P.D. only,03 - Rear end,01 - Clear,01 - Daylight,01 - Dry,10 - No control,,2,0,0,0,,0,,,,,367364.9023,5029775.193,45.40511785,-75.70076894,8918
20--8171,10/29/2020,8:30 AM,HIGHWAY 417 btwn HWY417 IC124 RAMP57 & HWY417 IC124 RAMP55 (__3ZA2Y1),__3ZA2Y1,01 - Non intersection,03 - P.D. only,03 - Rear end,01 - Clear,01 - Daylight,01 - Dry,10 - No control,,2,0,0,0,,0,,,,,364312.2058,5027357.299,45.3836283,-75.74005352,8919
20--8172,10/29/2020,9:00 AM,YORK ST btwn NELSON ST & BEAUSOLEIL DR (__3ZA7BS),__3ZA7BS,01 - Non intersection,03 - P.D. only,06 - SMV unattended vehicle,01 - Clear,01 - Daylight,01 - Dry,10 - No control,,1,0,0,0,,0,,,,,368628.6966,5032767.549,45.43192793,-75.68423868,8920
20--8173,10/30/2020,1:09 PM,RIVERSIDE DR @ 175 S OF HUNT CLUB  RD/RUNWAY C (0011890),11890,03 - At intersection,03 - P.D. only,02 - Angle,01 - Clear,01 - Daylight,01 - Dry,01 - Traffic signal,01 - Functioning,3,0,0,0,,0,,,,,368028.4911,5021766.297,45.3329962,-75.69331785,8921
20--8174,10/30/2020,1:22 AM,RAMSAYVILLE RD btwn RIDGE RD & RUSSELL RD (__3ZA2B5),__3ZA2B5,01 - Non intersection,03 - P.D. only,07 - SMV other,01 - Clear,07 - Dark,01 - Dry,10 - No control,,1,0,0,0,,0,,,,,377525.4975,5026923.881,45.37848151,-75.5714093,8922
20--8175,10/30/2020,1:30 PM,HIGHWAY 417 btwn HWY417 IC124 RAMP65 & HWY417 IC122 RAMP51 (__3ZA2R8),__3ZA2R8,01 - Non intersection,03 - P.D. only,03 - Rear end,01 - Clear,01 - Daylight,01 - Dry,10 - No control,,2,0,0,0,,0,,,,,364952.6312,5028360.518,45.39260037,-75.73175401,8923
20--8176,10/30/2020,10:15 AM,CRESTWAY DR @ STRANDHERD DR (0010538),10538,02 - Intersection related,03 - P.D. only,04 - Sideswipe,01 - Clear,01 - Daylight,01 - Dry,01 - Traffic signal,01 - Functioning,2,0,0,0,,0,,,,,366346.9027,5015471.123,45.27650237,-75.7155515,8924
20--8177,10/30/2020,10:19 AM,BANK ST @ HUNT CLUB RD (0002119),2119,02 - Intersection related,03 - P.D. only,03 - Rear end,01 - Clear,01 - Daylight,01 - Dry,01 - Traffic signal,01 - Functioning,2,0,0,0,,0,,,,,371608.7426,5024096.497,45.35363088,-75.64733051,8925
20--8178,10/30/2020,10:37 AM,HIGHWAY 417 btwn HWY417 IC155 RAMP61 & HWY417 IC145 RAMP56 (__3ZA2Q2),__3ZA2Q2,01 - Non intersection,03 - P.D. only,07 - SMV other,01 - Clear,01 - Daylight,01 - Dry,10 - No control,,1,0,0,0,,0,,,,,341766.277,5017963.836,45.30065503,-76.02864492,8926
20--8179,10/30/2020,10:45 AM,MERIVALE RD @ SHILLINGTON AVE (0011308),11308,02 - Intersection related,03 - P.D. only,03 - Rear end,01 - Clear,01 - Daylight,01 - Dry,01 - Traffic signal,01 - Functioning,2,0,0,0,,0,,,,,364844.6924,5026809.537,45.3786542,-75.73332111,8927
20--818,1/18/2020,10:36 PM,GREENBANK RD @ LISA AVE (0002753),2753,03 - At intersection,03 - P.D. only,05 - Turning movement,03 - Snow,07 - Dark,03 - Loose snow,01 - Traffic signal,01 - Functioning,2,0,0,0,,0,,,,,360554.6638,5022893.503,45.34377242,-75.78853559,8928
20--8180,10/30/2020,11:45 PM,DALMENY RD btwn NIXON DR & 2ND LINE RD (__3ZA3T8),__3ZA3T8,01 - Non intersection,03 - P.D. only,04 - Sideswipe,01 - Clear,07 - Dark,01 - Dry,10 - No control,,2,0,0,0,,0,,,,,377231.6516,4998727.192,45.12480776,-75.57926952,8929
20--8181,10/30/2020,11:59 AM,BAYCREST DR btwn CEDARWOOD DR & SANDALWOOD DR (__3ZA9YY),__3ZA9YY,01 - Non intersection,02 - Non-fatal injury,07 - SMV other,01 - Clear,01 - Daylight,01 - Dry,10 - No control,,1,0,0,3,02 - Minor,3,1,2,,,371338.9448,5026718.773,45.37725088,-75.65042039,8930
20--8182,10/30/2020,12:13 AM,ROBERTSON RD btwn HAANEL DR & MILL HILL RD (__3ZA41V),__3ZA41V,01 - Non intersection,03 - P.D. only,03 - Rear end,01 - Clear,07 - Dark,01 - Dry,10 - No control,,2,0,0,0,,0,,,,,356070.7052,5019854.866,45.31677248,-75.84606452,8931
20--8183,10/30/2020,12:23 AM,"OLD MONTREAL RD btwn GRAND-CH-NE, COUR DU CRT & TED KELLY LANE (__3ZA24E)",__3ZA24E,01 - Non intersection,03 - P.D. only,07 - SMV other,01 - Clear,07 - Dark,01 - Dry,10 - No control,,1,0,0,0,,0,,,,,386014.0056,5040717.158,45.50164783,-75.46076535,8932
20--8184,10/30/2020,12:33 PM,BASELINE RD @ SANDCASTLE DR (0001122),1122,02 - Intersection related,02 - Non-fatal injury,03 - Rear end,01 - Clear,01 - Daylight,01 - Dry,01 - Traffic signal,01 - Functioning,2,0,0,0,02 - Minor,1,,1,,,359629.6684,5021987.49,45.33569301,-75.80043862,8933
20--8185,10/30/2020,12:50 PM,POULIN AVE @ PRISCILLA ST (0002583),2583,02 - Intersection related,03 - P.D. only,07 - SMV other,01 - Clear,01 - Daylight,01 - Dry,02 - Stop sign,01 - Functioning,1,0,0,0,,0,,,,,360259.6768,5025046.513,45.36316854,-75.79205801,8934
20--8186,10/30/2020,2:10 PM,CHARLOTTE ST btwn DESJARDINS AVE & CLARENCE ST E (__3ZA8S7),__3ZA8S7,04 - At/near private drive,03 - P.D. only,02 - Angle,01 - Clear,01 - Daylight,01 - Dry,10 - No control,,2,0,0,0,,0,,,,,369053.514,5033154.027,45.43536641,-75.67875943,8935
20--8187,10/30/2020,2:12 AM,HIGHWAY 417 btwn HWY417 IC155 RAMP25 & RAMP (__3ZAZN1),__3ZAZN1,01 - Non intersection,03 - P.D. only,07 - SMV other,01 - Clear,07 - Dark,01 - Dry,10 - No control,,1,0,0,0,,0,,,,,342785.8901,5017106.776,45.29288844,-76.01571,8936
20--8188,10/30/2020,2:16 PM,SOVEREIGN AVE @ CRAIG HENRY DR (0005113),5113,02 - Intersection related,03 - P.D. only,05 - Turning movement,01 - Clear,01 - Daylight,01 - Dry,02 - Stop sign,00 - Unknown,2,0,0,0,,0,,,,,362988.6872,5021886.5,45.33451379,-75.75759692,8937
20--8189,10/30/2020,2:23 PM,HIGHWAY 417 btwn HWY417 IC126 RAMP51 & HWY417 IC126 RAMP25 (__3ZA2RD),__3ZA2RD,01 - Non intersection,03 - P.D. only,03 - Rear end,01 - Clear,01 - Daylight,01 - Dry,10 - No control,,3,0,0,0,,0,,,,,363275.8542,5025975.737,45.37128447,-75.75344977,8938
20--819,1/18/2020,10:40 AM,BRONSON AVE @ CARLING AVE/GLEBE AVE (0002134),2134,02 - Intersection related,03 - P.D. only,04 - Sideswipe,01 - Clear,01 - Daylight,02 - Wet,01 - Traffic signal,01 - Functioning,2,0,0,0,,0,,,,,367447.6895,5029335.556,45.40115472,-75.69976733,8939
20--8190,10/30/2020,2:47 PM,BANK ST @ FIRST AVE (0007233),7233,03 - At intersection,02 - Non-fatal injury,07 - SMV other,01 - Clear,01 - Daylight,01 - Dry,01 - Traffic signal,01 - Functioning,1,0,0,1,01 - Minimal,1,1,,,,368273.0873,5029703.833,45.40439402,-75.68917773,8940
20--8191,10/30/2020,2:50 PM,MAIN ST @ SPRINGHURST AVE (0007196),7196,02 - Intersection related,03 - P.D. only,05 - Turning movement,01 - Clear,01 - Daylight,01 - Dry,10 - No control,,2,1,0,0,,0,,,,,369080.7104,5030374.598,45.41035563,-75.67877454,8941
20--8192,10/30/2020,3:24 PM,WOODROFFE AVE @ CRESTHAVEN DR/PAUL METIVIER (0010547),10547,03 - At intersection,03 - P.D. only,02 - Angle,01 - Clear,01 - Daylight,01 - Dry,02 - Stop sign,01 - Functioning,2,0,0,0,,0,,,,,366327.1114,5014853.405,45.2709459,-75.71588028,8942
20--8193,10/30/2020,3:30 PM,HIGHWAY 417 btwn HWY417 IC129 RAMP25 & TRANSIT (__3ZA2SH),__3ZA2SH,01 - Non intersection,03 - P.D. only,03 - Rear end,01 - Clear,01 - Daylight,01 - Dry,10 - No control,,2,0,0,0,,0,,,,,361245.8572,5024141.062,45.35494263,-75.77957383,8943
20--8194,10/30/2020,3:39 PM,HIGHWAY 417 btwn HWY417 IC119A RAMP67 & HWY417 IC118 RAMP76 (__3ZA2YS),__3ZA2YS,01 - Non intersection,03 - P.D. only,03 - Rear end,01 - Clear,01 - Daylight,01 - Dry,10 - No control,,2,0,0,0,,0,,,,,368858.6595,5030669.604,45.41303035,-75.68157275,8944
20--8195,10/30/2020,4:26 PM,CHARLOTTE ST @ RIDEAU ST (0002622),2622,03 - At intersection,03 - P.D. only,05 - Turning movement,01 - Clear,01 - Daylight,01 - Dry,01 - Traffic signal,01 - Functioning,2,0,0,0,,0,,,,,369249.7093,5032859.594,45.43269916,-75.67629062,8945
20--8196,10/30/2020,4:45 PM,ST. JOSEPH BLVD/OLD MONTREAL RD @ TRIM RD (0004118),4118,03 - At intersection,03 - P.D. only,02 - Angle,01 - Clear,01 - Daylight,01 - Dry,11 - Roundabout,01 - Functioning,2,0,0,0,,0,,,,,384682.7477,5039285.591,45.48892171,-75.47803072,8946
20--8197,10/30/2020,4:48 PM,CLIFTON RD @ RICHMOND RD (0006388),6388,03 - At intersection,03 - P.D. only,02 - Angle,01 - Clear,01 - Daylight,01 - Dry,02 - Stop sign,01 - Functioning,2,0,0,0,,0,,,,,363708.6822,5028598.56,45.39484798,-75.74761143,8947
20--8198,10/30/2020,4:48 PM,KIRKWOOD AVE btwn CARLING AVE & CARLING AVE (__3ZA4NV),__3ZA4NV,01 - Non intersection,03 - P.D. only,03 - Rear end,01 - Clear,01 - Daylight,01 - Dry,10 - No control,,2,0,0,0,,0,,,,,364283.6446,5027475.661,45.38469573,-75.74040394,8948
20--8199,10/30/2020,5:00 PM,GLENMANOR DR E @ VIEWMOUNT DR E (0001939),1939,02 - Intersection related,03 - P.D. only,02 - Angle,01 - Clear,05 - Dusk,01 - Dry,02 - Stop sign,01 - Functioning,2,0,0,0,,0,,,,,365107.6973,5022900.521,45.3434589,-75.73044025,8949
20--82,1/3/2020,6:34 PM,BANK ST @ LEITRIM RD (0004125),4125,02 - Intersection related,03 - P.D. only,07 - SMV other,01 - Clear,07 - Dark,02 - Wet,01 - Traffic signal,01 - Functioning,1,0,0,0,,0,,,,,375357.7635,5021619.462,45.33097639,-75.59984141,8950
20--820,1/18/2020,10:45 AM,BRIAN COBURN BLVD @ TENTH LINE RD (0013966),13966,02 - Intersection related,03 - P.D. only,03 - Rear end,01 - Clear,01 - Daylight,01 - Dry,01 - Traffic signal,01 - Functioning,2,0,0,0,,0,,,,,384428.3389,5035022.308,45.45059377,-75.48197576,8951
20--8200,10/30/2020,5:30 PM,INNES RD btwn STAR TOP RD & HWY417 IC112 RAMP55 (__3ZAZPO),__3ZAZPO,01 - Non intersection,03 - P.D. only,03 - Rear end,01 - Clear,05 - Dusk,01 - Dry,10 - No control,,3,0,0,0,,0,,,,,374168.3949,5030680.447,45.41262172,-75.61374075,8952
20--8201,10/30/2020,5:36 PM,OGILVIE RD btwn NASKAPI DR & MONTREAL RD (__3ZA7ZH),__3ZA7ZH,04 - At/near private drive,03 - P.D. only,02 - Angle,01 - Clear,05 - Dusk,01 - Dry,10 - No control,,2,0,0,0,,0,,,,,375634.6788,5034612.981,45.4478575,-75.59444398,8953
20--8202,10/30/2020,5:49 PM,CENTREPOINTE DR @ TALLWOOD DR (0004573),4573,02 - Intersection related,03 - P.D. only,07 - SMV other,01 - Clear,05 - Dusk,01 - Dry,01 - Traffic signal,01 - Functioning,1,0,0,0,,0,,,,,362670.6926,5022576.498,45.34074865,-75.76157304,8954
20--8203,10/30/2020,6:11 PM,ST. LAURENT BLVD @ TAWNEY RD (0008367),8367,02 - Intersection related,03 - P.D. only,04 - Sideswipe,01 - Clear,05 - Dusk,01 - Dry,02 - Stop sign,01 - Functioning,2,0,0,0,,0,,,,,373575.7343,5028848.549,45.39619767,-75.62156726,8955
20--8204,10/30/2020,6:24 PM,VICTORIA ST btwn 9TH LINE RD & YORKS CORNERS RD (__3ZA3X9),__3ZA3X9,01 - Non intersection,03 - P.D. only,07 - SMV other,01 - Clear,07 - Dark,01 - Dry,10 - No control,,1,0,0,0,,0,,,,,387387.7064,5012371.845,45.24646072,-75.44792993,8956
20--8205,10/30/2020,6:30 PM,VICTORIA ST btwn ROWAN DR & 9TH LINE RD (__3ZA20X),__3ZA20X,01 - Non intersection,03 - P.D. only,07 - SMV other,01 - Clear,07 - Dark,01 - Dry,10 - No control,,1,0,0,0,,0,,,,,386787.6318,5012002.385,45.24320672,-75.45563381,8957
20--8206,10/30/2020,6:30 PM,BLAIR RD @ REGIONAL RD 174 S/OR174 IC112 RAMP15 (0012435),12435,02 - Intersection related,03 - P.D. only,03 - Rear end,01 - Clear,07 - Dark,01 - Dry,01 - Traffic signal,01 - Functioning,2,0,0,0,,0,,,,,374907.8928,5032661.54,45.43037283,-75.60401207,8958
20--8207,10/30/2020,6:50 AM,HIGHWAY 417 btwn HWY417 IC134 RAMP26 & HWY417 IC134 RAMP61 (__3ZAZEU),__3ZAZEU,01 - Non intersection,03 - P.D. only,04 - Sideswipe,01 - Clear,03 - Dawn,01 - Dry,10 - No control,,2,0,0,0,,0,,,,,356501.9571,5022339.72,45.33909985,-75.84030496,8959
20--8208,10/30/2020,6:53 PM,MEADOWLANDS DR btwn BAYNE AVE & MERIVALE RD (__3ZA4HT),__3ZA4HT,04 - At/near private drive,03 - P.D. only,07 - SMV other,01 - Clear,07 - Dark,01 - Dry,10 - No control,,1,0,0,0,,0,,,,,364794.3661,5023690.816,45.35059675,-75.7343423,8960
20--8209,10/30/2020,7:09 PM,AVIATION PKWY @ MONTREAL RD (0008799),8799,03 - At intersection,03 - P.D. only,05 - Turning movement,01 - Clear,07 - Dark,01 - Dry,01 - Traffic signal,01 - Functioning,2,0,0,0,,0,,,,,372146.7003,5034108.577,45.44366391,-75.63909841,8961
20--821,1/18/2020,10:47 PM,INNES RD @ ORCHARDVIEW AVE/ESPRIT DR (0012279),12279,03 - At intersection,02 - Non-fatal injury,02 - Angle,03 - Snow,07 - Dark,03 - Loose snow,01 - Traffic signal,01 - Functioning,2,0,0,0,02 - Minor,1,,1,,,384844.7685,5036560.555,45.46438591,-75.47640229,8962
20--8210,10/30/2020,7:20 PM,HIGHWAY 417 btwn HWY417 IC155 RAMP61 & HWY417 IC145 RAMP56 (__3ZA2Q2),__3ZA2Q2,01 - Non intersection,03 - P.D. only,04 - Sideswipe,01 - Clear,07 - Dark,01 - Dry,10 - No control,,3,0,0,0,,0,,,,,345003.5507,5014943.624,45.27330011,-75.98761294,8963
20--8211,10/30/2020,7:26 PM,BANK ST @ SOMERSET ST (0010858),10858,02 - Intersection related,03 - P.D. only,02 - Angle,01 - Clear,07 - Dark,01 - Dry,01 - Traffic signal,01 - Functioning,3,0,0,0,,0,,,,,367694.7047,5030915.566,45.41534902,-75.69641081,8964
20--8212,10/30/2020,7:34 PM,INDUSTRIAL AVE @ ALTA VISTA DR/SANDFORD FLEMIN (0006979),6979,03 - At intersection,03 - P.D. only,05 - Turning movement,01 - Clear,07 - Dark,01 - Dry,01 - Traffic signal,01 - Functioning,2,0,0,0,,0,,,,,370884.7322,5030557.577,45.41183398,-75.65570501,8965
20--8213,10/30/2020,7:59 AM,FISHER AVE @ SHILLINGTON AVE (0006792),6792,02 - Intersection related,03 - P.D. only,03 - Rear end,01 - Clear,01 - Daylight,01 - Dry,01 - Traffic signal,01 - Functioning,3,0,0,0,,0,,,,,365626.6895,5027296.55,45.38296879,-75.72327712,8966
20--8214,10/30/2020,8:32 AM,BANTREE ST @ INNES RD (0007684),7684,03 - At intersection,03 - P.D. only,05 - Turning movement,01 - Clear,01 - Daylight,01 - Dry,01 - Traffic signal,01 - Functioning,3,0,0,0,,0,,,,,373705.7317,5030406.563,45.41020316,-75.61968937,8967
20--8215,10/30/2020,9:12 AM,WOODROFFE AVE btwn CARLINGWOOD SC & CARLING AVE (__3ZA4NKB),__3ZA4NKB,01 - Non intersection,03 - P.D. only,07 - SMV other,01 - Clear,01 - Daylight,01 - Dry,10 - No control,,1,0,0,0,,0,,,,,361899.2129,5025914.061,45.37084304,-75.77103077,8968
20--8216,10/30/2020,9:30 PM,HIGHWAY 417 btwn HWY417 IC163 RAMP61 & HWY417 IC155 RAMP36 (__3ZA2QB),__3ZA2QB,01 - Non intersection,03 - P.D. only,07 - SMV other,01 - Clear,07 - Dark,01 - Dry,10 - No control,,1,0,0,0,,0,,,,,337462.247,5019887.97,45.31818264,-76.08339701,8969
20--8217,10/30/2020,9:45 AM,ISABELLA ST btwn METCALFE ST & ELGIN ST (__3ZA258),__3ZA258,01 - Non intersection,03 - P.D. only,04 - Sideswipe,01 - Clear,01 - Daylight,01 - Dry,10 - No control,,2,0,0,0,,0,,,,,368466.9004,5030407.678,45.41070938,-75.68661127,8970
20--8218,10/31/2020,1:00 AM,COUNTY RD 29 @ HIGHWAY 15 (0011705),11705,03 - At intersection,03 - P.D. only,07 - SMV other,01 - Clear,07 - Dark,01 - Dry,02 - Stop sign,00 - Unknown,1,0,0,0,,0,,,,,317812.6403,5030272.339,45.4122667,-76.33375001,8971
20--8219,10/31/2020,1:07 PM,CARLING AVE @ BAYSHORE DR/BIRCHDALE AVE (0000021),21,03 - At intersection,03 - P.D. only,05 - Turning movement,01 - Clear,01 - Daylight,01 - Dry,01 - Traffic signal,01 - Functioning,3,0,0,0,,0,,,,,359004.8746,5023990.613,45.3537657,-75.80819015,8972
20--822,1/18/2020,10:50 PM,GREENBANK RD @ JOCKVALE RD (0010360),10360,03 - At intersection,03 - P.D. only,07 - SMV other,03 - Snow,07 - Dark,03 - Loose snow,01 - Traffic signal,01 - Functioning,1,0,0,0,,0,,,,,364121.6861,5014330.416,45.26642954,-75.74404684,8973
20--8220,10/31/2020,1:32 AM,SIXTH LINE RD btwn BERRY SIDE RD & RIDDELL DR (__3ZBPHD),__3ZBPHD,01 - Non intersection,03 - P.D. only,07 - SMV other,01 - Clear,07 - Dark,01 - Dry,10 - No control,,1,0,0,0,,0,,,,,350155.6308,5029105.779,45.40042105,-75.92065572,8974