Anom_ID,Accident_Date,Accident_Time,Location,Geo_ID,Accident_Location,Classification_of_Accident,Initial_Impact_Type,Environment_Condition,Light,Road_Surface_Condition,Traffic_Control,Traffic_Control_Condition,No__of_Vehicles,No__of_Bicycles,No__of_Motorcycles,No__of_Pedestrians,Max_Injury,No__of_Injuries,No__of_Minimal,No__of_Minor,No__of_Major,No__of_Fatal,X,Y,Latitude,Longitude,ObjectId
20--9937,12/26/2020,3:23 PM,FISHER AVE @ PRINCE OF WALES DR (0000572),572,02 - Intersection related,03 - P.D. only,07 - SMV other,01 - Clear,01 - Daylight,06 - Ice,01 - Traffic signal,01 - Functioning,1,0,0,0,,0,,,,,367161.7042,5023942.512,45.35265494,-75.70410109,9305
20--9938,12/26/2020,4:15 PM,CARLING AVE @ PARKDALE AVE (0008792),8792,02 - Intersection related,03 - P.D. only,03 - Rear end,01 - Clear,05 - Dusk,01 - Dry,01 - Traffic signal,01 - Functioning,2,0,0,0,,0,,,,,365625.983,5028172.866,45.39085375,-75.72317814,9306
20--9939,12/26/2020,4:20 AM,HIGHWAY 417 btwn HWY417 IC155 RAMP25 & RAMP (__3ZAZN1),__3ZAZN1,01 - Non intersection,03 - P.D. only,07 - SMV other,03 - Snow,07 - Dark,02 - Wet,10 - No control,,1,0,0,0,,0,,,,,344770.0521,5015009.057,45.27390222,-75.99058345,9307
20--994,1/20/2020,7:45 PM,HIGHWAY 417 btwn HWY417 IC130 RAMP26 & HIGHWAY 417 (__3ZA2UV),__3ZA2UV,01 - Non intersection,03 - P.D. only,03 - Rear end,05 - Drifting Snow,07 - Dark,03 - Loose snow,10 - No control,,2,0,0,0,,0,,,,,359589.0562,5023127.458,45.34595363,-75.8008305,9308
20--9940,12/26/2020,4:28 PM,KIRKWOOD AVE @ LAROSE AVE (0006721),6721,03 - At intersection,02 - Non-fatal injury,02 - Angle,01 - Clear,05 - Dusk,02 - Wet,02 - Stop sign,01 - Functioning,2,0,0,0,02 - Minor,1,,1,,,364647.7028,5026843.535,45.37897696,-75.73583202,9309
20--9941,12/26/2020,5:04 PM,MANN AVE btwn TURN LANE & RUSSELL AVE (__3ZBOFH),__3ZBOFH,01 - Non intersection,03 - P.D. only,03 - Rear end,03 - Snow,07 - Dark,03 - Loose snow,10 - No control,,2,0,0,0,,0,,,,,369304.9434,5031404.439,45.41960113,-75.67577533,9310
20--9942,12/26/2020,6:44 AM,PRINCESS LOUISE DR btwn CLEARCREST CRES & BROME CRES (__3ZA5UK),__3ZA5UK,01 - Non intersection,03 - P.D. only,07 - SMV other,03 - Snow,07 - Dark,06 - Ice,10 - No control,,1,0,0,0,,0,,,,,384171.7294,5038469.611,45.4816386,-75.48469923,9311
20--9943,12/26/2020,7:06 AM,RUSSELL RD btwn CUBA AVE & SMYTH RD (__3ZA78S),__3ZA78S,01 - Non intersection,03 - P.D. only,07 - SMV other,03 - Snow,03 - Dawn,06 - Ice,10 - No control,,1,0,0,0,,0,,,,,373218.9165,5029436.948,45.40152677,-75.62604254,9312
20--9944,12/26/2020,7:18 AM,QUEEN MARY ST @ VANIER PKWY (0007648),7648,03 - At intersection,03 - P.D. only,02 - Angle,03 - Snow,03 - Dawn,03 - Loose snow,01 - Traffic signal,01 - Functioning,2,0,0,0,,0,,,,,370363.7106,5031957.587,45.42447972,-75.66217456,9313
20--9945,12/26/2020,7:30 AM,BLAIR RD btwn BEAVERPOND DR & INNES RD (__3ZA2EZ),__3ZA2EZ,01 - Non intersection,03 - P.D. only,07 - SMV other,03 - Snow,03 - Dawn,03 - Loose snow,10 - No control,,1,0,0,0,,0,,,,,375569.4521,5031462.833,45.41952092,-75.59573053,9314
20--9946,12/26/2020,8:00 PM,BLACKBURN BYPASS @ NAVAN RD (0004201),4201,02 - Intersection related,03 - P.D. only,03 - Rear end,01 - Clear,07 - Dark,06 - Ice,01 - Traffic signal,01 - Functioning,2,0,0,0,,0,,,,,379617.7376,5033274.575,45.4354005,-75.54373466,9315
20--9947,12/26/2020,8:48 PM,PARKGLEN DR @ WOODROFFE AVE (0001099),1099,03 - At intersection,03 - P.D. only,07 - SMV other,03 - Snow,07 - Dark,06 - Ice,02 - Stop sign,01 - Functioning,1,0,0,0,,0,,,,,362888.6873,5023126.511,45.34567961,-75.75872708,9316
20--9948,12/26/2020,9:04 AM,ALBION RD @ BANK ST (0012409),12409,03 - At intersection,02 - Non-fatal injury,02 - Angle,03 - Snow,01 - Daylight,06 - Ice,01 - Traffic signal,01 - Functioning,2,0,0,0,02 - Minor,1,,1,,,371946.7486,5024129.481,45.35389538,-75.6430126,9317
20--9949,12/27/2020,1:03 PM,FINDLAY CREEK DR btwn BUFFLEHEAD WAY & GOLDEN SEDGE WAY (__67PTOB),__67PTOB,01 - Non intersection,02 - Non-fatal injury,07 - SMV other,01 - Clear,01 - Daylight,01 - Dry,10 - No control,,1,0,0,1,02 - Minor,1,,1,,,374784.1284,5019802.698,45.31468727,-75.60741555,9318
20--995,1/20/2020,8:09 AM,RIDEAU ST @ WURTEMBURG ST (0007118),7118,02 - Intersection related,03 - P.D. only,03 - Rear end,01 - Clear,01 - Daylight,01 - Dry,01 - Traffic signal,00 - Unknown,2,0,0,0,,0,,,,,369356.7103,5032925.578,45.43328299,-75.67491456,9319
20--9950,12/27/2020,10:20 PM,PLACE D'ORLEANS DR @ PLACE D'ORLEANS SC N (0009234),9234,03 - At intersection,03 - P.D. only,05 - Turning movement,01 - Clear,07 - Dark,01 - Dry,01 - Traffic signal,01 - Functioning,2,0,0,0,,0,,,,,381414.018,5037940.047,45.47718212,-75.52005241,9320
20--9951,12/27/2020,11:26 PM,MONTREAL RD btwn EMOND ST & CYR AVE (__3ZA3LS),__3ZA3LS,01 - Non intersection,03 - P.D. only,07 - SMV other,01 - Clear,07 - Dark,01 - Dry,10 - No control,,1,0,0,0,,0,,,,,370199.1132,5033136.958,45.43510662,-75.66412106,9321
20--9952,12/27/2020,3:04 PM,PRINCE OF WALES DR @ WEST HUNT CLUB RD (0000567),567,03 - At intersection,02 - Non-fatal injury,02 - Angle,01 - Clear,01 - Daylight,01 - Dry,01 - Traffic signal,01 - Functioning,2,0,0,0,01 - Minimal,3,3,,,,367458.6873,5021891.521,45.33417405,-75.70057096,9322
20--9953,12/27/2020,4:18 PM,TRIM RD btwn NORTH SERVICE RD & REGIONAL ROAD 174 (__3ZA11M),__3ZA11M,01 - Non intersection,03 - P.D. only,03 - Rear end,01 - Clear,05 - Dusk,01 - Dry,10 - No control,,2,0,0,0,,0,,,,,384349.1332,5039997.588,45.49536567,-75.48218271,9323
20--9954,12/27/2020,5:02 PM,HIGHWAY 417 btwn HWY417 IC134 RAMP35 & HWY417 IC134 RAMP25 (__3ZA29D),__3ZA29D,01 - Non intersection,03 - P.D. only,07 - SMV other,01 - Clear,07 - Dark,02 - Wet,10 - No control,,1,0,0,0,,0,,,,,356759.3717,5022434.608,45.33993464,-75.83701071,9324
20--9955,12/27/2020,6:15 PM,BOOTH ST @ GLADSTONE AVE (0002211),2211,03 - At intersection,03 - P.D. only,05 - Turning movement,01 - Clear,07 - Dark,02 - Wet,01 - Traffic signal,01 - Functioning,2,0,0,0,,0,,,,,366768.7023,5029850.562,45.40584904,-75.70837484,9325
20--9956,12/27/2020,6:28 PM,WELLINGTON ST    W btwn MERTON ST & FAIRMONT AVE (__3ZA31M),__3ZA31M,01 - Non intersection,03 - P.D. only,04 - Sideswipe,01 - Clear,07 - Dark,01 - Dry,10 - No control,,2,0,0,0,,0,,,,,365541.6833,5029676.526,45.40439066,-75.7240695,9326
20--9417,12/8/2020,Unknown,CAMBRIDGE ST    S btwn PLYMOUTH ST & POWELL AVE (__3ZBOU2),__3ZBOU2,01 - Non intersection,03 - P.D. only,06 - SMV unattended vehicle,03 - Snow,00 - Unknown,04 - Slush,10 - No control,,1,0,0,0,,0,,,,,367231.3582,5029561.044,45.40320293,-75.70250183,9327
20--9783,12/20/2020,7:30 AM,HIGHWAY 7 btwn HAZELDEAN IC RAMP 53 & HIGHWAY 7 (__7JQ7LK),__7JQ7LK,01 - Non intersection,03 - P.D. only,07 - SMV other,05 - Drifting Snow,03 - Dawn,02 - Wet,10 - No control,,1,0,0,0,,0,,,,,345833.8308,5011446.584,45.24178423,-75.97732038,9328
20--9691,12/17/2020,7:01 PM,FALLOWFIELD RD @ VIA PARK PL/275 W OF WOODROFFE AVE (0010154),10154,03 - At intersection,03 - P.D. only,05 - Turning movement,01 - Clear,07 - Dark,01 - Dry,01 - Traffic signal,01 - Functioning,2,0,0,0,,0,,,,,364847.2347,5017766.024,45.29728149,-75.7343861,9329
20--9062,11/25/2020,9:14 AM,CARLING AVE @ PRESTON ST (0002161),2161,02 - Intersection related,03 - P.D. only,03 - Rear end,03 - Snow,01 - Daylight,03 - Loose snow,01 - Traffic signal,01 - Functioning,2,0,0,0,,0,,,,,366829.7061,5028935.56,45.39761069,-75.70771071,9330
20--9784,12/20/2020,9:30 PM,SWEETCLOVER WAY btwn ALLIUM ST & ARUM TERR (e___2JIM),e___2JIM,04 - At/near private drive,03 - P.D. only,06 - SMV unattended vehicle,01 - Clear,07 - Dark,01 - Dry,10 - No control,,1,0,0,0,,0,,,,,384038.826,5033773.085,45.43939864,-75.48715595,9331
20--9692,12/17/2020,7:51 AM,STEVENAGE DR btwn SWANSEA CRES & HAWTHORNE RD (__3ZBO1J),__3ZBO1J,04 - At/near private drive,03 - P.D. only,02 - Angle,01 - Clear,03 - Dawn,01 - Dry,10 - No control,,2,0,0,0,,0,,,,,375032.1214,5027271.518,45.38186376,-75.60319237,9332
20--9785,12/20/2020,9:30 PM,HIGHWAY 417 btwn HWY417 IC129 RAMP25 & HWY417 IC129 RAMP35 (__3ZAYFR),__3ZAYFR,01 - Non intersection,03 - P.D. only,07 - SMV other,01 - Clear,07 - Dark,02 - Wet,10 - No control,,1,0,0,0,,0,,,,,360822.6462,5023812.217,45.35201763,-75.78501217,9333
20--9063,11/25/2020,9:17 AM,JEANNE D'ARC BLVD @ ORLEANS BLVD S (0004154),4154,03 - At intersection,03 - P.D. only,05 - Turning movement,03 - Snow,01 - Daylight,03 - Loose snow,01 - Traffic signal,01 - Functioning,2,0,0,0,,0,,,,,380940.7441,5036250.566,45.46203332,-75.52636681,9334
20--9693,12/17/2020,8:10 AM,WALKLEY RD @ HEATHERINGTON RD (0006928),6928,03 - At intersection,03 - P.D. only,02 - Angle,01 - Clear,01 - Daylight,01 - Dry,01 - Traffic signal,01 - Functioning,2,0,0,0,,0,,,,,371766.7251,5026794.53,45.37789176,-75.64494876,9335
20--9786,12/20/2020,9:56 AM,STEWART ST btwn CUMBERLAND ST & KING EDWARD AVE (__3ZA3VU),__3ZA3VU,01 - Non intersection,02 - Non-fatal injury,07 - SMV other,03 - Snow,01 - Daylight,03 - Loose snow,10 - No control,,1,0,0,1,02 - Minor,1,,1,,,368502.6349,5032125.094,45.42615885,-75.68593275,9336
20--9787,12/21/2020,1:18 PM,CALDWELL AVE @ MERIVALE RD (0011432),11432,03 - At intersection,02 - Non-fatal injury,02 - Angle,01 - Clear,01 - Daylight,02 - Wet,01 - Traffic signal,01 - Functioning,2,1,0,0,01 - Minimal,1,1,,,,364907.3946,5026230.412,45.37343796,-75.73259106,9337
20--9151,11/28/2020,5:25 AM,BANK ST @ WALKLEY RD (0011423),11423,02 - Intersection related,03 - P.D. only,04 - Sideswipe,02 - Rain,07 - Dark,02 - Wet,01 - Traffic signal,00 - Unknown,2,0,0,0,,0,,,,,370337.8577,5025947.736,45.37040769,-75.66330336,9338
20--9064,11/25/2020,9:17 AM,INDUSTRIAL AVE btwn TRAINYARDS DR & RUSSELL RD (__3ZA3R9),__3ZA3R9,04 - At/near private drive,03 - P.D. only,02 - Angle,03 - Snow,01 - Daylight,03 - Loose snow,10 - No control,,2,0,0,0,,0,,,,,372001.1668,5030464.94,45.41089416,-75.64145573,9339
20--9788,12/21/2020,1:20 PM,INNES RD @ JEANNE D'ARC BLVD/MER BLEUE RD (0012475),12475,02 - Intersection related,03 - P.D. only,03 - Rear end,01 - Clear,01 - Daylight,01 - Dry,01 - Traffic signal,01 - Functioning,3,0,0,0,,0,,,,,382637.7567,5035567.557,45.45570118,-75.50477801,9340
20--9152,11/28/2020,5:37 PM,WELLINGTON ST btwn LYON ST N & KENT ST (__3ZA4TE),__3ZA4TE,01 - Non intersection,03 - P.D. only,06 - SMV unattended vehicle,01 - Clear,07 - Dark,01 - Dry,10 - No control,,1,0,0,0,,0,,,,,367013.5806,5031474.79,45.42044164,-75.70504191,9341
20--9153,11/28/2020,6:30 PM,STANLEY AVE btwn UNION ST & QUEEN VICTORIA ST (__3ZA8XD),__3ZA8XD,01 - Non intersection,03 - P.D. only,06 - SMV unattended vehicle,01 - Clear,07 - Dark,01 - Dry,10 - No control,,1,0,0,0,,0,,,,,368199.66,5033713.564,45.44047885,-75.68959959,9342
20--9154,11/28/2020,6:38 PM,ALBION RD @ HUNT CLUB RD (0006974),6974,03 - At intersection,03 - P.D. only,05 - Turning movement,01 - Clear,07 - Dark,01 - Dry,01 - Traffic signal,01 - Functioning,2,0,0,0,,0,,,,,371867.7319,5024320.52,45.35562184,-75.64399505,9343
20--9155,11/28/2020,7:09 PM,DONALD B. MUNRO DR btwn GRANTS SIDE RD & LOMAR RD (__3ZBNAK),__3ZBNAK,01 - Non intersection,02 - Non-fatal injury,07 - SMV other,01 - Clear,07 - Dark,01 - Dry,10 - No control,,1,0,0,0,02 - Minor,1,,1,,,331726.7099,5025283.095,45.36697419,-76.15625796,9344
20--9156,11/28/2020,7:20 AM,INNES RD btwn TO BE DETERMINED & PEPIN CRT (__3ZA3J4),__3ZA3J4,01 - Non intersection,03 - P.D. only,07 - SMV other,01 - Clear,01 - Daylight,02 - Wet,10 - No control,,1,0,0,0,,0,,,,,377191.8417,5032280.11,45.42670828,-75.57488274,9345
20--9157,11/28/2020,8:30 PM,GEORGE ST btwn SUSSEX DR & 26 W OF BYWARD MARKET/FREIMAN MALL (__3ZA40PA),__3ZA40PA,01 - Non intersection,03 - P.D. only,04 - Sideswipe,01 - Clear,07 - Dark,01 - Dry,10 - No control,,2,0,0,0,,0,,,,,367921.092,5032163.861,45.42656038,-75.69335868,9346
20--9158,11/28/2020,9:34 PM,SMYTH RD @ SMYTH RD NORTH SIDE RAMP/SMYTH RD S (0006582),6582,02 - Intersection related,03 - P.D. only,02 - Angle,01 - Clear,07 - Dark,01 - Dry,03 - Yield sign,00 - Unknown,2,0,0,0,,0,,,,,369917.1868,5029121.476,45.39900317,-75.66825466,9347
20--9159,11/29/2020,1:25 AM,HIGHWAY 417 btwn HWY417 IC96 RAMP61 & HWY417 IC88 RAMP16 (__3ZA27Z),__3ZA27Z,01 - Non intersection,03 - P.D. only,07 - SMV other,01 - Clear,07 - Dark,01 - Dry,10 - No control,,1,0,0,0,,0,,,,,387999.5472,5023790.887,45.34912818,-75.43822122,9348
20--916,1/19/2020,5:11 PM,ALBERT ST @ ELGIN ST/MACKENZIE KING BRIDGE (0002226),2226,02 - Intersection related,03 - P.D. only,99 - Other,01 - Clear,05 - Dusk,03 - Loose snow,01 - Traffic signal,01 - Functioning,2,0,0,0,,0,,,,,367850.7133,5031711.587,45.42249732,-75.69431587,9349
20--9160,11/29/2020,1:30 PM,NIXON DR btwn BUCKLES ST & DALMENY RD (__3ZA726),__3ZA726,01 - Non intersection,03 - P.D. only,07 - SMV other,01 - Clear,01 - Daylight,01 - Dry,10 - No control,,1,0,0,0,,0,,,,,375196.5185,4998632.484,45.1241612,-75.60514967,9350
20--9161,11/29/2020,1:58 PM,MERIVALE RD btwn VIEWMOUNT DR & COLONNADE RD (__3ZA33F),__3ZA33F,01 - Non intersection,03 - P.D. only,03 - Rear end,01 - Clear,01 - Daylight,01 - Dry,10 - No control,,4,0,0,0,,0,,,,,365220.653,5022884.449,45.34330457,-75.72900096,9351
20--9162,11/29/2020,10:49 PM,CARP RD btwn WESTBROOK RD & LLOYDALEX CRES (__3ZA3DZ),__3ZA3DZ,01 - Non intersection,03 - P.D. only,07 - SMV other,01 - Clear,07 - Dark,01 - Dry,10 - No control,,1,0,0,0,,0,,,,,347805.4825,5015368.045,45.27695343,-75.95186764,9352
20--9163,11/29/2020,11:11 AM,MEADOW DR @ PARKWAY RD (0005865),5865,02 - Intersection related,03 - P.D. only,07 - SMV other,01 - Clear,01 - Daylight,01 - Dry,02 - Stop sign,01 - Functioning,1,0,0,0,,0,,,,,378552.7651,5014089.444,45.26289623,-75.56020567,9353
20--9164,11/29/2020,11:13 PM,HAWTHORNE RD btwn BLAIS RD & RIDEAU RD (__3ZA6GZ),__3ZA6GZ,01 - Non intersection,03 - P.D. only,07 - SMV other,01 - Clear,07 - Dark,01 - Dry,10 - No control,,1,0,0,0,,0,,,,,378583.0848,5019035.129,45.30739215,-75.55908397,9354
20--9165,11/29/2020,11:15 AM,MONTREAL RD btwn ALFRED ST & CANTIN ST (__3ZA3MH),__3ZA3MH,04 - At/near private drive,03 - P.D. only,02 - Angle,01 - Clear,01 - Daylight,01 - Dry,10 - No control,,2,0,0,0,,0,,,,,370999.0248,5033556.83,45.43880917,-75.65384188,9355
20--9694,12/17/2020,8:15 AM,CYRVILLE RD @ ST. LAURENT BLVD (0002647),2647,02 - Intersection related,03 - P.D. only,03 - Rear end,01 - Clear,01 - Daylight,01 - Dry,01 - Traffic signal,01 - Functioning,2,0,0,0,,0,,,,,372241.7402,5032111.588,45.4256868,-75.6381572,9356
20--9418,12/8/2020,12:12 AM,PARKDALE AVE @ SHERWOOD DR (0006383),6383,03 - At intersection,03 - P.D. only,02 - Angle,01 - Clear,07 - Dark,01 - Dry,12 - IPS,01 - Functioning,2,0,0,0,,0,,,,,365380.7001,5028745.56,45.39602799,-75.7262401,9357
20--9166,11/29/2020,11:20 AM,DUNROBIN RD @ KINBURN SIDE RD (0001688),1688,02 - Intersection related,02 - Non-fatal injury,03 - Rear end,01 - Clear,01 - Daylight,01 - Dry,02 - Stop sign,01 - Functioning,2,0,0,0,02 - Minor,1,,1,,,338029.5963,5035929.633,45.4625047,-76.07508047,9358
20--9167,11/29/2020,12:18 AM,BANK ST @ WALKLEY RD (0011423),11423,02 - Intersection related,03 - P.D. only,03 - Rear end,01 - Clear,07 - Dark,01 - Dry,01 - Traffic signal,01 - Functioning,2,0,0,0,,0,,,,,370337.8518,5025947.737,45.3704077,-75.66330344,9359
20--9168,11/29/2020,12:45 AM,HWY417 IC140 RAMP36 btwn TERRY FOX DR & HIGHWAY 417 (__3ZAYB4),__3ZAYB4,01 - Non intersection,03 - P.D. only,07 - SMV other,01 - Clear,07 - Dark,01 - Dry,10 - No control,,1,0,0,0,,0,,,,,350803.9288,5018591.768,45.30577164,-75.91335348,9360
20--9169,11/29/2020,12:45 PM,ALESTHER ST btwn WOLFFDALE CRES & QUEEN MARY ST (__3ZA8H0),__3ZA8H0,01 - Non intersection,03 - P.D. only,99 - Other,01 - Clear,01 - Daylight,01 - Dry,10 - No control,,2,0,0,0,,0,,,,,372115.3543,5032160.624,45.42614018,-75.63976541,9361
20--917,1/19/2020,5:17 PM,BRONSON AVE @ CARLING AVE/GLEBE AVE (0002134),2134,02 - Intersection related,02 - Non-fatal injury,03 - Rear end,03 - Snow,05 - Dusk,03 - Loose snow,01 - Traffic signal,01 - Functioning,3,0,0,0,02 - Minor,1,,1,,,367447.7039,5029335.568,45.40115483,-75.69976715,9362
20--9170,11/29/2020,12:50 PM,HAWTHORNE RD/RUSSELL RD @ WALKLEY RD (0002618),2618,02 - Intersection related,02 - Non-fatal injury,03 - Rear end,01 - Clear,01 - Daylight,01 - Dry,01 - Traffic signal,01 - Functioning,3,0,0,0,01 - Minimal,1,1,,,,374674.7454,5028499.533,45.39294858,-75.60758136,9363
20--9171,11/29/2020,3:05 PM,CLARIDGE DR btwn SLEAFORD GT & WOODROFFE AVE (__3ZADH9),__3ZADH9,04 - At/near private drive,02 - Non-fatal injury,05 - Turning movement,01 - Clear,01 - Daylight,01 - Dry,10 - No control,,2,0,0,0,02 - Minor,1,,1,,,365444.882,5016648.139,45.28717149,-75.72690335,9364
20--9172,11/29/2020,3:10 PM,CARP RD @ STITTSVILLE MAIN ST (0005253),5253,02 - Intersection related,03 - P.D. only,99 - Other,01 - Clear,01 - Daylight,02 - Wet,01 - Traffic signal,01 - Functioning,2,0,0,0,,0,,,,,349524.7839,5014330.209,45.26750735,-75.93004859,9365
20--9173,11/29/2020,3:15 AM,HIGHWAY 416 btwn HWY416 IC66 RAMP24 & HWY416 IC57 RAMP62 (__3ZA1OI),__3ZA1OI,01 - Non intersection,03 - P.D. only,07 - SMV other,01 - Clear,07 - Dark,01 - Dry,10 - No control,,1,0,0,0,,0,,,,,361455.6773,5012187.488,45.24736705,-75.7782621,9366
20--9174,11/29/2020,3:18 AM,MONTREAL RD @ MONTFORT HOSPITAL (0011388),11388,02 - Intersection related,03 - P.D. only,07 - SMV other,01 - Clear,07 - Dark,01 - Dry,01 - Traffic signal,01 - Functioning,1,0,0,0,,0,,,,,372222.4238,5034144.244,45.44397753,-75.63812565,9367
20--9175,11/29/2020,3:40 PM,INDUSTRIAL AVE @ TRAINYARDS DR (0011906),11906,02 - Intersection related,03 - P.D. only,03 - Rear end,01 - Clear,01 - Daylight,01 - Dry,01 - Traffic signal,01 - Functioning,2,0,0,0,,0,,,,,371685.9606,5030539.479,45.41159502,-75.64547215,9368
20--9176,11/29/2020,4:30 PM,ARGYLE AVE @ O'CONNOR ST (0007254),7254,03 - At intersection,02 - Non-fatal injury,02 - Angle,01 - Clear,05 - Dusk,01 - Dry,01 - Traffic signal,01 - Functioning,2,0,0,0,02 - Minor,2,,2,,,368184.7116,5030485.569,45.41143583,-75.69020605,9369
20--9177,11/29/2020,4:30 PM,COVENTRY RD btwn ARCOLA PRIV & LOLA ST (__3ZA35VB),__3ZA35VB,04 - At/near private drive,03 - P.D. only,02 - Angle,01 - Clear,05 - Dusk,01 - Dry,10 - No control,,2,0,0,0,,0,,,,,371162.8779,5031602.324,45.42120785,-75.65201113,9370
20--9178,11/29/2020,5:33 PM,INDUSTRIAL AVE @ TRAINYARDS DR (0011906),11906,03 - At intersection,03 - P.D. only,05 - Turning movement,01 - Clear,07 - Dark,01 - Dry,01 - Traffic signal,01 - Functioning,2,0,0,0,,0,,,,,371685.9418,5030539.466,45.41159491,-75.6454724,9371
20--9179,11/29/2020,5:40 PM,DONALD ST btwn BARNABY PRIV & TELFORD AVE (__3ZAYF3),__3ZAYF3,01 - Non intersection,02 - Non-fatal injury,05 - Turning movement,01 - Clear,07 - Dark,01 - Dry,10 - No control,,2,0,0,0,01 - Minimal,1,1,,,,371546.8196,5032409.372,45.42843279,-75.64699629,9372
20--918,1/19/2020,7:07 PM,VISENEAU DR btwn BARRINGTON ST & BROMONT WAY (__3ZA7X8),__3ZA7X8,01 - Non intersection,03 - P.D. only,06 - SMV unattended vehicle,01 - Clear,07 - Dark,06 - Ice,10 - No control,,1,0,0,0,,0,,,,,381573.5171,5035534.57,45.45552213,-75.51838834,9373
20--9180,11/29/2020,7:15 PM,CHARLOTTE ST @ STEWART ST (0007742),7742,02 - Intersection related,03 - P.D. only,03 - Rear end,01 - Clear,07 - Dark,01 - Dry,01 - Traffic signal,01 - Functioning,2,0,0,0,,0,,,,,369374.7116,5032657.582,45.43087,-75.67471966,9374
20--9181,11/29/2020,7:28 AM,GREENBANK RD btwn JOCKVALE RD & CAMBRIAN RD (__3ZA2WE),__3ZA2WE,01 - Non intersection,03 - P.D. only,01 - Approaching,01 - Clear,03 - Dawn,01 - Dry,10 - No control,,2,0,0,0,,0,,,,,364481.14,5013498.074,45.2589097,-75.73956661,9375
20--9182,11/29/2020,8:35 AM,BOWESVILLE RD btwn HIGH RD & EARL ARMSTRONG RD (__3ZA7ZY),__3ZA7ZY,01 - Non intersection,03 - P.D. only,07 - SMV other,01 - Clear,01 - Daylight,01 - Dry,10 - No control,,1,0,0,0,,0,,,,,372152.0606,5018417.923,45.30248484,-75.64116954,9376
20--9183,11/29/2020,9:54 AM,SIXTH LINE RD btwn BESSBOROUGH LANE & PINHEY POINT RD (__3ZAZBO),__3ZAZBO,01 - Non intersection,03 - P.D. only,07 - SMV other,01 - Clear,01 - Daylight,01 - Dry,10 - No control,,1,0,0,0,,0,,,,,346131.7769,5033449.445,45.43975526,-75.9716872,9377
20--9184,11/30/2020,1:03 PM,BELCOURT BLVD @ INNES RD (0004202),4202,02 - Intersection related,03 - P.D. only,04 - Sideswipe,01 - Clear,01 - Daylight,01 - Dry,01 - Traffic signal,01 - Functioning,4,0,0,0,,0,,,,,382121.5774,5035266.608,45.4530508,-75.51142412,9378
20--9185,11/30/2020,1:55 PM,COLONEL BY DR btwn SENECA ST & LEONARD AVE (__3ZA21K),__3ZA21K,01 - Non intersection,03 - P.D. only,07 - SMV other,01 - Clear,01 - Daylight,01 - Dry,10 - No control,,1,0,0,0,,0,,,,,368207.1768,5028563.443,45.39413911,-75.69016621,9379
20--9186,11/30/2020,11:12 AM,EAGLESON RD btwn HAZELDEAN RD & 146 N OF ABBEYHILL DR/HAZELDEAN MALL S (__3ZA41OA),__3ZA41OA,01 - Non intersection,03 - P.D. only,04 - Sideswipe,01 - Clear,01 - Daylight,02 - Wet,10 - No control,,2,0,0,0,,0,,,,,353692.788,5018375.94,45.30363442,-75.87653789,9380
20--9187,11/30/2020,11:34 AM,SNAKE ISLAND RD @ STAGECOACH RD (0001642),1642,03 - At intersection,03 - P.D. only,02 - Angle,01 - Clear,01 - Daylight,01 - Dry,02 - Stop sign,01 - Functioning,2,0,0,0,,0,,,,,378062.7215,5006581.437,45.19539288,-75.56755451,9381
20--9188,11/30/2020,11:52 AM,GREENBANK RD btwn FALLOWFIELD RD & LARKIN DR (__3ZA3HF),__3ZA3HF,01 - Non intersection,03 - P.D. only,03 - Rear end,02 - Rain,01 - Daylight,02 - Wet,10 - No control,,2,0,0,0,,0,,,,,363149.0819,5016572.624,45.28668635,-75.7561764,9382
20--9189,11/30/2020,Unknown,COMO CRES btwn TRENHOLM LANE & VARENNES BLVD (2) (__3ZAZVA),__3ZAZVA,01 - Non intersection,03 - P.D. only,06 - SMV unattended vehicle,02 - Rain,00 - Unknown,02 - Wet,10 - No control,,1,0,0,0,,0,,,,,384938.4113,5038024.701,45.47754815,-75.47496622,9383
20--919,1/19/2020,7:11 AM,MEADOWLANDS DR @ MERIVALE RD (0000625),625,02 - Intersection related,03 - P.D. only,03 - Rear end,03 - Snow,03 - Dawn,03 - Loose snow,01 - Traffic signal,01 - Functioning,2,0,0,0,,0,,,,,364858.6943,5023725.515,45.35090346,-75.7335172,9384
20--9190,11/30/2020,12:27 PM,MOODIE DR @ ROBERTSON RD (0010545),10545,02 - Intersection related,03 - P.D. only,03 - Rear end,02 - Rain,01 - Daylight,02 - Wet,01 - Traffic signal,01 - Functioning,2,0,0,0,,0,,,,,357066.656,5020455.481,45.32210345,-75.83329908,9385
20--9191,11/30/2020,12:30 PM,BLAIR RD @ OGILVIE RD (0004120),4120,02 - Intersection related,03 - P.D. only,03 - Rear end,01 - Clear,01 - Daylight,01 - Dry,01 - Traffic signal,00 - Unknown,2,0,0,0,,0,,,,,374507.7272,5033198.575,45.43524478,-75.60904958,9386
20--9192,11/30/2020,2:20 PM,IBER RD btwn HUNTMAR DR & HARRY DOUGLAS DR (__3ZA4XQ),__3ZA4XQ,01 - Non intersection,03 - P.D. only,03 - Rear end,02 - Rain,01 - Daylight,02 - Wet,10 - No control,,2,0,0,0,,0,,,,,351304.2585,5015658.874,45.27934769,-75.90724856,9387