Anom_ID,Accident_Date,Accident_Time,Location,Geo_ID,Accident_Location,Classification_of_Accident,Initial_Impact_Type,Environment_Condition,Light,Road_Surface_Condition,Traffic_Control,Traffic_Control_Condition,No__of_Vehicles,No__of_Bicycles,No__of_Motorcycles,No__of_Pedestrians,Max_Injury,No__of_Injuries,No__of_Minimal,No__of_Minor,No__of_Major,No__of_Fatal,X,Y,Latitude,Longitude,ObjectId
20--9193,11/30/2020,2:21 PM,HUNT CLUB RD @ UPLANDS DR (0010844),10844,03 - At intersection,02 - Non-fatal injury,05 - Turning movement,02 - Rain,01 - Daylight,02 - Wet,01 - Traffic signal,01 - Functioning,2,0,0,0,02 - Minor,2,1,1,,,370156.732,5023121.475,45.34499475,-75.66598916,9388
20--9194,11/30/2020,3:14 PM,KNOXDALE RD @ WEST HUNT CLUB RD (0005165),5165,03 - At intersection,02 - Non-fatal injury,05 - Turning movement,02 - Rain,01 - Daylight,02 - Wet,01 - Traffic signal,01 - Functioning,2,0,0,0,01 - Minimal,1,1,,,,361863.684,5020584.478,45.32289061,-75.77209923,9389
20--9195,11/30/2020,3:29 PM,ST. LAURENT BLVD @ COVENTRY RD/OGILVIE RD (0002151),2151,02 - Intersection related,03 - P.D. only,03 - Rear end,02 - Rain,01 - Daylight,02 - Wet,01 - Traffic signal,01 - Functioning,2,0,0,0,,0,,,,,372305.7128,5031951.581,45.42424097,-75.63736171,9390
20--9196,11/30/2020,5:00 PM,HWY417 IC144 RAMP35 btwn HIGHWAY 417 & CARP RD (__3ZAY8O),__3ZAY8O,01 - Non intersection,03 - P.D. only,07 - SMV other,02 - Rain,07 - Dark,02 - Wet,10 - No control,,1,0,0,0,,0,,,,,347329.9845,5015664.638,45.27965121,-75.95790248,9391
20--9197,11/30/2020,5:01 PM,BLAIR RD @ REGIONAL RD 174 N/OR174 IC112 RAMP61 (0003617),3617,03 - At intersection,02 - Non-fatal injury,07 - SMV other,02 - Rain,07 - Dark,02 - Wet,01 - Traffic signal,01 - Functioning,1,0,0,1,02 - Minor,1,,1,,,374634.7338,5032991.575,45.43336963,-75.60745584,9392
20--9198,11/30/2020,5:10 PM,MCARTHUR AVE @ VANIER PKWY (0004626),4626,02 - Intersection related,03 - P.D. only,03 - Rear end,02 - Rain,07 - Dark,02 - Wet,01 - Traffic signal,01 - Functioning,2,0,0,0,,0,,,,,370218.7037,5032690.589,45.43108855,-75.66393001,9393
20--9199,11/30/2020,5:13 PM,PARKWAY RD btwn CEDAR LANE & HIRAM DR (__3ZA6GF),__3ZA6GF,01 - Non intersection,03 - P.D. only,07 - SMV other,02 - Rain,07 - Dark,02 - Wet,10 - No control,,1,0,0,0,,0,,,,,377199.4072,5013225.015,45.25525899,-75.57757452,9394
20--92,1/3/2020,8:30 PM,ODESSA WAY btwn COBBLE HILL DR & NEWBURGH PL (e___1G0A),e___1G0A,04 - At/near private drive,03 - P.D. only,06 - SMV unattended vehicle,03 - Snow,07 - Dark,05 - Packed snow,10 - No control,,1,0,0,0,,0,,,,,360998.075,5015323.472,45.27562166,-75.78373631,9395
20--920,1/19/2020,7:12 AM,HOPE SIDE RD btwn Continuation of HOPE SIDE RD & CROWNRIDGE DR (__5RG5H2),__5RG5H2,01 - Non intersection,02 - Non-fatal injury,07 - SMV other,03 - Snow,03 - Dawn,03 - Loose snow,10 - No control,,1,0,0,0,02 - Minor,1,,1,,,356031.0604,5014955.804,45.27269276,-75.84707622,9396
20--9200,11/30/2020,5:13 PM,CATHERINE ST @ KENT ST (0002707),2707,03 - At intersection,03 - P.D. only,02 - Angle,01 - Clear,05 - Dusk,01 - Dry,01 - Traffic signal,01 - Functioning,2,0,0,0,,0,,,,,367907.7055,5030188.573,45.40878859,-75.69378271,9397
20--9201,11/30/2020,5:16 PM,GRANT CARMAN DR @ MEADOWLANDS DR (0001111),1111,03 - At intersection,02 - Non-fatal injury,07 - SMV other,02 - Rain,07 - Dark,02 - Wet,01 - Traffic signal,01 - Functioning,1,0,0,1,02 - Minor,1,,1,,,365051.3841,5023901.467,45.35247012,-75.73103683,9398
20--9202,11/30/2020,5:22 PM,BANK ST @ RIVERSIDE DR S (0002704),2704,03 - At intersection,03 - P.D. only,05 - Turning movement,02 - Rain,07 - Dark,02 - Wet,01 - Traffic signal,01 - Functioning,2,0,0,0,,0,,,,,369304.7048,5027894.555,45.38802043,-75.67623751,9399
20--9203,11/30/2020,5:25 PM,JEANNE D'ARC BLVD @ GREY NUNS DR/YOUVILLE DR (0003147),3147,03 - At intersection,02 - Non-fatal injury,02 - Angle,01 - Clear,07 - Dark,02 - Wet,01 - Traffic signal,01 - Functioning,2,0,0,0,01 - Minimal,1,1,,,,379670.7369,5036700.58,45.46621946,-75.5425359,9400
20--9204,11/30/2020,5:42 PM,KITCHENER AVE @ BANK ST (0011963),11963,03 - At intersection,02 - Non-fatal injury,05 - Turning movement,02 - Rain,07 - Dark,02 - Wet,01 - Traffic signal,01 - Functioning,3,0,0,0,02 - Minor,1,,1,,,370540.8748,5025499.966,45.36635979,-75.66077138,9401
20--9205,11/30/2020,5:58 AM,QUEEN ST btwn KENT ST & BANK ST (__3ZA2FR),__3ZA2FR,01 - Non intersection,03 - P.D. only,07 - SMV other,01 - Clear,07 - Dark,01 - Dry,10 - No control,,1,0,0,0,,0,,,,,367293.6722,5031458.152,45.42026697,-75.70146539,9402
20--9206,11/30/2020,6:00 AM,FORSEY ST @ ST. PATRICK ST (0002062),2062,02 - Intersection related,03 - P.D. only,07 - SMV other,02 - Rain,07 - Dark,02 - Wet,02 - Stop sign,01 - Functioning,1,0,0,0,,0,,,,,368493.698,5033165.59,45.43552166,-75.68591236,9403
20--9207,11/30/2020,6:21 PM,HWY 417 MAITLAND IC126R26/62 @ MAITLAND AVE (0008228),8228,03 - At intersection,02 - Non-fatal injury,05 - Turning movement,02 - Rain,07 - Dark,02 - Wet,01 - Traffic signal,01 - Functioning,2,0,0,0,02 - Minor,1,,1,,,363145.6857,5025983.525,45.3713654,-75.75511055,9404
20--9208,11/30/2020,6:34 AM,MCCORDICK RD btwn HARBISON RD & CARSONBY RD W (__3ZAB0K),__3ZAB0K,01 - Non intersection,03 - P.D. only,07 - SMV other,01 - Clear,07 - Dark,01 - Dry,10 - No control,,1,0,0,0,,0,,,,,361599.4982,5001840.77,45.15425371,-75.77760928,9405
20--9209,11/30/2020,6:40 AM,RIDDELL DR btwn MARCH VALLEY RD & SIXTH LINE RD (__3ZA42B),__3ZA42B,01 - Non intersection,03 - P.D. only,07 - SMV other,"07 - Fog, mist, smoke, dust",03 - Dawn,01 - Dry,10 - No control,,1,0,0,0,,0,,,,,348601.6399,5027634.964,45.38728536,-75.94063503,9406
20--921,1/19/2020,7:40 PM,MARCH RD btwn TALL FOREST DR & TALL FOREST DR (__3ZA3FM),__3ZA3FM,01 - Non intersection,03 - P.D. only,07 - SMV other,01 - Clear,07 - Dark,02 - Wet,10 - No control,,1,0,0,0,,0,,,,,343683.2719,5023130.438,45.34704257,-76.00379661,9407
20--9210,11/30/2020,6:55 PM,BRETTONWOOD RIDGE @ CALVINGTON AVE (0016179),16179,03 - At intersection,03 - P.D. only,02 - Angle,02 - Rain,07 - Dark,02 - Wet,02 - Stop sign,01 - Functioning,2,0,0,0,,0,,,,,349022.3299,5018338.924,45.3036109,-75.93609403,9408
20--9211,11/30/2020,7:10 AM,DWYER HILL RD btwn O'NEIL RD & ROGER STEVENS DR (__3ZA429),__3ZA429,01 - Non intersection,03 - P.D. only,07 - SMV other,02 - Rain,03 - Dawn,02 - Wet,10 - No control,,1,0,0,0,,0,,,,,351677.83,4993277.8,45.07792778,-75.90458993,9409
20--9212,11/30/2020,7:33 PM,HIGHWAY 7 btwn OVERPASS RD & RAMP (__7JQ7LY),__7JQ7LY,01 - Non intersection,03 - P.D. only,07 - SMV other,02 - Rain,07 - Dark,02 - Wet,10 - No control,,1,0,0,0,,0,,,,,340514.0818,5005767.904,45.19097406,-76.0454871,9410
20--9213,11/30/2020,7:34 PM,FISHER AVE @ MEADOWLANDS DR (0002120),2120,02 - Intersection related,02 - Non-fatal injury,02 - Angle,02 - Rain,07 - Dark,02 - Wet,01 - Traffic signal,01 - Functioning,2,0,0,0,02 - Minor,1,,1,,,366575.0601,5025045.434,45.36263075,-75.71144965,9411
20--9214,11/30/2020,7:52 PM,ELGIN ST @ GLADSTONE AVE (0007272),7272,03 - At intersection,02 - Non-fatal injury,07 - SMV other,02 - Rain,07 - Dark,02 - Wet,01 - Traffic signal,01 - Functioning,1,0,0,1,02 - Minor,1,,1,,,368384.7129,5030844.572,45.41464788,-75.68760481,9412
20--9215,11/30/2020,8:20 AM,BELL ST @ GLADSTONE AVE (0006488),6488,02 - Intersection related,03 - P.D. only,03 - Rear end,01 - Clear,01 - Daylight,01 - Dry,02 - Stop sign,00 - Unknown,2,0,0,0,,0,,,,,366945.6989,5029969.563,45.40690408,-75.706099,9413
20--9216,11/30/2020,9:03 AM,PRINCE OF WALES DR @ WEST HUNT CLUB RD (0000567),567,02 - Intersection related,03 - P.D. only,04 - Sideswipe,01 - Clear,01 - Daylight,01 - Dry,01 - Traffic signal,01 - Functioning,2,0,0,0,,0,,,,,367458.7098,5021891.505,45.33417391,-75.70057068,9414
20--9217,11/30/2020,9:13 AM,SIXTH LINE RD btwn PINHEY POINT RD & BERRY SIDE RD (__3ZA420),__3ZA420,01 - Non intersection,03 - P.D. only,01 - Approaching,01 - Clear,01 - Daylight,01 - Dry,10 - No control,,4,0,0,0,,0,,,,,348047.5532,5031386.009,45.42107232,-75.94738163,9415
20--9218,12/1/2020,1:30 PM,HUNT CLUB RD @ BRIDLE PATH DR/DAZE ST (0008214),8214,02 - Intersection related,03 - P.D. only,03 - Rear end,02 - Rain,01 - Daylight,02 - Wet,01 - Traffic signal,01 - Functioning,2,0,0,0,,0,,,,,371291.7301,5023864.495,45.35157354,-75.65140725,9416
20--9219,12/1/2020,1:54 AM,HIGHWAY 417 btwn HWY417 IC163 RAMP15 & HWY417 IC155 RAMP51 (__3ZAZNS),__3ZAZNS,01 - Non intersection,02 - Non-fatal injury,03 - Rear end,01 - Clear,07 - Dark,02 - Wet,10 - No control,,2,0,0,0,02 - Minor,2,1,1,,,333104.5437,5020984.789,45.32824161,-76.1389151,9417
20--922,1/19/2020,7:46 PM,CARLING AVE @ RICHMOND RD (0010847),10847,02 - Intersection related,03 - P.D. only,03 - Rear end,01 - Clear,07 - Dark,02 - Wet,01 - Traffic signal,01 - Functioning,2,0,0,0,,0,,,,,360245.6828,5024781.511,45.36078517,-75.79226636,9418
20--9220,12/1/2020,10:06 AM,GREENBANK RD btwn MARKETPLACE AVE & JOCKVALE RD (__3ZA4JE),__3ZA4JE,04 - At/near private drive,03 - P.D. only,03 - Rear end,02 - Rain,01 - Daylight,02 - Wet,10 - No control,,2,0,0,0,,0,,,,,364094.526,5014394.817,45.26701131,-75.74438523,9419
20--9221,12/1/2020,10:53 AM,MARCH RD btwn HWY417 IC138 RAMP26 & EAGLESON RD (__3ZA413),__3ZA413,01 - Non intersection,02 - Non-fatal injury,03 - Rear end,01 - Clear,01 - Daylight,01 - Dry,10 - No control,,5,0,0,0,02 - Minor,1,,1,,,352940.4084,5020236.019,45.32042378,-75.88595067,9420
20--9222,12/1/2020,Unknown,NEPEAN ST btwn LYON ST N & KENT ST (__3ZA8AQ),__3ZA8AQ,01 - Non intersection,03 - P.D. only,06 - SMV unattended vehicle,03 - Snow,00 - Unknown,02 - Wet,10 - No control,,1,0,0,0,,0,,,,,367312.3647,5030979.563,45.41595911,-75.70128728,9421
20--9223,12/1/2020,Unknown,KENT ST btwn ALBERT ST & SLATER ST (__3ZA1XL),__3ZA1XL,01 - Non intersection,03 - P.D. only,06 - SMV unattended vehicle,02 - Rain,00 - Unknown,02 - Wet,10 - No control,,1,0,0,0,,0,,,,,367226.74,5031311.133,45.41895012,-75.70233918,9422
20--9224,12/1/2020,12:36 PM,HUNTERSWOOD CRES btwn FOLKWAY GT (1) & HUNTERSWOOD CRES (__3ZA46E),__3ZA46E,01 - Non intersection,03 - P.D. only,02 - Angle,02 - Rain,01 - Daylight,02 - Wet,10 - No control,,2,0,0,0,,0,,,,,375177.4156,5026708.571,45.37678405,-75.60141755,9423
20--9225,12/1/2020,3:00 PM,HIGHWAY 417 btwn HWY417 IC117 RAMP25 & HWY417 IC115 RAMP51 (__3ZA2R3),__3ZA2R3,01 - Non intersection,03 - P.D. only,07 - SMV other,02 - Rain,01 - Daylight,02 - Wet,10 - No control,,1,0,0,0,,0,,,,,371534.3369,5031397.662,45.41933106,-75.64729286,9424
20--9226,12/1/2020,3:02 PM,JOHN QUINN RD btwn PARKWAY RD & IVESON DR (__3ZAZX0),__3ZAZX0,04 - At/near private drive,03 - P.D. only,02 - Angle,"07 - Fog, mist, smoke, dust",01 - Daylight,02 - Wet,10 - No control,,2,0,0,0,,0,,,,,381545.7918,5015459.788,45.27490572,-75.52186075,9425
20--9227,12/1/2020,3:05 PM,WEST HUNT CLUB RD @ WOODROFFE AVE (0000576),576,02 - Intersection related,03 - P.D. only,03 - Rear end,01 - Clear,01 - Daylight,02 - Wet,01 - Traffic signal,01 - Functioning,2,0,0,0,,0,,,,,363670.693,5021246.485,45.32869809,-75.74897239,9426
20--9228,12/1/2020,3:46 PM,INNES RD @ 298 E OF WILDFLOWER DR/LOBLAWS SC (0012918),12918,03 - At intersection,02 - Non-fatal injury,02 - Angle,02 - Rain,01 - Daylight,02 - Wet,01 - Traffic signal,01 - Functioning,2,0,0,0,02 - Minor,1,,1,,,383190.7553,5035796.571,45.45769983,-75.49767203,9427
20--9229,12/1/2020,3:54 PM,SLACK RD btwn VAAN DR & GRENFELL CRES (__3ZA6N7),__3ZA6N7,04 - At/near private drive,03 - P.D. only,03 - Rear end,01 - Clear,01 - Daylight,01 - Dry,10 - No control,,2,0,0,0,,0,,,,,365780.1892,5020828.234,45.3247546,-75.722115,9428
20--923,1/19/2020,8:25 AM,VANIER PKWY/CRICHTON ST @ BEECHWOOD AVE/ST. PA (0001604),1604,02 - Intersection related,03 - P.D. only,03 - Rear end,01 - Clear,01 - Daylight,05 - Packed snow,01 - Traffic signal,01 - Functioning,2,0,0,0,,0,,,,,369127.8009,5033487.139,45.43835679,-75.67776652,9429
20--9230,12/1/2020,3:59 PM,SPRATT RD btwn OWLS CABIN AVE & LIMEBANK RD (__4O3KWJ),__4O3KWJ,01 - Non intersection,03 - P.D. only,03 - Rear end,01 - Clear,05 - Dusk,01 - Dry,10 - No control,,2,0,0,0,,0,,,,,369660.1986,5016805.54,45.2882114,-75.67315166,9430
20--9231,12/1/2020,4:09 PM,TERRY FOX DR @ FERNBANK RD (0011863),11863,03 - At intersection,02 - Non-fatal injury,05 - Turning movement,02 - Rain,05 - Dusk,02 - Wet,01 - Traffic signal,01 - Functioning,2,0,0,0,02 - Minor,1,,1,,,354303.6384,5015130.478,45.27438825,-75.86907289,9431
20--9232,12/1/2020,4:15 PM,BANK ST @ MCLEOD ST (0007255),7255,02 - Intersection related,03 - P.D. only,02 - Angle,01 - Clear,05 - Dusk,02 - Wet,02 - Stop sign,01 - Functioning,2,0,0,0,,0,,,,,367948.712,5030487.572,45.41147519,-75.69322059,9432
20--9233,12/1/2020,4:15 PM,HUNT CLUB RD @ PAUL ANKA DR (0008224),8224,02 - Intersection related,03 - P.D. only,03 - Rear end,02 - Rain,05 - Dusk,02 - Wet,01 - Traffic signal,01 - Functioning,2,0,0,0,,0,,,,,369777.7238,5022897.493,45.34301463,-75.67085456,9433
20--9234,12/1/2020,4:22 PM,GREENBANK RD @ LISA AVE (0002753),2753,02 - Intersection related,03 - P.D. only,04 - Sideswipe,"07 - Fog, mist, smoke, dust",05 - Dusk,02 - Wet,01 - Traffic signal,01 - Functioning,2,0,0,0,,0,,,,,360554.6726,5022893.49,45.3437723,-75.78853548,9434
20--9235,12/1/2020,4:25 PM,EARL ARMSTRONG RD @ RIVER RD (0012470),12470,02 - Intersection related,03 - P.D. only,03 - Rear end,01 - Clear,05 - Dusk,02 - Wet,01 - Traffic signal,01 - Functioning,2,0,0,0,,0,,,,,367572.7202,5014684.4,45.26931513,-75.70002877,9435
20--9065,11/25/2020,9:37 AM,MARCH RD @ TERON RD (0011926),11926,02 - Intersection related,02 - Non-fatal injury,04 - Sideswipe,03 - Snow,01 - Daylight,03 - Loose snow,01 - Traffic signal,01 - Functioning,3,0,0,0,01 - Minimal,1,1,,,,351414.6139,5021779.481,45.33441516,-75.90526637,9436
20--9066,11/25/2020,9:58 AM,EAGLESON RD @ COPE DR/CADENCE GT (0011923),11923,03 - At intersection,03 - P.D. only,02 - Angle,02 - Rain,01 - Daylight,03 - Loose snow,01 - Traffic signal,01 - Functioning,2,0,0,0,,0,,,,,354620.6219,5016027.421,45.28243676,-75.86494313,9437
20--9789,12/21/2020,1:30 PM,EAGLESON RD btwn MICHAEL COWPLAND DR/STONEHAVEN DR & 240 N OF CADENCE  (__3ZA41IA),__3ZA41IA,04 - At/near private drive,03 - P.D. only,02 - Angle,01 - Clear,01 - Daylight,01 - Dry,10 - No control,,2,0,0,0,,0,,,,,354438.8299,5016483.779,45.28655604,-75.86721462,9438
20--9695,12/18/2020,1:28 PM,CARTIER ST btwn LEWIS ST & WAVERLEY ST (__3ZA9UL),__3ZA9UL,01 - Non intersection,03 - P.D. only,04 - Sideswipe,01 - Clear,01 - Daylight,01 - Dry,10 - No control,,2,0,0,0,,0,,,,,368442.2914,5031087.183,45.41682558,-75.68683789,9439
20--9067,11/26/2020,1:00 PM,BASELINE RD @ CLYDE AVE (0002343),2343,02 - Intersection related,03 - P.D. only,04 - Sideswipe,01 - Clear,01 - Daylight,02 - Wet,01 - Traffic signal,00 - Unknown,2,0,0,0,,0,,,,,364358.701,5024890.514,45.36142861,-75.7397573,9440
20--979,1/20/2020,5:57 PM,BLAIR RD @ REGIONAL RD 174 N/OR174 IC112 RAMP61 (0003617),3617,02 - Intersection related,03 - P.D. only,03 - Rear end,01 - Clear,07 - Dark,06 - Ice,01 - Traffic signal,01 - Functioning,2,0,0,0,,0,,,,,374634.733,5032991.571,45.4333696,-75.60745585,9441
20--9068,11/26/2020,1:50 PM,KING EDWARD AVE @ WILBROD ST (0002259),2259,02 - Intersection related,03 - P.D. only,03 - Rear end,01 - Clear,01 - Daylight,02 - Wet,01 - Traffic signal,01 - Functioning,2,0,0,0,,0,,,,,368675.7243,5032139.577,45.42627337,-75.68371916,9442
20--9696,12/18/2020,1:56 PM,FALLOWFIELD RD @ GREENBANK RD (0000549),549,02 - Intersection related,02 - Non-fatal injury,03 - Rear end,01 - Clear,01 - Daylight,01 - Dry,01 - Traffic signal,01 - Functioning,3,0,0,0,01 - Minimal,1,1,,,,363080.6757,5016732.453,45.28813017,-75.75702958,9443
20--9790,12/21/2020,1:30 PM,HAWTHORNE RD @ HUNT CLUB RD (0007651),7651,02 - Intersection related,03 - P.D. only,03 - Rear end,01 - Clear,01 - Daylight,01 - Dry,01 - Traffic signal,01 - Functioning,2,0,0,0,,0,,,,,375507.748,5026406.531,45.37403318,-75.59724362,9444
20--9069,11/26/2020,10:00 PM,LAURIER AVE @ NICHOLAS ST (0010711),10711,02 - Intersection related,03 - P.D. only,04 - Sideswipe,01 - Clear,07 - Dark,01 - Dry,01 - Traffic signal,01 - Functioning,2,0,0,0,,0,,,,,368373.6462,5031798.276,45.42322999,-75.68762314,9445
20--9697,12/18/2020,10:06 AM,NAVAHO DR @ WOODROFFE AVE/TRANSITWAY N BASELIN (0010359),10359,03 - At intersection,03 - P.D. only,05 - Turning movement,01 - Clear,01 - Daylight,01 - Dry,01 - Traffic signal,01 - Functioning,2,0,0,0,,0,,,,,362706.2148,5023492.806,45.34899059,-75.76101254,9446
20--9791,12/21/2020,1:45 PM,TERRY FOX DR @ PALLADIUM DR/KATIMAVIK RD (0011858),11858,02 - Intersection related,02 - Non-fatal injury,04 - Sideswipe,01 - Clear,01 - Daylight,01 - Dry,01 - Traffic signal,01 - Functioning,2,0,0,0,02 - Minor,1,,1,,,351269.717,5018181.774,45.30205174,-75.90745246,9447
20--907,1/19/2020,3:01 PM,DES EPINETTES AVE @ PRESTWICK DR (0004495),4495,03 - At intersection,02 - Non-fatal injury,02 - Angle,01 - Clear,01 - Daylight,05 - Packed snow,02 - Stop sign,01 - Functioning,2,0,0,0,01 - Minimal,1,1,,,,383334.762,5036664.568,45.46549312,-75.49569234,9448
20--9698,12/18/2020,10:30 AM,BANK ST @ CAHILL DR/DAZE ST (0012178),12178,03 - At intersection,03 - P.D. only,05 - Turning movement,01 - Clear,01 - Daylight,01 - Dry,01 - Traffic signal,01 - Functioning,2,0,0,0,,0,,,,,371306.8237,5024316.721,45.35564109,-75.6511538,9449
20--9792,12/21/2020,10:25 AM,RUSSELL RD S @ ST. LAURENT BLVD (0007734),7734,02 - Intersection related,03 - P.D. only,99 - Other,01 - Clear,01 - Daylight,01 - Dry,01 - Traffic signal,01 - Functioning,2,0,0,0,,0,,,,,373569.6588,5029260.542,45.39990519,-75.62158741,9450
20--9793,12/21/2020,10:43 AM,DUMAURIER AVE @ PINECREST RD (0002743),2743,02 - Intersection related,03 - P.D. only,03 - Rear end,01 - Clear,01 - Daylight,02 - Wet,01 - Traffic signal,01 - Functioning,3,0,0,0,,0,,,,,360321.6719,5023834.489,45.35225788,-75.79140284,9451
20--9794,12/21/2020,11:01 AM,DOZOIS RD btwn LONGSHADOW ST & RIDEAU BEND CRES (__3ZA6LW),__3ZA6LW,01 - Non intersection,02 - Non-fatal injury,07 - SMV other,01 - Clear,01 - Daylight,02 - Wet,10 - No control,,1,0,0,0,03 - Major,1,,,1,,371730.9026,5011978.393,45.24458353,-75.64740736,9452
20--9795,12/21/2020,11:33 PM,SECOND AVE @ BRONSON AVE (0007717),7717,03 - At intersection,02 - Non-fatal injury,05 - Turning movement,02 - Rain,07 - Dark,02 - Wet,02 - Stop sign,01 - Functioning,2,0,0,0,02 - Minor,2,,2,,,367519.6991,5029162.56,45.39959171,-75.6988696,9453
20--9796,12/21/2020,12:05 PM,RIVERSIDE DR NB btwn INDUSTRIAL AVE & TREMBLAY RD (__3ZA4SE),__3ZA4SE,01 - Non intersection,03 - P.D. only,03 - Rear end,01 - Clear,01 - Daylight,01 - Dry,10 - No control,,3,0,0,0,,0,,,,,370730.7974,5030735.877,45.41345277,-75.65764761,9454
20--9797,12/21/2020,12:41 PM,BANK ST btwn NEPEAN ST & LISGAR ST (__3ZA34Y),__3ZA34Y,01 - Non intersection,03 - P.D. only,06 - SMV unattended vehicle,01 - Clear,01 - Daylight,01 - Dry,10 - No control,,1,0,0,0,,0,,,,,367580.8108,5031103.839,45.41705327,-75.69784188,9455
20--9798,12/21/2020,12:47 PM,REGIONAL ROAD 174 btwn OR174 IC112 RAMP51 & OR174 IC112 RAMP15 (__3ZA2XE),__3ZA2XE,01 - Non intersection,03 - P.D. only,04 - Sideswipe,01 - Clear,01 - Daylight,02 - Wet,10 - No control,,3,0,0,0,,0,,,,,375108.6268,5033058.088,45.43392059,-75.60139036,9456
20--9799,12/21/2020,2:10 PM,RUSSELL RD S @ ST. LAURENT BLVD (0007734),7734,03 - At intersection,03 - P.D. only,02 - Angle,01 - Clear,01 - Daylight,01 - Dry,01 - Traffic signal,01 - Functioning,2,0,0,0,,0,,,,,373569.7401,5029260.525,45.39990503,-75.62158638,9457
20--98,1/4/2020,1:35 PM,BANK ST @ HUNT CLUB RD (0002119),2119,02 - Intersection related,02 - Non-fatal injury,03 - Rear end,03 - Snow,01 - Daylight,02 - Wet,01 - Traffic signal,01 - Functioning,2,0,0,0,02 - Minor,1,,1,,,371608.7441,5024096.522,45.35363111,-75.64733049,9458
20--980,1/20/2020,6:13 PM,BEATRICE DR @ STRANDHERD DR (0005447),5447,03 - At intersection,03 - P.D. only,05 - Turning movement,01 - Clear,07 - Dark,01 - Dry,01 - Traffic signal,01 - Functioning,2,0,0,0,,0,,,,,365527.3706,5015321.487,45.27522721,-75.72601422,9459
20--9800,12/21/2020,2:50 PM,HAZELDEAN RD btwn GO/KA BOUNDARY & HUNTMAR DR/IBER RD (__3ZA3DJ),__3ZA3DJ,01 - Non intersection,03 - P.D. only,04 - Sideswipe,01 - Clear,01 - Daylight,01 - Dry,10 - No control,,2,0,0,0,,0,,,,,351094.2132,5016217.996,45.2843927,-75.90987353,9460
20--9801,12/21/2020,3:06 PM,HUNT CLUB RD btwn WEST HUNT CLUB RD & TURN LANE (__3ZBOEO),__3ZBOEO,01 - Non intersection,02 - Non-fatal injury,03 - Rear end,01 - Clear,01 - Daylight,01 - Dry,10 - No control,,2,0,0,0,02 - Minor,1,,1,,,367863.6627,5021896.664,45.33418405,-75.69540395,9461
20--9802,12/21/2020,3:12 AM,INNES RD @ LANTHIER DR/PRESTWICK DR (0004251),4251,03 - At intersection,02 - Non-fatal injury,07 - SMV other,01 - Clear,07 - Dark,01 - Dry,01 - Traffic signal,01 - Functioning,1,0,0,0,02 - Minor,1,,1,,,383540.7653,5035988.571,45.45938791,-75.49316664,9462
20--9803,12/21/2020,3:15 PM,BRUIN RD @ CEDARVIEW RD (0005240),5240,03 - At intersection,03 - P.D. only,02 - Angle,02 - Rain,01 - Daylight,02 - Wet,02 - Stop sign,01 - Functioning,2,1,0,0,,0,,,,,359230.4469,5020937.13,45.32627291,-75.80564733,9463
20--9804,12/21/2020,4:00 PM,BASELINE RD btwn MARSON ST & FISHER AVE (__3ZA4JL),__3ZA4JL,01 - Non intersection,03 - P.D. only,04 - Sideswipe,01 - Clear,05 - Dusk,01 - Dry,10 - No control,,2,0,0,0,,0,,,,,366051.7384,5025953.993,45.37085171,-75.71801652,9464
20--9419,12/8/2020,12:22 PM,MONTREAL RD @ ST. LAURENT BLVD (0002604),2604,03 - At intersection,03 - P.D. only,05 - Turning movement,01 - Clear,01 - Daylight,01 - Dry,01 - Traffic signal,01 - Functioning,2,0,0,0,,0,,,,,371545.7006,5033817.605,45.44110353,-75.64681967,9465
20--9805,12/21/2020,4:07 PM,OGILVIE RD @ ELMRIDGE DR/JASMINE CRES N (0008801),8801,03 - At intersection,02 - Non-fatal injury,05 - Turning movement,02 - Rain,05 - Dusk,02 - Wet,01 - Traffic signal,01 - Functioning,2,0,0,0,02 - Minor,1,,1,,,375420.7211,5034060.584,45.44290902,-75.59725817,9466
20--9806,12/21/2020,4:12 PM,HIGHWAY 417 btwn HWY417 IC124 RAMP67 & HWY417 IC123 RAMP62 (__3ZA2YZ),__3ZA2YZ,01 - Non intersection,03 - P.D. only,03 - Rear end,01 - Clear,05 - Dusk,01 - Dry,10 - No control,,3,0,0,0,,0,,,,,364649.5397,5027847.509,45.38801038,-75.73568685,9467
20--9807,12/21/2020,4:53 PM,TERRY FOX DR @ WESTPHALIAN AVE (0014366),14366,02 - Intersection related,03 - P.D. only,03 - Rear end,02 - Rain,07 - Dark,02 - Wet,01 - Traffic signal,01 - Functioning,3,0,0,0,,0,,,,,353455.2261,5015759.789,45.28011017,-75.87982363,9468
20--9808,12/21/2020,5:00 PM,EAGLESON RD @ HAZELDEAN RD/ROBERTSON RD (0002715),2715,02 - Intersection related,03 - P.D. only,03 - Rear end,01 - Clear,07 - Dark,01 - Dry,01 - Traffic signal,01 - Functioning,2,0,0,0,,0,,,,,353673.622,5018424.46,45.30407235,-75.87677749,9469