Anom_ID,Accident_Date,Accident_Time,Location,Geo_ID,Accident_Location,Classification_of_Accident,Initial_Impact_Type,Environment_Condition,Light,Road_Surface_Condition,Traffic_Control,Traffic_Control_Condition,No__of_Vehicles,No__of_Bicycles,No__of_Motorcycles,No__of_Pedestrians,Max_Injury,No__of_Injuries,No__of_Minimal,No__of_Minor,No__of_Major,No__of_Fatal,X,Y,Latitude,Longitude,ObjectId
20--949,1/20/2020,12:30 PM,FIFTH AVE btwn MORRIS ST & RALPH ST (__3ZA91W),__3ZA91W,01 - Non intersection,03 - P.D. only,03 - Rear end,03 - Snow,01 - Daylight,04 - Slush,10 - No control,,2,0,0,0,,0,,,,,368101.7334,5029223.299,45.40008584,-75.69142812,9882
20--9490,12/9/2020,9:16 AM,TRAILWOOD DR @ ROGER STEVENS DR (0003676),3676,02 - Intersection related,03 - P.D. only,07 - SMV other,03 - Snow,01 - Daylight,04 - Slush,02 - Stop sign,00 - Unknown,1,0,0,0,,0,,,,,367812.6669,5000162.313,45.13862364,-75.69880757,9883
20--9491,12/9/2020,9:35 AM,HUBBLE HGTS btwn ATRIUM RDG & HERMES AVE (e___2KAT),e___2KAT,04 - At/near private drive,03 - P.D. only,02 - Angle,03 - Snow,01 - Daylight,03 - Loose snow,10 - No control,,2,0,0,0,,0,,,,,367862.191,5013697.75,45.26041143,-75.6964654,9884
20--9492,12/9/2020,9:37 AM,BANK ST btwn BLAIS RD & RIDEAU RD (__3ZA29L),__3ZA29L,04 - At/near private drive,03 - P.D. only,07 - SMV other,03 - Snow,01 - Daylight,05 - Packed snow,10 - No control,,1,0,0,0,,0,,,,,376557.5738,5018783.744,45.30534015,-75.58494727,9885
20--9493,12/9/2020,9:59 AM,RICHARDSON SIDE RD btwn DAVID MANCHESTER RD & WILLIAM MOONEY RD (__3ZAC5W),__3ZAC5W,01 - Non intersection,03 - P.D. only,07 - SMV other,03 - Snow,01 - Daylight,03 - Loose snow,10 - No control,,1,0,0,0,,0,,,,,344916.1494,5015968.879,45.28253078,-75.98864395,9886
20--9494,12/10/2020,1:39 PM,PRINCE OF WALES DR @ WEST HUNT CLUB RD (0000567),567,02 - Intersection related,03 - P.D. only,03 - Rear end,01 - Clear,01 - Daylight,01 - Dry,01 - Traffic signal,01 - Functioning,2,0,0,0,,0,,,,,367458.7056,5021891.512,45.33417397,-75.70057073,9887
20--9495,12/10/2020,1:42 AM,MARCH RD btwn BEACHVALE LANE & MARCHURST RD (__3ZAZH3),__3ZAZH3,01 - Non intersection,03 - P.D. only,07 - SMV other,01 - Clear,07 - Dark,01 - Dry,10 - No control,,1,0,0,0,,0,,,,,345044.6317,5024370.461,45.35812388,-75.98632357,9888
20--9496,12/10/2020,10:43 PM,CAMPEAU DR/HWY 417 MARCH IC138R63 @ MARCH RD (0009710),9710,03 - At intersection,03 - P.D. only,05 - Turning movement,01 - Clear,07 - Dark,01 - Dry,01 - Traffic signal,01 - Functioning,2,0,0,0,,0,,,,,352841.6138,5020476.473,45.3225942,-75.88718743,9889
20--9497,12/10/2020,10:51 PM,HIGHWAY 417 btwn RAMP & HWY417 IC88 RAMP51 (__3ZA2W2),__3ZA2W2,01 - Non intersection,03 - P.D. only,07 - SMV other,01 - Clear,07 - Dark,01 - Dry,10 - No control,,1,0,0,0,,0,,,,,393824.7668,5022458.67,45.33642714,-75.36413468,9890
20--9498,12/10/2020,10:56 PM,CONROY RD btwn DAVIDSON RD & PARK LANE (__3ZA3SX),__3ZA3SX,01 - Non intersection,02 - Non-fatal injury,99 - Other,01 - Clear,07 - Dark,01 - Dry,10 - No control,,3,0,0,0,02 - Minor,1,,1,,,374596.3133,5023459.937,45.34761239,-75.609295,9891
20--9499,12/10/2020,11:30 AM,JEANNE D'ARC BLVD btwn WILLOW AVE & VINETTE CRES (__3ZA7K5),__3ZA7K5,04 - At/near private drive,03 - P.D. only,99 - Other,01 - Clear,01 - Daylight,01 - Dry,10 - No control,,2,0,0,0,,0,,,,,381717.413,5038896.869,45.48575742,-75.5160225,9892
20--95,1/3/2020,9:03 AM,CARLING AVE @ NORTON AVE (0002643),2643,02 - Intersection related,03 - P.D. only,02 - Angle,01 - Clear,01 - Daylight,02 - Wet,02 - Stop sign,01 - Functioning,2,0,0,0,,0,,,,,360637.6655,5025012.518,45.36283265,-75.78723721,9893
20--950,1/20/2020,12:48 PM,MEADOWLANDS DR/TALLWOOD DR @ WOODROFFE AVE (0000095),95,02 - Intersection related,03 - P.D. only,03 - Rear end,01 - Clear,01 - Daylight,01 - Dry,01 - Traffic signal,01 - Functioning,2,0,0,0,,0,,,,,363056.6729,5022730.491,45.34210232,-75.75663023,9894
20--9500,12/10/2020,11:57 AM,PINECREST RD @ RICHMOND RD (0002353),2353,03 - At intersection,03 - P.D. only,05 - Turning movement,01 - Clear,01 - Daylight,01 - Dry,01 - Traffic signal,01 - Functioning,2,0,0,0,,0,,,,,360072.6773,5024471.524,45.35800958,-75.79450918,9895
20--9501,12/10/2020,Unknown,BEAUPARC PRIV btwn BEAULIEU PL & VILLENEUVE PRIV (__54PNZG),__54PNZG,01 - Non intersection,03 - P.D. only,06 - SMV unattended vehicle,01 - Clear,00 - Unknown,01 - Dry,10 - No control,,1,0,0,0,,0,,,,,373076.6312,5032125.046,45.4257269,-75.62748744,9896
20--9502,12/10/2020,12:15 PM,PRINCETON AVE btwn GOLDEN AVE & COLE AVE (__3ZBOOU),__3ZBOOU,04 - At/near private drive,03 - P.D. only,02 - Angle,01 - Clear,01 - Daylight,02 - Wet,10 - No control,,2,0,0,0,,0,,,,,363112.8399,5027597.651,45.38589182,-75.75533922,9897
20--9503,12/10/2020,2:45 PM,WOODROFFE AVE @ KNOXDALE RD/MEDHURST DR (0000519),519,03 - At intersection,03 - P.D. only,02 - Angle,01 - Clear,01 - Daylight,01 - Dry,01 - Traffic signal,01 - Functioning,2,0,0,0,,0,,,,,363419.6844,5021826.498,45.33393802,-75.7521056,9898
20--9504,12/10/2020,3:05 PM,GLADSTONE AVE @ ROCHESTER ST (0006496),6496,02 - Intersection related,03 - P.D. only,03 - Rear end,01 - Clear,01 - Daylight,04 - Slush,01 - Traffic signal,01 - Functioning,2,0,0,0,,0,,,,,366662.6996,5029787.576,45.40529168,-75.70973676,9899
20--9505,12/10/2020,3:15 PM,MARCH RD @ MORGAN'S GRANT WAY/SHIRLEY'S BROOK  (0002651),2651,02 - Intersection related,03 - P.D. only,04 - Sideswipe,01 - Clear,01 - Daylight,01 - Dry,01 - Traffic signal,01 - Functioning,2,0,0,0,,0,,,,,349661.592,5023617.5,45.35106836,-75.92746451,9900
20--9506,12/10/2020,4:02 PM,MEADOWLANDS DR @ TIVERTON DR (0001749),1749,03 - At intersection,03 - P.D. only,05 - Turning movement,01 - Clear,05 - Dusk,01 - Dry,01 - Traffic signal,01 - Functioning,2,0,0,0,,0,,,,,365204.9319,5024343.976,45.35643854,-75.72902327,9901
20--9507,12/10/2020,4:30 PM,ARMSTRONG ST @ HAMILTON AVE (0006158),6158,03 - At intersection,03 - P.D. only,02 - Angle,01 - Clear,05 - Dusk,01 - Dry,02 - Stop sign,01 - Functioning,2,0,0,0,,0,,,,,365015.691,5029372.552,45.40170101,-75.73082517,9902
20--9508,12/10/2020,4:30 PM,GILLES ST @ HERON RD (0007140),7140,02 - Intersection related,03 - P.D. only,03 - Rear end,01 - Clear,05 - Dusk,01 - Dry,02 - Stop sign,00 - Unknown,2,0,0,0,,0,,,,,369758.71,5026818.551,45.37829694,-75.6705818,9903
20--9509,12/10/2020,4:35 PM,CLARENCE ST @ CUMBERLAND ST (0008412),8412,02 - Intersection related,03 - P.D. only,03 - Rear end,01 - Clear,05 - Dusk,01 - Dry,02 - Stop sign,01 - Functioning,2,0,0,0,,0,,,,,368213.0095,5032607.381,45.43052461,-75.68957145,9904
20--951,1/20/2020,12:55 PM,REGIONAL ROAD 174 btwn TRANSIT & OR174 IC109 RAMP54 (__3ZAZ6V),__3ZAZ6V,01 - Non intersection,03 - P.D. only,06 - SMV unattended vehicle,01 - Clear,01 - Daylight,01 - Dry,10 - No control,,1,0,0,0,,0,,,,,376356.7166,5034733.407,45.44886747,-75.58519705,9905
20--9510,12/10/2020,5:07 PM,LONGFIELDS DR btwn BILL LEATHEM DR & WOODROFFE AVE (__4V7QOB),__4V7QOB,01 - Non intersection,02 - Non-fatal injury,01 - Approaching,01 - Clear,07 - Dark,01 - Dry,10 - No control,,2,0,0,0,03 - Major,3,,1,2,,365995.931,5017502.894,45.29481475,-75.71977382,9906
20--9511,12/10/2020,7:06 AM,QUEEN ST @ LYON ST (0002159),2159,03 - At intersection,02 - Non-fatal injury,02 - Angle,01 - Clear,03 - Dawn,01 - Dry,01 - Traffic signal,01 - Functioning,2,0,0,0,01 - Minimal,1,1,,,,367018.7137,5031287.584,45.41875676,-75.70499996,9907
20--9512,12/10/2020,7:12 AM,ACACIA AVE @ BEECHWOOD AVE (0005753),5753,02 - Intersection related,03 - P.D. only,03 - Rear end,01 - Clear,03 - Dawn,02 - Wet,02 - Stop sign,01 - Functioning,2,0,0,0,,0,,,,,369634.7088,5033942.598,45.442408,-75.67122794,9908
20--9513,12/10/2020,7:15 AM,COLONEL BY DR/MACKENZIE AVE @ DALY AVE (0008541),8541,02 - Intersection related,03 - P.D. only,04 - Sideswipe,01 - Clear,03 - Dawn,01 - Dry,01 - Traffic signal,01 - Functioning,2,0,0,0,,0,,,,,368002.7021,5031904.572,45.42422002,-75.69234914,9909
20--9514,12/10/2020,7:41 PM,GLADSTONE AVE @ ROCHESTER ST (0006496),6496,02 - Intersection related,03 - P.D. only,07 - SMV other,01 - Clear,07 - Dark,01 - Dry,01 - Traffic signal,01 - Functioning,1,0,0,0,,0,,,,,366662.698,5029787.567,45.4052916,-75.70973678,9910
20--9515,12/10/2020,8:15 PM,ORLEANS BLVD btwn JEANNE D'ARC BLVD S & BEAUSEJOUR DR (__3ZA2BJ),__3ZA2BJ,04 - At/near private drive,03 - P.D. only,02 - Angle,01 - Clear,07 - Dark,01 - Dry,10 - No control,,2,0,0,0,,0,,,,,380998.1276,5036075.368,45.46045077,-75.52566029,9911
20--9516,12/10/2020,8:25 AM,ALBION RD @ CAHILL DR (0007499),7499,03 - At intersection,02 - Non-fatal injury,07 - SMV other,03 - Snow,01 - Daylight,02 - Wet,02 - Stop sign,01 - Functioning,1,0,0,1,02 - Minor,1,,1,,,371725.7315,5024668.504,45.35876645,-75.64576013,9912
20--9517,12/10/2020,8:48 PM,RIDEAU RD btwn SOMME ST & RAMSAYVILLE RD (__3ZA6G1),__3ZA6G1,01 - Non intersection,02 - Non-fatal injury,07 - SMV other,01 - Clear,07 - Dark,01 - Dry,10 - No control,,1,0,0,0,02 - Minor,1,,1,,,379048.3039,5019196.78,45.30879758,-75.55312788,9913
20--9518,12/10/2020,8:53 AM,ROCKCLIFFE PKWY btwn GL/OT BOUNDARY & ST. JOSEPH BLVD (__3ZA21V),__3ZA21V,01 - Non intersection,01 - Fatal injury,07 - SMV other,01 - Clear,01 - Daylight,02 - Wet,10 - No control,,1,0,0,0,04 - Fatal,1,,,,1,375310.8164,5036475.632,45.46464924,-75.59831667,9914
20--9519,12/10/2020,9:18 AM,RICHMOND RD @ WOODROFFE AVE (0011466),11466,03 - At intersection,02 - Non-fatal injury,02 - Angle,01 - Clear,01 - Daylight,01 - Dry,01 - Traffic signal,01 - Functioning,2,0,0,0,01 - Minimal,1,1,,,,361584.6866,5026654.522,45.3775312,-75.77496078,9915
20--952,1/20/2020,2:14 PM,BAYSHORE DR @ RICHMOND RD (0010407),10407,02 - Intersection related,03 - P.D. only,03 - Rear end,01 - Clear,01 - Daylight,04 - Slush,01 - Traffic signal,01 - Functioning,2,0,0,0,,0,,,,,359372.6854,5023368.517,45.34813955,-75.80356483,9916
20--9520,12/10/2020,9:37 AM,ISABELLA ST/HWY417 IC119AR75 @ METCALFE ST (0011380),11380,03 - At intersection,03 - P.D. only,02 - Angle,01 - Clear,01 - Daylight,02 - Wet,01 - Traffic signal,01 - Functioning,2,0,0,0,,0,,,,,368448.711,5030399.559,45.41063798,-75.68684468,9917
20--9521,12/11/2020,1:07 PM,HUNT CLUB RD @ UPLANDS DR (0010844),10844,02 - Intersection related,03 - P.D. only,03 - Rear end,01 - Clear,01 - Daylight,01 - Dry,01 - Traffic signal,01 - Functioning,2,0,0,0,,0,,,,,370156.7219,5023121.482,45.34499481,-75.66598929,9918
20--9522,12/11/2020,1:59 PM,CASTLEFRANK RD @ MACNEIL CRT (0003604),3604,03 - At intersection,03 - P.D. only,02 - Angle,01 - Clear,01 - Daylight,01 - Dry,02 - Stop sign,01 - Functioning,2,0,0,0,,0,,,,,352550.2467,5017823.72,45.29874401,-75.89115949,9919
20--9523,12/11/2020,1:59 PM,KENASTON ST @ MARCHAND ST (0012997),12997,02 - Intersection related,03 - P.D. only,02 - Angle,01 - Clear,01 - Daylight,01 - Dry,10 - No control,,2,0,0,0,,0,,,,,373212.7287,5031218.564,45.41755752,-75.62587432,9920
20--9524,12/11/2020,10:13 AM,KILLYMOON WAY btwn BALLYCASTLE CRES & ALBION RD (__4BBCDS),__4BBCDS,01 - Non intersection,03 - P.D. only,06 - SMV unattended vehicle,01 - Clear,01 - Daylight,02 - Wet,10 - No control,,1,0,0,0,,0,,,,,375704.6111,5015053.156,45.27186025,-75.59635606,9921
20--9525,12/11/2020,11:04 PM,LIMEBANK RD @ SPRATT RD (0012970),12970,03 - At intersection,03 - P.D. only,03 - Rear end,01 - Clear,07 - Dark,02 - Wet,01 - Traffic signal,01 - Functioning,2,0,0,0,,0,,,,,369776.9965,5016878.72,45.28885908,-75.67165327,9922
20--9526,12/11/2020,11:20 AM,BANK ST @ WELLINGTON ST (0002039),2039,03 - At intersection,03 - P.D. only,02 - Angle,01 - Clear,01 - Daylight,01 - Dry,01 - Traffic signal,01 - Functioning,2,0,0,0,,0,,,,,367257.7004,5031628.58,45.42180364,-75.70190338,9923
20--9527,12/11/2020,Unknown,YOHO DR btwn KOKANEE GT & SAUBLE DR (__3ZA2VC),__3ZA2VC,01 - Non intersection,03 - P.D. only,06 - SMV unattended vehicle,00 - Unknown,00 - Unknown,04 - Slush,10 - No control,,1,0,0,0,,0,,,,,355031.6315,5017535.715,45.29597945,-75.85955165,9924
20--9528,12/11/2020,Unknown,ARROWWOOD DR btwn BAYWOOD DR & HARTSMERE DR (__49PTLD),__49PTLD,01 - Non intersection,03 - P.D. only,06 - SMV unattended vehicle,01 - Clear,00 - Unknown,01 - Dry,10 - No control,,1,0,0,0,,0,,,,,351229.3809,5011970.815,45.24616626,-75.90854761,9925
20--9529,12/11/2020,Unknown,MCCARTHY RD @ WALKLEY RD (0006969),6969,02 - Intersection related,03 - P.D. only,03 - Rear end,04 - Freezing Rain,07 - Dark,06 - Ice,01 - Traffic signal,01 - Functioning,2,0,0,0,,0,,,,,369249.6397,5025300.505,45.36468501,-75.6772792,9926
20--953,1/20/2020,2:18 PM,BYWARD MARKET @ YORK ST (0007624),7624,03 - At intersection,03 - P.D. only,02 - Angle,01 - Clear,01 - Daylight,06 - Ice,02 - Stop sign,01 - Functioning,2,0,0,0,,0,,,,,367944.7079,5032328.588,45.4280404,-75.6930358,9927
20--9530,12/11/2020,12:23 PM,MITCH OWENS RD btwn MANOTICK STATION RD & BOWESVILLE RD (__3ZA3TN),__3ZA3TN,04 - At/near private drive,03 - P.D. only,03 - Rear end,01 - Clear,01 - Daylight,02 - Wet,10 - No control,,2,0,0,0,,0,,,,,373730.7392,5013412.903,45.25729792,-75.62173668,9928
20--9531,12/11/2020,12:40 PM,GREENBANK RD @ STRANDHERD DR (0005563),5563,02 - Intersection related,03 - P.D. only,03 - Rear end,01 - Clear,01 - Daylight,01 - Dry,01 - Traffic signal,01 - Functioning,2,0,0,0,,0,,,,,363933.692,5014784.42,45.2705305,-75.74638823,9929
20--9532,12/11/2020,2:30 PM,CARLING AVE @ BROADVIEW AVE (0006707),6707,02 - Intersection related,03 - P.D. only,04 - Sideswipe,01 - Clear,01 - Daylight,01 - Dry,01 - Traffic signal,01 - Functioning,2,0,0,0,,0,,,,,363180.6838,5026638.541,45.37725623,-75.75458634,9930
20--9533,12/11/2020,2:44 PM,GRANT CARMAN DR @ MEADOWLANDS DR (0001111),1111,02 - Intersection related,03 - P.D. only,03 - Rear end,01 - Clear,01 - Daylight,01 - Dry,01 - Traffic signal,01 - Functioning,2,0,0,0,,0,,,,,365051.6908,5023901.513,45.35247051,-75.73103291,9931
20--9534,12/11/2020,3:14 PM,COBOURG ST @ ST. PATRICK ST (0011483),11483,02 - Intersection related,02 - Non-fatal injury,03 - Rear end,01 - Clear,01 - Daylight,01 - Dry,01 - Traffic signal,01 - Functioning,2,0,0,0,01 - Minimal,1,1,,,,368802.4594,5033234.251,45.43611126,-75.68195747,9932
20--9535,12/11/2020,3:22 PM,BANK ST @ FINDLAY CREEK SC/310 S OF FINDLAY CREEK DR (0013532),13532,03 - At intersection,03 - P.D. only,05 - Turning movement,01 - Clear,01 - Daylight,01 - Dry,01 - Traffic signal,01 - Functioning,2,0,0,0,,0,,,,,375967.5345,5020175.263,45.31792052,-75.59227064,9933
20--9536,12/11/2020,3:31 PM,HIGHWAY 417 btwn HWY417 IC118 RAMP57 & HWY417 IC118 RAMP35 (__3ZA2YQ),__3ZA2YQ,01 - Non intersection,03 - P.D. only,03 - Rear end,01 - Clear,01 - Daylight,01 - Dry,10 - No control,,3,0,0,0,,0,,,,,369085.2472,5030786.47,45.41406109,-75.67866287,9934
20--9537,12/11/2020,4:04 PM,RIVERSIDE DR @ BROOKFIELD RD/HOG'S BACK RD (0001627),1627,02 - Intersection related,02 - Non-fatal injury,03 - Rear end,01 - Clear,05 - Dusk,01 - Dry,01 - Traffic signal,00 - Unknown,3,0,0,0,02 - Minor,1,,1,,,368167.7097,5026222.526,45.37307976,-75.69097073,9935
20--9538,12/11/2020,4:10 PM,BLANCHFIELD RD @ OSGOODE MAIN ST (0005713),5713,03 - At intersection,03 - P.D. only,02 - Angle,01 - Clear,05 - Dusk,01 - Dry,02 - Stop sign,01 - Functioning,2,0,0,0,,0,,,,,377912.7347,5002875.374,45.1620622,-75.57000623,9936
20--9539,12/11/2020,4:20 PM,KENT ST @ WELLINGTON ST (0002040),2040,03 - At intersection,03 - P.D. only,02 - Angle,01 - Clear,05 - Dusk,01 - Dry,01 - Traffic signal,01 - Functioning,2,0,0,0,,0,,,,,367097.6932,5031526.569,45.42090005,-75.70396068,9937
20--954,1/20/2020,2:23 PM,PRESLAND RD btwn ELLIS PRIV & LOLA ST (__3ZA9OC),__3ZA9OC,04 - At/near private drive,03 - P.D. only,02 - Angle,01 - Clear,01 - Daylight,05 - Packed snow,10 - No control,,2,0,0,0,,0,,,,,371020.0535,5031819.389,45.42317445,-75.65380677,9938
20--9540,12/11/2020,4:20 PM,TERRY FOX DR @ HALKIRK AVE/WINCHESTER DR (0012574),12574,02 - Intersection related,03 - P.D. only,03 - Rear end,01 - Clear,05 - Dusk,02 - Wet,01 - Traffic signal,01 - Functioning,3,0,0,0,,0,,,,,352511.8936,5016870.002,45.29016482,-75.89174024,9939
20--9541,12/11/2020,4:25 PM,HIGHWAY 417 btwn HWY417 IC118 RAMP76 & HWY417 IC118 RAMP67 (__3ZA2YR),__3ZA2YR,01 - Non intersection,03 - P.D. only,03 - Rear end,01 - Clear,05 - Dusk,01 - Dry,10 - No control,,2,0,0,0,,0,,,,,369282.9969,5030942.311,45.4154451,-75.67611621,9940
20--9542,12/11/2020,5:03 PM,LEES AVE / GRAHAM AVE @ MAIN ST (0002252),2252,02 - Intersection related,03 - P.D. only,03 - Rear end,01 - Clear,07 - Dark,01 - Dry,01 - Traffic signal,01 - Functioning,2,0,0,0,,0,,,,,369001.698,5030560.573,45.41203622,-75.67975965,9941
20--9543,12/11/2020,5:09 PM,BANK ST btwn SURREY AVE & NOTTING HILL AVE (__3ZA4TV),__3ZA4TV,04 - At/near private drive,02 - Non-fatal injury,02 - Angle,01 - Clear,07 - Dark,01 - Dry,10 - No control,,2,0,0,0,02 - Minor,1,,1,,,370393.9883,5025780.205,45.36889505,-75.66260909,9942
20--9544,12/11/2020,5:39 PM,PRINCE OF WALES DR @ WEST HUNT CLUB RD (0000567),567,02 - Intersection related,03 - P.D. only,07 - SMV other,01 - Clear,07 - Dark,01 - Dry,01 - Traffic signal,00 - Unknown,1,0,0,0,,0,,,,,367458.7053,5021891.5,45.33417386,-75.70057073,9943
20--9545,12/11/2020,5:45 PM,BLANCHFIELD RD btwn STAGECOACH RD & SPRINGHILL RD (__3ZA152),__3ZA152,01 - Non intersection,02 - Non-fatal injury,07 - SMV other,01 - Clear,07 - Dark,01 - Dry,10 - No control,,1,0,0,0,02 - Minor,1,,1,,,378160.1413,5002285.689,45.15673068,-75.56694625,9944
20--9546,12/11/2020,6:04 PM,ARGYLE AVE W @ METCALFE ST (0007722),7722,02 - Intersection related,03 - P.D. only,04 - Sideswipe,01 - Clear,07 - Dark,01 - Dry,01 - Traffic signal,01 - Functioning,2,0,0,0,,0,,,,,368337.7154,5030578.568,45.41225873,-75.6882395,9945
20--9547,12/11/2020,6:13 AM,REGIONAL ROAD 174 btwn MCTEER RD & CANAAN RD (__3ZA27S),__3ZA27S,01 - Non intersection,03 - P.D. only,07 - SMV other,01 - Clear,07 - Dark,01 - Dry,10 - No control,,1,0,0,0,,0,,,,,395675.1824,5043378.633,45.52440043,-75.33666953,9946
20--9548,12/11/2020,6:16 PM,CUMMINGS AVE @ OGILVIE RD (0009923),9923,02 - Intersection related,03 - P.D. only,04 - Sideswipe,01 - Clear,07 - Dark,01 - Dry,01 - Traffic signal,01 - Functioning,2,0,0,0,,0,,,,,372748.7264,5032170.586,45.42616858,-75.63167099,9947
20--9549,12/11/2020,6:36 PM,LAURIER AVE @ NICHOLAS ST (0010711),10711,02 - Intersection related,02 - Non-fatal injury,03 - Rear end,01 - Clear,07 - Dark,01 - Dry,01 - Traffic signal,01 - Functioning,2,0,0,0,02 - Minor,1,,1,,,368373.6345,5031798.266,45.4232299,-75.68762329,9948
20--955,1/20/2020,2:30 PM,RICHMOND RD btwn HWY416 IC75A RAMP53 & HWY416 IC75A RAMP63 (__3ZAZES),__3ZAZES,01 - Non intersection,03 - P.D. only,04 - Sideswipe,01 - Clear,01 - Daylight,04 - Slush,10 - No control,,2,0,0,0,,0,,,,,358669.1982,5021894.001,45.33492619,-75.81270236,9949
20--9550,12/11/2020,7:14 PM,AVIATION PKWY @ MONTREAL RD (0008799),8799,02 - Intersection related,03 - P.D. only,03 - Rear end,01 - Clear,07 - Dark,01 - Dry,01 - Traffic signal,01 - Functioning,2,0,0,0,,0,,,,,372146.7066,5034108.581,45.44366395,-75.63909833,9950
20--9551,12/11/2020,7:30 AM,BESSERER ST @ WALLER ST (0008859),8859,02 - Intersection related,03 - P.D. only,04 - Sideswipe,01 - Clear,03 - Dawn,01 - Dry,01 - Traffic signal,01 - Functioning,2,0,0,0,,0,,,,,368315.9374,5032191.991,45.42677774,-75.68830972,9951
20--9552,12/11/2020,7:30 AM,MERIVALE RD @ CLEOPATRA DR (0000112),112,02 - Intersection related,03 - P.D. only,07 - SMV other,01 - Clear,03 - Dawn,01 - Dry,01 - Traffic signal,01 - Functioning,1,0,0,0,,0,,,,,365950.7805,5021122.512,45.32738764,-75.71990273,9952
20--9553,12/11/2020,7:34 AM,BANK ST @ HUNT CLUB RD (0002119),2119,03 - At intersection,03 - P.D. only,05 - Turning movement,01 - Clear,03 - Dawn,01 - Dry,01 - Traffic signal,01 - Functioning,2,0,0,0,,0,,,,,371608.7353,5024096.508,45.35363098,-75.6473306,9953
20--9554,12/11/2020,7:47 PM,MITCH OWENS RD @ DOZOIS RD/LIMEBANK RD (0012469),12469,03 - At intersection,03 - P.D. only,05 - Turning movement,01 - Clear,07 - Dark,01 - Dry,01 - Traffic signal,01 - Functioning,2,0,0,0,,0,,,,,371673.7177,5012108.421,45.24575893,-75.64811823,9954
20--9555,12/11/2020,7:50 PM,MONTREAL RD @ ST. LAURENT BLVD (0002604),2604,03 - At intersection,03 - P.D. only,05 - Turning movement,01 - Clear,07 - Dark,01 - Dry,01 - Traffic signal,01 - Functioning,2,0,0,0,,0,,,,,371545.7141,5033817.594,45.44110343,-75.6468195,9955
20--9556,12/11/2020,8:33 PM,COOPER ST @ KENT ST (0011445),11445,03 - At intersection,03 - P.D. only,02 - Angle,01 - Clear,07 - Dark,01 - Dry,02 - Stop sign,01 - Functioning,2,0,0,0,,0,,,,,367482.6996,5030889.564,45.41513409,-75.69912259,9956
20--9557,12/12/2020,10:20 AM,DALY AVE @ CHARLOTTE ST (0007743),7743,03 - At intersection,03 - P.D. only,02 - Angle,01 - Clear,01 - Daylight,01 - Dry,02 - Stop sign,01 - Functioning,2,0,0,0,,0,,,,,369334.7049,5032722.597,45.43145867,-75.67522239,9957
20--9558,12/12/2020,11:00 PM,OLD CARP RD @ SECOND LINE RD (0012543),12543,03 - At intersection,03 - P.D. only,02 - Angle,01 - Clear,07 - Dark,01 - Dry,02 - Stop sign,01 - Functioning,2,0,0,0,,0,,,,,347767.2181,5023537.779,45.35046963,-75.9516468,9958
20--9559,12/12/2020,11:30 AM,BELCOURT BLVD @ ST. JOSEPH BLVD (0004138),4138,03 - At intersection,02 - Non-fatal injury,05 - Turning movement,02 - Rain,01 - Daylight,02 - Wet,01 - Traffic signal,01 - Functioning,2,0,0,0,02 - Minor,2,1,1,,,381204.749,5037358.599,45.47197367,-75.52281915,9959
20--956,1/20/2020,2:50 PM,MERIVALE RD/LOTTA AVE @ CLYDE AVE (0001112),1112,03 - At intersection,02 - Non-fatal injury,05 - Turning movement,01 - Clear,01 - Daylight,02 - Wet,01 - Traffic signal,01 - Functioning,2,0,0,0,02 - Minor,1,,1,,,364521.6948,5024507.525,45.35796866,-75.73772321,9960
20--9560,12/12/2020,11:42 AM,MARCH RD btwn SECOND LINE RD & DUNROBIN RD (__3ZA3FQ),__3ZA3FQ,01 - Non intersection,03 - P.D. only,07 - SMV other,04 - Freezing Rain,01 - Daylight,02 - Wet,10 - No control,,1,0,0,0,,0,,,,,346250.0683,5025462.594,45.36788096,-75.9708466,9961
20--9561,12/12/2020,12:03 AM,CAMBRIAN RD/GOLFLINKS DR W @ LONGFIELDS DR (0009702),9702,03 - At intersection,03 - P.D. only,07 - SMV other,01 - Clear,07 - Dark,01 - Dry,11 - Roundabout,01 - Functioning,1,0,0,0,,0,,,,,365382.6855,5013223.419,45.2563613,-75.728114,9962
20--9562,12/12/2020,2:40 PM,BRONSON AVE btwn CARLING AVE & FIRST AVE (__3ZA3OQ),__3ZA3OQ,01 - Non intersection,03 - P.D. only,04 - Sideswipe,02 - Rain,01 - Daylight,02 - Wet,10 - No control,,2,0,0,0,,0,,,,,367473.0903,5029277.855,45.40063327,-75.69945024,9963
20--9563,12/12/2020,2:45 PM,ESSON ST @ HUNT CLUB RD (0002152),2152,03 - At intersection,03 - P.D. only,02 - Angle,02 - Rain,01 - Daylight,02 - Wet,02 - Stop sign,01 - Functioning,2,0,0,0,,0,,,,,374639.7361,5025907.52,45.36963036,-75.6083951,9964