Anom_ID,Accident_Date,Accident_Time,Location,Geo_ID,Accident_Location,Classification_of_Accident,Initial_Impact_Type,Environment_Condition,Light,Road_Surface_Condition,Traffic_Control,Traffic_Control_Condition,No__of_Vehicles,No__of_Bicycles,No__of_Motorcycles,No__of_Pedestrians,Max_Injury,No__of_Injuries,No__of_Minimal,No__of_Minor,No__of_Major,No__of_Fatal,X,Y,Latitude,Longitude,ObjectId
20--9564,12/12/2020,3:00 PM,DONALD ST @ ST. LAURENT BLVD (0008630),8630,03 - At intersection,03 - P.D. only,02 - Angle,02 - Rain,01 - Daylight,02 - Wet,01 - Traffic signal,01 - Functioning,2,0,0,0,,0,,,,,372093.7103,5032472.587,45.42894916,-75.63999935,9965
20--9565,12/12/2020,3:17 PM,OGILVIE RD btwn CITY PARK DR & BLAIR RD (1) (__3ZA2DOA),__3ZA2DOA,01 - Non intersection,02 - Non-fatal injury,03 - Rear end,04 - Freezing Rain,01 - Daylight,06 - Ice,10 - No control,,2,0,0,0,01 - Minimal,1,1,,,,374205.5757,5033020.099,45.433669,-75.61293615,9966
20--9566,12/12/2020,4:00 PM,BLAIR RD @ REGIONAL RD 174 N/OR174 IC112 RAMP61 (0003617),3617,03 - At intersection,03 - P.D. only,02 - Angle,02 - Rain,05 - Dusk,02 - Wet,01 - Traffic signal,01 - Functioning,2,0,0,0,,0,,,,,374634.7271,5032991.577,45.43336965,-75.60745593,9967
20--9567,12/12/2020,4:20 PM,ROGER STEVENS DR btwn DWYER HILL RD & MALAKOFF RD (__3ZA4ZQ),__3ZA4ZQ,01 - Non intersection,03 - P.D. only,07 - SMV other,01 - Clear,05 - Dusk,01 - Dry,10 - No control,,1,0,0,0,,0,,,,,354448.9695,4989452.741,45.04331875,-75.86977315,9968
20--9568,12/12/2020,4:50 PM,GLADSTONE AVE @ O'CONNOR ST (0002710),2710,02 - Intersection related,03 - P.D. only,04 - Sideswipe,02 - Rain,07 - Dark,02 - Wet,01 - Traffic signal,01 - Functioning,2,0,0,0,,0,,,,,368074.7147,5030658.581,45.41300249,-75.691589,9969
20--9569,12/12/2020,5:28 AM,TOURMALINE CRES btwn MANCINI WAY & MANCINI WAY (__8176PM),__8176PM,01 - Non intersection,03 - P.D. only,06 - SMV unattended vehicle,01 - Clear,07 - Dark,01 - Dry,10 - No control,,1,0,0,0,,0,,,,,364873.279,5014795.557,45.27055108,-75.73441366,9970
20--957,1/20/2020,2:55 PM,CONOVER ST @ KNOXDALE RD (0000532),532,03 - At intersection,03 - P.D. only,02 - Angle,01 - Clear,01 - Daylight,01 - Dry,02 - Stop sign,01 - Functioning,2,0,0,0,,0,,,,,361983.6994,5021005.475,45.32666897,-75.77051983,9971
20--9570,12/12/2020,5:44 PM,HERZBERG RD btwn TURTLE POINT PRIV & LEGGET DR (__3ZACVK),__3ZACVK,01 - Non intersection,03 - P.D. only,07 - SMV other,02 - Rain,07 - Dark,02 - Wet,10 - No control,,1,0,0,0,,0,,,,,351858.9294,5022723.086,45.34287625,-75.89950813,9972
20--9571,12/12/2020,5:45 PM,STAGECOACH RD btwn OSGOODE MAIN ST & FOREST RD (__3ZA2CZ),__3ZA2CZ,01 - Non intersection,03 - P.D. only,07 - SMV other,02 - Rain,07 - Dark,02 - Wet,10 - No control,,1,0,0,0,,0,,,,,378091.4617,5003442.159,45.16714347,-75.56764994,9973
20--9572,12/12/2020,6:15 PM,ALBION RD @ HUNT CLUB RD (0006974),6974,02 - Intersection related,03 - P.D. only,03 - Rear end,02 - Rain,07 - Dark,02 - Wet,01 - Traffic signal,01 - Functioning,2,0,0,0,,0,,,,,371867.7273,5024320.519,45.35562184,-75.64399511,9974
20--9573,12/12/2020,6:18 PM,HIGHWAY 417 btwn HWY417 IC126 RAMP51 & HWY417 IC126 RAMP25 (__3ZA2RD),__3ZA2RD,01 - Non intersection,03 - P.D. only,07 - SMV other,01 - Clear,07 - Dark,01 - Dry,10 - No control,,1,0,0,0,,0,,,,,363302.4843,5026012.847,45.37161616,-75.75310542,9975
20--9574,12/12/2020,6:29 PM,MAITLAND AVE/GLENMOUNT AVE @ ERINDALE DR (0002724),2724,02 - Intersection related,03 - P.D. only,07 - SMV other,01 - Clear,07 - Dark,02 - Wet,01 - Traffic signal,01 - Functioning,1,0,0,0,,0,,,,,363697.6902,5025211.513,45.36437276,-75.74815584,9976
20--9575,12/12/2020,6:31 PM,COPE DR @ TERRY FOX (0009143),9143,03 - At intersection,03 - P.D. only,05 - Turning movement,02 - Rain,07 - Dark,02 - Wet,01 - Traffic signal,01 - Functioning,3,0,0,0,,0,,,,,353997.2642,5015345.308,45.27634285,-75.87295612,9977
20--9576,12/12/2020,7:00 PM,ORANGEVILLE ST/HWY 417 ROCHEST IC121BR51 @ ROC (0006465),6465,02 - Intersection related,03 - P.D. only,03 - Rear end,01 - Clear,07 - Dark,02 - Wet,01 - Traffic signal,01 - Functioning,2,0,0,0,,0,,,,,366777.6985,5029521.559,45.40288796,-75.70830128,9978
20--9577,12/12/2020,7:30 PM,KNUDSON DR btwn SHAUGHNESSY CRES & GOULDING CRES (__3ZA5JA),__3ZA5JA,04 - At/near private drive,03 - P.D. only,06 - SMV unattended vehicle,02 - Rain,07 - Dark,02 - Wet,10 - No control,,1,0,0,0,,0,,,,,350702.3313,5020541.185,45.32331964,-75.91446838,9979
20--9578,12/12/2020,7:47 PM,LAFONTAINE AVE @ MCARTHUR AVE (0009806),9806,03 - At intersection,03 - P.D. only,02 - Angle,02 - Rain,07 - Dark,02 - Wet,01 - Traffic signal,01 - Functioning,2,0,0,0,,0,,,,,370949.7097,5032771.59,45.4317486,-75.65457767,9980
20--9579,12/12/2020,8:39 PM,PRINCE OF WALES DR @ MEADOWLANDS DR/HOG'S BACK (0001629),1629,03 - At intersection,03 - P.D. only,05 - Turning movement,02 - Rain,07 - Dark,02 - Wet,01 - Traffic signal,01 - Functioning,2,0,0,0,,0,,,,,367371.9162,5025693.474,45.36839099,-75.70119681,9981
20--958,1/20/2020,2:58 PM,RIVER RD btwn CEDAR DR & DOYLE RD (__3ZA3TX),__3ZA3TX,01 - Non intersection,03 - P.D. only,01 - Approaching,01 - Clear,01 - Daylight,02 - Wet,10 - No control,,2,0,0,0,,0,,,,,373545.6351,5004520.507,45.17730376,-75.62532248,9982
20--9580,12/12/2020,8:45 AM,"BLAKE BLVD @ EGLISE, RUE DE L (0008443)",8443,02 - Intersection related,03 - P.D. only,03 - Rear end,02 - Rain,01 - Daylight,02 - Wet,03 - Yield sign,00 - Unknown,2,0,0,0,,0,,,,,371411.7215,5033081.587,45.43449395,-75.64863167,9983
20--9581,12/12/2020,8:50 PM,MOODIE DR @ WEST HUNT CLUB RD (0010414),10414,02 - Intersection related,03 - P.D. only,03 - Rear end,04 - Freezing Rain,07 - Dark,02 - Wet,01 - Traffic signal,01 - Functioning,2,0,0,0,,0,,,,,357907.6667,5018498.45,45.30443076,-75.82278187,9984
20--9582,12/12/2020,9:26 PM,NANAIMO DR btwn ALEUTIAN RD & MOHAWK CRES (__3ZAA27),__3ZAA27,01 - Non intersection,03 - P.D. only,06 - SMV unattended vehicle,02 - Rain,07 - Dark,02 - Wet,10 - No control,,1,0,0,0,,0,,,,,359171.9447,5022699.081,45.34213155,-75.8062,9985
20--9583,12/12/2020,9:58 AM,UPCOUNTRY DR @ STITTSVILLE MAIN ST (0010363),10363,03 - At intersection,03 - P.D. only,07 - SMV other,01 - Clear,01 - Daylight,01 - Dry,02 - Stop sign,00 - Unknown,1,0,0,0,,0,,,,,350911.1172,5011962.452,45.24611193,-75.91260245,9986
20--9584,12/13/2020,10:21 PM,DALY AVE @ NICHOLAS ST (0011451),11451,03 - At intersection,03 - P.D. only,05 - Turning movement,01 - Clear,07 - Dark,01 - Dry,01 - Traffic signal,01 - Functioning,2,0,0,0,,0,,,,,368227.7036,5032046.575,45.42547734,-75.68945591,9987
20--9585,12/13/2020,11:23 AM,WELLINGTON ST    W btwn MELROSE AVE & MERTON ST (__3ZA31I),__3ZA31I,01 - Non intersection,03 - P.D. only,04 - Sideswipe,02 - Rain,01 - Daylight,02 - Wet,10 - No control,,2,0,0,0,,0,,,,,365483.0659,5029586.1,45.40358211,-75.72482935,9988
20--9586,12/13/2020,Unknown,ELGIN ST btwn SOMERSET ST W & MACLAREN ST (__3ZA342),__3ZA342,01 - Non intersection,03 - P.D. only,06 - SMV unattended vehicle,01 - Clear,00 - Unknown,01 - Dry,10 - No control,,1,0,0,0,,0,,,,,368180.4544,5031172.802,45.41761972,-75.69017205,9989
20--9587,12/13/2020,Unknown,KIMPTON DR btwn OVERLAND DR & JACKSON STITT CIRC (__6NGPM0),__6NGPM0,01 - Non intersection,03 - P.D. only,06 - SMV unattended vehicle,01 - Clear,00 - Unknown,01 - Dry,10 - No control,,1,0,0,0,,0,,,,,349244.4924,5015283.043,45.27609906,-75.93353503,9990
20--9588,12/13/2020,12:33 PM,FALLOWFIELD RD @ WOODROFFE AVE (0010372),10372,03 - At intersection,02 - Non-fatal injury,02 - Angle,01 - Clear,01 - Daylight,01 - Dry,01 - Traffic signal,01 - Functioning,2,0,0,0,02 - Minor,3,2,1,,,365085.1558,5017903.198,45.2984954,-75.73133615,9991
20--9589,12/13/2020,12:42 PM,CARLING AVE @ BROADVIEW AVE (0006707),6707,02 - Intersection related,03 - P.D. only,07 - SMV other,01 - Clear,01 - Daylight,01 - Dry,01 - Traffic signal,01 - Functioning,1,0,0,0,,0,,,,,363180.6991,5026638.538,45.37725621,-75.75458615,9992
20--959,1/20/2020,3:00 PM,BLAIR RD @ INNES RD (0004165),4165,03 - At intersection,03 - P.D. only,02 - Angle,01 - Clear,01 - Daylight,01 - Dry,01 - Traffic signal,01 - Functioning,2,0,0,0,,0,,,,,375578.7267,5031439.55,45.41931049,-75.59561539,9993
20--9590,12/13/2020,12:52 PM,MERIVALE RD btwn SLACK RD & CAPITAL DR (__3ZA3IU),__3ZA3IU,01 - Non intersection,03 - P.D. only,05 - Turning movement,01 - Clear,01 - Daylight,01 - Dry,10 - No control,,2,0,0,0,,0,,,,,366041.5642,5020901.677,45.32539268,-75.71877203,9994
20--9591,12/13/2020,2:00 AM,MOONEY'S BAY PL btwn RIVERSIDE DR & WATERVIEW CRT (__3ZA9GC),__3ZA9GC,01 - Non intersection,02 - Non-fatal injury,07 - SMV other,01 - Clear,07 - Dark,01 - Dry,10 - No control,,1,0,0,1,01 - Minimal,1,1,,,,368423.6334,5025307.602,45.36482433,-75.68782146,9995
20--9592,12/13/2020,2:05 AM,BANK ST @ CAMERON AVE (0007227),7227,02 - Intersection related,03 - P.D. only,03 - Rear end,01 - Clear,07 - Dark,02 - Wet,01 - Traffic signal,01 - Functioning,2,0,0,0,,0,,,,,368943.7167,5028262.544,45.39136463,-75.68079923,9996
20--9593,12/13/2020,2:59 PM,MORIN RD @ REGIONAL RD 174 (0012879),12879,02 - Intersection related,03 - P.D. only,07 - SMV other,01 - Clear,01 - Daylight,01 - Dry,02 - Stop sign,01 - Functioning,1,0,0,0,,0,,,,,392039.7897,5042781.56,45.51949318,-75.38330488,9997
20--9594,12/13/2020,3:26 PM,LEES AVE @  TRANSITWAY/HWY 417 NICHOLAS IC118R (0012210),12210,02 - Intersection related,02 - Non-fatal injury,07 - SMV other,01 - Clear,01 - Daylight,01 - Dry,01 - Traffic signal,01 - Functioning,1,0,0,0,02 - Minor,3,,3,,,369365.4651,5031279.835,45.41847441,-75.67501842,9998
20--9595,12/13/2020,3:45 PM,BRIAN COBURN BLVD @ PORTOBELLO BLVD (0013015),13015,03 - At intersection,03 - P.D. only,02 - Angle,01 - Clear,01 - Daylight,01 - Dry,11 - Roundabout,01 - Functioning,2,0,0,0,,0,,,,,385751.3529,5035489.42,45.45464441,-75.4649873,9999
20--9596,12/13/2020,4:15 PM,ORANGEVILLE ST/HWY 417 ROCHEST IC121BR51 @ ROC (0006465),6465,02 - Intersection related,03 - P.D. only,03 - Rear end,01 - Clear,05 - Dusk,01 - Dry,01 - Traffic signal,01 - Functioning,2,0,0,0,,0,,,,,366777.8931,5029520.716,45.40288036,-75.70829891,10000
20--9957,12/27/2020,6:30 PM,JOHN QUINN RD btwn STONE SCHOOL RD & BANK ST (__3ZA645),__3ZA645,01 - Non intersection,03 - P.D. only,07 - SMV other,01 - Clear,07 - Dark,01 - Dry,10 - No control,,1,0,0,0,,0,,,,,383447.0938,5010726.721,45.23211011,-75.49838092,10001
20--9958,12/27/2020,7:02 PM,BASELINE RD @ GREENBANK RD (0002357),2357,02 - Intersection related,03 - P.D. only,03 - Rear end,01 - Clear,07 - Dark,02 - Wet,01 - Traffic signal,01 - Functioning,2,0,0,0,,0,,,,,360597.6822,5022584.505,45.34098864,-75.78802154,10002
20--9959,12/27/2020,7:03 PM,JOCKVALE RD @ LAMING ST/WEYBRIDGE DR W (0000813),813,02 - Intersection related,03 - P.D. only,07 - SMV other,01 - Clear,07 - Dark,01 - Dry,02 - Stop sign,01 - Functioning,1,0,0,0,,0,,,,,361915.6745,5015397.443,45.27621332,-75.77203362,10003
20--996,1/20/2020,8:15 AM,HIGHWAY 417 btwn HWY417 IC129 RAMP25 & HWY417 IC129 RAMP35 (__3ZAYFR),__3ZAYFR,01 - Non intersection,03 - P.D. only,03 - Rear end,01 - Clear,01 - Daylight,01 - Dry,10 - No control,,2,0,0,0,,0,,,,,360825.3254,5023813.751,45.35203122,-75.7849778,10004
20--9960,12/27/2020,7:43 PM,GREENBANK RD btwn LISA AVE & BASELINE RD (__3ZA4ML),__3ZA4ML,01 - Non intersection,03 - P.D. only,07 - SMV other,01 - Clear,07 - Dark,01 - Dry,10 - No control,,1,0,0,0,,0,,,,,360554.302,5022885.29,45.34369855,-75.78854113,10005
20--9961,12/27/2020,7:45 AM,FINDLAY CREEK DR @ BANK ST (0012407),12407,03 - At intersection,03 - P.D. only,02 - Angle,01 - Clear,03 - Dawn,01 - Dry,01 - Traffic signal,01 - Functioning,2,0,0,0,,0,,,,,375847.4745,5020459.967,45.32049433,-75.59376095,10006
20--9962,12/27/2020,8:00 PM,KAKULU RD @ ANIK WAY/PICKFORD DR W (0012108),12108,02 - Intersection related,03 - P.D. only,03 - Rear end,01 - Clear,07 - Dark,02 - Wet,02 - Stop sign,01 - Functioning,2,0,0,0,,0,,,,,352708.6185,5018913.455,45.30853892,-75.88903496,10007
20--9963,12/27/2020,8:50 AM,RICHMOND RD @ WEST HUNT CLUB RD (0000598),598,03 - At intersection,03 - P.D. only,02 - Angle,01 - Clear,01 - Daylight,02 - Wet,11 - Roundabout,01 - Functioning,2,0,0,0,,0,,,,,357145.4918,5018152.483,45.30137492,-75.83253683,10008
20--9964,12/28/2020,1:00 PM,COVENTRY RD @ VANIER PKWY (0002139),2139,02 - Intersection related,03 - P.D. only,99 - Other,01 - Clear,01 - Daylight,01 - Dry,01 - Traffic signal,01 - Functioning,2,0,0,0,,0,,,,,370675.7491,5031613.204,45.42135179,-75.65823356,10009
20--9965,12/28/2020,10:06 AM,IBER RD btwn HARRY DOUGLAS DR & ABBOTT ST E (__3ZAZR8),__3ZAZR8,01 - Non intersection,03 - P.D. only,07 - SMV other,01 - Clear,01 - Daylight,02 - Wet,10 - No control,,1,0,0,0,,0,,,,,351756.4737,5015132.719,45.27458313,-75.90153463,10010
20--9966,12/28/2020,10:52 AM,RENAUD RD btwn IDA ST & Continuation of RENAUD RD (__3ZA6FE),__3ZA6FE,01 - Non intersection,03 - P.D. only,07 - SMV other,03 - Snow,01 - Daylight,02 - Wet,10 - No control,,1,0,0,0,,0,,,,,378732.6895,5031758.055,45.42185001,-75.5552728,10011
20--9967,12/28/2020,11:55 AM,CYCLONE TAYLOR BLVD btwn FRANK FINNIGAN WAY & PALLADIUM DR (__3ZA56X),__3ZA56X,01 - Non intersection,03 - P.D. only,07 - SMV other,03 - Snow,01 - Daylight,02 - Wet,10 - No control,,1,0,0,0,,0,,,,,350019.5155,5017819.268,45.2988714,-75.92342635,10012
20--9968,12/28/2020,4:43 PM,EAGLESON RD @ HWY 417 EAGLESO IC138R51/PARK AN (0009698),9698,03 - At intersection,03 - P.D. only,07 - SMV other,01 - Clear,05 - Dusk,02 - Wet,01 - Traffic signal,01 - Functioning,1,0,0,0,,0,,,,,353037.1846,5020013.787,45.31841745,-75.88473797,10013
20--9969,12/28/2020,6:05 PM,LOLA ST @ DONALD ST (0008513),8513,03 - At intersection,02 - Non-fatal injury,07 - SMV other,01 - Clear,07 - Dark,02 - Wet,01 - Traffic signal,01 - Functioning,1,0,0,1,02 - Minor,1,,1,,,371094.7285,5032359.587,45.42802784,-75.65277994,10014
20--997,1/20/2020,8:25 AM,WOODROFFE AVE btwn MEADOWLANDS DR/TALLWOOD DR & NORICE ST (__3ZBOCG),__3ZBOCG,01 - Non intersection,03 - P.D. only,04 - Sideswipe,01 - Clear,01 - Daylight,02 - Wet,10 - No control,,2,0,0,0,,0,,,,,363144.9688,5022515.146,45.34015732,-75.75552904,10015
20--9970,12/28/2020,6:20 PM,STRANDHERD DR btwn ANDORA AVE & JOCKVALE RD (__3ZAZMN),__3ZAZMN,04 - At/near private drive,03 - P.D. only,02 - Angle,01 - Clear,07 - Dark,03 - Loose snow,10 - No control,,2,0,0,0,,0,,,,,363387.8592,5014468.56,45.26773407,-75.75338111,10016
20--9971,12/28/2020,6:28 AM,ROGER STEVENS DR btwn HWY416 IC49 RAMP24 & SECOND LINE RD S (__3ZAZFF),__3ZAZFF,01 - Non intersection,02 - Non-fatal injury,07 - SMV other,01 - Clear,07 - Dark,03 - Loose snow,10 - No control,,1,0,0,0,02 - Minor,1,,1,,,369894.0357,5001421.992,45.1497696,-75.6721821,10017
20--9972,12/28/2020,6:51 PM,FALLOWFIELD RD @ STRANDHERD DR (0005238),5238,02 - Intersection related,03 - P.D. only,04 - Sideswipe,01 - Clear,07 - Dark,02 - Wet,01 - Traffic signal,01 - Functioning,3,0,0,0,,0,,,,,360752.2164,5014962.15,45.27239006,-75.78691033,10018
20--9973,12/28/2020,7:25 AM,YOUVILLE DR btwn ST. JOSEPH BLVD & JEANNE D'ARC BLVD S (__3ZA6DC),__3ZA6DC,01 - Non intersection,03 - P.D. only,01 - Approaching,01 - Clear,03 - Dawn,04 - Slush,10 - No control,,2,0,0,0,,0,,,,,379070.3737,5036509.007,45.46455993,-75.55024137,10019
20--9974,12/28/2020,7:32 PM,RIDEAU ST btwn 88 W OF WILLIAM ST & WILLIAM ST (__3ZA25UB),__3ZA25UB,01 - Non intersection,02 - Non-fatal injury,04 - Sideswipe,03 - Snow,07 - Dark,03 - Loose snow,10 - No control,,2,0,0,0,01 - Minimal,1,1,,,,368071.3175,5032140.293,45.42633475,-75.69144213,10020
20--9975,12/28/2020,8:27 PM,GREENBANK RD @ STRANDHERD DR (0005563),5563,03 - At intersection,03 - P.D. only,05 - Turning movement,01 - Clear,07 - Dark,02 - Wet,01 - Traffic signal,01 - Functioning,2,0,0,0,,0,,,,,363933.6814,5014784.424,45.27053054,-75.74638837,10021
20--9976,12/28/2020,8:31 AM,CABIN RD @ NIXON DR (0005834),5834,03 - At intersection,03 - P.D. only,02 - Angle,03 - Snow,01 - Daylight,03 - Loose snow,02 - Stop sign,01 - Functioning,2,0,0,0,,0,,,,,373937.8618,5001599.435,45.15098191,-75.62073705,10022
20--9977,12/28/2020,9:29 AM,CANAAN RD btwn REGIONAL ROAD 174 & WILHAVEN DR (__3ZA5F5),__3ZA5F5,01 - Non intersection,03 - P.D. only,07 - SMV other,03 - Snow,01 - Daylight,02 - Wet,10 - No control,,1,0,0,0,,0,,,,,396151.2038,5042489.572,45.51633976,-75.33074277,10023
20--9978,12/29/2020,1:15 PM,BRONSON AVE @ CATHERINE ST/RAYMOND ST (0007198),7198,03 - At intersection,02 - Non-fatal injury,02 - Angle,01 - Clear,01 - Daylight,01 - Dry,01 - Traffic signal,01 - Functioning,2,0,0,0,01 - Minimal,1,1,,,,367252.7079,5029796.562,45.40532014,-75.70219931,10024
20--9979,12/29/2020,1:16 AM,GREENBANK RD @ STRANDHERD DR (0005563),5563,02 - Intersection related,03 - P.D. only,02 - Angle,01 - Clear,07 - Dark,06 - Ice,01 - Traffic signal,01 - Functioning,2,0,0,0,,0,,,,,363933.6917,5014784.424,45.27053054,-75.74638824,10025
20--998,1/20/2020,8:35 AM,BOOTH ST @ LOUISA ST (0006503),6503,03 - At intersection,03 - P.D. only,02 - Angle,03 - Snow,01 - Daylight,05 - Packed snow,02 - Stop sign,01 - Functioning,2,0,0,0,,0,,,,,366802.7139,5029770.57,45.40512628,-75.70795046,10026
20--9980,12/29/2020,1:30 PM,CAMIL ST @ ST. LAURENT BLVD (0007707),7707,03 - At intersection,03 - P.D. only,02 - Angle,01 - Clear,01 - Daylight,01 - Dry,02 - Stop sign,01 - Functioning,2,0,0,0,,0,,,,,371581.7115,5033732.592,45.44033518,-75.64637094,10027
20--9981,12/29/2020,1:51 PM,ORANGEVILLE ST/HWY 417 ROCHEST IC121BR51 @ ROC (0006465),6465,02 - Intersection related,02 - Non-fatal injury,03 - Rear end,01 - Clear,01 - Daylight,01 - Dry,01 - Traffic signal,01 - Functioning,2,0,0,0,02 - Minor,1,,1,,,366777.6989,5029521.568,45.40288804,-75.70830128,10028
20--9982,12/29/2020,10:36 AM,BLAIR RD @ OGILVIE RD (0004120),4120,02 - Intersection related,02 - Non-fatal injury,03 - Rear end,01 - Clear,01 - Daylight,01 - Dry,01 - Traffic signal,01 - Functioning,2,0,0,0,02 - Minor,1,,1,,,374507.7156,5033198.569,45.43524472,-75.60904973,10029
20--9983,12/29/2020,12:12 PM,STAGECOACH RD btwn MITCH OWENS RD & VISTA PATRICK PRIV (__3ZA2TA),__3ZA2TA,01 - Non intersection,03 - P.D. only,04 - Sideswipe,01 - Clear,01 - Daylight,01 - Dry,10 - No control,,2,0,0,0,,0,,,,,375430.7052,5014413.936,45.26613632,-75.59993733,10030
20--9984,12/29/2020,3:13 PM,FOURTH LINE RD @ ROGER STEVENS DR (0011952),11952,03 - At intersection,03 - P.D. only,02 - Angle,01 - Clear,01 - Daylight,01 - Dry,01 - Traffic signal,01 - Functioning,2,0,0,0,,0,,,,,366456.4811,4999358.201,45.13150776,-75.71614868,10031
20--9985,12/29/2020,3:29 PM,BANK ST @ HUNT CLUB RD (0002119),2119,02 - Intersection related,03 - P.D. only,03 - Rear end,01 - Clear,01 - Daylight,01 - Dry,01 - Traffic signal,01 - Functioning,2,0,0,0,,0,,,,,371608.7427,5024096.496,45.35363088,-75.64733051,10032
20--9986,12/29/2020,3:58 PM,KIRKWOOD AVE @ SEBRING AVE (0006251),6251,03 - At intersection,02 - Non-fatal injury,03 - Rear end,01 - Clear,01 - Daylight,01 - Dry,02 - Stop sign,01 - Functioning,2,0,0,0,02 - Minor,1,,1,,,364212.7056,5027636.552,45.38614942,-75.74129037,10033
20--9987,12/29/2020,4:00 PM,HWY 416 ROGERSTE IC49R42 @ ROGER STEVENS DR (0012566),12566,03 - At intersection,03 - P.D. only,05 - Turning movement,01 - Clear,05 - Dusk,01 - Dry,10 - No control,,2,0,0,0,,0,,,,,369375.5131,5001079.586,45.14673621,-75.67881985,10034
20--9988,12/29/2020,4:14 PM,PALLADIUM DR @ SILVER SEVEN RD (0011839),11839,03 - At intersection,02 - Non-fatal injury,02 - Angle,01 - Clear,05 - Dusk,01 - Dry,01 - Traffic signal,01 - Functioning,2,0,0,0,02 - Minor,1,,1,,,351051.6139,5017887.444,45.29941767,-75.91026086,10035
20--9989,12/29/2020,4:14 PM,BLAIR RD @ INNES RD (0004165),4165,02 - Intersection related,02 - Non-fatal injury,03 - Rear end,01 - Clear,05 - Dusk,01 - Dry,01 - Traffic signal,01 - Functioning,3,0,0,0,01 - Minimal,3,3,,,,375578.7297,5031439.562,45.4193106,-75.59561535,10036
20--999,1/20/2020,8:35 AM,FALLOWFIELD RD @ GREENBANK RD (0000549),549,02 - Intersection related,03 - P.D. only,03 - Rear end,01 - Clear,01 - Daylight,02 - Wet,01 - Traffic signal,01 - Functioning,2,0,0,0,,0,,,,,363080.6803,5016732.455,45.28813018,-75.75702953,10037
20--9990,12/29/2020,4:23 PM,KITCHENER AVE @ BANK ST (0011963),11963,02 - Intersection related,03 - P.D. only,04 - Sideswipe,01 - Clear,05 - Dusk,04 - Slush,01 - Traffic signal,01 - Functioning,2,0,0,0,,0,,,,,370540.8553,5025499.959,45.36635973,-75.66077163,10038
20--9991,12/29/2020,4:50 PM,MEADOWLANDS DR @ MERIVALE RD (0000625),625,03 - At intersection,03 - P.D. only,05 - Turning movement,01 - Clear,07 - Dark,01 - Dry,01 - Traffic signal,01 - Functioning,3,0,0,0,,0,,,,,364858.7068,5023725.519,45.35090349,-75.73351704,10039
20--9992,12/29/2020,5:35 PM,BREADNER BLVD @ UPLANDS DR (0009323),9323,02 - Intersection related,03 - P.D. only,03 - Rear end,01 - Clear,07 - Dark,01 - Dry,02 - Stop sign,01 - Functioning,3,0,0,0,,0,,,,,370656.7339,5021963.504,45.33452888,-75.6597635,10040
20--9993,12/29/2020,6:17 AM,INNES RD @ TENTH LINE RD (0004633),4633,02 - Intersection related,03 - P.D. only,03 - Rear end,01 - Clear,07 - Dark,01 - Dry,01 - Traffic signal,01 - Functioning,2,0,0,0,,0,,,,,383951.7573,5036159.574,45.46088,-75.48788471,10041
20--9994,12/29/2020,7:08 PM,STEWART ST @ WALLER ST (0011915),11915,02 - Intersection related,03 - P.D. only,04 - Sideswipe,01 - Clear,07 - Dark,01 - Dry,02 - Stop sign,00 - Unknown,2,0,0,0,,0,,,,,368371.6306,5032042.421,45.4254269,-75.68761738,10042
20--9995,12/29/2020,7:17 PM,DONALD ST @ 110 E OF ST. LAURENT BLVD  (0013077),13077,03 - At intersection,02 - Non-fatal injury,05 - Turning movement,01 - Clear,07 - Dark,01 - Dry,01 - Traffic signal,01 - Functioning,2,0,0,0,02 - Minor,2,,2,,,372203.6367,5032483.926,45.4290406,-75.63859312,10043
20--9996,12/30/2020,1:00 PM,COVENTRY RD @ VANIER PKWY (0002139),2139,02 - Intersection related,03 - P.D. only,03 - Rear end,03 - Snow,01 - Daylight,05 - Packed snow,01 - Traffic signal,01 - Functioning,2,0,0,0,,0,,,,,370676.3734,5031611.702,45.42133821,-75.65822579,10044
20--9997,12/30/2020,1:00 PM,MEADOWBREEZE DR btwn FERNBROOK PL & GRASSY PLAINS DR (__3ZBO81),__3ZBO81,04 - At/near private drive,03 - P.D. only,06 - SMV unattended vehicle,03 - Snow,01 - Daylight,03 - Loose snow,10 - No control,,1,0,0,0,,0,,,,,355483.1409,5015474.141,45.27739658,-75.85400591,10045
20--9998,12/30/2020,10:00 AM,GARFIELD AVE @ MAITLAND AVE (0002031),2031,02 - Intersection related,03 - P.D. only,03 - Rear end,01 - Clear,01 - Daylight,01 - Dry,01 - Traffic signal,01 - Functioning,2,0,0,0,,0,,,,,363342.6953,5025562.53,45.36756091,-75.75264546,10046
20--9999,12/30/2020,10:00 AM,RICHMOND RD @ WEST HUNT CLUB RD (0000598),598,03 - At intersection,03 - P.D. only,04 - Sideswipe,03 - Snow,01 - Daylight,04 - Slush,11 - Roundabout,01 - Functioning,2,0,0,0,,0,,,,,357146.2664,5018152.74,45.30137717,-75.83252693,10047